id,promedio,curso_id,estudiante_id,periodo_id
851617,16.65,132,9322,187
851618,16.7,132,9148,187
851619,12.5,132,8991,187
851620,15.95,132,8952,187
851621,15.35,132,9280,187
851622,16.5,132,9034,187
851623,15.55,132,9279,187
851624,11.6,132,9123,187
851625,16.35,132,9309,187
851626,15.8,132,9272,187
851627,15.1,132,9018,187
851628,16.25,132,9246,187
851629,16.9,132,9287,187
851630,15.3,132,8961,187
851631,13.35,132,9300,187
851632,13.95,132,8968,187
851633,14.55,132,9107,187
851634,13.05,132,9307,187
851635,13.85,132,8983,187
851636,16.5,132,9146,187
851637,16.5,132,9317,187
851638,16.75,132,9127,187
851639,12.9,132,9257,187
851640,16.95,132,9085,187
851641,17.7,132,9230,187
851642,14.95,132,9056,187
851643,15.95,132,9176,187
851644,14.65,132,9240,187
851645,15.05,132,9190,187
851646,15.9,132,9204,187
851647,15.8,132,9002,187
851648,13.55,132,9278,187
851649,15.5,132,9202,187
851650,16.2,132,9032,187
851651,16.75,132,9047,187
851652,16,132,9286,187
851653,16.85,132,9082,187
851654,14.1,132,9221,187
851655,10.4,132,8995,187
851656,17.65,132,9265,187
851657,15.2,132,9025,187
851658,15.25,132,9324,187
851659,17.4,132,9227,187
851660,12.6,132,9259,187
851661,17.25,132,9301,187
851662,17.1,132,8945,187
851663,16.5,132,9197,187
851664,17.25,132,9232,187
851665,11.5,132,9078,187
851666,15.85,132,8946,187
851667,16.4,132,9119,187
851668,14.55,132,9212,187
851669,16.2,132,9248,187
851670,16.6,132,9185,187
851671,16.5,132,9036,187
851672,13.65,132,9000,187
851673,14.15,132,8955,187
851674,16,132,9288,187
851675,14.85,132,9014,187
851676,16.45,132,8999,187
851677,16.15,132,8944,187
851678,16.5,132,9213,187
851679,17.2,132,9105,187
851680,12.15,132,9273,187
851681,9.85,132,9140,187
851682,16,132,9131,187
851683,13.65,132,8984,187
851684,15.1,132,9042,187
851685,14.95,132,9151,187
851686,14.45,132,8976,187
851687,10.5,132,9104,187
851688,15.2,132,9170,187
851689,10.2,132,9141,187
851690,16.95,132,9164,187
851691,15.9,132,9256,187
851692,14.55,132,9144,187
851693,14.9,132,9079,187
851694,14.85,132,9150,187
851695,15.2,132,9274,187
851696,18.35,132,9335,187
851697,14.4,132,9010,187
851698,18,132,9320,187
851699,16.2,132,8943,187
851700,15,132,8992,187
851701,18.1,132,9258,187
851702,15.8,132,9187,187
851703,12.95,132,9063,187
851704,17.85,132,9262,187
851705,14.2,132,9149,187
851706,13.55,132,9050,187
851707,16.25,132,8958,187
851708,14.3,132,9323,187
851709,13.85,132,9087,187
851710,16.5,132,9179,187
851711,14.25,132,9167,187
851712,16.05,132,8963,187
851713,15.2,132,9125,187
851714,16.4,132,9029,187
851715,15.7,132,9015,187
851716,12.35,132,9084,187
851717,10.1,132,9147,187
851718,15.15,132,8948,187
851719,13.9,132,9295,187
851720,15.45,132,9136,187
851721,15.85,132,9339,187
851722,17,132,9171,187
851723,15.85,132,9201,187
851724,15.95,132,9306,187
851725,15.85,132,9249,187
851726,16.85,132,9203,187
851727,16.75,132,8972,187
851728,17.6,132,9020,187
851729,14.8,132,9080,187
851730,15.5,132,9311,187
851731,16.5,132,9154,187
851732,14.2,132,9052,187
851733,15.05,132,9101,187
851734,12.45,132,9205,187
851735,14.1,132,9113,187
851736,17.1,132,9096,187
851737,13.2,132,9021,187
851738,14.2,132,8990,187
851739,12.25,132,8966,187
851740,16.2,132,9200,187
851741,11.3,132,9283,187
851742,15.6,132,9114,187
851743,14.6,132,9245,187
851744,15.8,132,9058,187
851745,14.8,132,9124,187
851746,17,132,9276,187
851747,14.45,132,9077,187
851748,11.9,132,9139,187
851749,12.25,132,9238,187
851750,15.35,132,9057,187
851751,15.2,132,9043,187
851752,15.65,132,9061,187
851753,18.45,132,9338,187
851754,16.35,132,9037,187
851755,13.2,132,9290,187
851756,13,132,9076,187
851757,11.85,132,9189,187
851758,16.6,132,9199,187
851759,18.05,132,9218,187
851760,16.9,132,9074,187
851761,15.25,132,9068,187
851762,14.35,132,8953,187
851763,15.5,132,8989,187
851764,15.45,132,9291,187
851765,11.65,132,9271,187
851766,17.6,132,9277,187
851767,15.6,132,9163,187
851768,14.9,132,9285,187
851769,14.9,132,9224,187
851770,12.15,132,9066,187
851771,14.85,132,9069,187
851772,15.45,132,9160,187
851773,17.55,132,9325,187
851774,15.1,132,9155,187
851775,15.35,132,9214,187
851776,16.5,132,9219,187
851777,11.35,132,8949,187
851778,16,132,9305,187
851779,12.2,132,9194,187
851780,14.85,132,9228,187
851781,12.25,132,9225,187
851782,14.85,132,9299,187
851783,15,132,9092,187
851784,12.2,132,9234,187
851785,15.25,132,9319,187
851786,15.6,132,9130,187
851787,15.2,132,9054,187
851788,14.35,132,9111,187
851789,12.8,132,9268,187
851790,14.95,132,9284,187
851791,13.25,132,8981,187
851792,15.6,132,9156,187
851793,15.25,132,9046,187
851794,13,132,9031,187
851795,16.8,132,9243,187
851796,13.85,132,9241,187
851797,15.65,132,8964,187
851798,12.95,132,9071,187
851799,14.25,132,9019,187
851800,10.3,132,9035,187
851801,17.6,132,9175,187
851802,17,132,9242,187
851803,17.75,132,9121,187
851804,14.65,132,9095,187
851805,15.2,132,9266,187
851806,13.9,132,9006,187
851807,17.6,132,8962,187
851808,11.55,132,9181,187
851809,12.45,132,9231,187
851810,12.95,132,9174,187
851811,15,132,9310,187
851812,13.95,132,9340,187
851813,11.15,132,9226,187
851814,15.85,132,9330,187
851815,15.35,132,8965,187
851816,11.9,132,9004,187
851817,14.15,132,9137,187
851818,10.25,132,9216,187
851819,16,132,9100,187
851820,15.15,132,9223,187
851821,18.25,132,9183,187
851822,13.9,132,9044,187
851823,15,132,9303,187
851824,11.65,132,9038,187
851825,18.6,132,9294,187
851826,17.85,132,9133,187
851827,13.1,132,9008,187
851828,14.65,132,8942,187
851829,10.3,132,8954,187
851830,10.7,132,9067,187
851831,15,132,9099,187
851832,15.6,132,8973,187
851833,15.85,132,9022,187
851834,14.15,132,9112,187
851835,14.95,132,9328,187
851836,13.6,132,9143,187
851837,13.55,132,8993,187
851838,17.85,132,9166,187
851839,11.5,132,9065,187
851840,16.2,132,9333,187
851841,15.1,132,9120,187
851842,15.6,132,8947,187
851843,17.5,132,9215,187
851844,16.4,132,8950,187
851845,15.6,132,9198,187
851846,16.65,132,9045,187
851847,17.35,132,9108,187
851848,15.45,132,9083,187
851849,16.75,132,9336,187
851850,13.1,132,9251,187
851851,10.45,132,9102,187
851852,11.95,132,9267,187
851853,10.2,132,9281,187
851854,11.35,132,9117,187
851855,13.85,132,9013,187
851856,17.95,132,9220,187
851857,16.15,132,9055,187
851858,15.55,132,9115,187
851859,13.9,132,8998,187
851860,13.9,132,8969,187
851861,13.2,132,9027,187
851862,12.75,132,9308,187
851863,15.2,132,9270,187
851864,16.6,132,9138,187
851865,16.45,132,9304,187
851866,15.8,132,8971,187
851867,17.55,132,9134,187
851868,14.65,132,9011,187
851869,17,132,9039,187
851870,11.85,132,9075,187
851871,17.95,132,9072,187
851872,10.45,132,9184,187
851873,16.35,132,9016,187
851874,16.9,132,9041,187
851875,14.7,132,9208,187
851876,14.7,132,9275,187
851877,14.75,132,9239,187
851878,17.25,132,9173,187
851879,17,132,9289,187
851880,15.45,132,9172,187
851881,15.25,132,9110,187
851882,14.3,132,9236,187
851883,10.25,132,9337,187
851884,11.3,132,9165,187
851885,14.5,132,8951,187
851886,15.25,132,9191,187
851887,13.65,132,9282,187
851888,15.95,132,9028,187
851889,16.35,132,8987,187
851890,13.2,132,9168,187
851891,16.1,132,9298,187
851892,15.9,132,9017,187
851893,11.85,132,9062,187
851894,15.85,132,9128,187
851895,15.65,132,9169,187
851896,16,132,8957,187
851897,11.15,132,9059,187
851898,13.25,132,8978,187
851899,14.9,132,9064,187
851900,16.5,132,9196,187
851901,17.25,132,9053,187
851902,15.2,132,9145,187
851903,14.85,132,8997,187
851904,17.6,132,9161,187
851905,14.6,132,9237,187
851906,14.4,132,9153,187
851907,14.75,132,9026,187
851908,16.75,132,9192,187
851909,18.5,132,9132,187
851910,15.95,132,9162,187
851911,17.05,132,8960,187
851912,17.6,132,9177,187
851913,16.2,132,9157,187
851914,14.95,132,9186,187
851915,16.05,132,9086,187
851916,14.15,132,8982,187
851917,15.2,132,9158,187
851918,10.2,132,9049,187
851919,14.4,132,9178,187
851920,15.4,132,9332,187
851921,8.7,132,9030,187
851922,17.15,132,9051,187
851923,13.35,132,8977,187
851924,14.75,132,9012,187
851925,14.7,132,9314,187
851926,15.6,132,9024,187
851927,17.3,132,9093,187
851928,13.15,132,9315,187
851929,13.5,132,9142,187
851930,15.65,132,9217,187
851931,15,132,9126,187
851932,16.05,132,9070,187
851933,18.4,132,9313,187
851934,13.85,132,9180,187
851935,16,132,9005,187
851936,12.1,132,9244,187
851937,14.35,132,9091,187
851938,16.6,132,9327,187
851939,16.05,132,8986,187
851940,14.6,132,9316,187
851941,9.95,132,9116,187
851942,12.85,132,8979,187
851943,17,132,8994,187
851944,15.85,132,9247,187
851945,16.4,132,9206,187
851946,15,132,9118,187
851947,15.8,132,8980,187
851948,16.9,132,9326,187
851949,14.8,132,9312,187
851950,14.15,132,8956,187
851951,13.9,132,9269,187
851952,15.45,132,9261,187
851953,14.65,132,8967,187
851954,16.1,132,9023,187
851955,9.45,132,9097,187
851956,15.95,132,9098,187
851957,17,133,9322,187
851958,17.85,133,9148,187
851959,13.4,133,8991,187
851960,17.05,133,8952,187
851961,15.3,133,9280,187
851962,18.65,133,9034,187
851963,15.45,133,9279,187
851964,12.7,133,9123,187
851965,15,133,9309,187
851966,16.1,133,9272,187
851967,17.25,133,9018,187
851968,17.2,133,9246,187
851969,18.35,133,9287,187
851970,15.9,133,8961,187
851971,14.6,133,9300,187
851972,16.25,133,8968,187
851973,15.35,133,9107,187
851974,15.75,133,9307,187
851975,14.85,133,8983,187
851976,16.6,133,9146,187
851977,19,133,9317,187
851978,17.5,133,9127,187
851979,13.1,133,9257,187
851980,16.6,133,9085,187
851981,18.65,133,9230,187
851982,18.6,133,9056,187
851983,14.9,133,9176,187
851984,15.1,133,9240,187
851985,15.2,133,9190,187
851986,15.85,133,9204,187
851987,16.25,133,9002,187
851988,14.5,133,9278,187
851989,15.55,133,9202,187
851990,16.25,133,9032,187
851991,15.75,133,9047,187
851992,16.95,133,9286,187
851993,17.35,133,9082,187
851994,16,133,9221,187
851995,10.85,133,8995,187
851996,17.65,133,9265,187
851997,16.25,133,9025,187
851998,16.9,133,9324,187
851999,17.25,133,9227,187
852000,13,133,9259,187
852001,17.55,133,9301,187
852002,18.7,133,8945,187
852003,16.6,133,9197,187
852004,17.45,133,9232,187
852005,14.4,133,9078,187
852006,18.2,133,8946,187
852007,16,133,9119,187
852008,15.45,133,9212,187
852009,18.2,133,9248,187
852010,17.5,133,9185,187
852011,16.35,133,9036,187
852012,13.55,133,9000,187
852013,13.35,133,8955,187
852014,16.85,133,9288,187
852015,15.75,133,9014,187
852016,17.45,133,8999,187
852017,18.85,133,8944,187
852018,18.25,133,9213,187
852019,17.85,133,9105,187
852020,12.2,133,9273,187
852021,12.05,133,9140,187
852022,17.6,133,9131,187
852023,15.85,133,8984,187
852024,15.6,133,9042,187
852025,18.1,133,9151,187
852026,15.55,133,8976,187
852027,11.65,133,9104,187
852028,16.35,133,9170,187
852029,12.35,133,9141,187
852030,19,133,9164,187
852031,15.85,133,9256,187
852032,15.85,133,9144,187
852033,16.65,133,9079,187
852034,14.4,133,9150,187
852035,17.1,133,9274,187
852036,18.6,133,9335,187
852037,15.5,133,9010,187
852038,18.65,133,9320,187
852039,18,133,8943,187
852040,16.6,133,8992,187
852041,19.25,133,9258,187
852042,16.9,133,9187,187
852043,14.8,133,9063,187
852044,18.5,133,9262,187
852045,14.2,133,9149,187
852046,15.25,133,9050,187
852047,16.2,133,8958,187
852048,16.65,133,9323,187
852049,15.4,133,9087,187
852050,18.55,133,9179,187
852051,14,133,9167,187
852052,16.1,133,8963,187
852053,17,133,9125,187
852054,17.95,133,9029,187
852055,17.2,133,9015,187
852056,14.3,133,9084,187
852057,13.45,133,9147,187
852058,16.6,133,8948,187
852059,16.65,133,9295,187
852060,16.6,133,9136,187
852061,17.6,133,9339,187
852062,18,133,9171,187
852063,17.85,133,9201,187
852064,17.55,133,9306,187
852065,15.75,133,9249,187
852066,19.25,133,9203,187
852067,17.9,133,8972,187
852068,18.45,133,9020,187
852069,14.6,133,9080,187
852070,17.25,133,9311,187
852071,17.25,133,9154,187
852072,14.45,133,9052,187
852073,16.6,133,9101,187
852074,14,133,9205,187
852075,16.25,133,9113,187
852076,18.65,133,9096,187
852077,15.85,133,9021,187
852078,16.9,133,8990,187
852079,12.8,133,8966,187
852080,17.85,133,9200,187
852081,11.85,133,9283,187
852082,16.2,133,9114,187
852083,15.5,133,9245,187
852084,16.95,133,9058,187
852085,15.85,133,9124,187
852086,16.8,133,9276,187
852087,16.55,133,9077,187
852088,13,133,9139,187
852089,13.95,133,9238,187
852090,15.95,133,9057,187
852091,16.75,133,9043,187
852092,16.7,133,9061,187
852093,16.95,133,9338,187
852094,17.65,133,9037,187
852095,14.45,133,9290,187
852096,13.2,133,9076,187
852097,14.45,133,9189,187
852098,15.9,133,9199,187
852099,17.95,133,9218,187
852100,17.35,133,9074,187
852101,16.2,133,9068,187
852102,16,133,8953,187
852103,15.9,133,8989,187
852104,15.95,133,9291,187
852105,14.35,133,9271,187
852106,17.2,133,9277,187
852107,15.8,133,9163,187
852108,17.25,133,9285,187
852109,17.5,133,9224,187
852110,12.85,133,9066,187
852111,14.95,133,9069,187
852112,16.85,133,9160,187
852113,16.95,133,9325,187
852114,16.2,133,9155,187
852115,16.95,133,9214,187
852116,17.6,133,9219,187
852117,11.6,133,8949,187
852118,16,133,9305,187
852119,13.25,133,9194,187
852120,16.85,133,9228,187
852121,14.85,133,9225,187
852122,14.95,133,9299,187
852123,16.25,133,9092,187
852124,12.6,133,9234,187
852125,15.25,133,9319,187
852126,17,133,9130,187
852127,15.45,133,9054,187
852128,13.6,133,9111,187
852129,13.95,133,9268,187
852130,15.5,133,9284,187
852131,15.6,133,8981,187
852132,14.85,133,9156,187
852133,15.6,133,9046,187
852134,14.35,133,9031,187
852135,18.8,133,9243,187
852136,15.1,133,9241,187
852137,18.2,133,8964,187
852138,14.65,133,9071,187
852139,13.85,133,9019,187
852140,11.45,133,9035,187
852141,18.15,133,9175,187
852142,17.85,133,9242,187
852143,17.8,133,9121,187
852144,15.6,133,9095,187
852145,16.15,133,9266,187
852146,15.25,133,9006,187
852147,19.25,133,8962,187
852148,12.45,133,9181,187
852149,13.95,133,9231,187
852150,14.85,133,9174,187
852151,15.25,133,9310,187
852152,14.45,133,9340,187
852153,10.95,133,9226,187
852154,17.5,133,9330,187
852155,17.25,133,8965,187
852156,13,133,9004,187
852157,15.85,133,9137,187
852158,13,133,9216,187
852159,15.25,133,9100,187
852160,15.1,133,9223,187
852161,18.45,133,9183,187
852162,15.7,133,9044,187
852163,17,133,9303,187
852164,12.2,133,9038,187
852165,19.25,133,9294,187
852166,16.85,133,9133,187
852167,13.9,133,9008,187
852168,15.85,133,8942,187
852169,11.7,133,8954,187
852170,12.45,133,9067,187
852171,17.2,133,9099,187
852172,15.65,133,8973,187
852173,18,133,9022,187
852174,14.2,133,9112,187
852175,15.45,133,9328,187
852176,14.1,133,9143,187
852177,15.2,133,8993,187
852178,17.95,133,9166,187
852179,13.5,133,9065,187
852180,16.25,133,9333,187
852181,15.5,133,9120,187
852182,16.95,133,8947,187
852183,18.25,133,9215,187
852184,15.85,133,8950,187
852185,17.5,133,9198,187
852186,16.9,133,9045,187
852187,16.6,133,9108,187
852188,16.5,133,9083,187
852189,16.6,133,9336,187
852190,13.2,133,9251,187
852191,10.8,133,9102,187
852192,12.35,133,9267,187
852193,11.25,133,9281,187
852194,12.25,133,9117,187
852195,15.6,133,9013,187
852196,18.45,133,9220,187
852197,16.2,133,9055,187
852198,17.15,133,9115,187
852199,15.6,133,8998,187
852200,12.95,133,8969,187
852201,11.25,133,9027,187
852202,15.4,133,9308,187
852203,14.85,133,9270,187
852204,17.6,133,9138,187
852205,17.6,133,9304,187
852206,17.25,133,8971,187
852207,18.5,133,9134,187
852208,15.75,133,9011,187
852209,16.2,133,9039,187
852210,13.5,133,9075,187
852211,18,133,9072,187
852212,11.6,133,9184,187
852213,15,133,9016,187
852214,19.1,133,9041,187
852215,15.6,133,9208,187
852216,14.75,133,9275,187
852217,17.35,133,9239,187
852218,19.25,133,9173,187
852219,17.25,133,9289,187
852220,16.2,133,9172,187
852221,17,133,9110,187
852222,14,133,9236,187
852223,11.6,133,9337,187
852224,12.2,133,9165,187
852225,15.6,133,8951,187
852226,16.6,133,9191,187
852227,13.25,133,9282,187
852228,17.25,133,9028,187
852229,17.2,133,8987,187
852230,14,133,9168,187
852231,17.85,133,9298,187
852232,14.9,133,9017,187
852233,12.85,133,9062,187
852234,17.6,133,9128,187
852235,17.85,133,9169,187
852236,15.5,133,8957,187
852237,12.6,133,9059,187
852238,13.9,133,8978,187
852239,14.95,133,9064,187
852240,15.85,133,9196,187
852241,18.45,133,9053,187
852242,16.45,133,9145,187
852243,16,133,8997,187
852244,18.6,133,9161,187
852245,14.5,133,9237,187
852246,14.6,133,9153,187
852247,16.75,133,9026,187
852248,17.85,133,9192,187
852249,19,133,9132,187
852250,17,133,9162,187
852251,18.65,133,8960,187
852252,18.6,133,9177,187
852253,16.85,133,9157,187
852254,16.25,133,9186,187
852255,15.8,133,9086,187
852256,14.85,133,8982,187
852257,16.1,133,9158,187
852258,11.45,133,9049,187
852259,15,133,9178,187
852260,17.5,133,9332,187
852261,10.6,133,9030,187
852262,18.35,133,9051,187
852263,15.55,133,8977,187
852264,16.1,133,9012,187
852265,16.25,133,9314,187
852266,15.5,133,9024,187
852267,17.5,133,9093,187
852268,13.45,133,9315,187
852269,15.1,133,9142,187
852270,16.1,133,9217,187
852271,15.85,133,9126,187
852272,16.25,133,9070,187
852273,18.6,133,9313,187
852274,14.5,133,9180,187
852275,15.65,133,9005,187
852276,14.1,133,9244,187
852277,15.5,133,9091,187
852278,17.85,133,9327,187
852279,17.15,133,8986,187
852280,14.35,133,9316,187
852281,10.75,133,9116,187
852282,14.4,133,8979,187
852283,16.7,133,8994,187
852284,15.95,133,9247,187
852285,17.25,133,9206,187
852286,16,133,9118,187
852287,17.2,133,8980,187
852288,17.95,133,9326,187
852289,14.6,133,9312,187
852290,15.2,133,8956,187
852291,16.65,133,9269,187
852292,16,133,9261,187
852293,16.2,133,8967,187
852294,16.6,133,9023,187
852295,11,133,9097,187
852296,15.7,133,9098,187
852297,16,134,9322,187
852298,16.35,134,9148,187
852299,13.6,134,8991,187
852300,16.55,134,8952,187
852301,16.6,134,9280,187
852302,18.1,134,9034,187
852303,16.4,134,9279,187
852304,13.2,134,9123,187
852305,15.1,134,9309,187
852306,15.8,134,9272,187
852307,16.2,134,9018,187
852308,17.2,134,9246,187
852309,17.6,134,9287,187
852310,15.6,134,8961,187
852311,14.85,134,9300,187
852312,14.85,134,8968,187
852313,14.95,134,9107,187
852314,12.95,134,9307,187
852315,15.15,134,8983,187
852316,15.1,134,9146,187
852317,17.7,134,9317,187
852318,17.5,134,9127,187
852319,14.9,134,9257,187
852320,16.05,134,9085,187
852321,17.2,134,9230,187
852322,16.25,134,9056,187
852323,15.1,134,9176,187
852324,14.2,134,9240,187
852325,16,134,9190,187
852326,15.6,134,9204,187
852327,17.85,134,9002,187
852328,14,134,9278,187
852329,16.25,134,9202,187
852330,17.35,134,9032,187
852331,15.5,134,9047,187
852332,15.35,134,9286,187
852333,18.7,134,9082,187
852334,15.2,134,9221,187
852335,12.15,134,8995,187
852336,15.95,134,9265,187
852337,16.35,134,9025,187
852338,15.2,134,9324,187
852339,17.5,134,9227,187
852340,14.75,134,9259,187
852341,18.2,134,9301,187
852342,15.6,134,8945,187
852343,16.5,134,9197,187
852344,17.85,134,9232,187
852345,13,134,9078,187
852346,16.6,134,8946,187
852347,15.1,134,9119,187
852348,15.25,134,9212,187
852349,17.4,134,9248,187
852350,17.25,134,9185,187
852351,18,134,9036,187
852352,13.85,134,9000,187
852353,13,134,8955,187
852354,17.25,134,9288,187
852355,15.45,134,9014,187
852356,18.95,134,8999,187
852357,17.55,134,8944,187
852358,17.75,134,9213,187
852359,17.7,134,9105,187
852360,11.45,134,9273,187
852361,11.2,134,9140,187
852362,16.35,134,9131,187
852363,15,134,8984,187
852364,15.25,134,9042,187
852365,16.45,134,9151,187
852366,14.6,134,8976,187
852367,11.35,134,9104,187
852368,15.45,134,9170,187
852369,12.45,134,9141,187
852370,18.75,134,9164,187
852371,15,134,9256,187
852372,15.85,134,9144,187
852373,15.6,134,9079,187
852374,13.4,134,9150,187
852375,16.05,134,9274,187
852376,18.45,134,9335,187
852377,14.6,134,9010,187
852378,17.6,134,9320,187
852379,16.4,134,8943,187
852380,16.2,134,8992,187
852381,17,134,9258,187
852382,15.6,134,9187,187
852383,13.6,134,9063,187
852384,17.45,134,9262,187
852385,15.5,134,9149,187
852386,15.2,134,9050,187
852387,16.95,134,8958,187
852388,14.65,134,9323,187
852389,15.55,134,9087,187
852390,18.25,134,9179,187
852391,15.1,134,9167,187
852392,16.5,134,8963,187
852393,14.45,134,9125,187
852394,17.25,134,9029,187
852395,16.2,134,9015,187
852396,12.25,134,9084,187
852397,12.6,134,9147,187
852398,15,134,8948,187
852399,13.65,134,9295,187
852400,15,134,9136,187
852401,17.15,134,9339,187
852402,18.25,134,9171,187
852403,15.55,134,9201,187
852404,17.2,134,9306,187
852405,16.1,134,9249,187
852406,18.2,134,9203,187
852407,17.4,134,8972,187
852408,17,134,9020,187
852409,15.85,134,9080,187
852410,17,134,9311,187
852411,17.45,134,9154,187
852412,15.2,134,9052,187
852413,16.55,134,9101,187
852414,15.15,134,9205,187
852415,14.75,134,9113,187
852416,17.55,134,9096,187
852417,14.2,134,9021,187
852418,15.35,134,8990,187
852419,13,134,8966,187
852420,16.85,134,9200,187
852421,12.25,134,9283,187
852422,15.4,134,9114,187
852423,14.85,134,9245,187
852424,17.35,134,9058,187
852425,14.65,134,9124,187
852426,15.8,134,9276,187
852427,16.9,134,9077,187
852428,11.5,134,9139,187
852429,11.45,134,9238,187
852430,15.8,134,9057,187
852431,15.35,134,9043,187
852432,15.85,134,9061,187
852433,17.2,134,9338,187
852434,17.6,134,9037,187
852435,13.6,134,9290,187
852436,13.6,134,9076,187
852437,13.25,134,9189,187
852438,17.35,134,9199,187
852439,17.4,134,9218,187
852440,15.85,134,9074,187
852441,16.25,134,9068,187
852442,16.45,134,8953,187
852443,15.85,134,8989,187
852444,15.8,134,9291,187
852445,12.6,134,9271,187
852446,15.9,134,9277,187
852447,15.6,134,9163,187
852448,17.85,134,9285,187
852449,17.7,134,9224,187
852450,12.45,134,9066,187
852451,14.5,134,9069,187
852452,16.2,134,9160,187
852453,16.1,134,9325,187
852454,15.6,134,9155,187
852455,14.8,134,9214,187
852456,17.85,134,9219,187
852457,10.35,134,8949,187
852458,14.7,134,9305,187
852459,12.25,134,9194,187
852460,16,134,9228,187
852461,13.9,134,9225,187
852462,16.6,134,9299,187
852463,17.35,134,9092,187
852464,12.65,134,9234,187
852465,16,134,9319,187
852466,17.25,134,9130,187
852467,16.1,134,9054,187
852468,14.25,134,9111,187
852469,13.1,134,9268,187
852470,15.6,134,9284,187
852471,15.25,134,8981,187
852472,16,134,9156,187
852473,16.6,134,9046,187
852474,12.9,134,9031,187
852475,17.85,134,9243,187
852476,14.6,134,9241,187
852477,17.3,134,8964,187
852478,13.5,134,9071,187
852479,13.85,134,9019,187
852480,11,134,9035,187
852481,18.2,134,9175,187
852482,17.25,134,9242,187
852483,17.55,134,9121,187
852484,15.25,134,9095,187
852485,15.75,134,9266,187
852486,15.6,134,9006,187
852487,17.8,134,8962,187
852488,12.25,134,9181,187
852489,12.2,134,9231,187
852490,14.6,134,9174,187
852491,15.1,134,9310,187
852492,14.65,134,9340,187
852493,11.35,134,9226,187
852494,15.05,134,9330,187
852495,15.85,134,8965,187
852496,12.6,134,9004,187
852497,13.7,134,9137,187
852498,10.85,134,9216,187
852499,16.2,134,9100,187
852500,14.9,134,9223,187
852501,16.6,134,9183,187
852502,13.95,134,9044,187
852503,14.95,134,9303,187
852504,13.35,134,9038,187
852505,18.5,134,9294,187
852506,17.7,134,9133,187
852507,14.9,134,9008,187
852508,15.95,134,8942,187
852509,11.45,134,8954,187
852510,13.4,134,9067,187
852511,16.45,134,9099,187
852512,14.95,134,8973,187
852513,17.1,134,9022,187
852514,14.25,134,9112,187
852515,14.6,134,9328,187
852516,13.9,134,9143,187
852517,14.45,134,8993,187
852518,17.6,134,9166,187
852519,12.7,134,9065,187
852520,16,134,9333,187
852521,16.95,134,9120,187
852522,15,134,8947,187
852523,18.5,134,9215,187
852524,17.5,134,8950,187
852525,17.55,134,9198,187
852526,17.6,134,9045,187
852527,16.65,134,9108,187
852528,15.4,134,9083,187
852529,15.15,134,9336,187
852530,12.85,134,9251,187
852531,11.6,134,9102,187
852532,12,134,9267,187
852533,12.45,134,9281,187
852534,12.95,134,9117,187
852535,14.8,134,9013,187
852536,17.5,134,9220,187
852537,16.45,134,9055,187
852538,16.2,134,9115,187
852539,15.3,134,8998,187
852540,12.6,134,8969,187
852541,12.7,134,9027,187
852542,13.55,134,9308,187
852543,15.35,134,9270,187
852544,16.85,134,9138,187
852545,16.65,134,9304,187
852546,18.6,134,8971,187
852547,17.2,134,9134,187
852548,16,134,9011,187
852549,15.4,134,9039,187
852550,12.2,134,9075,187
852551,17.65,134,9072,187
852552,11.6,134,9184,187
852553,15.6,134,9016,187
852554,18.25,134,9041,187
852555,15.5,134,9208,187
852556,14.85,134,9275,187
852557,16.2,134,9239,187
852558,18,134,9173,187
852559,18,134,9289,187
852560,16.35,134,9172,187
852561,16.1,134,9110,187
852562,14.25,134,9236,187
852563,12.4,134,9337,187
852564,12.35,134,9165,187
852565,16.65,134,8951,187
852566,16.3,134,9191,187
852567,12.85,134,9282,187
852568,16.4,134,9028,187
852569,16.1,134,8987,187
852570,14.6,134,9168,187
852571,16.2,134,9298,187
852572,16,134,9017,187
852573,12.75,134,9062,187
852574,17.65,134,9128,187
852575,16.6,134,9169,187
852576,15.65,134,8957,187
852577,11.9,134,9059,187
852578,13.8,134,8978,187
852579,16.85,134,9064,187
852580,16.9,134,9196,187
852581,18.1,134,9053,187
852582,16.3,134,9145,187
852583,16.25,134,8997,187
852584,16.9,134,9161,187
852585,13.95,134,9237,187
852586,14.8,134,9153,187
852587,15.65,134,9026,187
852588,17.1,134,9192,187
852589,17.45,134,9132,187
852590,17.65,134,9162,187
852591,16.85,134,8960,187
852592,17.35,134,9177,187
852593,15.65,134,9157,187
852594,15,134,9186,187
852595,17.8,134,9086,187
852596,16.55,134,8982,187
852597,16.35,134,9158,187
852598,11.5,134,9049,187
852599,15.1,134,9178,187
852600,17.35,134,9332,187
852601,9.6,134,9030,187
852602,18.6,134,9051,187
852603,16.2,134,8977,187
852604,16.95,134,9012,187
852605,17.25,134,9314,187
852606,16.2,134,9024,187
852607,17.25,134,9093,187
852608,14.4,134,9315,187
852609,14.6,134,9142,187
852610,15.8,134,9217,187
852611,14.6,134,9126,187
852612,15.6,134,9070,187
852613,18.25,134,9313,187
852614,14.95,134,9180,187
852615,16.9,134,9005,187
852616,13,134,9244,187
852617,14.5,134,9091,187
852618,16.45,134,9327,187
852619,17.65,134,8986,187
852620,15.75,134,9316,187
852621,11.6,134,9116,187
852622,14.25,134,8979,187
852623,16.35,134,8994,187
852624,13.8,134,9247,187
852625,16.5,134,9206,187
852626,16.35,134,9118,187
852627,15.2,134,8980,187
852628,18.25,134,9326,187
852629,14.45,134,9312,187
852630,15.3,134,8956,187
852631,16.55,134,9269,187
852632,15.65,134,9261,187
852633,15.1,134,8967,187
852634,17.5,134,9023,187
852635,11.25,134,9097,187
852636,16.75,134,9098,187
852637,17.6,135,9322,187
852638,16.85,135,9148,187
852639,13.2,135,8991,187
852640,17.6,135,8952,187
852641,16.35,135,9280,187
852642,19.25,135,9034,187
852643,16.25,135,9279,187
852644,12.6,135,9123,187
852645,16.2,135,9309,187
852646,16.6,135,9272,187
852647,15.8,135,9018,187
852648,17.75,135,9246,187
852649,18.25,135,9287,187
852650,16.5,135,8961,187
852651,14.95,135,9300,187
852652,16.4,135,8968,187
852653,15.6,135,9107,187
852654,15.9,135,9307,187
852655,16.6,135,8983,187
852656,17.25,135,9146,187
852657,18.85,135,9317,187
852658,18.6,135,9127,187
852659,15.4,135,9257,187
852660,16.6,135,9085,187
852661,18.05,135,9230,187
852662,17.9,135,9056,187
852663,15.95,135,9176,187
852664,16.3,135,9240,187
852665,16.55,135,9190,187
852666,15.65,135,9204,187
852667,17.1,135,9002,187
852668,15.2,135,9278,187
852669,15.35,135,9202,187
852670,19.25,135,9032,187
852671,16.2,135,9047,187
852672,16.6,135,9286,187
852673,17.85,135,9082,187
852674,16.6,135,9221,187
852675,10.75,135,8995,187
852676,16.5,135,9265,187
852677,15.6,135,9025,187
852678,18.6,135,9324,187
852679,18.2,135,9227,187
852680,13.25,135,9259,187
852681,19.25,135,9301,187
852682,17.6,135,8945,187
852683,17.95,135,9197,187
852684,18.45,135,9232,187
852685,13.6,135,9078,187
852686,15.6,135,8946,187
852687,15.85,135,9119,187
852688,16.85,135,9212,187
852689,17.1,135,9248,187
852690,17.25,135,9185,187
852691,17.25,135,9036,187
852692,14.6,135,9000,187
852693,14.45,135,8955,187
852694,16.25,135,9288,187
852695,16.15,135,9014,187
852696,19.25,135,8999,187
852697,18.25,135,8944,187
852698,18.2,135,9213,187
852699,18.9,135,9105,187
852700,13.25,135,9273,187
852701,12.25,135,9140,187
852702,16.2,135,9131,187
852703,15.25,135,8984,187
852704,15.9,135,9042,187
852705,18.35,135,9151,187
852706,16.85,135,8976,187
852707,12.25,135,9104,187
852708,16.8,135,9170,187
852709,12.4,135,9141,187
852710,19,135,9164,187
852711,17.25,135,9256,187
852712,15.65,135,9144,187
852713,16.1,135,9079,187
852714,14.5,135,9150,187
852715,17.35,135,9274,187
852716,18.2,135,9335,187
852717,15,135,9010,187
852718,19.2,135,9320,187
852719,17.65,135,8943,187
852720,16.6,135,8992,187
852721,17.35,135,9258,187
852722,17,135,9187,187
852723,14.25,135,9063,187
852724,18.2,135,9262,187
852725,16.2,135,9149,187
852726,15.35,135,9050,187
852727,16.6,135,8958,187
852728,16.8,135,9323,187
852729,16.25,135,9087,187
852730,17.85,135,9179,187
852731,14.5,135,9167,187
852732,17,135,8963,187
852733,17.35,135,9125,187
852734,18.2,135,9029,187
852735,16.95,135,9015,187
852736,13.6,135,9084,187
852737,13.25,135,9147,187
852738,16.6,135,8948,187
852739,16.35,135,9295,187
852740,16.5,135,9136,187
852741,16.6,135,9339,187
852742,19,135,9171,187
852743,16.85,135,9201,187
852744,16.6,135,9306,187
852745,16.35,135,9249,187
852746,18.2,135,9203,187
852747,16.6,135,8972,187
852748,17.5,135,9020,187
852749,17,135,9080,187
852750,17.25,135,9311,187
852751,16.6,135,9154,187
852752,16.25,135,9052,187
852753,15.6,135,9101,187
852754,15.1,135,9205,187
852755,16.35,135,9113,187
852756,18.2,135,9096,187
852757,15.85,135,9021,187
852758,17,135,8990,187
852759,13.45,135,8966,187
852760,17,135,9200,187
852761,13.4,135,9283,187
852762,17.85,135,9114,187
852763,15.15,135,9245,187
852764,17,135,9058,187
852765,17,135,9124,187
852766,17.9,135,9276,187
852767,15.35,135,9077,187
852768,13.1,135,9139,187
852769,13.25,135,9238,187
852770,16.75,135,9057,187
852771,16.35,135,9043,187
852772,16.6,135,9061,187
852773,18.6,135,9338,187
852774,18.9,135,9037,187
852775,15.2,135,9290,187
852776,14.6,135,9076,187
852777,15.1,135,9189,187
852778,17.65,135,9199,187
852779,18.6,135,9218,187
852780,17.25,135,9074,187
852781,17.5,135,9068,187
852782,17.25,135,8953,187
852783,15.9,135,8989,187
852784,15.85,135,9291,187
852785,13.95,135,9271,187
852786,17.25,135,9277,187
852787,15.25,135,9163,187
852788,16.45,135,9285,187
852789,18.2,135,9224,187
852790,12.85,135,9066,187
852791,15.35,135,9069,187
852792,17.65,135,9160,187
852793,17.85,135,9325,187
852794,16.65,135,9155,187
852795,17.9,135,9214,187
852796,18.9,135,9219,187
852797,13,135,8949,187
852798,17.25,135,9305,187
852799,14,135,9194,187
852800,16.2,135,9228,187
852801,14.2,135,9225,187
852802,14.5,135,9299,187
852803,17.45,135,9092,187
852804,13.1,135,9234,187
852805,15.8,135,9319,187
852806,16,135,9130,187
852807,16.25,135,9054,187
852808,15,135,9111,187
852809,13.6,135,9268,187
852810,15.6,135,9284,187
852811,15.65,135,8981,187
852812,16.9,135,9156,187
852813,18.25,135,9046,187
852814,14.95,135,9031,187
852815,19,135,9243,187
852816,15.45,135,9241,187
852817,16.85,135,8964,187
852818,13.85,135,9071,187
852819,15.25,135,9019,187
852820,11.85,135,9035,187
852821,18.4,135,9175,187
852822,16.85,135,9242,187
852823,17.85,135,9121,187
852824,15.85,135,9095,187
852825,16.25,135,9266,187
852826,15.95,135,9006,187
852827,18.25,135,8962,187
852828,12.55,135,9181,187
852829,15.6,135,9231,187
852830,15.55,135,9174,187
852831,17.6,135,9310,187
852832,15.85,135,9340,187
852833,11.85,135,9226,187
852834,16.35,135,9330,187
852835,16.45,135,8965,187
852836,13.25,135,9004,187
852837,15.95,135,9137,187
852838,10.85,135,9216,187
852839,16.6,135,9100,187
852840,16.85,135,9223,187
852841,19.65,135,9183,187
852842,16.25,135,9044,187
852843,17.25,135,9303,187
852844,14.25,135,9038,187
852845,18.15,135,9294,187
852846,19,135,9133,187
852847,14.85,135,9008,187
852848,15.35,135,8942,187
852849,10.5,135,8954,187
852850,12.2,135,9067,187
852851,18.2,135,9099,187
852852,16.25,135,8973,187
852853,18,135,9022,187
852854,16.25,135,9112,187
852855,16.25,135,9328,187
852856,14.2,135,9143,187
852857,16.6,135,8993,187
852858,18.7,135,9166,187
852859,14.85,135,9065,187
852860,17.2,135,9333,187
852861,15.45,135,9120,187
852862,17.2,135,8947,187
852863,18.25,135,9215,187
852864,17.65,135,8950,187
852865,19,135,9198,187
852866,16.5,135,9045,187
852867,18.6,135,9108,187
852868,16.75,135,9083,187
852869,17.6,135,9336,187
852870,13.6,135,9251,187
852871,12.2,135,9102,187
852872,13.2,135,9267,187
852873,12.6,135,9281,187
852874,13.25,135,9117,187
852875,16.25,135,9013,187
852876,17.85,135,9220,187
852877,16.6,135,9055,187
852878,15.7,135,9115,187
852879,15.6,135,8998,187
852880,13.25,135,8969,187
852881,13.25,135,9027,187
852882,14.4,135,9308,187
852883,17,135,9270,187
852884,18.6,135,9138,187
852885,18.6,135,9304,187
852886,18.9,135,8971,187
852887,18.2,135,9134,187
852888,16.6,135,9011,187
852889,16.25,135,9039,187
852890,13.85,135,9075,187
852891,16.85,135,9072,187
852892,10.95,135,9184,187
852893,16.6,135,9016,187
852894,17.95,135,9041,187
852895,16.2,135,9208,187
852896,15.35,135,9275,187
852897,16.9,135,9239,187
852898,18.95,135,9173,187
852899,19.25,135,9289,187
852900,17.6,135,9172,187
852901,17.25,135,9110,187
852902,15.35,135,9236,187
852903,12.45,135,9337,187
852904,13,135,9165,187
852905,15.6,135,8951,187
852906,18,135,9191,187
852907,14.65,135,9282,187
852908,18,135,9028,187
852909,17.85,135,8987,187
852910,13.85,135,9168,187
852911,17.35,135,9298,187
852912,17.35,135,9017,187
852913,12.25,135,9062,187
852914,18.2,135,9128,187
852915,18.25,135,9169,187
852916,18.35,135,8957,187
852917,12,135,9059,187
852918,15.5,135,8978,187
852919,15.45,135,9064,187
852920,17.85,135,9196,187
852921,18.2,135,9053,187
852922,16.25,135,9145,187
852923,16.1,135,8997,187
852924,17.25,135,9161,187
852925,14.6,135,9237,187
852926,16.25,135,9153,187
852927,17,135,9026,187
852928,18.1,135,9192,187
852929,18.2,135,9132,187
852930,17.65,135,9162,187
852931,17.6,135,8960,187
852932,17.6,135,9177,187
852933,17.35,135,9157,187
852934,16.6,135,9186,187
852935,17,135,9086,187
852936,16.2,135,8982,187
852937,16.6,135,9158,187
852938,12.6,135,9049,187
852939,15.85,135,9178,187
852940,18,135,9332,187
852941,11.6,135,9030,187
852942,17.75,135,9051,187
852943,16.25,135,8977,187
852944,16.6,135,9012,187
852945,18.25,135,9314,187
852946,16.85,135,9024,187
852947,19,135,9093,187
852948,12.75,135,9315,187
852949,14,135,9142,187
852950,17.65,135,9217,187
852951,15.95,135,9126,187
852952,17.55,135,9070,187
852953,18.2,135,9313,187
852954,15.35,135,9180,187
852955,15.8,135,9005,187
852956,13.25,135,9244,187
852957,15.85,135,9091,187
852958,17.6,135,9327,187
852959,17.1,135,8986,187
852960,15.95,135,9316,187
852961,12.25,135,9116,187
852962,15,135,8979,187
852963,18,135,8994,187
852964,15.2,135,9247,187
852965,17.25,135,9206,187
852966,17,135,9118,187
852967,18,135,8980,187
852968,18.5,135,9326,187
852969,15.35,135,9312,187
852970,15.55,135,8956,187
852971,16.6,135,9269,187
852972,15.85,135,9261,187
852973,15.55,135,8967,187
852974,17.6,135,9023,187
852975,11.55,135,9097,187
852976,16.85,135,9098,187
852977,15.65,136,9322,187
852978,17.2,136,9148,187
852979,13.85,136,8991,187
852980,17.5,136,8952,187
852981,15.5,136,9280,187
852982,17.85,136,9034,187
852983,16.2,136,9279,187
852984,11.1,136,9123,187
852985,15.85,136,9309,187
852986,16.35,136,9272,187
852987,16.6,136,9018,187
852988,16,136,9246,187
852989,18,136,9287,187
852990,15.1,136,8961,187
852991,13.6,136,9300,187
852992,14.2,136,8968,187
852993,13.35,136,9107,187
852994,13.45,136,9307,187
852995,15.7,136,8983,187
852996,16.85,136,9146,187
852997,17.2,136,9317,187
852998,18.6,136,9127,187
852999,12.6,136,9257,187
853000,14.55,136,9085,187
853001,16.6,136,9230,187
853002,16.85,136,9056,187
853003,15.65,136,9176,187
853004,14.25,136,9240,187
853005,14.35,136,9190,187
853006,15,136,9204,187
853007,16.8,136,9002,187
853008,13.65,136,9278,187
853009,14.85,136,9202,187
853010,16.45,136,9032,187
853011,15.35,136,9047,187
853012,15.65,136,9286,187
853013,17.1,136,9082,187
853014,14.35,136,9221,187
853015,11.35,136,8995,187
853016,15.95,136,9265,187
853017,16.15,136,9025,187
853018,15.5,136,9324,187
853019,17.4,136,9227,187
853020,12.15,136,9259,187
853021,18.25,136,9301,187
853022,16.85,136,8945,187
853023,16.15,136,9197,187
853024,17.85,136,9232,187
853025,13.5,136,9078,187
853026,15.4,136,8946,187
853027,15.65,136,9119,187
853028,15.25,136,9212,187
853029,16.5,136,9248,187
853030,16.6,136,9185,187
853031,17.2,136,9036,187
853032,14.2,136,9000,187
853033,13.6,136,8955,187
853034,16.35,136,9288,187
853035,14.9,136,9014,187
853036,18.35,136,8999,187
853037,18.45,136,8944,187
853038,16.85,136,9213,187
853039,18.1,136,9105,187
853040,11.95,136,9273,187
853041,10.8,136,9140,187
853042,16,136,9131,187
853043,13.5,136,8984,187
853044,13.7,136,9042,187
853045,17.4,136,9151,187
853046,14.5,136,8976,187
853047,11.3,136,9104,187
853048,14.95,136,9170,187
853049,10.65,136,9141,187
853050,16.95,136,9164,187
853051,17.4,136,9256,187
853052,16.1,136,9144,187
853053,17.25,136,9079,187
853054,13.25,136,9150,187
853055,16.2,136,9274,187
853056,17.6,136,9335,187
853057,16.5,136,9010,187
853058,17.3,136,9320,187
853059,17.05,136,8943,187
853060,13.25,136,8992,187
853061,18.25,136,9258,187
853062,16.85,136,9187,187
853063,14.1,136,9063,187
853064,17.45,136,9262,187
853065,15.2,136,9149,187
853066,15.45,136,9050,187
853067,15.6,136,8958,187
853068,15.6,136,9323,187
853069,14.5,136,9087,187
853070,18.4,136,9179,187
853071,13.6,136,9167,187
853072,15.75,136,8963,187
853073,14.3,136,9125,187
853074,16.55,136,9029,187
853075,15.1,136,9015,187
853076,12.85,136,9084,187
853077,13,136,9147,187
853078,16.85,136,8948,187
853079,14.85,136,9295,187
853080,15.25,136,9136,187
853081,17.35,136,9339,187
853082,16.95,136,9171,187
853083,16.25,136,9201,187
853084,15.35,136,9306,187
853085,16,136,9249,187
853086,16.25,136,9203,187
853087,16.6,136,8972,187
853088,16.6,136,9020,187
853089,14.95,136,9080,187
853090,16.9,136,9311,187
853091,17.6,136,9154,187
853092,15.55,136,9052,187
853093,14.85,136,9101,187
853094,14.45,136,9205,187
853095,14.6,136,9113,187
853096,17.5,136,9096,187
853097,13,136,9021,187
853098,15.75,136,8990,187
853099,12.4,136,8966,187
853100,17.1,136,9200,187
853101,10.6,136,9283,187
853102,14.85,136,9114,187
853103,14.4,136,9245,187
853104,15.2,136,9058,187
853105,15.35,136,9124,187
853106,15.6,136,9276,187
853107,14.7,136,9077,187
853108,12.95,136,9139,187
853109,13.85,136,9238,187
853110,16,136,9057,187
853111,14.85,136,9043,187
853112,15.1,136,9061,187
853113,17.9,136,9338,187
853114,16.85,136,9037,187
853115,14.25,136,9290,187
853116,12.5,136,9076,187
853117,13.65,136,9189,187
853118,16.25,136,9199,187
853119,17,136,9218,187
853120,16,136,9074,187
853121,16.6,136,9068,187
853122,14.8,136,8953,187
853123,15.7,136,8989,187
853124,16.3,136,9291,187
853125,12.9,136,9271,187
853126,16.1,136,9277,187
853127,15.65,136,9163,187
853128,17.2,136,9285,187
853129,16.25,136,9224,187
853130,14.55,136,9066,187
853131,15,136,9069,187
853132,16.25,136,9160,187
853133,17.75,136,9325,187
853134,15.2,136,9155,187
853135,14.95,136,9214,187
853136,18.35,136,9219,187
853137,11.35,136,8949,187
853138,15.4,136,9305,187
853139,12.85,136,9194,187
853140,16.35,136,9228,187
853141,13.05,136,9225,187
853142,16,136,9299,187
853143,15.75,136,9092,187
853144,10.85,136,9234,187
853145,15.95,136,9319,187
853146,15.4,136,9130,187
853147,14.15,136,9054,187
853148,14.4,136,9111,187
853149,13.75,136,9268,187
853150,15.85,136,9284,187
853151,15.95,136,8981,187
853152,14.5,136,9156,187
853153,14.7,136,9046,187
853154,14.45,136,9031,187
853155,18.6,136,9243,187
853156,15,136,9241,187
853157,17.15,136,8964,187
853158,12.65,136,9071,187
853159,13.35,136,9019,187
853160,10.6,136,9035,187
853161,17.7,136,9175,187
853162,16.6,136,9242,187
853163,17.25,136,9121,187
853164,15.55,136,9095,187
853165,15.65,136,9266,187
853166,15,136,9006,187
853167,17.6,136,8962,187
853168,10.95,136,9181,187
853169,13.7,136,9231,187
853170,14.55,136,9174,187
853171,14.25,136,9310,187
853172,14.1,136,9340,187
853173,11.25,136,9226,187
853174,16.1,136,9330,187
853175,15.6,136,8965,187
853176,12.45,136,9004,187
853177,14.5,136,9137,187
853178,10.25,136,9216,187
853179,16.95,136,9100,187
853180,15.25,136,9223,187
853181,16,136,9183,187
853182,12.85,136,9044,187
853183,15.8,136,9303,187
853184,11.5,136,9038,187
853185,17.25,136,9294,187
853186,17.75,136,9133,187
853187,14.2,136,9008,187
853188,15.5,136,8942,187
853189,10.25,136,8954,187
853190,12.85,136,9067,187
853191,15.15,136,9099,187
853192,15.9,136,8973,187
853193,16.25,136,9022,187
853194,15.35,136,9112,187
853195,14,136,9328,187
853196,15.25,136,9143,187
853197,14.2,136,8993,187
853198,16.6,136,9166,187
853199,12.9,136,9065,187
853200,16.15,136,9333,187
853201,13.85,136,9120,187
853202,15.25,136,8947,187
853203,17.9,136,9215,187
853204,17.95,136,8950,187
853205,16.3,136,9198,187
853206,17.1,136,9045,187
853207,18.35,136,9108,187
853208,15.85,136,9083,187
853209,15.85,136,9336,187
853210,13.45,136,9251,187
853211,11.35,136,9102,187
853212,11.55,136,9267,187
853213,11.15,136,9281,187
853214,12.85,136,9117,187
853215,14.3,136,9013,187
853216,16.05,136,9220,187
853217,16.2,136,9055,187
853218,15.15,136,9115,187
853219,15.85,136,8998,187
853220,12.1,136,8969,187
853221,11.65,136,9027,187
853222,13.4,136,9308,187
853223,15.9,136,9270,187
853224,17.1,136,9138,187
853225,17.95,136,9304,187
853226,16.95,136,8971,187
853227,18.1,136,9134,187
853228,14.8,136,9011,187
853229,16.85,136,9039,187
853230,11.6,136,9075,187
853231,17.65,136,9072,187
853232,12.25,136,9184,187
853233,15.2,136,9016,187
853234,17.95,136,9041,187
853235,15.25,136,9208,187
853236,15.1,136,9275,187
853237,15.25,136,9239,187
853238,17.2,136,9173,187
853239,17.85,136,9289,187
853240,16,136,9172,187
853241,15.15,136,9110,187
853242,13.2,136,9236,187
853243,11.45,136,9337,187
853244,12.2,136,9165,187
853245,13.9,136,8951,187
853246,15.25,136,9191,187
853247,13.85,136,9282,187
853248,16.25,136,9028,187
853249,15.9,136,8987,187
853250,12.65,136,9168,187
853251,16.35,136,9298,187
853252,15.15,136,9017,187
853253,12.1,136,9062,187
853254,16.95,136,9128,187
853255,17.1,136,9169,187
853256,16.25,136,8957,187
853257,12.45,136,9059,187
853258,13.9,136,8978,187
853259,15.25,136,9064,187
853260,17.2,136,9196,187
853261,16.85,136,9053,187
853262,15.95,136,9145,187
853263,16.35,136,8997,187
853264,18.25,136,9161,187
853265,13.45,136,9237,187
853266,14.85,136,9153,187
853267,15.3,136,9026,187
853268,17.55,136,9192,187
853269,18,136,9132,187
853270,16.85,136,9162,187
853271,16.85,136,8960,187
853272,16.8,136,9177,187
853273,15.45,136,9157,187
853274,14.95,136,9186,187
853275,16.55,136,9086,187
853276,16.65,136,8982,187
853277,15.65,136,9158,187
853278,9.85,136,9049,187
853279,13.6,136,9178,187
853280,17.75,136,9332,187
853281,10.65,136,9030,187
853282,18.25,136,9051,187
853283,14.4,136,8977,187
853284,17.35,136,9012,187
853285,17.25,136,9314,187
853286,14.95,136,9024,187
853287,17.45,136,9093,187
853288,14,136,9315,187
853289,13.2,136,9142,187
853290,15.1,136,9217,187
853291,14.7,136,9126,187
853292,15.9,136,9070,187
853293,17.2,136,9313,187
853294,13.95,136,9180,187
853295,16.2,136,9005,187
853296,13.35,136,9244,187
853297,15.6,136,9091,187
853298,17.25,136,9327,187
853299,17.65,136,8986,187
853300,14.75,136,9316,187
853301,12.65,136,9116,187
853302,14.6,136,8979,187
853303,15.5,136,8994,187
853304,15.35,136,9247,187
853305,15.6,136,9206,187
853306,15.8,136,9118,187
853307,16.8,136,8980,187
853308,17.25,136,9326,187
853309,13.85,136,9312,187
853310,14.6,136,8956,187
853311,14,136,9269,187
853312,14.95,136,9261,187
853313,15.25,136,8967,187
853314,15.6,136,9023,187
853315,9.5,136,9097,187
853316,16.6,136,9098,187
853317,19.4,137,9322,187
853318,19.25,137,9148,187
853319,14.6,137,8991,187
853320,19,137,8952,187
853321,16.6,137,9280,187
853322,20,137,9034,187
853323,16.85,137,9279,187
853324,15,137,9123,187
853325,17.25,137,9309,187
853326,18.85,137,9272,187
853327,17.6,137,9018,187
853328,19.25,137,9246,187
853329,19.6,137,9287,187
853330,18,137,8961,187
853331,15.6,137,9300,187
853332,17.6,137,8968,187
853333,16.35,137,9107,187
853334,16.25,137,9307,187
853335,18.25,137,8983,187
853336,19.25,137,9146,187
853337,19.6,137,9317,187
853338,20,137,9127,187
853339,15.85,137,9257,187
853340,18,137,9085,187
853341,20,137,9230,187
853342,19.75,137,9056,187
853343,18.2,137,9176,187
853344,17.5,137,9240,187
853345,17.5,137,9190,187
853346,16.85,137,9204,187
853347,18.6,137,9002,187
853348,16.85,137,9278,187
853349,17.2,137,9202,187
853350,19.65,137,9032,187
853351,18.2,137,9047,187
853352,19,137,9286,187
853353,18.95,137,9082,187
853354,16.6,137,9221,187
853355,12.2,137,8995,187
853356,18.2,137,9265,187
853357,19.25,137,9025,187
853358,18.1,137,9324,187
853359,19.6,137,9227,187
853360,14.85,137,9259,187
853361,19.6,137,9301,187
853362,19.25,137,8945,187
853363,18.6,137,9197,187
853364,20,137,9232,187
853365,15.6,137,9078,187
853366,17.6,137,8946,187
853367,18.2,137,9119,187
853368,16.5,137,9212,187
853369,19.6,137,9248,187
853370,20,137,9185,187
853371,19.65,137,9036,187
853372,15.5,137,9000,187
853373,15.85,137,8955,187
853374,19.25,137,9288,187
853375,16.25,137,9014,187
853376,19.6,137,8999,187
853377,19.6,137,8944,187
853378,18.6,137,9213,187
853379,20,137,9105,187
853380,13.5,137,9273,187
853381,13.6,137,9140,187
853382,18.6,137,9131,187
853383,16.6,137,8984,187
853384,18.25,137,9042,187
853385,18.5,137,9151,187
853386,16.6,137,8976,187
853387,13.6,137,9104,187
853388,17.85,137,9170,187
853389,14.6,137,9141,187
853390,19.2,137,9164,187
853391,18.85,137,9256,187
853392,18.2,137,9144,187
853393,18.6,137,9079,187
853394,16,137,9150,187
853395,18.6,137,9274,187
853396,19.6,137,9335,187
853397,17.65,137,9010,187
853398,20,137,9320,187
853399,17.85,137,8943,187
853400,18.25,137,8992,187
853401,20,137,9258,187
853402,18.6,137,9187,187
853403,17.1,137,9063,187
853404,19.6,137,9262,187
853405,16.95,137,9149,187
853406,16.85,137,9050,187
853407,18.85,137,8958,187
853408,17.85,137,9323,187
853409,17.5,137,9087,187
853410,19.65,137,9179,187
853411,17.6,137,9167,187
853412,16.95,137,8963,187
853413,18,137,9125,187
853414,19.6,137,9029,187
853415,17.85,137,9015,187
853416,16.25,137,9084,187
853417,14.2,137,9147,187
853418,18,137,8948,187
853419,18.25,137,9295,187
853420,17.6,137,9136,187
853421,19.25,137,9339,187
853422,20,137,9171,187
853423,18.25,137,9201,187
853424,18.85,137,9306,187
853425,18.6,137,9249,187
853426,20,137,9203,187
853427,19.6,137,8972,187
853428,18.45,137,9020,187
853429,17.5,137,9080,187
853430,19.6,137,9311,187
853431,18.6,137,9154,187
853432,18.6,137,9052,187
853433,17.45,137,9101,187
853434,17.25,137,9205,187
853435,18.25,137,9113,187
853436,18.2,137,9096,187
853437,17.6,137,9021,187
853438,19,137,8990,187
853439,14.35,137,8966,187
853440,18.25,137,9200,187
853441,14.6,137,9283,187
853442,17.25,137,9114,187
853443,17.85,137,9245,187
853444,18.85,137,9058,187
853445,17.5,137,9124,187
853446,18.5,137,9276,187
853447,18.35,137,9077,187
853448,15.25,137,9139,187
853449,15.25,137,9238,187
853450,16.95,137,9057,187
853451,17.6,137,9043,187
853452,17.35,137,9061,187
853453,19.6,137,9338,187
853454,20,137,9037,187
853455,15.6,137,9290,187
853456,14,137,9076,187
853457,17,137,9189,187
853458,18.95,137,9199,187
853459,18.45,137,9218,187
853460,19.25,137,9074,187
853461,18.2,137,9068,187
853462,18,137,8953,187
853463,18.25,137,8989,187
853464,17.9,137,9291,187
853465,15,137,9271,187
853466,18.6,137,9277,187
853467,17.6,137,9163,187
853468,19.25,137,9285,187
853469,18.85,137,9224,187
853470,14.6,137,9066,187
853471,16.6,137,9069,187
853472,17.85,137,9160,187
853473,17.85,137,9325,187
853474,17.6,137,9155,187
853475,17.6,137,9214,187
853476,19.6,137,9219,187
853477,13.25,137,8949,187
853478,18,137,9305,187
853479,14.25,137,9194,187
853480,18.35,137,9228,187
853481,16.6,137,9225,187
853482,17.6,137,9299,187
853483,18.5,137,9092,187
853484,14.85,137,9234,187
853485,18.2,137,9319,187
853486,18.85,137,9130,187
853487,18,137,9054,187
853488,16.25,137,9111,187
853489,16.85,137,9268,187
853490,17.6,137,9284,187
853491,17.85,137,8981,187
853492,17.25,137,9156,187
853493,18.25,137,9046,187
853494,15.85,137,9031,187
853495,20,137,9243,187
853496,17.85,137,9241,187
853497,19.2,137,8964,187
853498,15.65,137,9071,187
853499,15.95,137,9019,187
853500,13.6,137,9035,187
853501,19.6,137,9175,187
853502,18.6,137,9242,187
853503,20,137,9121,187
853504,17.85,137,9095,187
853505,18,137,9266,187
853506,16.85,137,9006,187
853507,18.85,137,8962,187
853508,14.6,137,9181,187
853509,16.25,137,9231,187
853510,17,137,9174,187
853511,17.6,137,9310,187
853512,16,137,9340,187
853513,13,137,9226,187
853514,19.75,137,9330,187
853515,17.85,137,8965,187
853516,14.6,137,9004,187
853517,17,137,9137,187
853518,13.65,137,9216,187
853519,18.6,137,9100,187
853520,18.35,137,9223,187
853521,19.6,137,9183,187
853522,16,137,9044,187
853523,18.6,137,9303,187
853524,14.2,137,9038,187
853525,20,137,9294,187
853526,19.35,137,9133,187
853527,16.65,137,9008,187
853528,18.2,137,8942,187
853529,13.85,137,8954,187
853530,13.6,137,9067,187
853531,17.6,137,9099,187
853532,18,137,8973,187
853533,19.6,137,9022,187
853534,17.25,137,9112,187
853535,18.6,137,9328,187
853536,15.6,137,9143,187
853537,16.25,137,8993,187
853538,19.6,137,9166,187
853539,15.25,137,9065,187
853540,17.85,137,9333,187
853541,16.6,137,9120,187
853542,17.6,137,8947,187
853543,20,137,9215,187
853544,19.6,137,8950,187
853545,19,137,9198,187
853546,19.25,137,9045,187
853547,18.95,137,9108,187
853548,17.6,137,9083,187
853549,19,137,9336,187
853550,15.85,137,9251,187
853551,12.6,137,9102,187
853552,14.6,137,9267,187
853553,13.75,137,9281,187
853554,14.25,137,9117,187
853555,16.85,137,9013,187
853556,20,137,9220,187
853557,18.85,137,9055,187
853558,19.25,137,9115,187
853559,17.65,137,8998,187
853560,15.25,137,8969,187
853561,14.25,137,9027,187
853562,16.85,137,9308,187
853563,16.5,137,9270,187
853564,18.25,137,9138,187
853565,18.6,137,9304,187
853566,18.85,137,8971,187
853567,19.6,137,9134,187
853568,18.9,137,9011,187
853569,17.85,137,9039,187
853570,15.85,137,9075,187
853571,20,137,9072,187
853572,13.25,137,9184,187
853573,17.85,137,9016,187
853574,20,137,9041,187
853575,17.2,137,9208,187
853576,18.25,137,9275,187
853577,18,137,9239,187
853578,19.6,137,9173,187
853579,20,137,9289,187
853580,18.25,137,9172,187
853581,18.35,137,9110,187
853582,16.6,137,9236,187
853583,13.25,137,9337,187
853584,14,137,9165,187
853585,17.65,137,8951,187
853586,18.25,137,9191,187
853587,15.85,137,9282,187
853588,19.6,137,9028,187
853589,17.6,137,8987,187
853590,16.75,137,9168,187
853591,19.25,137,9298,187
853592,17,137,9017,187
853593,15.25,137,9062,187
853594,19.25,137,9128,187
853595,19.25,137,9169,187
853596,18.6,137,8957,187
853597,12.85,137,9059,187
853598,16.25,137,8978,187
853599,18.85,137,9064,187
853600,18.9,137,9196,187
853601,20,137,9053,187
853602,18.95,137,9145,187
853603,18.6,137,8997,187
853604,20,137,9161,187
853605,17.65,137,9237,187
853606,18.25,137,9153,187
853607,18.25,137,9026,187
853608,19,137,9192,187
853609,20,137,9132,187
853610,19.25,137,9162,187
853611,20,137,8960,187
853612,19,137,9177,187
853613,17.85,137,9157,187
853614,18.25,137,9186,187
853615,18.25,137,9086,187
853616,16.85,137,8982,187
853617,18,137,9158,187
853618,13.2,137,9049,187
853619,17.45,137,9178,187
853620,19.25,137,9332,187
853621,13.25,137,9030,187
853622,19.6,137,9051,187
853623,18.6,137,8977,187
853624,18.65,137,9012,187
853625,19.6,137,9314,187
853626,19,137,9024,187
853627,20,137,9093,187
853628,15.85,137,9315,187
853629,16.35,137,9142,187
853630,18.85,137,9217,187
853631,18.5,137,9126,187
853632,18.45,137,9070,187
853633,19.6,137,9313,187
853634,16.25,137,9180,187
853635,18.2,137,9005,187
853636,14.85,137,9244,187
853637,16.2,137,9091,187
853638,18.25,137,9327,187
853639,19,137,8986,187
853640,16.85,137,9316,187
853641,13.35,137,9116,187
853642,16.85,137,8979,187
853643,19.2,137,8994,187
853644,16.85,137,9247,187
853645,19.6,137,9206,187
853646,18.25,137,9118,187
853647,18.6,137,8980,187
853648,19.65,137,9326,187
853649,17.25,137,9312,187
853650,17.6,137,8956,187
853651,17.25,137,9269,187
853652,17.1,137,9261,187
853653,17.25,137,8967,187
853654,18.6,137,9023,187
853655,13,137,9097,187
853656,17.85,137,9098,187
853657,19.2,138,9322,187
853658,19.6,138,9148,187
853659,15.25,138,8991,187
853660,18.6,138,8952,187
853661,16.65,138,9280,187
853662,19,138,9034,187
853663,16.2,138,9279,187
853664,13.85,138,9123,187
853665,17.6,138,9309,187
853666,17.2,138,9272,187
853667,17.2,138,9018,187
853668,18.75,138,9246,187
853669,19.2,138,9287,187
853670,18.6,138,8961,187
853671,16,138,9300,187
853672,16.85,138,8968,187
853673,16.2,138,9107,187
853674,15.6,138,9307,187
853675,16.85,138,8983,187
853676,18.2,138,9146,187
853677,19.2,138,9317,187
853678,19.25,138,9127,187
853679,14.25,138,9257,187
853680,18,138,9085,187
853681,19.6,138,9230,187
853682,18.2,138,9056,187
853683,17.25,138,9176,187
853684,16.65,138,9240,187
853685,17.35,138,9190,187
853686,16.85,138,9204,187
853687,18.25,138,9002,187
853688,15.95,138,9278,187
853689,17.6,138,9202,187
853690,18.25,138,9032,187
853691,16.85,138,9047,187
853692,17.85,138,9286,187
853693,18.95,138,9082,187
853694,15.95,138,9221,187
853695,12.6,138,8995,187
853696,17.85,138,9265,187
853697,18.85,138,9025,187
853698,18.25,138,9324,187
853699,19.35,138,9227,187
853700,14.6,138,9259,187
853701,19.6,138,9301,187
853702,19.25,138,8945,187
853703,18.85,138,9197,187
853704,18.45,138,9232,187
853705,14.6,138,9078,187
853706,16.6,138,8946,187
853707,16.25,138,9119,187
853708,16.6,138,9212,187
853709,19.2,138,9248,187
853710,18.6,138,9185,187
853711,18.65,138,9036,187
853712,14.45,138,9000,187
853713,17,138,8955,187
853714,19,138,9288,187
853715,15.95,138,9014,187
853716,19.6,138,8999,187
853717,18.85,138,8944,187
853718,18.5,138,9213,187
853719,19.6,138,9105,187
853720,13.2,138,9273,187
853721,12.1,138,9140,187
853722,18,138,9131,187
853723,16.6,138,8984,187
853724,16.1,138,9042,187
853725,18.25,138,9151,187
853726,16.95,138,8976,187
853727,12.6,138,9104,187
853728,17.9,138,9170,187
853729,13.6,138,9141,187
853730,19.25,138,9164,187
853731,18.85,138,9256,187
853732,17.35,138,9144,187
853733,18.65,138,9079,187
853734,14.95,138,9150,187
853735,18.25,138,9274,187
853736,19.6,138,9335,187
853737,17.85,138,9010,187
853738,19.2,138,9320,187
853739,18,138,8943,187
853740,16.6,138,8992,187
853741,18.95,138,9258,187
853742,17.85,138,9187,187
853743,15.25,138,9063,187
853744,19.1,138,9262,187
853745,16.2,138,9149,187
853746,15.6,138,9050,187
853747,17.65,138,8958,187
853748,17.2,138,9323,187
853749,16.35,138,9087,187
853750,20,138,9179,187
853751,15.6,138,9167,187
853752,18.75,138,8963,187
853753,18,138,9125,187
853754,19,138,9029,187
853755,19.25,138,9015,187
853756,16.25,138,9084,187
853757,15.25,138,9147,187
853758,16.95,138,8948,187
853759,16.85,138,9295,187
853760,18,138,9136,187
853761,17.85,138,9339,187
853762,19.6,138,9171,187
853763,17.75,138,9201,187
853764,17.2,138,9306,187
853765,17.25,138,9249,187
853766,19.6,138,9203,187
853767,19.25,138,8972,187
853768,19.75,138,9020,187
853769,16.5,138,9080,187
853770,19.2,138,9311,187
853771,18.6,138,9154,187
853772,17.6,138,9052,187
853773,17.75,138,9101,187
853774,15.85,138,9205,187
853775,17.9,138,9113,187
853776,19,138,9096,187
853777,17,138,9021,187
853778,17.65,138,8990,187
853779,13.6,138,8966,187
853780,19,138,9200,187
853781,12.85,138,9283,187
853782,17.65,138,9114,187
853783,17,138,9245,187
853784,18,138,9058,187
853785,18.2,138,9124,187
853786,17.6,138,9276,187
853787,16.6,138,9077,187
853788,14.25,138,9139,187
853789,15.25,138,9238,187
853790,16.95,138,9057,187
853791,17.75,138,9043,187
853792,17.25,138,9061,187
853793,20,138,9338,187
853794,18.95,138,9037,187
853795,14.85,138,9290,187
853796,14.85,138,9076,187
853797,16.35,138,9189,187
853798,17.35,138,9199,187
853799,19,138,9218,187
853800,18.65,138,9074,187
853801,17.6,138,9068,187
853802,16.6,138,8953,187
853803,16.25,138,8989,187
853804,18.35,138,9291,187
853805,15.2,138,9271,187
853806,19.25,138,9277,187
853807,16.85,138,9163,187
853808,19.35,138,9285,187
853809,18.1,138,9224,187
853810,15.6,138,9066,187
853811,16.6,138,9069,187
853812,17.6,138,9160,187
853813,18.6,138,9325,187
853814,17,138,9155,187
853815,18.6,138,9214,187
853816,19.35,138,9219,187
853817,11.85,138,8949,187
853818,17.95,138,9305,187
853819,14,138,9194,187
853820,18.25,138,9228,187
853821,15.9,138,9225,187
853822,18.6,138,9299,187
853823,17.6,138,9092,187
853824,14.25,138,9234,187
853825,16.95,138,9319,187
853826,17.95,138,9130,187
853827,17,138,9054,187
853828,15.85,138,9111,187
853829,15.1,138,9268,187
853830,17.2,138,9284,187
853831,17.25,138,8981,187
853832,17.65,138,9156,187
853833,17.6,138,9046,187
853834,14.2,138,9031,187
853835,19.6,138,9243,187
853836,17.25,138,9241,187
853837,18.6,138,8964,187
853838,15.2,138,9071,187
853839,15.65,138,9019,187
853840,12.25,138,9035,187
853841,20,138,9175,187
853842,17.7,138,9242,187
853843,18.85,138,9121,187
853844,16.2,138,9095,187
853845,19.2,138,9266,187
853846,17.1,138,9006,187
853847,18.6,138,8962,187
853848,14,138,9181,187
853849,14.75,138,9231,187
853850,17.2,138,9174,187
853851,18.25,138,9310,187
853852,17.2,138,9340,187
853853,12.5,138,9226,187
853854,18.35,138,9330,187
853855,17.6,138,8965,187
853856,14.25,138,9004,187
853857,16.2,138,9137,187
853858,13.85,138,9216,187
853859,18.6,138,9100,187
853860,16.85,138,9223,187
853861,18.75,138,9183,187
853862,15.95,138,9044,187
853863,17.85,138,9303,187
853864,13.25,138,9038,187
853865,19.6,138,9294,187
853866,19.25,138,9133,187
853867,15.2,138,9008,187
853868,17.25,138,8942,187
853869,12.35,138,8954,187
853870,13.95,138,9067,187
853871,17.6,138,9099,187
853872,17.85,138,8973,187
853873,19.65,138,9022,187
853874,17.75,138,9112,187
853875,17.25,138,9328,187
853876,15.85,138,9143,187
853877,15.95,138,8993,187
853878,19.6,138,9166,187
853879,14.25,138,9065,187
853880,16.9,138,9333,187
853881,17.85,138,9120,187
853882,17.6,138,8947,187
853883,19.35,138,9215,187
853884,18.65,138,8950,187
853885,20,138,9198,187
853886,18.6,138,9045,187
853887,19,138,9108,187
853888,16.85,138,9083,187
853889,17.25,138,9336,187
853890,14,138,9251,187
853891,13.6,138,9102,187
853892,13.5,138,9267,187
853893,13,138,9281,187
853894,13.45,138,9117,187
853895,16.1,138,9013,187
853896,19.2,138,9220,187
853897,18.6,138,9055,187
853898,18.6,138,9115,187
853899,16.85,138,8998,187
853900,14.6,138,8969,187
853901,14.25,138,9027,187
853902,16.95,138,9308,187
853903,17.6,138,9270,187
853904,19.6,138,9138,187
853905,18.6,138,9304,187
853906,19.2,138,8971,187
853907,19.6,138,9134,187
853908,18.6,138,9011,187
853909,17.6,138,9039,187
853910,14.85,138,9075,187
853911,19.6,138,9072,187
853912,13.2,138,9184,187
853913,18.6,138,9016,187
853914,20,138,9041,187
853915,17.6,138,9208,187
853916,16.25,138,9275,187
853917,17.9,138,9239,187
853918,19.25,138,9173,187
853919,19.35,138,9289,187
853920,17.85,138,9172,187
853921,17.6,138,9110,187
853922,16.25,138,9236,187
853923,12.5,138,9337,187
853924,14.1,138,9165,187
853925,16.6,138,8951,187
853926,18.85,138,9191,187
853927,16.25,138,9282,187
853928,18.85,138,9028,187
853929,19,138,8987,187
853930,16.25,138,9168,187
853931,17.6,138,9298,187
853932,16.85,138,9017,187
853933,14.2,138,9062,187
853934,18.85,138,9128,187
853935,17.85,138,9169,187
853936,17.6,138,8957,187
853937,13.85,138,9059,187
853938,15.85,138,8978,187
853939,18.2,138,9064,187
853940,17.35,138,9196,187
853941,19.6,138,9053,187
853942,17,138,9145,187
853943,17.5,138,8997,187
853944,19.25,138,9161,187
853945,16.25,138,9237,187
853946,16.6,138,9153,187
853947,16.85,138,9026,187
853948,19.6,138,9192,187
853949,20,138,9132,187
853950,18.2,138,9162,187
853951,18.1,138,8960,187
853952,17.8,138,9177,187
853953,18.85,138,9157,187
853954,18.25,138,9186,187
853955,19,138,9086,187
853956,16.6,138,8982,187
853957,17.85,138,9158,187
853958,12.85,138,9049,187
853959,16.6,138,9178,187
853960,18.6,138,9332,187
853961,11.85,138,9030,187
853962,20,138,9051,187
853963,16.85,138,8977,187
853964,17.2,138,9012,187
853965,18.25,138,9314,187
853966,17.5,138,9024,187
853967,18.85,138,9093,187
853968,14.6,138,9315,187
853969,14.85,138,9142,187
853970,18,138,9217,187
853971,16.85,138,9126,187
853972,17.6,138,9070,187
853973,18.85,138,9313,187
853974,16.6,138,9180,187
853975,17.6,138,9005,187
853976,15.25,138,9244,187
853977,16.25,138,9091,187
853978,18.65,138,9327,187
853979,17.6,138,8986,187
853980,15.35,138,9316,187
853981,12.6,138,9116,187
853982,17,138,8979,187
853983,18.35,138,8994,187
853984,16.25,138,9247,187
853985,19.2,138,9206,187
853986,18.2,138,9118,187
853987,18.6,138,8980,187
853988,20,138,9326,187
853989,15.35,138,9312,187
853990,17.25,138,8956,187
853991,16.6,138,9269,187
853992,16.6,138,9261,187
853993,17.35,138,8967,187
853994,17.6,138,9023,187
853995,12.85,138,9097,187
853996,18.75,138,9098,187
853997,18.6,139,9322,187
853998,17.2,139,9148,187
853999,14.6,139,8991,187
854000,17.95,139,8952,187
854001,16.6,139,9280,187
854002,18.25,139,9034,187
854003,17.2,139,9279,187
854004,12.35,139,9123,187
854005,16.6,139,9309,187
854006,17.2,139,9272,187
854007,16.9,139,9018,187
854008,17.85,139,9246,187
854009,18.6,139,9287,187
854010,18,139,8961,187
854011,14.5,139,9300,187
854012,16.25,139,8968,187
854013,15.6,139,9107,187
854014,15.1,139,9307,187
854015,17.25,139,8983,187
854016,16.75,139,9146,187
854017,18.2,139,9317,187
854018,19,139,9127,187
854019,15.05,139,9257,187
854020,17.7,139,9085,187
854021,19.6,139,9230,187
854022,18,139,9056,187
854023,17.2,139,9176,187
854024,16.25,139,9240,187
854025,17.25,139,9190,187
854026,16.1,139,9204,187
854027,19.25,139,9002,187
854028,14.9,139,9278,187
854029,16.2,139,9202,187
854030,18.25,139,9032,187
854031,16.85,139,9047,187
854032,16.5,139,9286,187
854033,19.2,139,9082,187
854034,16.25,139,9221,187
854035,11.6,139,8995,187
854036,18.25,139,9265,187
854037,16.5,139,9025,187
854038,18.1,139,9324,187
854039,19.2,139,9227,187
854040,13.85,139,9259,187
854041,18.95,139,9301,187
854042,19.35,139,8945,187
854043,17.85,139,9197,187
854044,19,139,9232,187
854045,13.35,139,9078,187
854046,18,139,8946,187
854047,16.95,139,9119,187
854048,17.2,139,9212,187
854049,17.4,139,9248,187
854050,18.6,139,9185,187
854051,17.8,139,9036,187
854052,15.55,139,9000,187
854053,13.6,139,8955,187
854054,17.25,139,9288,187
854055,16.6,139,9014,187
854056,19.25,139,8999,187
854057,18.6,139,8944,187
854058,18.4,139,9213,187
854059,19.2,139,9105,187
854060,14.25,139,9273,187
854061,12.95,139,9140,187
854062,16.45,139,9131,187
854063,15.6,139,8984,187
854064,15.85,139,9042,187
854065,18.55,139,9151,187
854066,15.85,139,8976,187
854067,13.65,139,9104,187
854068,17.6,139,9170,187
854069,13.25,139,9141,187
854070,19.6,139,9164,187
854071,17,139,9256,187
854072,17.25,139,9144,187
854073,16.85,139,9079,187
854074,15.75,139,9150,187
854075,17.8,139,9274,187
854076,18.85,139,9335,187
854077,16,139,9010,187
854078,19.6,139,9320,187
854079,18.45,139,8943,187
854080,17.25,139,8992,187
854081,18,139,9258,187
854082,17.25,139,9187,187
854083,15.2,139,9063,187
854084,19.65,139,9262,187
854085,17.1,139,9149,187
854086,16,139,9050,187
854087,17.25,139,8958,187
854088,15.6,139,9323,187
854089,15.6,139,9087,187
854090,18.9,139,9179,187
854091,14.95,139,9167,187
854092,16.25,139,8963,187
854093,16.05,139,9125,187
854094,18,139,9029,187
854095,18.25,139,9015,187
854096,14.4,139,9084,187
854097,13.6,139,9147,187
854098,15.85,139,8948,187
854099,16.95,139,9295,187
854100,17.6,139,9136,187
854101,18.1,139,9339,187
854102,19.2,139,9171,187
854103,16.5,139,9201,187
854104,18.35,139,9306,187
854105,17.25,139,9249,187
854106,19.4,139,9203,187
854107,18.6,139,8972,187
854108,17.6,139,9020,187
854109,17.2,139,9080,187
854110,18.1,139,9311,187
854111,18.1,139,9154,187
854112,16.85,139,9052,187
854113,15.85,139,9101,187
854114,15.85,139,9205,187
854115,16.35,139,9113,187
854116,18.6,139,9096,187
854117,16.25,139,9021,187
854118,16.5,139,8990,187
854119,14.4,139,8966,187
854120,18.55,139,9200,187
854121,12.6,139,9283,187
854122,17,139,9114,187
854123,16.6,139,9245,187
854124,17.6,139,9058,187
854125,17.25,139,9124,187
854126,18.35,139,9276,187
854127,17.45,139,9077,187
854128,13.5,139,9139,187
854129,13.65,139,9238,187
854130,17.6,139,9057,187
854131,16.2,139,9043,187
854132,17.1,139,9061,187
854133,17.95,139,9338,187
854134,18.6,139,9037,187
854135,14.2,139,9290,187
854136,13.6,139,9076,187
854137,15.5,139,9189,187
854138,18.25,139,9199,187
854139,18.6,139,9218,187
854140,18.25,139,9074,187
854141,17.6,139,9068,187
854142,17.6,139,8953,187
854143,16.6,139,8989,187
854144,16.25,139,9291,187
854145,13.35,139,9271,187
854146,18,139,9277,187
854147,17,139,9163,187
854148,19,139,9285,187
854149,17.2,139,9224,187
854150,15.25,139,9066,187
854151,15.6,139,9069,187
854152,16.85,139,9160,187
854153,18.3,139,9325,187
854154,16.55,139,9155,187
854155,17,139,9214,187
854156,18.65,139,9219,187
854157,12.6,139,8949,187
854158,17.25,139,9305,187
854159,14,139,9194,187
854160,17.6,139,9228,187
854161,14.85,139,9225,187
854162,16.6,139,9299,187
854163,16.85,139,9092,187
854164,11.85,139,9234,187
854165,17.2,139,9319,187
854166,17.6,139,9130,187
854167,17.6,139,9054,187
854168,15.55,139,9111,187
854169,14.5,139,9268,187
854170,15.8,139,9284,187
854171,17.25,139,8981,187
854172,15.85,139,9156,187
854173,17.55,139,9046,187
854174,14,139,9031,187
854175,18.45,139,9243,187
854176,17,139,9241,187
854177,17.2,139,8964,187
854178,14.6,139,9071,187
854179,15.2,139,9019,187
854180,13.1,139,9035,187
854181,19.25,139,9175,187
854182,16.85,139,9242,187
854183,18.8,139,9121,187
854184,15.85,139,9095,187
854185,17.85,139,9266,187
854186,16.25,139,9006,187
854187,18.2,139,8962,187
854188,14.25,139,9181,187
854189,12.6,139,9231,187
854190,16.6,139,9174,187
854191,18.35,139,9310,187
854192,16.6,139,9340,187
854193,12,139,9226,187
854194,16.85,139,9330,187
854195,18.25,139,8965,187
854196,12.5,139,9004,187
854197,16.6,139,9137,187
854198,12.85,139,9216,187
854199,17.95,139,9100,187
854200,16.85,139,9223,187
854201,19.25,139,9183,187
854202,16.5,139,9044,187
854203,18.4,139,9303,187
854204,14.2,139,9038,187
854205,19.6,139,9294,187
854206,18.85,139,9133,187
854207,15.6,139,9008,187
854208,16.25,139,8942,187
854209,10.95,139,8954,187
854210,13,139,9067,187
854211,17.35,139,9099,187
854212,17.2,139,8973,187
854213,17.9,139,9022,187
854214,15.5,139,9112,187
854215,17.85,139,9328,187
854216,15.6,139,9143,187
854217,16.35,139,8993,187
854218,18.75,139,9166,187
854219,15.2,139,9065,187
854220,18.85,139,9333,187
854221,17.75,139,9120,187
854222,16.85,139,8947,187
854223,17.6,139,9215,187
854224,17.35,139,8950,187
854225,17.25,139,9198,187
854226,17.25,139,9045,187
854227,19.25,139,9108,187
854228,16.6,139,9083,187
854229,17,139,9336,187
854230,14.85,139,9251,187
854231,12.75,139,9102,187
854232,13,139,9267,187
854233,11.85,139,9281,187
854234,14,139,9117,187
854235,16,139,9013,187
854236,17.6,139,9220,187
854237,16.85,139,9055,187
854238,18.25,139,9115,187
854239,15.5,139,8998,187
854240,14.9,139,8969,187
854241,13.25,139,9027,187
854242,15.1,139,9308,187
854243,15.2,139,9270,187
854244,18.65,139,9138,187
854245,18.2,139,9304,187
854246,18.25,139,8971,187
854247,19.25,139,9134,187
854248,17.5,139,9011,187
854249,17.1,139,9039,187
854250,12.85,139,9075,187
854251,17.45,139,9072,187
854252,11.25,139,9184,187
854253,16.25,139,9016,187
854254,18.5,139,9041,187
854255,16.6,139,9208,187
854256,16.95,139,9275,187
854257,16.2,139,9239,187
854258,19.25,139,9173,187
854259,19.6,139,9289,187
854260,17.6,139,9172,187
854261,17.6,139,9110,187
854262,14.75,139,9236,187
854263,13.25,139,9337,187
854264,12.65,139,9165,187
854265,16.85,139,8951,187
854266,18.3,139,9191,187
854267,15.65,139,9282,187
854268,16.2,139,9028,187
854269,17.7,139,8987,187
854270,14.9,139,9168,187
854271,18.35,139,9298,187
854272,16.35,139,9017,187
854273,13.25,139,9062,187
854274,17.5,139,9128,187
854275,18.85,139,9169,187
854276,18.9,139,8957,187
854277,12.65,139,9059,187
854278,15.85,139,8978,187
854279,16.35,139,9064,187
854280,17.2,139,9196,187
854281,19,139,9053,187
854282,17.75,139,9145,187
854283,17.25,139,8997,187
854284,18.85,139,9161,187
854285,16.25,139,9237,187
854286,16.95,139,9153,187
854287,15.45,139,9026,187
854288,18.6,139,9192,187
854289,19,139,9132,187
854290,18.5,139,9162,187
854291,17.6,139,8960,187
854292,18.85,139,9177,187
854293,17.25,139,9157,187
854294,16.6,139,9186,187
854295,17.85,139,9086,187
854296,17.3,139,8982,187
854297,16.5,139,9158,187
854298,13.25,139,9049,187
854299,14.35,139,9178,187
854300,17.35,139,9332,187
854301,12.6,139,9030,187
854302,19.25,139,9051,187
854303,17,139,8977,187
854304,17.65,139,9012,187
854305,17.2,139,9314,187
854306,17.45,139,9024,187
854307,19.2,139,9093,187
854308,15,139,9315,187
854309,14.85,139,9142,187
854310,18.25,139,9217,187
854311,16.85,139,9126,187
854312,18.25,139,9070,187
854313,19.25,139,9313,187
854314,15,139,9180,187
854315,15.7,139,9005,187
854316,15.25,139,9244,187
854317,16.1,139,9091,187
854318,17.5,139,9327,187
854319,17.6,139,8986,187
854320,16.25,139,9316,187
854321,11.7,139,9116,187
854322,16.25,139,8979,187
854323,17.8,139,8994,187
854324,15.2,139,9247,187
854325,17.85,139,9206,187
854326,16.5,139,9118,187
854327,18.1,139,8980,187
854328,19.35,139,9326,187
854329,15.45,139,9312,187
854330,18,139,8956,187
854331,16.95,139,9269,187
854332,15.95,139,9261,187
854333,16.2,139,8967,187
854334,17.35,139,9023,187
854335,11.55,139,9097,187
854336,16.6,139,9098,187
854337,17,132,9322,188
854338,17.3,132,9148,188
854339,13.65,132,8991,188
854340,16.2,132,8952,188
854341,15.15,132,9280,188
854342,18,132,9034,188
854343,15.9,132,9279,188
854344,11,132,9123,188
854345,15.45,132,9309,188
854346,15.75,132,9272,188
854347,14.9,132,9018,188
854348,17.5,132,9246,188
854349,17.5,132,9287,188
854350,15,132,8961,188
854351,12.85,132,9300,188
854352,14.5,132,8968,188
854353,15.45,132,9107,188
854354,13.1,132,9307,188
854355,15.6,132,8983,188
854356,15.25,132,9146,188
854357,16.5,132,9317,188
854358,19,132,9127,188
854359,13.45,132,9257,188
854360,15.25,132,9085,188
854361,16.85,132,9230,188
854362,16.65,132,9056,188
854363,16.15,132,9176,188
854364,13.25,132,9240,188
854365,15.25,132,9190,188
854366,14.6,132,9204,188
854367,15.8,132,9002,188
854368,13.6,132,9278,188
854369,15.1,132,9202,188
854370,18,132,9032,188
854371,15.4,132,9047,188
854372,13.75,132,9286,188
854373,17.1,132,9082,188
854374,13.95,132,9221,188
854375,9.85,132,8995,188
854376,14.2,132,9265,188
854377,15.25,132,9025,188
854378,16.35,132,9324,188
854379,17,132,9227,188
854380,12.65,132,9259,188
854381,17.1,132,9301,188
854382,17.45,132,8945,188
854383,15.75,132,9197,188
854384,16.85,132,9232,188
854385,12,132,9078,188
854386,14.35,132,8946,188
854387,15.6,132,9119,188
854388,14.4,132,9212,188
854389,16.2,132,9248,188
854390,16.5,132,9185,188
854391,16.85,132,9036,188
854392,12.85,132,9000,188
854393,12.35,132,8955,188
854394,15.6,132,9288,188
854395,14.65,132,9014,188
854396,17.45,132,8999,188
854397,18.25,132,8944,188
854398,16.4,132,9213,188
854399,16.85,132,9105,188
854400,10.55,132,9273,188
854401,11.6,132,9140,188
854402,14.95,132,9131,188
854403,14.85,132,8984,188
854404,14.1,132,9042,188
854405,17.75,132,9151,188
854406,14.35,132,8976,188
854407,11.6,132,9104,188
854408,14.6,132,9170,188
854409,11.75,132,9141,188
854410,17.05,132,9164,188
854411,14.85,132,9256,188
854412,14.25,132,9144,188
854413,16.3,132,9079,188
854414,14.85,132,9150,188
854415,17.25,132,9274,188
854416,17.15,132,9335,188
854417,15.1,132,9010,188
854418,17.9,132,9320,188
854419,15.85,132,8943,188
854420,14.2,132,8992,188
854421,17.6,132,9258,188
854422,16.25,132,9187,188
854423,13.85,132,9063,188
854424,17.25,132,9262,188
854425,15.65,132,9149,188
854426,14.2,132,9050,188
854427,14.6,132,8958,188
854428,13.95,132,9323,188
854429,14.35,132,9087,188
854430,17.7,132,9179,188
854431,13,132,9167,188
854432,15.25,132,8963,188
854433,15.25,132,9125,188
854434,17.35,132,9029,188
854435,15.15,132,9015,188
854436,13.7,132,9084,188
854437,13.25,132,9147,188
854438,15,132,8948,188
854439,14.2,132,9295,188
854440,14.5,132,9136,188
854441,16.25,132,9339,188
854442,18.45,132,9171,188
854443,16.5,132,9201,188
854444,15.75,132,9306,188
854445,16.1,132,9249,188
854446,16.9,132,9203,188
854447,16.2,132,8972,188
854448,16.25,132,9020,188
854449,13.6,132,9080,188
854450,16.65,132,9311,188
854451,16.25,132,9154,188
854452,15.85,132,9052,188
854453,13.85,132,9101,188
854454,14.25,132,9205,188
854455,15.3,132,9113,188
854456,16.85,132,9096,188
854457,14.35,132,9021,188
854458,14.35,132,8990,188
854459,12.2,132,8966,188
854460,16.25,132,9200,188
854461,11.8,132,9283,188
854462,15.6,132,9114,188
854463,14.6,132,9245,188
854464,16.35,132,9058,188
854465,15.3,132,9124,188
854466,15.6,132,9276,188
854467,14.6,132,9077,188
854468,12.6,132,9139,188
854469,13.65,132,9238,188
854470,14.75,132,9057,188
854471,16.1,132,9043,188
854472,15.25,132,9061,188
854473,16.95,132,9338,188
854474,18.1,132,9037,188
854475,12.45,132,9290,188
854476,12.75,132,9076,188
854477,13.5,132,9189,188
854478,15,132,9199,188
854479,16.35,132,9218,188
854480,17.2,132,9074,188
854481,16.3,132,9068,188
854482,15,132,8953,188
854483,14.4,132,8989,188
854484,14.95,132,9291,188
854485,12.1,132,9271,188
854486,16.1,132,9277,188
854487,14.75,132,9163,188
854488,15.6,132,9285,188
854489,14.6,132,9224,188
854490,12.25,132,9066,188
854491,14.8,132,9069,188
854492,16.75,132,9160,188
854493,15.95,132,9325,188
854494,15.65,132,9155,188
854495,14.9,132,9214,188
854496,16.55,132,9219,188
854497,10.15,132,8949,188
854498,16,132,9305,188
854499,12.45,132,9194,188
854500,15,132,9228,188
854501,13.75,132,9225,188
854502,15.25,132,9299,188
854503,14.85,132,9092,188
854504,10.7,132,9234,188
854505,15.15,132,9319,188
854506,15.6,132,9130,188
854507,15.45,132,9054,188
854508,13.75,132,9111,188
854509,13.35,132,9268,188
854510,16.35,132,9284,188
854511,14.55,132,8981,188
854512,15.1,132,9156,188
854513,16.9,132,9046,188
854514,12.7,132,9031,188
854515,17.75,132,9243,188
854516,13.85,132,9241,188
854517,17.9,132,8964,188
854518,13.6,132,9071,188
854519,13.2,132,9019,188
854520,12.25,132,9035,188
854521,16.1,132,9175,188
854522,15.5,132,9242,188
854523,17.35,132,9121,188
854524,14.2,132,9095,188
854525,15.5,132,9266,188
854526,14.4,132,9006,188
854527,17.55,132,8962,188
854528,11.15,132,9181,188
854529,12.6,132,9231,188
854530,13.6,132,9174,188
854531,14.2,132,9310,188
854532,13.85,132,9340,188
854533,10.5,132,9226,188
854534,16.2,132,9330,188
854535,16.6,132,8965,188
854536,11,132,9004,188
854537,15.1,132,9137,188
854538,10.5,132,9216,188
854539,15.8,132,9100,188
854540,15.35,132,9223,188
854541,16.05,132,9183,188
854542,14.85,132,9044,188
854543,15.25,132,9303,188
854544,10.85,132,9038,188
854545,17.85,132,9294,188
854546,17.15,132,9133,188
854547,12.2,132,9008,188
854548,14.85,132,8942,188
854549,9.55,132,8954,188
854550,11.6,132,9067,188
854551,15.05,132,9099,188
854552,14.5,132,8973,188
854553,17.25,132,9022,188
854554,14,132,9112,188
854555,15.55,132,9328,188
854556,13.9,132,9143,188
854557,13.4,132,8993,188
854558,16.55,132,9166,188
854559,13.1,132,9065,188
854560,16.6,132,9333,188
854561,15.25,132,9120,188
854562,14.25,132,8947,188
854563,16.65,132,9215,188
854564,17.2,132,8950,188
854565,17.2,132,9198,188
854566,16.25,132,9045,188
854567,17.3,132,9108,188
854568,15.6,132,9083,188
854569,15.7,132,9336,188
854570,11.75,132,9251,188
854571,10.2,132,9102,188
854572,11.25,132,9267,188
854573,10.5,132,9281,188
854574,11.35,132,9117,188
854575,14.25,132,9013,188
854576,17.2,132,9220,188
854577,14.25,132,9055,188
854578,16.6,132,9115,188
854579,14.45,132,8998,188
854580,14.1,132,8969,188
854581,11.3,132,9027,188
854582,13.6,132,9308,188
854583,14.75,132,9270,188
854584,17.2,132,9138,188
854585,17.15,132,9304,188
854586,17,132,8971,188
854587,16.2,132,9134,188
854588,15.8,132,9011,188
854589,14.95,132,9039,188
854590,12.75,132,9075,188
854591,17,132,9072,188
854592,9.5,132,9184,188
854593,14.95,132,9016,188
854594,16.6,132,9041,188
854595,14.9,132,9208,188
854596,14.45,132,9275,188
854597,14.95,132,9239,188
854598,15.85,132,9173,188
854599,17.75,132,9289,188
854600,16.05,132,9172,188
854601,15.9,132,9110,188
854602,14,132,9236,188
854603,10.2,132,9337,188
854604,11.3,132,9165,188
854605,14.45,132,8951,188
854606,15.25,132,9191,188
854607,11.6,132,9282,188
854608,15.35,132,9028,188
854609,16.2,132,8987,188
854610,13.15,132,9168,188
854611,16.55,132,9298,188
854612,15.25,132,9017,188
854613,13.25,132,9062,188
854614,17.6,132,9128,188
854615,15.9,132,9169,188
854616,15.6,132,8957,188
854617,11.85,132,9059,188
854618,14.1,132,8978,188
854619,15,132,9064,188
854620,17.7,132,9196,188
854621,16.45,132,9053,188
854622,14.3,132,9145,188
854623,15.85,132,8997,188
854624,15.05,132,9161,188
854625,14.85,132,9237,188
854626,14.85,132,9153,188
854627,15.1,132,9026,188
854628,17.15,132,9192,188
854629,18,132,9132,188
854630,16.4,132,9162,188
854631,16.85,132,8960,188
854632,16,132,9177,188
854633,15.35,132,9157,188
854634,16,132,9186,188
854635,15.95,132,9086,188
854636,15,132,8982,188
854637,15.55,132,9158,188
854638,11.35,132,9049,188
854639,12.7,132,9178,188
854640,15.95,132,9332,188
854641,9.5,132,9030,188
854642,17.5,132,9051,188
854643,13.8,132,8977,188
854644,14.1,132,9012,188
854645,15.55,132,9314,188
854646,16.35,132,9024,188
854647,16.5,132,9093,188
854648,12.5,132,9315,188
854649,13.3,132,9142,188
854650,15.25,132,9217,188
854651,14.55,132,9126,188
854652,16,132,9070,188
854653,16,132,9313,188
854654,13.45,132,9180,188
854655,16.4,132,9005,188
854656,13.65,132,9244,188
854657,15,132,9091,188
854658,16.3,132,9327,188
854659,15.1,132,8986,188
854660,13.6,132,9316,188
854661,10.25,132,9116,188
854662,14.25,132,8979,188
854663,15.75,132,8994,188
854664,13.6,132,9247,188
854665,17.2,132,9206,188
854666,15.75,132,9118,188
854667,16.85,132,8980,188
854668,17.9,132,9326,188
854669,13.1,132,9312,188
854670,13.6,132,8956,188
854671,15.95,132,9269,188
854672,14.6,132,9261,188
854673,14.4,132,8967,188
854674,14.85,132,9023,188
854675,9,132,9097,188
854676,18.25,132,9098,188
854677,18.65,133,9322,188
854678,16.6,133,9148,188
854679,13.85,133,8991,188
854680,16.6,133,8952,188
854681,15.75,133,9280,188
854682,18.2,133,9034,188
854683,15.15,133,9279,188
854684,13.35,133,9123,188
854685,16.1,133,9309,188
854686,15.25,133,9272,188
854687,16,133,9018,188
854688,17,133,9246,188
854689,18.4,133,9287,188
854690,15.7,133,8961,188
854691,15,133,9300,188
854692,15.3,133,8968,188
854693,16.75,133,9107,188
854694,14.65,133,9307,188
854695,16.2,133,8983,188
854696,16.85,133,9146,188
854697,18.25,133,9317,188
854698,17.85,133,9127,188
854699,14.2,133,9257,188
854700,17.35,133,9085,188
854701,19.6,133,9230,188
854702,17.25,133,9056,188
854703,15.95,133,9176,188
854704,14.85,133,9240,188
854705,16.5,133,9190,188
854706,15.95,133,9204,188
854707,16.35,133,9002,188
854708,15,133,9278,188
854709,16.25,133,9202,188
854710,16.85,133,9032,188
854711,16.8,133,9047,188
854712,15.25,133,9286,188
854713,17.75,133,9082,188
854714,14.3,133,9221,188
854715,12.2,133,8995,188
854716,17.25,133,9265,188
854717,16.45,133,9025,188
854718,17.3,133,9324,188
854719,16.6,133,9227,188
854720,14,133,9259,188
854721,17.85,133,9301,188
854722,17.35,133,8945,188
854723,16.85,133,9197,188
854724,17.95,133,9232,188
854725,14.25,133,9078,188
854726,16.05,133,8946,188
854727,16.4,133,9119,188
854728,16.6,133,9212,188
854729,18.15,133,9248,188
854730,17.65,133,9185,188
854731,18.35,133,9036,188
854732,15.25,133,9000,188
854733,14.25,133,8955,188
854734,16.25,133,9288,188
854735,15.6,133,9014,188
854736,18.35,133,8999,188
854737,17.45,133,8944,188
854738,17.65,133,9213,188
854739,19.25,133,9105,188
854740,11.85,133,9273,188
854741,9.05,133,9140,188
854742,16.1,133,9131,188
854743,15.3,133,8984,188
854744,14.85,133,9042,188
854745,15.8,133,9151,188
854746,16,133,8976,188
854747,11.25,133,9104,188
854748,16.6,133,9170,188
854749,11.95,133,9141,188
854750,18,133,9164,188
854751,16.25,133,9256,188
854752,15,133,9144,188
854753,17.35,133,9079,188
854754,14.95,133,9150,188
854755,18,133,9274,188
854756,18.35,133,9335,188
854757,15.95,133,9010,188
854758,18.95,133,9320,188
854759,17.35,133,8943,188
854760,14.85,133,8992,188
854761,17.85,133,9258,188
854762,16,133,9187,188
854763,14.2,133,9063,188
854764,18.35,133,9262,188
854765,15.6,133,9149,188
854766,15.6,133,9050,188
854767,15.85,133,8958,188
854768,15.55,133,9323,188
854769,15.25,133,9087,188
854770,17.9,133,9179,188
854771,13.45,133,9167,188
854772,17.35,133,8963,188
854773,16.25,133,9125,188
854774,18.2,133,9029,188
854775,16.2,133,9015,188
854776,14.25,133,9084,188
854777,13.2,133,9147,188
854778,14.85,133,8948,188
854779,16.25,133,9295,188
854780,16.6,133,9136,188
854781,16.55,133,9339,188
854782,17.2,133,9171,188
854783,16.45,133,9201,188
854784,17.85,133,9306,188
854785,16.2,133,9249,188
854786,18.7,133,9203,188
854787,16.5,133,8972,188
854788,16.8,133,9020,188
854789,14.9,133,9080,188
854790,17.75,133,9311,188
854791,16.95,133,9154,188
854792,16.25,133,9052,188
854793,15.5,133,9101,188
854794,14.6,133,9205,188
854795,15.6,133,9113,188
854796,16.95,133,9096,188
854797,15,133,9021,188
854798,16.85,133,8990,188
854799,11.85,133,8966,188
854800,16.6,133,9200,188
854801,11.5,133,9283,188
854802,16.3,133,9114,188
854803,17.15,133,9245,188
854804,16.65,133,9058,188
854805,16.6,133,9124,188
854806,17.1,133,9276,188
854807,17.85,133,9077,188
854808,12.85,133,9139,188
854809,13.5,133,9238,188
854810,16.65,133,9057,188
854811,16.25,133,9043,188
854812,16.6,133,9061,188
854813,18.15,133,9338,188
854814,18.45,133,9037,188
854815,12.95,133,9290,188
854816,15,133,9076,188
854817,14.75,133,9189,188
854818,16.7,133,9199,188
854819,17.5,133,9218,188
854820,17.85,133,9074,188
854821,16.6,133,9068,188
854822,16.5,133,8953,188
854823,17.15,133,8989,188
854824,15.95,133,9291,188
854825,13.65,133,9271,188
854826,17.2,133,9277,188
854827,15.25,133,9163,188
854828,18.1,133,9285,188
854829,17,133,9224,188
854830,13,133,9066,188
854831,14.5,133,9069,188
854832,16.95,133,9160,188
854833,17.65,133,9325,188
854834,16.65,133,9155,188
854835,16.05,133,9214,188
854836,19.65,133,9219,188
854837,11.65,133,8949,188
854838,16.8,133,9305,188
854839,11.6,133,9194,188
854840,16.9,133,9228,188
854841,14.35,133,9225,188
854842,16.85,133,9299,188
854843,17.85,133,9092,188
854844,12.25,133,9234,188
854845,16.6,133,9319,188
854846,17.7,133,9130,188
854847,14.1,133,9054,188
854848,14.5,133,9111,188
854849,14.35,133,9268,188
854850,16.95,133,9284,188
854851,15.25,133,8981,188
854852,14.85,133,9156,188
854853,16.6,133,9046,188
854854,13.2,133,9031,188
854855,18.8,133,9243,188
854856,15.25,133,9241,188
854857,16.15,133,8964,188
854858,14.85,133,9071,188
854859,14.4,133,9019,188
854860,12.25,133,9035,188
854861,17.6,133,9175,188
854862,16.5,133,9242,188
854863,18.7,133,9121,188
854864,14.75,133,9095,188
854865,16.9,133,9266,188
854866,16.2,133,9006,188
854867,17.6,133,8962,188
854868,13.2,133,9181,188
854869,14.3,133,9231,188
854870,16.35,133,9174,188
854871,16,133,9310,188
854872,16.2,133,9340,188
854873,11.9,133,9226,188
854874,15.9,133,9330,188
854875,17.35,133,8965,188
854876,12.2,133,9004,188
854877,15.85,133,9137,188
854878,12.25,133,9216,188
854879,16.6,133,9100,188
854880,16.55,133,9223,188
854881,18.6,133,9183,188
854882,15.9,133,9044,188
854883,16.05,133,9303,188
854884,13.6,133,9038,188
854885,17.2,133,9294,188
854886,16.6,133,9133,188
854887,14.6,133,9008,188
854888,16.2,133,8942,188
854889,11.35,133,8954,188
854890,12.85,133,9067,188
854891,17.25,133,9099,188
854892,15.45,133,8973,188
854893,19,133,9022,188
854894,15.2,133,9112,188
854895,15.5,133,9328,188
854896,14.35,133,9143,188
854897,13.9,133,8993,188
854898,17.45,133,9166,188
854899,13.25,133,9065,188
854900,16.7,133,9333,188
854901,15.5,133,9120,188
854902,16.35,133,8947,188
854903,17.55,133,9215,188
854904,17,133,8950,188
854905,16.75,133,9198,188
854906,17.2,133,9045,188
854907,17.95,133,9108,188
854908,16.6,133,9083,188
854909,17,133,9336,188
854910,12.1,133,9251,188
854911,11.4,133,9102,188
854912,12.95,133,9267,188
854913,10.6,133,9281,188
854914,12.25,133,9117,188
854915,15.25,133,9013,188
854916,18.85,133,9220,188
854917,15.85,133,9055,188
854918,15.3,133,9115,188
854919,15.4,133,8998,188
854920,13.4,133,8969,188
854921,13.2,133,9027,188
854922,13.7,133,9308,188
854923,15.25,133,9270,188
854924,16.7,133,9138,188
854925,17.85,133,9304,188
854926,18.6,133,8971,188
854927,17.9,133,9134,188
854928,15.9,133,9011,188
854929,15.85,133,9039,188
854930,13.55,133,9075,188
854931,17.9,133,9072,188
854932,13.25,133,9184,188
854933,14.6,133,9016,188
854934,18.1,133,9041,188
854935,15.25,133,9208,188
854936,15.6,133,9275,188
854937,17.6,133,9239,188
854938,18.4,133,9173,188
854939,17.7,133,9289,188
854940,16.45,133,9172,188
854941,16.2,133,9110,188
854942,15.35,133,9236,188
854943,11.5,133,9337,188
854944,13.35,133,9165,188
854945,14.9,133,8951,188
854946,16.2,133,9191,188
854947,13.55,133,9282,188
854948,16.8,133,9028,188
854949,17,133,8987,188
854950,13.6,133,9168,188
854951,15.65,133,9298,188
854952,15.25,133,9017,188
854953,12.25,133,9062,188
854954,18,133,9128,188
854955,17.3,133,9169,188
854956,15.5,133,8957,188
854957,12.9,133,9059,188
854958,14.45,133,8978,188
854959,17,133,9064,188
854960,16.25,133,9196,188
854961,18.2,133,9053,188
854962,15.5,133,9145,188
854963,15.85,133,8997,188
854964,18.5,133,9161,188
854965,15.75,133,9237,188
854966,16.65,133,9153,188
854967,15.95,133,9026,188
854968,17.85,133,9192,188
854969,18.9,133,9132,188
854970,16.95,133,9162,188
854971,17,133,8960,188
854972,17.5,133,9177,188
854973,16.45,133,9157,188
854974,16.6,133,9186,188
854975,17.5,133,9086,188
854976,15.2,133,8982,188
854977,15.6,133,9158,188
854978,11.75,133,9049,188
854979,14.9,133,9178,188
854980,17.45,133,9332,188
854981,11.5,133,9030,188
854982,17.6,133,9051,188
854983,15.65,133,8977,188
854984,16.45,133,9012,188
854985,17.3,133,9314,188
854986,16.85,133,9024,188
854987,16.7,133,9093,188
854988,13.9,133,9315,188
854989,14.6,133,9142,188
854990,17.45,133,9217,188
854991,15,133,9126,188
854992,16.35,133,9070,188
854993,17.45,133,9313,188
854994,14.35,133,9180,188
854995,16.85,133,9005,188
854996,14.85,133,9244,188
854997,14.85,133,9091,188
854998,16.45,133,9327,188
854999,17.4,133,8986,188
855000,15.2,133,9316,188
855001,11.8,133,9116,188
855002,14.8,133,8979,188
855003,16.85,133,8994,188
855004,13.45,133,9247,188
855005,18.1,133,9206,188
855006,17,133,9118,188
855007,17.85,133,8980,188
855008,17.25,133,9326,188
855009,14,133,9312,188
855010,16,133,8956,188
855011,15.7,133,9269,188
855012,15.75,133,9261,188
855013,15.45,133,8967,188
855014,18.25,133,9023,188
855015,11.6,133,9097,188
855016,16.85,133,9098,188
855017,16.8,134,9322,188
855018,16.45,134,9148,188
855019,12.85,134,8991,188
855020,16.55,134,8952,188
855021,14.85,134,9280,188
855022,17.9,134,9034,188
855023,14.95,134,9279,188
855024,11.25,134,9123,188
855025,15.35,134,9309,188
855026,16.25,134,9272,188
855027,15.65,134,9018,188
855028,16.65,134,9246,188
855029,16.85,134,9287,188
855030,16.3,134,8961,188
855031,13.1,134,9300,188
855032,14.7,134,8968,188
855033,15.25,134,9107,188
855034,14.25,134,9307,188
855035,16.05,134,8983,188
855036,15.2,134,9146,188
855037,18,134,9317,188
855038,18.1,134,9127,188
855039,13.45,134,9257,188
855040,16.75,134,9085,188
855041,17.6,134,9230,188
855042,17.95,134,9056,188
855043,17,134,9176,188
855044,16.4,134,9240,188
855045,16.95,134,9190,188
855046,14.8,134,9204,188
855047,16.5,134,9002,188
855048,14.95,134,9278,188
855049,16.65,134,9202,188
855050,17.7,134,9032,188
855051,15,134,9047,188
855052,17.4,134,9286,188
855053,18.6,134,9082,188
855054,13.95,134,9221,188
855055,9.45,134,8995,188
855056,16.7,134,9265,188
855057,15.25,134,9025,188
855058,17.35,134,9324,188
855059,17.95,134,9227,188
855060,13.5,134,9259,188
855061,18.15,134,9301,188
855062,19,134,8945,188
855063,16,134,9197,188
855064,17.95,134,9232,188
855065,13,134,9078,188
855066,15.5,134,8946,188
855067,16.25,134,9119,188
855068,15.85,134,9212,188
855069,17.75,134,9248,188
855070,15.2,134,9185,188
855071,16.35,134,9036,188
855072,15,134,9000,188
855073,13.6,134,8955,188
855074,18.25,134,9288,188
855075,14.7,134,9014,188
855076,16.7,134,8999,188
855077,18.3,134,8944,188
855078,17.1,134,9213,188
855079,17.7,134,9105,188
855080,11.85,134,9273,188
855081,11,134,9140,188
855082,15.9,134,9131,188
855083,14.9,134,8984,188
855084,15.65,134,9042,188
855085,17,134,9151,188
855086,15.45,134,8976,188
855087,12.85,134,9104,188
855088,17.35,134,9170,188
855089,12,134,9141,188
855090,18.7,134,9164,188
855091,16.4,134,9256,188
855092,15.6,134,9144,188
855093,17.6,134,9079,188
855094,13.85,134,9150,188
855095,15.35,134,9274,188
855096,18.95,134,9335,188
855097,15.1,134,9010,188
855098,16.95,134,9320,188
855099,16.25,134,8943,188
855100,14.45,134,8992,188
855101,17.85,134,9258,188
855102,16.45,134,9187,188
855103,13.25,134,9063,188
855104,18.25,134,9262,188
855105,15.45,134,9149,188
855106,15,134,9050,188
855107,17.05,134,8958,188
855108,16.6,134,9323,188
855109,15.25,134,9087,188
855110,19,134,9179,188
855111,14.15,134,9167,188
855112,16.25,134,8963,188
855113,15,134,9125,188
855114,18.2,134,9029,188
855115,16.35,134,9015,188
855116,13.1,134,9084,188
855117,13.85,134,9147,188
855118,14.85,134,8948,188
855119,15.6,134,9295,188
855120,16.05,134,9136,188
855121,17.45,134,9339,188
855122,17.6,134,9171,188
855123,16.75,134,9201,188
855124,16.3,134,9306,188
855125,16.65,134,9249,188
855126,17.35,134,9203,188
855127,17,134,8972,188
855128,16.95,134,9020,188
855129,15.6,134,9080,188
855130,16.25,134,9311,188
855131,17.35,134,9154,188
855132,15.75,134,9052,188
855133,14.85,134,9101,188
855134,14.6,134,9205,188
855135,14.7,134,9113,188
855136,16.6,134,9096,188
855137,15.05,134,9021,188
855138,15.85,134,8990,188
855139,12.45,134,8966,188
855140,17.2,134,9200,188
855141,11.25,134,9283,188
855142,16.35,134,9114,188
855143,15.95,134,9245,188
855144,17.2,134,9058,188
855145,15.6,134,9124,188
855146,15.95,134,9276,188
855147,15.7,134,9077,188
855148,12.1,134,9139,188
855149,13,134,9238,188
855150,16.35,134,9057,188
855151,14.85,134,9043,188
855152,15.35,134,9061,188
855153,18.1,134,9338,188
855154,17.3,134,9037,188
855155,14.1,134,9290,188
855156,13.35,134,9076,188
855157,13.7,134,9189,188
855158,16.85,134,9199,188
855159,17.6,134,9218,188
855160,15.85,134,9074,188
855161,17.25,134,9068,188
855162,15.1,134,8953,188
855163,16.2,134,8989,188
855164,16.45,134,9291,188
855165,13.5,134,9271,188
855166,17.5,134,9277,188
855167,15.9,134,9163,188
855168,16.25,134,9285,188
855169,16.65,134,9224,188
855170,11.65,134,9066,188
855171,14.45,134,9069,188
855172,16.7,134,9160,188
855173,17.75,134,9325,188
855174,16.25,134,9155,188
855175,16.9,134,9214,188
855176,17.5,134,9219,188
855177,10.95,134,8949,188
855178,17.6,134,9305,188
855179,13,134,9194,188
855180,17.75,134,9228,188
855181,14.15,134,9225,188
855182,15.05,134,9299,188
855183,17.45,134,9092,188
855184,11.2,134,9234,188
855185,15.85,134,9319,188
855186,16.2,134,9130,188
855187,16.25,134,9054,188
855188,13.65,134,9111,188
855189,13.95,134,9268,188
855190,15.35,134,9284,188
855191,15.25,134,8981,188
855192,14.95,134,9156,188
855193,16.55,134,9046,188
855194,14.4,134,9031,188
855195,18.85,134,9243,188
855196,14.2,134,9241,188
855197,18,134,8964,188
855198,13.4,134,9071,188
855199,14.35,134,9019,188
855200,10.45,134,9035,188
855201,18.1,134,9175,188
855202,17.4,134,9242,188
855203,17.35,134,9121,188
855204,16.6,134,9095,188
855205,16.4,134,9266,188
855206,14.5,134,9006,188
855207,17.9,134,8962,188
855208,11.95,134,9181,188
855209,13.95,134,9231,188
855210,14.55,134,9174,188
855211,16.1,134,9310,188
855212,14.9,134,9340,188
855213,11.25,134,9226,188
855214,16,134,9330,188
855215,17.6,134,8965,188
855216,12.5,134,9004,188
855217,15.95,134,9137,188
855218,11.1,134,9216,188
855219,17.25,134,9100,188
855220,15.75,134,9223,188
855221,16.45,134,9183,188
855222,15,134,9044,188
855223,16.35,134,9303,188
855224,11.1,134,9038,188
855225,16.95,134,9294,188
855226,16.45,134,9133,188
855227,14,134,9008,188
855228,16.2,134,8942,188
855229,10.45,134,8954,188
855230,11.9,134,9067,188
855231,16.55,134,9099,188
855232,14.9,134,8973,188
855233,17.85,134,9022,188
855234,15.1,134,9112,188
855235,16,134,9328,188
855236,14.15,134,9143,188
855237,13.95,134,8993,188
855238,17.7,134,9166,188
855239,14.25,134,9065,188
855240,15.85,134,9333,188
855241,15.1,134,9120,188
855242,15.6,134,8947,188
855243,18.1,134,9215,188
855244,16.65,134,8950,188
855245,17.85,134,9198,188
855246,17.25,134,9045,188
855247,18.2,134,9108,188
855248,16.2,134,9083,188
855249,16.1,134,9336,188
855250,13.5,134,9251,188
855251,11.45,134,9102,188
855252,13.2,134,9267,188
855253,11.5,134,9281,188
855254,10.85,134,9117,188
855255,13.8,134,9013,188
855256,17.65,134,9220,188
855257,16.25,134,9055,188
855258,16.25,134,9115,188
855259,14.45,134,8998,188
855260,13.25,134,8969,188
855261,11.8,134,9027,188
855262,13.15,134,9308,188
855263,14.6,134,9270,188
855264,17.95,134,9138,188
855265,18,134,9304,188
855266,17.65,134,8971,188
855267,17.85,134,9134,188
855268,15,134,9011,188
855269,16.2,134,9039,188
855270,13.15,134,9075,188
855271,17.6,134,9072,188
855272,11.45,134,9184,188
855273,14.6,134,9016,188
855274,18,134,9041,188
855275,15.75,134,9208,188
855276,15.25,134,9275,188
855277,15.45,134,9239,188
855278,16.85,134,9173,188
855279,17,134,9289,188
855280,16.35,134,9172,188
855281,15.7,134,9110,188
855282,14.75,134,9236,188
855283,10.6,134,9337,188
855284,12.2,134,9165,188
855285,15.3,134,8951,188
855286,17.35,134,9191,188
855287,13.85,134,9282,188
855288,16.45,134,9028,188
855289,17.25,134,8987,188
855290,14.35,134,9168,188
855291,16.25,134,9298,188
855292,14.65,134,9017,188
855293,12.45,134,9062,188
855294,17.2,134,9128,188
855295,17.1,134,9169,188
855296,17.1,134,8957,188
855297,12.2,134,9059,188
855298,14.4,134,8978,188
855299,14.7,134,9064,188
855300,16.25,134,9196,188
855301,17.1,134,9053,188
855302,15.25,134,9145,188
855303,15.85,134,8997,188
855304,17.25,134,9161,188
855305,14.25,134,9237,188
855306,15.8,134,9153,188
855307,14.6,134,9026,188
855308,17.1,134,9192,188
855309,19.35,134,9132,188
855310,15.5,134,9162,188
855311,18.55,134,8960,188
855312,17.25,134,9177,188
855313,16.9,134,9157,188
855314,15.55,134,9186,188
855315,15.1,134,9086,188
855316,16.35,134,8982,188
855317,15.75,134,9158,188
855318,11.65,134,9049,188
855319,15.9,134,9178,188
855320,16.5,134,9332,188
855321,9.85,134,9030,188
855322,17.5,134,9051,188
855323,15.4,134,8977,188
855324,17.25,134,9012,188
855325,17.35,134,9314,188
855326,15.85,134,9024,188
855327,16.2,134,9093,188
855328,13.85,134,9315,188
855329,12.85,134,9142,188
855330,16.55,134,9217,188
855331,14.5,134,9126,188
855332,16.65,134,9070,188
855333,18.6,134,9313,188
855334,14.1,134,9180,188
855335,15,134,9005,188
855336,13.1,134,9244,188
855337,14.85,134,9091,188
855338,17.4,134,9327,188
855339,17.05,134,8986,188
855340,13.85,134,9316,188
855341,11,134,9116,188
855342,15.05,134,8979,188
855343,16.75,134,8994,188
855344,15.25,134,9247,188
855345,18.35,134,9206,188
855346,16.05,134,9118,188
855347,17.6,134,8980,188
855348,17.2,134,9326,188
855349,15,134,9312,188
855350,14.2,134,8956,188
855351,15.85,134,9269,188
855352,15.6,134,9261,188
855353,15.2,134,8967,188
855354,17.3,134,9023,188
855355,11,134,9097,188
855356,15.85,134,9098,188
855357,16.85,135,9322,188
855358,17.5,135,9148,188
855359,14.4,135,8991,188
855360,18.85,135,8952,188
855361,16.35,135,9280,188
855362,18.6,135,9034,188
855363,15.35,135,9279,188
855364,12.65,135,9123,188
855365,16,135,9309,188
855366,16.6,135,9272,188
855367,17.7,135,9018,188
855368,17.25,135,9246,188
855369,18.6,135,9287,188
855370,17,135,8961,188
855371,14.25,135,9300,188
855372,16.3,135,8968,188
855373,16.25,135,9107,188
855374,14.9,135,9307,188
855375,16.6,135,8983,188
855376,16.2,135,9146,188
855377,17.6,135,9317,188
855378,18.85,135,9127,188
855379,13.6,135,9257,188
855380,17.25,135,9085,188
855381,18.5,135,9230,188
855382,17.6,135,9056,188
855383,16.25,135,9176,188
855384,15.85,135,9240,188
855385,17.6,135,9190,188
855386,16.6,135,9204,188
855387,18,135,9002,188
855388,15.9,135,9278,188
855389,16.6,135,9202,188
855390,18.95,135,9032,188
855391,15.45,135,9047,188
855392,17,135,9286,188
855393,19.35,135,9082,188
855394,15.35,135,9221,188
855395,11.45,135,8995,188
855396,17,135,9265,188
855397,16.85,135,9025,188
855398,17.25,135,9324,188
855399,19,135,9227,188
855400,13.25,135,9259,188
855401,17.25,135,9301,188
855402,18.25,135,8945,188
855403,16.85,135,9197,188
855404,17.65,135,9232,188
855405,13.6,135,9078,188
855406,16.9,135,8946,188
855407,17.35,135,9119,188
855408,15.7,135,9212,188
855409,18.95,135,9248,188
855410,18.5,135,9185,188
855411,17.6,135,9036,188
855412,14.6,135,9000,188
855413,13.5,135,8955,188
855414,16.95,135,9288,188
855415,15.75,135,9014,188
855416,18.25,135,8999,188
855417,18.35,135,8944,188
855418,16.35,135,9213,188
855419,18.6,135,9105,188
855420,12.25,135,9273,188
855421,11.2,135,9140,188
855422,17.6,135,9131,188
855423,15.15,135,8984,188
855424,16.35,135,9042,188
855425,18.1,135,9151,188
855426,16.25,135,8976,188
855427,12.4,135,9104,188
855428,15.95,135,9170,188
855429,12.85,135,9141,188
855430,17.9,135,9164,188
855431,16.6,135,9256,188
855432,16,135,9144,188
855433,17.25,135,9079,188
855434,16.1,135,9150,188
855435,17.65,135,9274,188
855436,18.85,135,9335,188
855437,15.6,135,9010,188
855438,17.2,135,9320,188
855439,16.9,135,8943,188
855440,15.6,135,8992,188
855441,19.6,135,9258,188
855442,17.25,135,9187,188
855443,14.25,135,9063,188
855444,18.95,135,9262,188
855445,15.5,135,9149,188
855446,15.2,135,9050,188
855447,17.2,135,8958,188
855448,17,135,9323,188
855449,15.6,135,9087,188
855450,17.85,135,9179,188
855451,14,135,9167,188
855452,16,135,8963,188
855453,16.5,135,9125,188
855454,18.6,135,9029,188
855455,16.5,135,9015,188
855456,13.5,135,9084,188
855457,14.35,135,9147,188
855458,16,135,8948,188
855459,17.25,135,9295,188
855460,17.4,135,9136,188
855461,18.1,135,9339,188
855462,18.6,135,9171,188
855463,17,135,9201,188
855464,16.2,135,9306,188
855465,16.35,135,9249,188
855466,18.25,135,9203,188
855467,16.2,135,8972,188
855468,18.6,135,9020,188
855469,15.65,135,9080,188
855470,17.85,135,9311,188
855471,18.85,135,9154,188
855472,16.25,135,9052,188
855473,16.5,135,9101,188
855474,16.2,135,9205,188
855475,16,135,9113,188
855476,16.7,135,9096,188
855477,15,135,9021,188
855478,16.5,135,8990,188
855479,13.25,135,8966,188
855480,18.6,135,9200,188
855481,12.6,135,9283,188
855482,16.65,135,9114,188
855483,16.95,135,9245,188
855484,16.85,135,9058,188
855485,15.5,135,9124,188
855486,17,135,9276,188
855487,15.6,135,9077,188
855488,12.5,135,9139,188
855489,15.25,135,9238,188
855490,15.6,135,9057,188
855491,15.85,135,9043,188
855492,16.6,135,9061,188
855493,16.85,135,9338,188
855494,19,135,9037,188
855495,13.85,135,9290,188
855496,13.65,135,9076,188
855497,14.2,135,9189,188
855498,17.35,135,9199,188
855499,18.85,135,9218,188
855500,17.95,135,9074,188
855501,16.85,135,9068,188
855502,16.6,135,8953,188
855503,17.35,135,8989,188
855504,17,135,9291,188
855505,12.6,135,9271,188
855506,16.5,135,9277,188
855507,16.6,135,9163,188
855508,17.9,135,9285,188
855509,17.5,135,9224,188
855510,13.85,135,9066,188
855511,15.35,135,9069,188
855512,17.25,135,9160,188
855513,18.25,135,9325,188
855514,16.6,135,9155,188
855515,16.7,135,9214,188
855516,17.85,135,9219,188
855517,11.85,135,8949,188
855518,16.7,135,9305,188
855519,12.2,135,9194,188
855520,17,135,9228,188
855521,13.65,135,9225,188
855522,15.7,135,9299,188
855523,16.8,135,9092,188
855524,12.85,135,9234,188
855525,17.1,135,9319,188
855526,16.6,135,9130,188
855527,15.85,135,9054,188
855528,15.35,135,9111,188
855529,13.85,135,9268,188
855530,15.25,135,9284,188
855531,17,135,8981,188
855532,16.25,135,9156,188
855533,15.55,135,9046,188
855534,14.25,135,9031,188
855535,18.85,135,9243,188
855536,16,135,9241,188
855537,17.3,135,8964,188
855538,13.6,135,9071,188
855539,15.45,135,9019,188
855540,12.25,135,9035,188
855541,19.25,135,9175,188
855542,17.85,135,9242,188
855543,17.5,135,9121,188
855544,15.65,135,9095,188
855545,16.85,135,9266,188
855546,16.4,135,9006,188
855547,17.65,135,8962,188
855548,12.85,135,9181,188
855549,13.9,135,9231,188
855550,16.2,135,9174,188
855551,16.2,135,9310,188
855552,14.9,135,9340,188
855553,12.65,135,9226,188
855554,16.25,135,9330,188
855555,18.2,135,8965,188
855556,12.95,135,9004,188
855557,15.35,135,9137,188
855558,11.6,135,9216,188
855559,17.35,135,9100,188
855560,17.1,135,9223,188
855561,19,135,9183,188
855562,14.65,135,9044,188
855563,16.5,135,9303,188
855564,12.85,135,9038,188
855565,19,135,9294,188
855566,18.6,135,9133,188
855567,15.65,135,9008,188
855568,16.6,135,8942,188
855569,11.25,135,8954,188
855570,13.25,135,9067,188
855571,17.5,135,9099,188
855572,16.2,135,8973,188
855573,18.85,135,9022,188
855574,15,135,9112,188
855575,17.35,135,9328,188
855576,14.6,135,9143,188
855577,15.2,135,8993,188
855578,18.6,135,9166,188
855579,14.6,135,9065,188
855580,16.65,135,9333,188
855581,15.85,135,9120,188
855582,16.45,135,8947,188
855583,18.65,135,9215,188
855584,17.85,135,8950,188
855585,17.25,135,9198,188
855586,17.1,135,9045,188
855587,18.2,135,9108,188
855588,17.5,135,9083,188
855589,16.25,135,9336,188
855590,14.6,135,9251,188
855591,12.25,135,9102,188
855592,12.6,135,9267,188
855593,11.35,135,9281,188
855594,13.35,135,9117,188
855595,14.85,135,9013,188
855596,17.85,135,9220,188
855597,16.25,135,9055,188
855598,15.9,135,9115,188
855599,15.2,135,8998,188
855600,13.6,135,8969,188
855601,14,135,9027,188
855602,16.3,135,9308,188
855603,15.95,135,9270,188
855604,17.2,135,9138,188
855605,17.2,135,9304,188
855606,19.6,135,8971,188
855607,17.95,135,9134,188
855608,17,135,9011,188
855609,15.6,135,9039,188
855610,14.7,135,9075,188
855611,17.85,135,9072,188
855612,13.25,135,9184,188
855613,16.25,135,9016,188
855614,18.6,135,9041,188
855615,15.4,135,9208,188
855616,16.2,135,9275,188
855617,17.45,135,9239,188
855618,19,135,9173,188
855619,18.25,135,9289,188
855620,16,135,9172,188
855621,16.35,135,9110,188
855622,14.65,135,9236,188
855623,12.2,135,9337,188
855624,13.25,135,9165,188
855625,14.85,135,8951,188
855626,17.1,135,9191,188
855627,14.35,135,9282,188
855628,18.05,135,9028,188
855629,16.6,135,8987,188
855630,13.6,135,9168,188
855631,17.25,135,9298,188
855632,16,135,9017,188
855633,13.25,135,9062,188
855634,18.6,135,9128,188
855635,18.25,135,9169,188
855636,17.2,135,8957,188
855637,13.25,135,9059,188
855638,15.45,135,8978,188
855639,16.5,135,9064,188
855640,17.2,135,9196,188
855641,18.7,135,9053,188
855642,16.9,135,9145,188
855643,16.9,135,8997,188
855644,17.85,135,9161,188
855645,14.6,135,9237,188
855646,17,135,9153,188
855647,16.1,135,9026,188
855648,18.85,135,9192,188
855649,19.25,135,9132,188
855650,17,135,9162,188
855651,17.25,135,8960,188
855652,18,135,9177,188
855653,16.7,135,9157,188
855654,17.25,135,9186,188
855655,17.85,135,9086,188
855656,15.25,135,8982,188
855657,17.25,135,9158,188
855658,11.9,135,9049,188
855659,15.1,135,9178,188
855660,16.25,135,9332,188
855661,11.5,135,9030,188
855662,18.6,135,9051,188
855663,15.6,135,8977,188
855664,15.95,135,9012,188
855665,16.6,135,9314,188
855666,16.95,135,9024,188
855667,17.85,135,9093,188
855668,14.2,135,9315,188
855669,15.5,135,9142,188
855670,17.25,135,9217,188
855671,15.65,135,9126,188
855672,17,135,9070,188
855673,18.2,135,9313,188
855674,15.6,135,9180,188
855675,17.5,135,9005,188
855676,13.2,135,9244,188
855677,16.2,135,9091,188
855678,17.95,135,9327,188
855679,17.5,135,8986,188
855680,15.65,135,9316,188
855681,12.4,135,9116,188
855682,16,135,8979,188
855683,17.65,135,8994,188
855684,15.65,135,9247,188
855685,17.1,135,9206,188
855686,17.25,135,9118,188
855687,17.6,135,8980,188
855688,17.25,135,9326,188
855689,14.65,135,9312,188
855690,15.6,135,8956,188
855691,17,135,9269,188
855692,15.6,135,9261,188
855693,15,135,8967,188
855694,16.2,135,9023,188
855695,11.3,135,9097,188
855696,17.25,135,9098,188
855697,16.6,136,9322,188
855698,17,136,9148,188
855699,12.65,136,8991,188
855700,16.2,136,8952,188
855701,14.25,136,9280,188
855702,16.5,136,9034,188
855703,15.6,136,9279,188
855704,10.6,136,9123,188
855705,15.15,136,9309,188
855706,15.7,136,9272,188
855707,15.85,136,9018,188
855708,17.65,136,9246,188
855709,17.1,136,9287,188
855710,15.5,136,8961,188
855711,13.05,136,9300,188
855712,14.25,136,8968,188
855713,16.9,136,9107,188
855714,14,136,9307,188
855715,16.85,136,8983,188
855716,16,136,9146,188
855717,18.05,136,9317,188
855718,17.95,136,9127,188
855719,12.15,136,9257,188
855720,13.95,136,9085,188
855721,16.6,136,9230,188
855722,16.85,136,9056,188
855723,14.85,136,9176,188
855724,13.9,136,9240,188
855725,16.3,136,9190,188
855726,14.55,136,9204,188
855727,15.95,136,9002,188
855728,14.8,136,9278,188
855729,15.35,136,9202,188
855730,17.05,136,9032,188
855731,15.45,136,9047,188
855732,15.55,136,9286,188
855733,15.9,136,9082,188
855734,14.25,136,9221,188
855735,10.35,136,8995,188
855736,15.5,136,9265,188
855737,15.9,136,9025,188
855738,16.1,136,9324,188
855739,18.65,136,9227,188
855740,14.05,136,9259,188
855741,18.75,136,9301,188
855742,16.25,136,8945,188
855743,15.95,136,9197,188
855744,17.45,136,9232,188
855745,14,136,9078,188
855746,16.1,136,8946,188
855747,14.3,136,9119,188
855748,14.45,136,9212,188
855749,15.7,136,9248,188
855750,17,136,9185,188
855751,16.2,136,9036,188
855752,12.25,136,9000,188
855753,11.85,136,8955,188
855754,16.65,136,9288,188
855755,14.6,136,9014,188
855756,18.75,136,8999,188
855757,16.85,136,8944,188
855758,17.45,136,9213,188
855759,17.5,136,9105,188
855760,12.2,136,9273,188
855761,10.25,136,9140,188
855762,17,136,9131,188
855763,14.6,136,8984,188
855764,14.2,136,9042,188
855765,16.65,136,9151,188
855766,15.4,136,8976,188
855767,10.65,136,9104,188
855768,16.4,136,9170,188
855769,12.9,136,9141,188
855770,17.7,136,9164,188
855771,15.35,136,9256,188
855772,15.75,136,9144,188
855773,16.7,136,9079,188
855774,15.25,136,9150,188
855775,14.9,136,9274,188
855776,17.6,136,9335,188
855777,14.65,136,9010,188
855778,18.25,136,9320,188
855779,16.25,136,8943,188
855780,15.9,136,8992,188
855781,17.7,136,9258,188
855782,15.25,136,9187,188
855783,12.85,136,9063,188
855784,17.2,136,9262,188
855785,16,136,9149,188
855786,15.6,136,9050,188
855787,15.65,136,8958,188
855788,15.25,136,9323,188
855789,14.3,136,9087,188
855790,17.95,136,9179,188
855791,13.4,136,9167,188
855792,15.55,136,8963,188
855793,16.25,136,9125,188
855794,17.5,136,9029,188
855795,15.7,136,9015,188
855796,14.2,136,9084,188
855797,12,136,9147,188
855798,15.75,136,8948,188
855799,12.85,136,9295,188
855800,15.7,136,9136,188
855801,15.65,136,9339,188
855802,17.85,136,9171,188
855803,15.95,136,9201,188
855804,16.75,136,9306,188
855805,16.15,136,9249,188
855806,18.6,136,9203,188
855807,17.25,136,8972,188
855808,16.9,136,9020,188
855809,13.9,136,9080,188
855810,15.15,136,9311,188
855811,17.6,136,9154,188
855812,14.65,136,9052,188
855813,16.6,136,9101,188
855814,14.6,136,9205,188
855815,15.6,136,9113,188
855816,16.65,136,9096,188
855817,15.25,136,9021,188
855818,15.1,136,8990,188
855819,10.7,136,8966,188
855820,17.25,136,9200,188
855821,11.85,136,9283,188
855822,15.75,136,9114,188
855823,15.2,136,9245,188
855824,15.65,136,9058,188
855825,15.2,136,9124,188
855826,16.25,136,9276,188
855827,16.55,136,9077,188
855828,10.85,136,9139,188
855829,12.5,136,9238,188
855830,15.2,136,9057,188
855831,14.7,136,9043,188
855832,15,136,9061,188
855833,16.25,136,9338,188
855834,18.1,136,9037,188
855835,15.25,136,9290,188
855836,13.25,136,9076,188
855837,13.65,136,9189,188
855838,14.85,136,9199,188
855839,18.25,136,9218,188
855840,16.25,136,9074,188
855841,15.55,136,9068,188
855842,15.55,136,8953,188
855843,15.6,136,8989,188
855844,15.25,136,9291,188
855845,12.65,136,9271,188
855846,15.15,136,9277,188
855847,15.25,136,9163,188
855848,16,136,9285,188
855849,16.5,136,9224,188
855850,11.9,136,9066,188
855851,14.6,136,9069,188
855852,16.6,136,9160,188
855853,16.25,136,9325,188
855854,14.85,136,9155,188
855855,14.65,136,9214,188
855856,16.95,136,9219,188
855857,11.45,136,8949,188
855858,15.2,136,9305,188
855859,11.95,136,9194,188
855860,15.8,136,9228,188
855861,13.95,136,9225,188
855862,15.7,136,9299,188
855863,15.6,136,9092,188
855864,10.9,136,9234,188
855865,14.6,136,9319,188
855866,16.45,136,9130,188
855867,14.6,136,9054,188
855868,13.85,136,9111,188
855869,12.75,136,9268,188
855870,14.4,136,9284,188
855871,15,136,8981,188
855872,15.7,136,9156,188
855873,17.2,136,9046,188
855874,12.95,136,9031,188
855875,18.1,136,9243,188
855876,14.8,136,9241,188
855877,16.9,136,8964,188
855878,12,136,9071,188
855879,13.1,136,9019,188
855880,11.2,136,9035,188
855881,17.85,136,9175,188
855882,16.25,136,9242,188
855883,18,136,9121,188
855884,15.5,136,9095,188
855885,16.25,136,9266,188
855886,14.75,136,9006,188
855887,17.6,136,8962,188
855888,11.7,136,9181,188
855889,13.1,136,9231,188
855890,13.65,136,9174,188
855891,15.65,136,9310,188
855892,14.4,136,9340,188
855893,11.05,136,9226,188
855894,16.85,136,9330,188
855895,16,136,8965,188
855896,12.45,136,9004,188
855897,16.75,136,9137,188
855898,10.6,136,9216,188
855899,15.85,136,9100,188
855900,15.7,136,9223,188
855901,17.65,136,9183,188
855902,14.2,136,9044,188
855903,16.6,136,9303,188
855904,12,136,9038,188
855905,16.55,136,9294,188
855906,17.85,136,9133,188
855907,13.15,136,9008,188
855908,14.9,136,8942,188
855909,10.35,136,8954,188
855910,13,136,9067,188
855911,15.95,136,9099,188
855912,15.4,136,8973,188
855913,17.3,136,9022,188
855914,14.8,136,9112,188
855915,15.35,136,9328,188
855916,14,136,9143,188
855917,13.6,136,8993,188
855918,17.25,136,9166,188
855919,12.85,136,9065,188
855920,17,136,9333,188
855921,13.85,136,9120,188
855922,15.95,136,8947,188
855923,17.6,136,9215,188
855924,16.2,136,8950,188
855925,17.6,136,9198,188
855926,15.6,136,9045,188
855927,17.7,136,9108,188
855928,15.4,136,9083,188
855929,16.9,136,9336,188
855930,13.3,136,9251,188
855931,10.5,136,9102,188
855932,11.5,136,9267,188
855933,12.05,136,9281,188
855934,12.5,136,9117,188
855935,14,136,9013,188
855936,17.2,136,9220,188
855937,16.2,136,9055,188
855938,15.85,136,9115,188
855939,15.65,136,8998,188
855940,13.6,136,8969,188
855941,12.85,136,9027,188
855942,13.8,136,9308,188
855943,13.85,136,9270,188
855944,17.85,136,9138,188
855945,17.9,136,9304,188
855946,18.15,136,8971,188
855947,18.75,136,9134,188
855948,16.75,136,9011,188
855949,16.35,136,9039,188
855950,11.15,136,9075,188
855951,16.4,136,9072,188
855952,11,136,9184,188
855953,14.05,136,9016,188
855954,18.5,136,9041,188
855955,15.2,136,9208,188
855956,15.35,136,9275,188
855957,15.6,136,9239,188
855958,16.85,136,9173,188
855959,18.9,136,9289,188
855960,16.65,136,9172,188
855961,16.55,136,9110,188
855962,14.1,136,9236,188
855963,10.45,136,9337,188
855964,12.1,136,9165,188
855965,15.1,136,8951,188
855966,16.35,136,9191,188
855967,12.8,136,9282,188
855968,16.4,136,9028,188
855969,16.55,136,8987,188
855970,13.6,136,9168,188
855971,16.3,136,9298,188
855972,14.75,136,9017,188
855973,12.85,136,9062,188
855974,17.55,136,9128,188
855975,16.9,136,9169,188
855976,14.85,136,8957,188
855977,13.85,136,9059,188
855978,14.7,136,8978,188
855979,15.65,136,9064,188
855980,15.8,136,9196,188
855981,17.25,136,9053,188
855982,15.65,136,9145,188
855983,14.45,136,8997,188
855984,17.9,136,9161,188
855985,13.55,136,9237,188
855986,15.6,136,9153,188
855987,16.55,136,9026,188
855988,18.2,136,9192,188
855989,17.1,136,9132,188
855990,17.15,136,9162,188
855991,16.65,136,8960,188
855992,17.1,136,9177,188
855993,15.6,136,9157,188
855994,15.6,136,9186,188
855995,16.15,136,9086,188
855996,15.05,136,8982,188
855997,15.3,136,9158,188
855998,10.6,136,9049,188
855999,15.65,136,9178,188
856000,16.5,136,9332,188
856001,9.3,136,9030,188
856002,17.45,136,9051,188
856003,13.85,136,8977,188
856004,15.4,136,9012,188
856005,15.25,136,9314,188
856006,16,136,9024,188
856007,16.95,136,9093,188
856008,12.9,136,9315,188
856009,13.15,136,9142,188
856010,17.35,136,9217,188
856011,15.2,136,9126,188
856012,16.6,136,9070,188
856013,18,136,9313,188
856014,14.25,136,9180,188
856015,14.85,136,9005,188
856016,12.6,136,9244,188
856017,15.3,136,9091,188
856018,16.1,136,9327,188
856019,16.5,136,8986,188
856020,15.65,136,9316,188
856021,10.45,136,9116,188
856022,13.95,136,8979,188
856023,17.3,136,8994,188
856024,16.25,136,9247,188
856025,17.2,136,9206,188
856026,14.5,136,9118,188
856027,17,136,8980,188
856028,17.6,136,9326,188
856029,15.2,136,9312,188
856030,15.25,136,8956,188
856031,16.45,136,9269,188
856032,13.2,136,9261,188
856033,13.5,136,8967,188
856034,14.95,136,9023,188
856035,10.2,136,9097,188
856036,15.35,136,9098,188
856037,18.85,137,9322,188
856038,19,137,9148,188
856039,15.6,137,8991,188
856040,19,137,8952,188
856041,17.4,137,9280,188
856042,20,137,9034,188
856043,17,137,9279,188
856044,14.35,137,9123,188
856045,17.65,137,9309,188
856046,17.5,137,9272,188
856047,19,137,9018,188
856048,19.6,137,9246,188
856049,20,137,9287,188
856050,18.6,137,8961,188
856051,16.6,137,9300,188
856052,16.6,137,8968,188
856053,18,137,9107,188
856054,16,137,9307,188
856055,16.6,137,8983,188
856056,18.1,137,9146,188
856057,19.2,137,9317,188
856058,19.6,137,9127,188
856059,14.85,137,9257,188
856060,17.6,137,9085,188
856061,20,137,9230,188
856062,18.6,137,9056,188
856063,18,137,9176,188
856064,17.85,137,9240,188
856065,18.85,137,9190,188
856066,17.25,137,9204,188
856067,18.6,137,9002,188
856068,17,137,9278,188
856069,16.6,137,9202,188
856070,19.6,137,9032,188
856071,16.85,137,9047,188
856072,19.25,137,9286,188
856073,18.85,137,9082,188
856074,16.85,137,9221,188
856075,12.25,137,8995,188
856076,18.6,137,9265,188
856077,17,137,9025,188
856078,19,137,9324,188
856079,20,137,9227,188
856080,15,137,9259,188
856081,19.6,137,9301,188
856082,18.85,137,8945,188
856083,18.85,137,9197,188
856084,20,137,9232,188
856085,15.25,137,9078,188
856086,18.6,137,8946,188
856087,16.85,137,9119,188
856088,18,137,9212,188
856089,18.85,137,9248,188
856090,18.85,137,9185,188
856091,18.55,137,9036,188
856092,16.6,137,9000,188
856093,15.6,137,8955,188
856094,18.6,137,9288,188
856095,17.6,137,9014,188
856096,20,137,8999,188
856097,20,137,8944,188
856098,18.6,137,9213,188
856099,20,137,9105,188
856100,14.25,137,9273,188
856101,14.25,137,9140,188
856102,19,137,9131,188
856103,16.6,137,8984,188
856104,16.85,137,9042,188
856105,20,137,9151,188
856106,16.95,137,8976,188
856107,14,137,9104,188
856108,18.6,137,9170,188
856109,12.6,137,9141,188
856110,19.25,137,9164,188
856111,18.45,137,9256,188
856112,18.25,137,9144,188
856113,19.4,137,9079,188
856114,16.6,137,9150,188
856115,19.25,137,9274,188
856116,18.85,137,9335,188
856117,17.35,137,9010,188
856118,20,137,9320,188
856119,18.6,137,8943,188
856120,18.35,137,8992,188
856121,20,137,9258,188
856122,18.6,137,9187,188
856123,16,137,9063,188
856124,19.6,137,9262,188
856125,18,137,9149,188
856126,17.2,137,9050,188
856127,19,137,8958,188
856128,17.25,137,9323,188
856129,16.2,137,9087,188
856130,19.6,137,9179,188
856131,15.9,137,9167,188
856132,17.6,137,8963,188
856133,17.85,137,9125,188
856134,19.35,137,9029,188
856135,18.75,137,9015,188
856136,15.85,137,9084,188
856137,14.25,137,9147,188
856138,17.85,137,8948,188
856139,16.85,137,9295,188
856140,18.6,137,9136,188
856141,19.6,137,9339,188
856142,20,137,9171,188
856143,18.6,137,9201,188
856144,19.25,137,9306,188
856145,18.85,137,9249,188
856146,19.2,137,9203,188
856147,18.85,137,8972,188
856148,19.25,137,9020,188
856149,17.6,137,9080,188
856150,20,137,9311,188
856151,19.25,137,9154,188
856152,16.25,137,9052,188
856153,17.5,137,9101,188
856154,16.6,137,9205,188
856155,16.6,137,9113,188
856156,20,137,9096,188
856157,17,137,9021,188
856158,17,137,8990,188
856159,13.85,137,8966,188
856160,18.25,137,9200,188
856161,13.1,137,9283,188
856162,18.25,137,9114,188
856163,17.6,137,9245,188
856164,19.2,137,9058,188
856165,17.9,137,9124,188
856166,19,137,9276,188
856167,17.85,137,9077,188
856168,14.25,137,9139,188
856169,16,137,9238,188
856170,17.6,137,9057,188
856171,18.25,137,9043,188
856172,17.25,137,9061,188
856173,20,137,9338,188
856174,20,137,9037,188
856175,15.6,137,9290,188
856176,14.35,137,9076,188
856177,16.2,137,9189,188
856178,18.35,137,9199,188
856179,20,137,9218,188
856180,18.95,137,9074,188
856181,18.25,137,9068,188
856182,17.85,137,8953,188
856183,17.6,137,8989,188
856184,18.25,137,9291,188
856185,15.25,137,9271,188
856186,17.85,137,9277,188
856187,17.85,137,9163,188
856188,20,137,9285,188
856189,18.6,137,9224,188
856190,15.85,137,9066,188
856191,17.6,137,9069,188
856192,19.6,137,9160,188
856193,19.25,137,9325,188
856194,17.45,137,9155,188
856195,18.85,137,9214,188
856196,20,137,9219,188
856197,14.25,137,8949,188
856198,19,137,9305,188
856199,15,137,9194,188
856200,18.25,137,9228,188
856201,16.9,137,9225,188
856202,17.6,137,9299,188
856203,18.6,137,9092,188
856204,14.95,137,9234,188
856205,17.25,137,9319,188
856206,18.65,137,9130,188
856207,17.6,137,9054,188
856208,16.6,137,9111,188
856209,14.85,137,9268,188
856210,17.1,137,9284,188
856211,17.6,137,8981,188
856212,18,137,9156,188
856213,17.6,137,9046,188
856214,15.6,137,9031,188
856215,20,137,9243,188
856216,17.35,137,9241,188
856217,18.6,137,8964,188
856218,15.6,137,9071,188
856219,17.6,137,9019,188
856220,14.4,137,9035,188
856221,20,137,9175,188
856222,18.95,137,9242,188
856223,20,137,9121,188
856224,17.85,137,9095,188
856225,18.5,137,9266,188
856226,18.75,137,9006,188
856227,19.6,137,8962,188
856228,14,137,9181,188
856229,15.25,137,9231,188
856230,17.6,137,9174,188
856231,18.2,137,9310,188
856232,17.25,137,9340,188
856233,13,137,9226,188
856234,17.85,137,9330,188
856235,19.25,137,8965,188
856236,15,137,9004,188
856237,18.25,137,9137,188
856238,13.2,137,9216,188
856239,18.5,137,9100,188
856240,17.5,137,9223,188
856241,19.6,137,9183,188
856242,16.25,137,9044,188
856243,18.25,137,9303,188
856244,14.25,137,9038,188
856245,19.6,137,9294,188
856246,19.6,137,9133,188
856247,16.6,137,9008,188
856248,18.35,137,8942,188
856249,11.85,137,8954,188
856250,14.85,137,9067,188
856251,19.65,137,9099,188
856252,16.6,137,8973,188
856253,19.25,137,9022,188
856254,18,137,9112,188
856255,17.65,137,9328,188
856256,17.2,137,9143,188
856257,16.25,137,8993,188
856258,20,137,9166,188
856259,16,137,9065,188
856260,19,137,9333,188
856261,16.85,137,9120,188
856262,17.2,137,8947,188
856263,19.65,137,9215,188
856264,19.6,137,8950,188
856265,18.85,137,9198,188
856266,19,137,9045,188
856267,19.6,137,9108,188
856268,17.65,137,9083,188
856269,17.95,137,9336,188
856270,16,137,9251,188
856271,13.4,137,9102,188
856272,14.85,137,9267,188
856273,12.6,137,9281,188
856274,14.6,137,9117,188
856275,15.85,137,9013,188
856276,20,137,9220,188
856277,18.45,137,9055,188
856278,17.6,137,9115,188
856279,16.65,137,8998,188
856280,14.6,137,8969,188
856281,16,137,9027,188
856282,16.85,137,9308,188
856283,17.25,137,9270,188
856284,19.2,137,9138,188
856285,20,137,9304,188
856286,20,137,8971,188
856287,20,137,9134,188
856288,18,137,9011,188
856289,18,137,9039,188
856290,14.85,137,9075,188
856291,18.85,137,9072,188
856292,13.85,137,9184,188
856293,18,137,9016,188
856294,20,137,9041,188
856295,17.65,137,9208,188
856296,17.25,137,9275,188
856297,18.25,137,9239,188
856298,19.6,137,9173,188
856299,20,137,9289,188
856300,17.6,137,9172,188
856301,18.5,137,9110,188
856302,16.6,137,9236,188
856303,12.5,137,9337,188
856304,13.6,137,9165,188
856305,17.1,137,8951,188
856306,17.85,137,9191,188
856307,15.6,137,9282,188
856308,19.25,137,9028,188
856309,18.25,137,8987,188
856310,15.85,137,9168,188
856311,19.6,137,9298,188
856312,16,137,9017,188
856313,14.85,137,9062,188
856314,18.95,137,9128,188
856315,19.25,137,9169,188
856316,19.25,137,8957,188
856317,13.6,137,9059,188
856318,17.35,137,8978,188
856319,18.25,137,9064,188
856320,17.85,137,9196,188
856321,19.25,137,9053,188
856322,18.75,137,9145,188
856323,17.5,137,8997,188
856324,19.65,137,9161,188
856325,17,137,9237,188
856326,17.75,137,9153,188
856327,18.6,137,9026,188
856328,19.6,137,9192,188
856329,19.65,137,9132,188
856330,18.45,137,9162,188
856331,20,137,8960,188
856332,20,137,9177,188
856333,18.25,137,9157,188
856334,19.35,137,9186,188
856335,19.65,137,9086,188
856336,17.85,137,8982,188
856337,17.6,137,9158,188
856338,12.5,137,9049,188
856339,17.25,137,9178,188
856340,19.6,137,9332,188
856341,12.85,137,9030,188
856342,20,137,9051,188
856343,17.85,137,8977,188
856344,17.6,137,9012,188
856345,19.25,137,9314,188
856346,18.25,137,9024,188
856347,19.2,137,9093,188
856348,15.85,137,9315,188
856349,16.5,137,9142,188
856350,17.95,137,9217,188
856351,18.25,137,9126,188
856352,18.25,137,9070,188
856353,20,137,9313,188
856354,16.5,137,9180,188
856355,18.5,137,9005,188
856356,15.5,137,9244,188
856357,17.3,137,9091,188
856358,19,137,9327,188
856359,18.95,137,8986,188
856360,17.2,137,9316,188
856361,13,137,9116,188
856362,17.25,137,8979,188
856363,18.85,137,8994,188
856364,16.85,137,9247,188
856365,19.6,137,9206,188
856366,17.4,137,9118,188
856367,18.6,137,8980,188
856368,20,137,9326,188
856369,16.85,137,9312,188
856370,17.6,137,8956,188
856371,18.65,137,9269,188
856372,17.9,137,9261,188
856373,16.85,137,8967,188
856374,17.85,137,9023,188
856375,13.2,137,9097,188
856376,19.25,137,9098,188
856377,18.6,138,9322,188
856378,17.85,138,9148,188
856379,14.95,138,8991,188
856380,17.85,138,8952,188
856381,16.35,138,9280,188
856382,19.2,138,9034,188
856383,16.6,138,9279,188
856384,13.85,138,9123,188
856385,17.15,138,9309,188
856386,18.25,138,9272,188
856387,18.4,138,9018,188
856388,18.25,138,9246,188
856389,18.25,138,9287,188
856390,17.6,138,8961,188
856391,15.2,138,9300,188
856392,16.85,138,8968,188
856393,16.95,138,9107,188
856394,15.95,138,9307,188
856395,17.25,138,8983,188
856396,18.35,138,9146,188
856397,18.85,138,9317,188
856398,19.6,138,9127,188
856399,16.25,138,9257,188
856400,17.6,138,9085,188
856401,19.6,138,9230,188
856402,18.75,138,9056,188
856403,18.4,138,9176,188
856404,16.85,138,9240,188
856405,17.6,138,9190,188
856406,17,138,9204,188
856407,18.6,138,9002,188
856408,16.25,138,9278,188
856409,18,138,9202,188
856410,18.6,138,9032,188
856411,17,138,9047,188
856412,18.65,138,9286,188
856413,20,138,9082,188
856414,16.85,138,9221,188
856415,13.35,138,8995,188
856416,18.25,138,9265,188
856417,17.6,138,9025,188
856418,19.25,138,9324,188
856419,19.6,138,9227,188
856420,15,138,9259,188
856421,19.2,138,9301,188
856422,20,138,8945,188
856423,17.85,138,9197,188
856424,20,138,9232,188
856425,14.9,138,9078,188
856426,16.35,138,8946,188
856427,16.85,138,9119,188
856428,16.6,138,9212,188
856429,18.65,138,9248,188
856430,19.2,138,9185,188
856431,18.1,138,9036,188
856432,16,138,9000,188
856433,15.85,138,8955,188
856434,19.25,138,9288,188
856435,15.6,138,9014,188
856436,18.85,138,8999,188
856437,19.6,138,8944,188
856438,19.25,138,9213,188
856439,19,138,9105,188
856440,13.65,138,9273,188
856441,13.5,138,9140,188
856442,18.45,138,9131,188
856443,16,138,8984,188
856444,15.85,138,9042,188
856445,17.6,138,9151,188
856446,16.85,138,8976,188
856447,13.6,138,9104,188
856448,17,138,9170,188
856449,14,138,9141,188
856450,19.25,138,9164,188
856451,18.45,138,9256,188
856452,17.8,138,9144,188
856453,17.6,138,9079,188
856454,16.25,138,9150,188
856455,18.5,138,9274,188
856456,18.85,138,9335,188
856457,17.9,138,9010,188
856458,20,138,9320,188
856459,17.25,138,8943,188
856460,17.45,138,8992,188
856461,19.2,138,9258,188
856462,18.2,138,9187,188
856463,15.65,138,9063,188
856464,19.6,138,9262,188
856465,17.1,138,9149,188
856466,16.6,138,9050,188
856467,19,138,8958,188
856468,17.85,138,9323,188
856469,15.85,138,9087,188
856470,20,138,9179,188
856471,15.85,138,9167,188
856472,18,138,8963,188
856473,17.85,138,9125,188
856474,19.6,138,9029,188
856475,17.6,138,9015,188
856476,15.1,138,9084,188
856477,14.85,138,9147,188
856478,16.55,138,8948,188
856479,17.25,138,9295,188
856480,17.25,138,9136,188
856481,17.6,138,9339,188
856482,20,138,9171,188
856483,17.25,138,9201,188
856484,17.6,138,9306,188
856485,17.6,138,9249,188
856486,20,138,9203,188
856487,18.6,138,8972,188
856488,18.25,138,9020,188
856489,16.6,138,9080,188
856490,20,138,9311,188
856491,18.6,138,9154,188
856492,16.25,138,9052,188
856493,17.25,138,9101,188
856494,17.25,138,9205,188
856495,17.85,138,9113,188
856496,20,138,9096,188
856497,15.95,138,9021,188
856498,18.25,138,8990,188
856499,12.85,138,8966,188
856500,18.2,138,9200,188
856501,13.85,138,9283,188
856502,17.1,138,9114,188
856503,16.6,138,9245,188
856504,18.5,138,9058,188
856505,17.6,138,9124,188
856506,17.75,138,9276,188
856507,17.6,138,9077,188
856508,14,138,9139,188
856509,15,138,9238,188
856510,17.2,138,9057,188
856511,16.6,138,9043,188
856512,16.25,138,9061,188
856513,18.85,138,9338,188
856514,18.95,138,9037,188
856515,15.5,138,9290,188
856516,13.85,138,9076,188
856517,14.85,138,9189,188
856518,17.5,138,9199,188
856519,19.2,138,9218,188
856520,17.25,138,9074,188
856521,18,138,9068,188
856522,17.95,138,8953,188
856523,18.2,138,8989,188
856524,18.25,138,9291,188
856525,15.25,138,9271,188
856526,18.25,138,9277,188
856527,17,138,9163,188
856528,19.2,138,9285,188
856529,18.05,138,9224,188
856530,15.25,138,9066,188
856531,16.85,138,9069,188
856532,18.65,138,9160,188
856533,19.2,138,9325,188
856534,16.25,138,9155,188
856535,17.5,138,9214,188
856536,18.5,138,9219,188
856537,12,138,8949,188
856538,17.6,138,9305,188
856539,14.2,138,9194,188
856540,18.35,138,9228,188
856541,14.85,138,9225,188
856542,16.75,138,9299,188
856543,18.5,138,9092,188
856544,12.85,138,9234,188
856545,16.85,138,9319,188
856546,19.25,138,9130,188
856547,17.6,138,9054,188
856548,16.25,138,9111,188
856549,15.45,138,9268,188
856550,16.6,138,9284,188
856551,17.35,138,8981,188
856552,17.6,138,9156,188
856553,17.95,138,9046,188
856554,14.65,138,9031,188
856555,19.6,138,9243,188
856556,16.2,138,9241,188
856557,17.6,138,8964,188
856558,14.75,138,9071,188
856559,15.25,138,9019,188
856560,13.45,138,9035,188
856561,19.2,138,9175,188
856562,17.85,138,9242,188
856563,19.2,138,9121,188
856564,17.5,138,9095,188
856565,18.5,138,9266,188
856566,17.2,138,9006,188
856567,19.2,138,8962,188
856568,12.1,138,9181,188
856569,14.85,138,9231,188
856570,16.45,138,9174,188
856571,18.65,138,9310,188
856572,16.85,138,9340,188
856573,13.6,138,9226,188
856574,17.25,138,9330,188
856575,18.85,138,8965,188
856576,14.85,138,9004,188
856577,16.2,138,9137,188
856578,14.4,138,9216,188
856579,17.6,138,9100,188
856580,16.6,138,9223,188
856581,19.2,138,9183,188
856582,16.95,138,9044,188
856583,18.6,138,9303,188
856584,14.7,138,9038,188
856585,18.65,138,9294,188
856586,19.25,138,9133,188
856587,16.2,138,9008,188
856588,17,138,8942,188
856589,12.25,138,8954,188
856590,13.45,138,9067,188
856591,17.75,138,9099,188
856592,16.65,138,8973,188
856593,18.95,138,9022,188
856594,15.65,138,9112,188
856595,18.25,138,9328,188
856596,16.45,138,9143,188
856597,15.6,138,8993,188
856598,18.85,138,9166,188
856599,14.5,138,9065,188
856600,19,138,9333,188
856601,17.2,138,9120,188
856602,17.85,138,8947,188
856603,19.6,138,9215,188
856604,17.85,138,8950,188
856605,18.5,138,9198,188
856606,18.6,138,9045,188
856607,19.2,138,9108,188
856608,17.85,138,9083,188
856609,19.2,138,9336,188
856610,14.5,138,9251,188
856611,12.25,138,9102,188
856612,14,138,9267,188
856613,12.6,138,9281,188
856614,14,138,9117,188
856615,15.85,138,9013,188
856616,20,138,9220,188
856617,17.35,138,9055,188
856618,18,138,9115,188
856619,17.25,138,8998,188
856620,13.6,138,8969,188
856621,13.85,138,9027,188
856622,15.65,138,9308,188
856623,17.6,138,9270,188
856624,18.2,138,9138,188
856625,18.1,138,9304,188
856626,18.6,138,8971,188
856627,19.6,138,9134,188
856628,18,138,9011,188
856629,17.85,138,9039,188
856630,15.5,138,9075,188
856631,18.65,138,9072,188
856632,13.25,138,9184,188
856633,17.35,138,9016,188
856634,19.6,138,9041,188
856635,15.85,138,9208,188
856636,16.6,138,9275,188
856637,18,138,9239,188
856638,19.6,138,9173,188
856639,19.6,138,9289,188
856640,17.1,138,9172,188
856641,17.6,138,9110,188
856642,15.6,138,9236,188
856643,13,138,9337,188
856644,14.25,138,9165,188
856645,16.5,138,8951,188
856646,17.95,138,9191,188
856647,15.65,138,9282,188
856648,19,138,9028,188
856649,18.25,138,8987,188
856650,15.6,138,9168,188
856651,18.45,138,9298,188
856652,16.6,138,9017,188
856653,14.6,138,9062,188
856654,18.15,138,9128,188
856655,19.65,138,9169,188
856656,17.6,138,8957,188
856657,14.85,138,9059,188
856658,16.6,138,8978,188
856659,18.3,138,9064,188
856660,17.6,138,9196,188
856661,19.2,138,9053,188
856662,17.35,138,9145,188
856663,16.85,138,8997,188
856664,18.6,138,9161,188
856665,16,138,9237,188
856666,17.25,138,9153,188
856667,17.25,138,9026,188
856668,18.85,138,9192,188
856669,20,138,9132,188
856670,18.25,138,9162,188
856671,18.6,138,8960,188
856672,19.65,138,9177,188
856673,18.15,138,9157,188
856674,18.25,138,9186,188
856675,18.25,138,9086,188
856676,17.35,138,8982,188
856677,17.85,138,9158,188
856678,11.85,138,9049,188
856679,15.35,138,9178,188
856680,18.25,138,9332,188
856681,11.6,138,9030,188
856682,19.6,138,9051,188
856683,17.2,138,8977,188
856684,16.6,138,9012,188
856685,19,138,9314,188
856686,16.2,138,9024,188
856687,19.25,138,9093,188
856688,14.95,138,9315,188
856689,16.25,138,9142,188
856690,17.95,138,9217,188
856691,17.65,138,9126,188
856692,18.2,138,9070,188
856693,19.25,138,9313,188
856694,15.95,138,9180,188
856695,17.9,138,9005,188
856696,15,138,9244,188
856697,17.3,138,9091,188
856698,17.95,138,9327,188
856699,18.6,138,8986,188
856700,15.25,138,9316,188
856701,12.85,138,9116,188
856702,16.25,138,8979,188
856703,18.6,138,8994,188
856704,17.2,138,9247,188
856705,18.5,138,9206,188
856706,17.2,138,9118,188
856707,19.2,138,8980,188
856708,19.2,138,9326,188
856709,15.6,138,9312,188
856710,16.6,138,8956,188
856711,16.6,138,9269,188
856712,16.6,138,9261,188
856713,16.5,138,8967,188
856714,18.5,138,9023,188
856715,12.85,138,9097,188
856716,18.25,138,9098,188
856717,17.6,139,9322,188
856718,17.95,139,9148,188
856719,15,139,8991,188
856720,17.65,139,8952,188
856721,17.2,139,9280,188
856722,18.2,139,9034,188
856723,16.65,139,9279,188
856724,11.85,139,9123,188
856725,16.25,139,9309,188
856726,17.65,139,9272,188
856727,18.6,139,9018,188
856728,17.45,139,9246,188
856729,19,139,9287,188
856730,17.4,139,8961,188
856731,15.2,139,9300,188
856732,15.75,139,8968,188
856733,15.9,139,9107,188
856734,15,139,9307,188
856735,16.2,139,8983,188
856736,18.6,139,9146,188
856737,19.6,139,9317,188
856738,18.85,139,9127,188
856739,14.25,139,9257,188
856740,17.2,139,9085,188
856741,20,139,9230,188
856742,19,139,9056,188
856743,18.25,139,9176,188
856744,16,139,9240,188
856745,17.65,139,9190,188
856746,15.55,139,9204,188
856747,18.25,139,9002,188
856748,15.45,139,9278,188
856749,16.85,139,9202,188
856750,18.45,139,9032,188
856751,15.95,139,9047,188
856752,17.85,139,9286,188
856753,18.95,139,9082,188
856754,15.25,139,9221,188
856755,12.35,139,8995,188
856756,18.4,139,9265,188
856757,17.85,139,9025,188
856758,18.5,139,9324,188
856759,18.6,139,9227,188
856760,13.85,139,9259,188
856761,18.1,139,9301,188
856762,18.6,139,8945,188
856763,17.85,139,9197,188
856764,18.5,139,9232,188
856765,12.75,139,9078,188
856766,17.6,139,8946,188
856767,18,139,9119,188
856768,15.75,139,9212,188
856769,18.75,139,9248,188
856770,18.25,139,9185,188
856771,18.25,139,9036,188
856772,15.6,139,9000,188
856773,14,139,8955,188
856774,17.6,139,9288,188
856775,16,139,9014,188
856776,19.6,139,8999,188
856777,18.95,139,8944,188
856778,19.35,139,9213,188
856779,18.85,139,9105,188
856780,13.2,139,9273,188
856781,11.35,139,9140,188
856782,18.2,139,9131,188
856783,15.6,139,8984,188
856784,16.5,139,9042,188
856785,18.25,139,9151,188
856786,16.65,139,8976,188
856787,13.25,139,9104,188
856788,17.85,139,9170,188
856789,12.5,139,9141,188
856790,18.5,139,9164,188
856791,17.75,139,9256,188
856792,16.9,139,9144,188
856793,17.75,139,9079,188
856794,15.6,139,9150,188
856795,17.35,139,9274,188
856796,19.75,139,9335,188
856797,17.6,139,9010,188
856798,19.65,139,9320,188
856799,17.65,139,8943,188
856800,17.2,139,8992,188
856801,18.2,139,9258,188
856802,16.85,139,9187,188
856803,15.25,139,9063,188
856804,18.25,139,9262,188
856805,16.2,139,9149,188
856806,16.5,139,9050,188
856807,16.85,139,8958,188
856808,17.25,139,9323,188
856809,15.6,139,9087,188
856810,19.35,139,9179,188
856811,16.25,139,9167,188
856812,17.2,139,8963,188
856813,16.6,139,9125,188
856814,20,139,9029,188
856815,17.25,139,9015,188
856816,14.35,139,9084,188
856817,14.6,139,9147,188
856818,16.25,139,8948,188
856819,15.45,139,9295,188
856820,17.2,139,9136,188
856821,18.25,139,9339,188
856822,19.6,139,9171,188
856823,17,139,9201,188
856824,17.85,139,9306,188
856825,16.25,139,9249,188
856826,19.6,139,9203,188
856827,18.85,139,8972,188
856828,18,139,9020,188
856829,16.2,139,9080,188
856830,17.6,139,9311,188
856831,18.1,139,9154,188
856832,15.6,139,9052,188
856833,16.25,139,9101,188
856834,16.15,139,9205,188
856835,16.85,139,9113,188
856836,19.6,139,9096,188
856837,16.35,139,9021,188
856838,16,139,8990,188
856839,13.95,139,8966,188
856840,19,139,9200,188
856841,13.1,139,9283,188
856842,17.25,139,9114,188
856843,17.5,139,9245,188
856844,17.35,139,9058,188
856845,17.6,139,9124,188
856846,17.15,139,9276,188
856847,17.25,139,9077,188
856848,12.6,139,9139,188
856849,15.85,139,9238,188
856850,15.75,139,9057,188
856851,15.85,139,9043,188
856852,16.1,139,9061,188
856853,17.6,139,9338,188
856854,19.6,139,9037,188
856855,13.85,139,9290,188
856856,14.5,139,9076,188
856857,15.1,139,9189,188
856858,17.6,139,9199,188
856859,19.35,139,9218,188
856860,18.25,139,9074,188
856861,17.9,139,9068,188
856862,17.25,139,8953,188
856863,17,139,8989,188
856864,17.25,139,9291,188
856865,14.25,139,9271,188
856866,18.6,139,9277,188
856867,17.35,139,9163,188
856868,18.2,139,9285,188
856869,17.2,139,9224,188
856870,15.3,139,9066,188
856871,15.6,139,9069,188
856872,17.85,139,9160,188
856873,18.2,139,9325,188
856874,18,139,9155,188
856875,17.25,139,9214,188
856876,19.35,139,9219,188
856877,12.45,139,8949,188
856878,17.5,139,9305,188
856879,14.25,139,9194,188
856880,16.45,139,9228,188
856881,14.6,139,9225,188
856882,17,139,9299,188
856883,17.55,139,9092,188
856884,14.25,139,9234,188
856885,17.6,139,9319,188
856886,17.85,139,9130,188
856887,17.75,139,9054,188
856888,14.25,139,9111,188
856889,13.9,139,9268,188
856890,16.35,139,9284,188
856891,17,139,8981,188
856892,17.6,139,9156,188
856893,17.7,139,9046,188
856894,14.6,139,9031,188
856895,19.2,139,9243,188
856896,15.95,139,9241,188
856897,18.25,139,8964,188
856898,14.35,139,9071,188
856899,15.6,139,9019,188
856900,12.95,139,9035,188
856901,19,139,9175,188
856902,17.6,139,9242,188
856903,19.6,139,9121,188
856904,16.9,139,9095,188
856905,18.75,139,9266,188
856906,16.05,139,9006,188
856907,19.6,139,8962,188
856908,12.85,139,9181,188
856909,15.25,139,9231,188
856910,16.15,139,9174,188
856911,17,139,9310,188
856912,17.1,139,9340,188
856913,13.6,139,9226,188
856914,17.6,139,9330,188
856915,19.2,139,8965,188
856916,13.2,139,9004,188
856917,16.05,139,9137,188
856918,12.6,139,9216,188
856919,17.1,139,9100,188
856920,17.6,139,9223,188
856921,17.8,139,9183,188
856922,14.95,139,9044,188
856923,17.2,139,9303,188
856924,13.85,139,9038,188
856925,18.6,139,9294,188
856926,19.65,139,9133,188
856927,15.35,139,9008,188
856928,15.85,139,8942,188
856929,12.1,139,8954,188
856930,11.85,139,9067,188
856931,16.6,139,9099,188
856932,17.5,139,8973,188
856933,18.55,139,9022,188
856934,16.5,139,9112,188
856935,15.85,139,9328,188
856936,15.95,139,9143,188
856937,16.2,139,8993,188
856938,17.85,139,9166,188
856939,13.85,139,9065,188
856940,17.3,139,9333,188
856941,15.65,139,9120,188
856942,16.5,139,8947,188
856943,18,139,9215,188
856944,18.25,139,8950,188
856945,18.85,139,9198,188
856946,17.85,139,9045,188
856947,18.5,139,9108,188
856948,15.85,139,9083,188
856949,16.9,139,9336,188
856950,14.1,139,9251,188
856951,10.6,139,9102,188
856952,13.25,139,9267,188
856953,12,139,9281,188
856954,13.35,139,9117,188
856955,15.85,139,9013,188
856956,18.25,139,9220,188
856957,17.25,139,9055,188
856958,18.35,139,9115,188
856959,17.25,139,8998,188
856960,14.55,139,8969,188
856961,13.2,139,9027,188
856962,15.45,139,9308,188
856963,16.25,139,9270,188
856964,18.25,139,9138,188
856965,18.45,139,9304,188
856966,19.2,139,8971,188
856967,19.2,139,9134,188
856968,16.25,139,9011,188
856969,17.2,139,9039,188
856970,14.5,139,9075,188
856971,18.6,139,9072,188
856972,12.6,139,9184,188
856973,17.25,139,9016,188
856974,20,139,9041,188
856975,16,139,9208,188
856976,16.45,139,9275,188
856977,17.1,139,9239,188
856978,20,139,9173,188
856979,18.45,139,9289,188
856980,16,139,9172,188
856981,15.85,139,9110,188
856982,15,139,9236,188
856983,12.6,139,9337,188
856984,13.25,139,9165,188
856985,16.3,139,8951,188
856986,18,139,9191,188
856987,14.85,139,9282,188
856988,17.85,139,9028,188
856989,17.6,139,8987,188
856990,14.85,139,9168,188
856991,17.85,139,9298,188
856992,16.35,139,9017,188
856993,13.3,139,9062,188
856994,17.85,139,9128,188
856995,19.2,139,9169,188
856996,17.7,139,8957,188
856997,13,139,9059,188
856998,16.4,139,8978,188
856999,16.5,139,9064,188
857000,16.25,139,9196,188
857001,18.25,139,9053,188
857002,17.9,139,9145,188
857003,16.85,139,8997,188
857004,18.6,139,9161,188
857005,16.25,139,9237,188
857006,17.25,139,9153,188
857007,16.4,139,9026,188
857008,18.5,139,9192,188
857009,19.65,139,9132,188
857010,17.85,139,9162,188
857011,18,139,8960,188
857012,18.35,139,9177,188
857013,17.6,139,9157,188
857014,16,139,9186,188
857015,17.95,139,9086,188
857016,16.25,139,8982,188
857017,16.65,139,9158,188
857018,11.6,139,9049,188
857019,16.25,139,9178,188
857020,17.45,139,9332,188
857021,12.6,139,9030,188
857022,18.6,139,9051,188
857023,16.85,139,8977,188
857024,16.95,139,9012,188
857025,18.1,139,9314,188
857026,17.5,139,9024,188
857027,19.25,139,9093,188
857028,15.25,139,9315,188
857029,15.2,139,9142,188
857030,18,139,9217,188
857031,16.35,139,9126,188
857032,17.85,139,9070,188
857033,19.25,139,9313,188
857034,15.35,139,9180,188
857035,17.5,139,9005,188
857036,14,139,9244,188
857037,17.45,139,9091,188
857038,17.85,139,9327,188
857039,17.5,139,8986,188
857040,16.25,139,9316,188
857041,13.25,139,9116,188
857042,15.85,139,8979,188
857043,16.6,139,8994,188
857044,14.85,139,9247,188
857045,18.55,139,9206,188
857046,16.85,139,9118,188
857047,17.35,139,8980,188
857048,19.25,139,9326,188
857049,15.85,139,9312,188
857050,16,139,8956,188
857051,16,139,9269,188
857052,16.2,139,9261,188
857053,15.6,139,8967,188
857054,18.35,139,9023,188
857055,11.5,139,9097,188
857056,17.45,139,9098,188
857057,15.85,132,9322,189
857058,16.85,132,9148,189
857059,12.3,132,8991,189
857060,16.9,132,8952,189
857061,13.65,132,9280,189
857062,17.1,132,9034,189
857063,14.8,132,9279,189
857064,12,132,9123,189
857065,15.5,132,9309,189
857066,15.35,132,9272,189
857067,14.7,132,9018,189
857068,15.6,132,9246,189
857069,17,132,9287,189
857070,15.55,132,8961,189
857071,14.7,132,9300,189
857072,15.3,132,8968,189
857073,15.65,132,9107,189
857074,13.7,132,9307,189
857075,14.25,132,8983,189
857076,15.25,132,9146,189
857077,16.35,132,9317,189
857078,17.45,132,9127,189
857079,11.45,132,9257,189
857080,15.5,132,9085,189
857081,16,132,9230,189
857082,15.95,132,9056,189
857083,16.35,132,9176,189
857084,14.1,132,9240,189
857085,16.3,132,9190,189
857086,14.6,132,9204,189
857087,16.1,132,9002,189
857088,14.6,132,9278,189
857089,15.6,132,9202,189
857090,16.65,132,9032,189
857091,14.25,132,9047,189
857092,14.7,132,9286,189
857093,17,132,9082,189
857094,14.2,132,9221,189
857095,9.15,132,8995,189
857096,16.5,132,9265,189
857097,15.95,132,9025,189
857098,15.45,132,9324,189
857099,17.25,132,9227,189
857100,13.35,132,9259,189
857101,17.6,132,9301,189
857102,16.35,132,8945,189
857103,16.05,132,9197,189
857104,18.25,132,9232,189
857105,12.6,132,9078,189
857106,15.4,132,8946,189
857107,14.5,132,9119,189
857108,14.1,132,9212,189
857109,16.1,132,9248,189
857110,15,132,9185,189
857111,15.5,132,9036,189
857112,14.15,132,9000,189
857113,13.25,132,8955,189
857114,14.1,132,9288,189
857115,13.2,132,9014,189
857116,17.85,132,8999,189
857117,17.2,132,8944,189
857118,15.9,132,9213,189
857119,17.45,132,9105,189
857120,10.3,132,9273,189
857121,9.95,132,9140,189
857122,15.5,132,9131,189
857123,13.1,132,8984,189
857124,13.95,132,9042,189
857125,17.25,132,9151,189
857126,14.6,132,8976,189
857127,10.85,132,9104,189
857128,16.2,132,9170,189
857129,12.25,132,9141,189
857130,17.6,132,9164,189
857131,16.05,132,9256,189
857132,15.25,132,9144,189
857133,14.45,132,9079,189
857134,13.7,132,9150,189
857135,14.7,132,9274,189
857136,17.75,132,9335,189
857137,15.35,132,9010,189
857138,17.9,132,9320,189
857139,15.6,132,8943,189
857140,14.25,132,8992,189
857141,17.25,132,9258,189
857142,16.65,132,9187,189
857143,13.25,132,9063,189
857144,16.6,132,9262,189
857145,14.2,132,9149,189
857146,14.95,132,9050,189
857147,14.6,132,8958,189
857148,13.9,132,9323,189
857149,15.35,132,9087,189
857150,17.1,132,9179,189
857151,13.25,132,9167,189
857152,13.85,132,8963,189
857153,15.35,132,9125,189
857154,16,132,9029,189
857155,17.5,132,9015,189
857156,12.5,132,9084,189
857157,12.5,132,9147,189
857158,14.95,132,8948,189
857159,14.6,132,9295,189
857160,14.85,132,9136,189
857161,16.45,132,9339,189
857162,16.9,132,9171,189
857163,15.6,132,9201,189
857164,16.7,132,9306,189
857165,16.35,132,9249,189
857166,16.5,132,9203,189
857167,16.75,132,8972,189
857168,17.65,132,9020,189
857169,15.8,132,9080,189
857170,17.4,132,9311,189
857171,16.4,132,9154,189
857172,14.85,132,9052,189
857173,16.15,132,9101,189
857174,14.35,132,9205,189
857175,14.85,132,9113,189
857176,17.25,132,9096,189
857177,15.6,132,9021,189
857178,15.6,132,8990,189
857179,11.25,132,8966,189
857180,16.25,132,9200,189
857181,11.55,132,9283,189
857182,14.5,132,9114,189
857183,14.6,132,9245,189
857184,15.35,132,9058,189
857185,14.65,132,9124,189
857186,15.9,132,9276,189
857187,15.65,132,9077,189
857188,11.75,132,9139,189
857189,12.2,132,9238,189
857190,14.55,132,9057,189
857191,14.6,132,9043,189
857192,13.7,132,9061,189
857193,16.6,132,9338,189
857194,17.35,132,9037,189
857195,14.35,132,9290,189
857196,12.65,132,9076,189
857197,14.3,132,9189,189
857198,16.95,132,9199,189
857199,17.65,132,9218,189
857200,14.25,132,9074,189
857201,17.2,132,9068,189
857202,14.45,132,8953,189
857203,14.7,132,8989,189
857204,15.4,132,9291,189
857205,12.35,132,9271,189
857206,16.2,132,9277,189
857207,14.2,132,9163,189
857208,16.95,132,9285,189
857209,16.6,132,9224,189
857210,12.85,132,9066,189
857211,14.2,132,9069,189
857212,15.95,132,9160,189
857213,16.2,132,9325,189
857214,15,132,9155,189
857215,15.85,132,9214,189
857216,16.3,132,9219,189
857217,10.35,132,8949,189
857218,15.95,132,9305,189
857219,12.75,132,9194,189
857220,15.25,132,9228,189
857221,12.6,132,9225,189
857222,15.55,132,9299,189
857223,15.4,132,9092,189
857224,11,132,9234,189
857225,15.1,132,9319,189
857226,16,132,9130,189
857227,15.15,132,9054,189
857228,12.9,132,9111,189
857229,14.1,132,9268,189
857230,14.95,132,9284,189
857231,14.7,132,8981,189
857232,15.6,132,9156,189
857233,14.75,132,9046,189
857234,14.25,132,9031,189
857235,18.15,132,9243,189
857236,14.6,132,9241,189
857237,16.25,132,8964,189
857238,13.25,132,9071,189
857239,13.95,132,9019,189
857240,9.95,132,9035,189
857241,17.55,132,9175,189
857242,15.35,132,9242,189
857243,16.85,132,9121,189
857244,15.9,132,9095,189
857245,15.7,132,9266,189
857246,14,132,9006,189
857247,16.8,132,8962,189
857248,11.6,132,9181,189
857249,12.7,132,9231,189
857250,14.7,132,9174,189
857251,14.2,132,9310,189
857252,14.9,132,9340,189
857253,10.25,132,9226,189
857254,16.2,132,9330,189
857255,17.35,132,8965,189
857256,11.9,132,9004,189
857257,14.25,132,9137,189
857258,11,132,9216,189
857259,16.55,132,9100,189
857260,15.6,132,9223,189
857261,15.95,132,9183,189
857262,15.1,132,9044,189
857263,16.85,132,9303,189
857264,12.7,132,9038,189
857265,16.9,132,9294,189
857266,17.2,132,9133,189
857267,14.7,132,9008,189
857268,14.95,132,8942,189
857269,10.2,132,8954,189
857270,12.2,132,9067,189
857271,15.2,132,9099,189
857272,14.6,132,8973,189
857273,16.7,132,9022,189
857274,14.35,132,9112,189
857275,16,132,9328,189
857276,13.2,132,9143,189
857277,14,132,8993,189
857278,17.75,132,9166,189
857279,12.8,132,9065,189
857280,14.85,132,9333,189
857281,15.4,132,9120,189
857282,14.05,132,8947,189
857283,16.85,132,9215,189
857284,16,132,8950,189
857285,17,132,9198,189
857286,14.6,132,9045,189
857287,16.2,132,9108,189
857288,15,132,9083,189
857289,14.4,132,9336,189
857290,12.25,132,9251,189
857291,11.85,132,9102,189
857292,11.3,132,9267,189
857293,11.5,132,9281,189
857294,10.75,132,9117,189
857295,14.4,132,9013,189
857296,17.25,132,9220,189
857297,15.85,132,9055,189
857298,15.35,132,9115,189
857299,13.75,132,8998,189
857300,11.45,132,8969,189
857301,12.4,132,9027,189
857302,14.9,132,9308,189
857303,13.6,132,9270,189
857304,17.35,132,9138,189
857305,17.45,132,9304,189
857306,17.15,132,8971,189
857307,16.85,132,9134,189
857308,14.2,132,9011,189
857309,14.85,132,9039,189
857310,11.55,132,9075,189
857311,17.25,132,9072,189
857312,10.6,132,9184,189
857313,14.8,132,9016,189
857314,18.35,132,9041,189
857315,15.25,132,9208,189
857316,16,132,9275,189
857317,14.6,132,9239,189
857318,16.9,132,9173,189
857319,18.95,132,9289,189
857320,15.75,132,9172,189
857321,14.6,132,9110,189
857322,12.5,132,9236,189
857323,9.85,132,9337,189
857324,11.95,132,9165,189
857325,13.7,132,8951,189
857326,15.65,132,9191,189
857327,12.35,132,9282,189
857328,15.65,132,9028,189
857329,15.3,132,8987,189
857330,12.9,132,9168,189
857331,15.7,132,9298,189
857332,14.5,132,9017,189
857333,11.45,132,9062,189
857334,17.35,132,9128,189
857335,17,132,9169,189
857336,14.8,132,8957,189
857337,13.25,132,9059,189
857338,13.35,132,8978,189
857339,14.55,132,9064,189
857340,16.3,132,9196,189
857341,17.25,132,9053,189
857342,15.85,132,9145,189
857343,13.85,132,8997,189
857344,17.85,132,9161,189
857345,14.9,132,9237,189
857346,15,132,9153,189
857347,15.3,132,9026,189
857348,17.1,132,9192,189
857349,18.45,132,9132,189
857350,15.65,132,9162,189
857351,16.7,132,8960,189
857352,16.2,132,9177,189
857353,14.4,132,9157,189
857354,15.8,132,9186,189
857355,15.75,132,9086,189
857356,15.6,132,8982,189
857357,15.05,132,9158,189
857358,8.8,132,9049,189
857359,14.1,132,9178,189
857360,14.85,132,9332,189
857361,11.15,132,9030,189
857362,17.75,132,9051,189
857363,14.5,132,8977,189
857364,15.6,132,9012,189
857365,16.15,132,9314,189
857366,16,132,9024,189
857367,16.8,132,9093,189
857368,13.35,132,9315,189
857369,12.85,132,9142,189
857370,14.95,132,9217,189
857371,15.35,132,9126,189
857372,14.45,132,9070,189
857373,17.4,132,9313,189
857374,13.75,132,9180,189
857375,16,132,9005,189
857376,13.35,132,9244,189
857377,14.2,132,9091,189
857378,15.2,132,9327,189
857379,15.25,132,8986,189
857380,14.65,132,9316,189
857381,10.75,132,9116,189
857382,14.2,132,8979,189
857383,16.1,132,8994,189
857384,15.2,132,9247,189
857385,16.35,132,9206,189
857386,15.6,132,9118,189
857387,16.6,132,8980,189
857388,19,132,9326,189
857389,14.6,132,9312,189
857390,15.1,132,8956,189
857391,15.4,132,9269,189
857392,15,132,9261,189
857393,14.85,132,8967,189
857394,15.1,132,9023,189
857395,10.25,132,9097,189
857396,15.2,132,9098,189
857397,17.2,133,9322,189
857398,17.35,133,9148,189
857399,13.65,133,8991,189
857400,16.75,133,8952,189
857401,15.45,133,9280,189
857402,18.6,133,9034,189
857403,15.75,133,9279,189
857404,12.1,133,9123,189
857405,16.2,133,9309,189
857406,15.45,133,9272,189
857407,16.6,133,9018,189
857408,17.6,133,9246,189
857409,17.5,133,9287,189
857410,17.25,133,8961,189
857411,12.9,133,9300,189
857412,16.25,133,8968,189
857413,16.7,133,9107,189
857414,14,133,9307,189
857415,15.75,133,8983,189
857416,17,133,9146,189
857417,17.05,133,9317,189
857418,18.2,133,9127,189
857419,14.6,133,9257,189
857420,16.6,133,9085,189
857421,19,133,9230,189
857422,17.75,133,9056,189
857423,15.8,133,9176,189
857424,15.65,133,9240,189
857425,17.6,133,9190,189
857426,15.2,133,9204,189
857427,16.6,133,9002,189
857428,14.1,133,9278,189
857429,15.35,133,9202,189
857430,18,133,9032,189
857431,16.25,133,9047,189
857432,16.25,133,9286,189
857433,17.95,133,9082,189
857434,14.5,133,9221,189
857435,11.2,133,8995,189
857436,17.4,133,9265,189
857437,15.65,133,9025,189
857438,16.6,133,9324,189
857439,18.25,133,9227,189
857440,13.85,133,9259,189
857441,18.1,133,9301,189
857442,18,133,8945,189
857443,17,133,9197,189
857444,17.95,133,9232,189
857445,14.25,133,9078,189
857446,17.25,133,8946,189
857447,16.6,133,9119,189
857448,15.6,133,9212,189
857449,17.45,133,9248,189
857450,16.85,133,9185,189
857451,17.95,133,9036,189
857452,13.6,133,9000,189
857453,14.55,133,8955,189
857454,17.65,133,9288,189
857455,14.95,133,9014,189
857456,19,133,8999,189
857457,17.65,133,8944,189
857458,19,133,9213,189
857459,17.85,133,9105,189
857460,12.65,133,9273,189
857461,12.2,133,9140,189
857462,16.85,133,9131,189
857463,15.6,133,8984,189
857464,15.7,133,9042,189
857465,17.05,133,9151,189
857466,15.45,133,8976,189
857467,11.85,133,9104,189
857468,17.45,133,9170,189
857469,12.45,133,9141,189
857470,17.6,133,9164,189
857471,17.2,133,9256,189
857472,16.75,133,9144,189
857473,16.25,133,9079,189
857474,15.85,133,9150,189
857475,16.95,133,9274,189
857476,18.65,133,9335,189
857477,15.4,133,9010,189
857478,18.25,133,9320,189
857479,18,133,8943,189
857480,16.9,133,8992,189
857481,18.6,133,9258,189
857482,16.1,133,9187,189
857483,14,133,9063,189
857484,18.35,133,9262,189
857485,15.2,133,9149,189
857486,15.6,133,9050,189
857487,17.25,133,8958,189
857488,16.65,133,9323,189
857489,14.5,133,9087,189
857490,18.95,133,9179,189
857491,14.85,133,9167,189
857492,15.3,133,8963,189
857493,16.6,133,9125,189
857494,18.5,133,9029,189
857495,16.85,133,9015,189
857496,12.5,133,9084,189
857497,12.65,133,9147,189
857498,16.3,133,8948,189
857499,16.2,133,9295,189
857500,16.5,133,9136,189
857501,16.85,133,9339,189
857502,19,133,9171,189
857503,15.6,133,9201,189
857504,16.2,133,9306,189
857505,15.95,133,9249,189
857506,18.95,133,9203,189
857507,17,133,8972,189
857508,18.25,133,9020,189
857509,15.85,133,9080,189
857510,18.25,133,9311,189
857511,17.25,133,9154,189
857512,15.95,133,9052,189
857513,15.65,133,9101,189
857514,14.2,133,9205,189
857515,16.25,133,9113,189
857516,17.6,133,9096,189
857517,14.9,133,9021,189
857518,14.85,133,8990,189
857519,11.1,133,8966,189
857520,17.95,133,9200,189
857521,11.95,133,9283,189
857522,16.35,133,9114,189
857523,16.75,133,9245,189
857524,15.65,133,9058,189
857525,15.65,133,9124,189
857526,17.15,133,9276,189
857527,15.75,133,9077,189
857528,12.85,133,9139,189
857529,13.25,133,9238,189
857530,15.25,133,9057,189
857531,16.1,133,9043,189
857532,14.85,133,9061,189
857533,18.45,133,9338,189
857534,18.2,133,9037,189
857535,14.25,133,9290,189
857536,13.6,133,9076,189
857537,14.7,133,9189,189
857538,17.5,133,9199,189
857539,19,133,9218,189
857540,17.25,133,9074,189
857541,16.7,133,9068,189
857542,15.85,133,8953,189
857543,16.25,133,8989,189
857544,16.95,133,9291,189
857545,12.4,133,9271,189
857546,16.6,133,9277,189
857547,15.85,133,9163,189
857548,17.15,133,9285,189
857549,17.85,133,9224,189
857550,12.85,133,9066,189
857551,15.85,133,9069,189
857552,17.4,133,9160,189
857553,17.55,133,9325,189
857554,16.6,133,9155,189
857555,16.5,133,9214,189
857556,18.85,133,9219,189
857557,10.85,133,8949,189
857558,16.15,133,9305,189
857559,12.1,133,9194,189
857560,15.5,133,9228,189
857561,14.85,133,9225,189
857562,15.9,133,9299,189
857563,15.85,133,9092,189
857564,12.25,133,9234,189
857565,15.85,133,9319,189
857566,17.1,133,9130,189
857567,16.6,133,9054,189
857568,15.25,133,9111,189
857569,13.65,133,9268,189
857570,16.2,133,9284,189
857571,16.5,133,8981,189
857572,14.95,133,9156,189
857573,16.25,133,9046,189
857574,14.8,133,9031,189
857575,18.6,133,9243,189
857576,14.85,133,9241,189
857577,16.9,133,8964,189
857578,13.45,133,9071,189
857579,13.45,133,9019,189
857580,12.2,133,9035,189
857581,17.6,133,9175,189
857582,16.85,133,9242,189
857583,17.9,133,9121,189
857584,15.2,133,9095,189
857585,17.25,133,9266,189
857586,16,133,9006,189
857587,17.85,133,8962,189
857588,13.35,133,9181,189
857589,14.95,133,9231,189
857590,16,133,9174,189
857591,17.6,133,9310,189
857592,14.65,133,9340,189
857593,12.35,133,9226,189
857594,16.2,133,9330,189
857595,17.35,133,8965,189
857596,12.45,133,9004,189
857597,17,133,9137,189
857598,12.25,133,9216,189
857599,17.25,133,9100,189
857600,16,133,9223,189
857601,16.95,133,9183,189
857602,14.85,133,9044,189
857603,16.25,133,9303,189
857604,12.1,133,9038,189
857605,17.9,133,9294,189
857606,17,133,9133,189
857607,15.05,133,9008,189
857608,15.85,133,8942,189
857609,11,133,8954,189
857610,12.05,133,9067,189
857611,18.2,133,9099,189
857612,15.25,133,8973,189
857613,17.85,133,9022,189
857614,14.85,133,9112,189
857615,15.8,133,9328,189
857616,14.75,133,9143,189
857617,15.2,133,8993,189
857618,17.85,133,9166,189
857619,14.25,133,9065,189
857620,15.95,133,9333,189
857621,16,133,9120,189
857622,16.4,133,8947,189
857623,18.5,133,9215,189
857624,16.5,133,8950,189
857625,17.8,133,9198,189
857626,18.25,133,9045,189
857627,17.5,133,9108,189
857628,15.35,133,9083,189
857629,16.85,133,9336,189
857630,14.6,133,9251,189
857631,11.4,133,9102,189
857632,12.15,133,9267,189
857633,12.6,133,9281,189
857634,12.65,133,9117,189
857635,13.25,133,9013,189
857636,17.6,133,9220,189
857637,15.65,133,9055,189
857638,16.25,133,9115,189
857639,14.95,133,8998,189
857640,13.05,133,8969,189
857641,13.1,133,9027,189
857642,14.85,133,9308,189
857643,16.25,133,9270,189
857644,17.2,133,9138,189
857645,17.55,133,9304,189
857646,18.35,133,8971,189
857647,19.25,133,9134,189
857648,15,133,9011,189
857649,15.9,133,9039,189
857650,12.5,133,9075,189
857651,18,133,9072,189
857652,12.1,133,9184,189
857653,16.5,133,9016,189
857654,18.5,133,9041,189
857655,15.65,133,9208,189
857656,15.5,133,9275,189
857657,17.2,133,9239,189
857658,19.25,133,9173,189
857659,19.6,133,9289,189
857660,15.95,133,9172,189
857661,16,133,9110,189
857662,13.4,133,9236,189
857663,11.25,133,9337,189
857664,11.25,133,9165,189
857665,16.15,133,8951,189
857666,17.4,133,9191,189
857667,13.65,133,9282,189
857668,17,133,9028,189
857669,16.7,133,8987,189
857670,14.4,133,9168,189
857671,16.8,133,9298,189
857672,14.85,133,9017,189
857673,13.7,133,9062,189
857674,17.95,133,9128,189
857675,17.9,133,9169,189
857676,15.25,133,8957,189
857677,12,133,9059,189
857678,14.75,133,8978,189
857679,17,133,9064,189
857680,16.25,133,9196,189
857681,17.45,133,9053,189
857682,16.85,133,9145,189
857683,16.5,133,8997,189
857684,18.6,133,9161,189
857685,16.25,133,9237,189
857686,16.25,133,9153,189
857687,15.85,133,9026,189
857688,19.35,133,9192,189
857689,19.25,133,9132,189
857690,17.2,133,9162,189
857691,16.6,133,8960,189
857692,17.6,133,9177,189
857693,16.65,133,9157,189
857694,17.7,133,9186,189
857695,16.65,133,9086,189
857696,17.3,133,8982,189
857697,15.85,133,9158,189
857698,11.5,133,9049,189
857699,16,133,9178,189
857700,17,133,9332,189
857701,11.25,133,9030,189
857702,18.25,133,9051,189
857703,15.1,133,8977,189
857704,17.25,133,9012,189
857705,17.05,133,9314,189
857706,15.9,133,9024,189
857707,18.6,133,9093,189
857708,14.2,133,9315,189
857709,14.4,133,9142,189
857710,17.85,133,9217,189
857711,14.85,133,9126,189
857712,16.6,133,9070,189
857713,17.95,133,9313,189
857714,15.85,133,9180,189
857715,15.6,133,9005,189
857716,13.25,133,9244,189
857717,15.15,133,9091,189
857718,18.25,133,9327,189
857719,17.85,133,8986,189
857720,16.5,133,9316,189
857721,12.4,133,9116,189
857722,12.95,133,8979,189
857723,17,133,8994,189
857724,15.65,133,9247,189
857725,17.25,133,9206,189
857726,17.1,133,9118,189
857727,16.6,133,8980,189
857728,17.2,133,9326,189
857729,15.45,133,9312,189
857730,16.6,133,8956,189
857731,16.25,133,9269,189
857732,15.6,133,9261,189
857733,15.6,133,8967,189
857734,17.2,133,9023,189
857735,11.8,133,9097,189
857736,16.15,133,9098,189
857737,16.6,134,9322,189
857738,17,134,9148,189
857739,14.6,134,8991,189
857740,16,134,8952,189
857741,15.35,134,9280,189
857742,17.1,134,9034,189
857743,15.95,134,9279,189
857744,13.25,134,9123,189
857745,14.6,134,9309,189
857746,16.55,134,9272,189
857747,15.95,134,9018,189
857748,17.15,134,9246,189
857749,18.85,134,9287,189
857750,17.1,134,8961,189
857751,14,134,9300,189
857752,15.05,134,8968,189
857753,15.1,134,9107,189
857754,13.6,134,9307,189
857755,15.35,134,8983,189
857756,16.6,134,9146,189
857757,17.7,134,9317,189
857758,18.6,134,9127,189
857759,13.25,134,9257,189
857760,16.15,134,9085,189
857761,17.45,134,9230,189
857762,17,134,9056,189
857763,16.5,134,9176,189
857764,14,134,9240,189
857765,15.65,134,9190,189
857766,14.2,134,9204,189
857767,17.25,134,9002,189
857768,15.4,134,9278,189
857769,15.25,134,9202,189
857770,17.25,134,9032,189
857771,14.5,134,9047,189
857772,16.6,134,9286,189
857773,18.6,134,9082,189
857774,14.8,134,9221,189
857775,11.15,134,8995,189
857776,17.25,134,9265,189
857777,16.3,134,9025,189
857778,16.8,134,9324,189
857779,16.6,134,9227,189
857780,13.85,134,9259,189
857781,17.95,134,9301,189
857782,17.3,134,8945,189
857783,16.35,134,9197,189
857784,17.8,134,9232,189
857785,12.85,134,9078,189
857786,15.2,134,8946,189
857787,15.5,134,9119,189
857788,13.95,134,9212,189
857789,17.5,134,9248,189
857790,15.55,134,9185,189
857791,17.5,134,9036,189
857792,14.15,134,9000,189
857793,12.45,134,8955,189
857794,17.75,134,9288,189
857795,14.9,134,9014,189
857796,16.6,134,8999,189
857797,18.35,134,8944,189
857798,17.6,134,9213,189
857799,18.2,134,9105,189
857800,12.05,134,9273,189
857801,10.75,134,9140,189
857802,16.9,134,9131,189
857803,15.05,134,8984,189
857804,14.2,134,9042,189
857805,17.85,134,9151,189
857806,15.3,134,8976,189
857807,11.6,134,9104,189
857808,16.45,134,9170,189
857809,11.2,134,9141,189
857810,18.1,134,9164,189
857811,15.65,134,9256,189
857812,16,134,9144,189
857813,14.95,134,9079,189
857814,14.6,134,9150,189
857815,16.9,134,9274,189
857816,18,134,9335,189
857817,16.4,134,9010,189
857818,18.5,134,9320,189
857819,15.9,134,8943,189
857820,16.85,134,8992,189
857821,17,134,9258,189
857822,16.25,134,9187,189
857823,13.55,134,9063,189
857824,17.25,134,9262,189
857825,15.95,134,9149,189
857826,13.35,134,9050,189
857827,16.5,134,8958,189
857828,15.9,134,9323,189
857829,15.5,134,9087,189
857830,17.6,134,9179,189
857831,13.85,134,9167,189
857832,16.4,134,8963,189
857833,16.45,134,9125,189
857834,18,134,9029,189
857835,16,134,9015,189
857836,13.25,134,9084,189
857837,12,134,9147,189
857838,15.9,134,8948,189
857839,15.35,134,9295,189
857840,15.1,134,9136,189
857841,17.8,134,9339,189
857842,17.5,134,9171,189
857843,16.25,134,9201,189
857844,17.2,134,9306,189
857845,16.3,134,9249,189
857846,18.95,134,9203,189
857847,16.2,134,8972,189
857848,16.2,134,9020,189
857849,16.2,134,9080,189
857850,17.2,134,9311,189
857851,16.9,134,9154,189
857852,14.85,134,9052,189
857853,15.5,134,9101,189
857854,14.35,134,9205,189
857855,15.95,134,9113,189
857856,17,134,9096,189
857857,15.6,134,9021,189
857858,15.85,134,8990,189
857859,12,134,8966,189
857860,17.95,134,9200,189
857861,12.6,134,9283,189
857862,15.35,134,9114,189
857863,14.9,134,9245,189
857864,17.5,134,9058,189
857865,15.85,134,9124,189
857866,18.2,134,9276,189
857867,15.85,134,9077,189
857868,11.85,134,9139,189
857869,13.35,134,9238,189
857870,16,134,9057,189
857871,15.85,134,9043,189
857872,15.25,134,9061,189
857873,17.3,134,9338,189
857874,16.55,134,9037,189
857875,13.75,134,9290,189
857876,13.85,134,9076,189
857877,14.1,134,9189,189
857878,17,134,9199,189
857879,16.7,134,9218,189
857880,16.45,134,9074,189
857881,16,134,9068,189
857882,15.3,134,8953,189
857883,14.75,134,8989,189
857884,16.25,134,9291,189
857885,13.85,134,9271,189
857886,16,134,9277,189
857887,16.25,134,9163,189
857888,17.25,134,9285,189
857889,15.85,134,9224,189
857890,13.6,134,9066,189
857891,14.6,134,9069,189
857892,15.65,134,9160,189
857893,17.35,134,9325,189
857894,15.9,134,9155,189
857895,15.65,134,9214,189
857896,16.8,134,9219,189
857897,10.6,134,8949,189
857898,16.6,134,9305,189
857899,11.5,134,9194,189
857900,15.95,134,9228,189
857901,14.2,134,9225,189
857902,15.8,134,9299,189
857903,16.75,134,9092,189
857904,11.65,134,9234,189
857905,15,134,9319,189
857906,16.25,134,9130,189
857907,13.85,134,9054,189
857908,15.2,134,9111,189
857909,13.95,134,9268,189
857910,14.75,134,9284,189
857911,14.6,134,8981,189
857912,15.6,134,9156,189
857913,16.6,134,9046,189
857914,13.25,134,9031,189
857915,17.9,134,9243,189
857916,15.4,134,9241,189
857917,16.8,134,8964,189
857918,14.25,134,9071,189
857919,13.9,134,9019,189
857920,11.4,134,9035,189
857921,18.65,134,9175,189
857922,15.85,134,9242,189
857923,18.1,134,9121,189
857924,14.65,134,9095,189
857925,15.6,134,9266,189
857926,15.65,134,9006,189
857927,17.7,134,8962,189
857928,12.75,134,9181,189
857929,12.1,134,9231,189
857930,14.6,134,9174,189
857931,16,134,9310,189
857932,14.65,134,9340,189
857933,10.35,134,9226,189
857934,16.45,134,9330,189
857935,17.25,134,8965,189
857936,13.75,134,9004,189
857937,13.85,134,9137,189
857938,12.25,134,9216,189
857939,16,134,9100,189
857940,17,134,9223,189
857941,18.15,134,9183,189
857942,15.65,134,9044,189
857943,16.35,134,9303,189
857944,12.1,134,9038,189
857945,17.3,134,9294,189
857946,16.85,134,9133,189
857947,15.35,134,9008,189
857948,15.25,134,8942,189
857949,10.6,134,8954,189
857950,11.85,134,9067,189
857951,16.5,134,9099,189
857952,16.35,134,8973,189
857953,16.95,134,9022,189
857954,14.6,134,9112,189
857955,15.9,134,9328,189
857956,14.1,134,9143,189
857957,15.25,134,8993,189
857958,17,134,9166,189
857959,12.95,134,9065,189
857960,15.9,134,9333,189
857961,14.85,134,9120,189
857962,15.35,134,8947,189
857963,16.2,134,9215,189
857964,16,134,8950,189
857965,16.45,134,9198,189
857966,16.5,134,9045,189
857967,17.65,134,9108,189
857968,16.2,134,9083,189
857969,14.45,134,9336,189
857970,13,134,9251,189
857971,11.25,134,9102,189
857972,12.35,134,9267,189
857973,11,134,9281,189
857974,12.3,134,9117,189
857975,13.9,134,9013,189
857976,17,134,9220,189
857977,15.8,134,9055,189
857978,16.2,134,9115,189
857979,15.25,134,8998,189
857980,11.7,134,8969,189
857981,12.85,134,9027,189
857982,14.9,134,9308,189
857983,14.45,134,9270,189
857984,16.65,134,9138,189
857985,17.5,134,9304,189
857986,17.95,134,8971,189
857987,18.5,134,9134,189
857988,15.75,134,9011,189
857989,14.85,134,9039,189
857990,13.15,134,9075,189
857991,17.15,134,9072,189
857992,11.55,134,9184,189
857993,15.2,134,9016,189
857994,17.85,134,9041,189
857995,14.9,134,9208,189
857996,15.25,134,9275,189
857997,15.1,134,9239,189
857998,17.4,134,9173,189
857999,16.5,134,9289,189
858000,16.15,134,9172,189
858001,15,134,9110,189
858002,14.5,134,9236,189
858003,9.75,134,9337,189
858004,11.75,134,9165,189
858005,15.25,134,8951,189
858006,16.1,134,9191,189
858007,13.2,134,9282,189
858008,17,134,9028,189
858009,16.25,134,8987,189
858010,13.85,134,9168,189
858011,16.65,134,9298,189
858012,14.35,134,9017,189
858013,13.65,134,9062,189
858014,17.2,134,9128,189
858015,17.1,134,9169,189
858016,16.45,134,8957,189
858017,11.85,134,9059,189
858018,14.5,134,8978,189
858019,16.15,134,9064,189
858020,15.6,134,9196,189
858021,18.6,134,9053,189
858022,15.3,134,9145,189
858023,16.5,134,8997,189
858024,19.3,134,9161,189
858025,13.35,134,9237,189
858026,15.5,134,9153,189
858027,15.3,134,9026,189
858028,18.85,134,9192,189
858029,17.65,134,9132,189
858030,16.8,134,9162,189
858031,18.1,134,8960,189
858032,18.2,134,9177,189
858033,18.3,134,9157,189
858034,16.55,134,9186,189
858035,16.1,134,9086,189
858036,14.85,134,8982,189
858037,15.75,134,9158,189
858038,12.15,134,9049,189
858039,14.8,134,9178,189
858040,17.65,134,9332,189
858041,11.35,134,9030,189
858042,18,134,9051,189
858043,14.65,134,8977,189
858044,16.95,134,9012,189
858045,16.6,134,9314,189
858046,15.5,134,9024,189
858047,15.75,134,9093,189
858048,14.6,134,9315,189
858049,14,134,9142,189
858050,16.85,134,9217,189
858051,15.2,134,9126,189
858052,15.65,134,9070,189
858053,18.85,134,9313,189
858054,13.75,134,9180,189
858055,17.05,134,9005,189
858056,14.2,134,9244,189
858057,15.5,134,9091,189
858058,15.85,134,9327,189
858059,16.35,134,8986,189
858060,14.6,134,9316,189
858061,11.6,134,9116,189
858062,13.5,134,8979,189
858063,16.1,134,8994,189
858064,14.6,134,9247,189
858065,15.75,134,9206,189
858066,17.15,134,9118,189
858067,16.25,134,8980,189
858068,18.25,134,9326,189
858069,14.25,134,9312,189
858070,14.45,134,8956,189
858071,15.9,134,9269,189
858072,14.85,134,9261,189
858073,17,134,8967,189
858074,16.85,134,9023,189
858075,11,134,9097,189
858076,15.35,134,9098,189
858077,17.6,135,9322,189
858078,18.25,135,9148,189
858079,13.85,135,8991,189
858080,17.6,135,8952,189
858081,16.25,135,9280,189
858082,17.85,135,9034,189
858083,16.6,135,9279,189
858084,12.85,135,9123,189
858085,16.25,135,9309,189
858086,17,135,9272,189
858087,16.6,135,9018,189
858088,17.5,135,9246,189
858089,19.2,135,9287,189
858090,17,135,8961,189
858091,14.75,135,9300,189
858092,15,135,8968,189
858093,14.85,135,9107,189
858094,14.8,135,9307,189
858095,16.2,135,8983,189
858096,17,135,9146,189
858097,18.5,135,9317,189
858098,17.6,135,9127,189
858099,15.25,135,9257,189
858100,16.95,135,9085,189
858101,18.25,135,9230,189
858102,18.25,135,9056,189
858103,16.6,135,9176,189
858104,16.5,135,9240,189
858105,17.85,135,9190,189
858106,16.85,135,9204,189
858107,17.25,135,9002,189
858108,14.25,135,9278,189
858109,15.2,135,9202,189
858110,17.45,135,9032,189
858111,16.2,135,9047,189
858112,17.5,135,9286,189
858113,18,135,9082,189
858114,15.5,135,9221,189
858115,11.2,135,8995,189
858116,16.45,135,9265,189
858117,17.45,135,9025,189
858118,17,135,9324,189
858119,19.25,135,9227,189
858120,14.45,135,9259,189
858121,18.6,135,9301,189
858122,18.55,135,8945,189
858123,16.6,135,9197,189
858124,18.85,135,9232,189
858125,13.35,135,9078,189
858126,16,135,8946,189
858127,15.9,135,9119,189
858128,16.25,135,9212,189
858129,18.6,135,9248,189
858130,17.9,135,9185,189
858131,18.65,135,9036,189
858132,14.75,135,9000,189
858133,14.1,135,8955,189
858134,16.95,135,9288,189
858135,14.2,135,9014,189
858136,18.6,135,8999,189
858137,17.6,135,8944,189
858138,19,135,9213,189
858139,19.2,135,9105,189
858140,11.85,135,9273,189
858141,11.2,135,9140,189
858142,16.85,135,9131,189
858143,15.35,135,8984,189
858144,16.25,135,9042,189
858145,17.6,135,9151,189
858146,16.6,135,8976,189
858147,11.85,135,9104,189
858148,17.6,135,9170,189
858149,12.85,135,9141,189
858150,18.25,135,9164,189
858151,18.55,135,9256,189
858152,16.95,135,9144,189
858153,16.65,135,9079,189
858154,14.6,135,9150,189
858155,16,135,9274,189
858156,19.6,135,9335,189
858157,15.5,135,9010,189
858158,18.85,135,9320,189
858159,16.85,135,8943,189
858160,15.35,135,8992,189
858161,18.2,135,9258,189
858162,18,135,9187,189
858163,15.35,135,9063,189
858164,19.25,135,9262,189
858165,16.2,135,9149,189
858166,16,135,9050,189
858167,16.2,135,8958,189
858168,16,135,9323,189
858169,16.35,135,9087,189
858170,17.9,135,9179,189
858171,14.35,135,9167,189
858172,17,135,8963,189
858173,16.9,135,9125,189
858174,17.85,135,9029,189
858175,17.35,135,9015,189
858176,14.35,135,9084,189
858177,13.95,135,9147,189
858178,17.2,135,8948,189
858179,16,135,9295,189
858180,15.95,135,9136,189
858181,18.2,135,9339,189
858182,17.85,135,9171,189
858183,17,135,9201,189
858184,16.2,135,9306,189
858185,17,135,9249,189
858186,18,135,9203,189
858187,17.6,135,8972,189
858188,17.95,135,9020,189
858189,16.1,135,9080,189
858190,17.55,135,9311,189
858191,17.6,135,9154,189
858192,15.95,135,9052,189
858193,15.6,135,9101,189
858194,14.85,135,9205,189
858195,16.6,135,9113,189
858196,17,135,9096,189
858197,14.8,135,9021,189
858198,15.95,135,8990,189
858199,12.7,135,8966,189
858200,18.65,135,9200,189
858201,13.25,135,9283,189
858202,16.3,135,9114,189
858203,16.1,135,9245,189
858204,17.7,135,9058,189
858205,17.85,135,9124,189
858206,17.1,135,9276,189
858207,15.55,135,9077,189
858208,12.65,135,9139,189
858209,13.8,135,9238,189
858210,15.85,135,9057,189
858211,16.85,135,9043,189
858212,15.35,135,9061,189
858213,18.5,135,9338,189
858214,17.6,135,9037,189
858215,13.5,135,9290,189
858216,13.35,135,9076,189
858217,14.2,135,9189,189
858218,17.35,135,9199,189
858219,17.85,135,9218,189
858220,16.25,135,9074,189
858221,16.6,135,9068,189
858222,17.25,135,8953,189
858223,15.6,135,8989,189
858224,16.6,135,9291,189
858225,13.85,135,9271,189
858226,16.25,135,9277,189
858227,15.5,135,9163,189
858228,17.85,135,9285,189
858229,18,135,9224,189
858230,13.35,135,9066,189
858231,15.85,135,9069,189
858232,16.25,135,9160,189
858233,17.85,135,9325,189
858234,16.6,135,9155,189
858235,17.35,135,9214,189
858236,19.6,135,9219,189
858237,10.85,135,8949,189
858238,16.25,135,9305,189
858239,13.3,135,9194,189
858240,16.7,135,9228,189
858241,15.6,135,9225,189
858242,16.45,135,9299,189
858243,17,135,9092,189
858244,12,135,9234,189
858245,17,135,9319,189
858246,17.65,135,9130,189
858247,17,135,9054,189
858248,15.5,135,9111,189
858249,13.25,135,9268,189
858250,16.15,135,9284,189
858251,15.65,135,8981,189
858252,15.6,135,9156,189
858253,17.65,135,9046,189
858254,13.5,135,9031,189
858255,18.5,135,9243,189
858256,15.9,135,9241,189
858257,17.25,135,8964,189
858258,13.85,135,9071,189
858259,14.25,135,9019,189
858260,12.45,135,9035,189
858261,17.6,135,9175,189
858262,17.6,135,9242,189
858263,18.85,135,9121,189
858264,17,135,9095,189
858265,17.45,135,9266,189
858266,16.65,135,9006,189
858267,18.1,135,8962,189
858268,12.85,135,9181,189
858269,14.6,135,9231,189
858270,15.25,135,9174,189
858271,16.85,135,9310,189
858272,15.25,135,9340,189
858273,11.2,135,9226,189
858274,16.85,135,9330,189
858275,16.8,135,8965,189
858276,14.25,135,9004,189
858277,17.2,135,9137,189
858278,11.85,135,9216,189
858279,17.5,135,9100,189
858280,15.25,135,9223,189
858281,16.85,135,9183,189
858282,14.85,135,9044,189
858283,16.5,135,9303,189
858284,13.35,135,9038,189
858285,20,135,9294,189
858286,18.2,135,9133,189
858287,15,135,9008,189
858288,15.85,135,8942,189
858289,11.95,135,8954,189
858290,13.6,135,9067,189
858291,17,135,9099,189
858292,16.2,135,8973,189
858293,18.5,135,9022,189
858294,14.85,135,9112,189
858295,15.6,135,9328,189
858296,15.85,135,9143,189
858297,15.1,135,8993,189
858298,18.4,135,9166,189
858299,14.2,135,9065,189
858300,16.85,135,9333,189
858301,15.6,135,9120,189
858302,16.25,135,8947,189
858303,18.95,135,9215,189
858304,17.5,135,8950,189
858305,18.1,135,9198,189
858306,17.5,135,9045,189
858307,18.5,135,9108,189
858308,16.85,135,9083,189
858309,15.85,135,9336,189
858310,13.25,135,9251,189
858311,12.65,135,9102,189
858312,12.1,135,9267,189
858313,12,135,9281,189
858314,12.85,135,9117,189
858315,14.5,135,9013,189
858316,19.05,135,9220,189
858317,16.25,135,9055,189
858318,16.85,135,9115,189
858319,16.6,135,8998,189
858320,12.85,135,8969,189
858321,13.2,135,9027,189
858322,14.85,135,9308,189
858323,15.6,135,9270,189
858324,15.7,135,9138,189
858325,19,135,9304,189
858326,18.25,135,8971,189
858327,19.6,135,9134,189
858328,16.35,135,9011,189
858329,15.85,135,9039,189
858330,14.3,135,9075,189
858331,17.75,135,9072,189
858332,12.8,135,9184,189
858333,16.65,135,9016,189
858334,18.6,135,9041,189
858335,17,135,9208,189
858336,15.75,135,9275,189
858337,16.6,135,9239,189
858338,17.85,135,9173,189
858339,18.45,135,9289,189
858340,18,135,9172,189
858341,15.85,135,9110,189
858342,15.9,135,9236,189
858343,10.6,135,9337,189
858344,12.7,135,9165,189
858345,14.95,135,8951,189
858346,17,135,9191,189
858347,13.45,135,9282,189
858348,17.5,135,9028,189
858349,16.85,135,8987,189
858350,14,135,9168,189
858351,17.25,135,9298,189
858352,15.75,135,9017,189
858353,12.85,135,9062,189
858354,18,135,9128,189
858355,17.25,135,9169,189
858356,15.85,135,8957,189
858357,12.25,135,9059,189
858358,14.65,135,8978,189
858359,16.25,135,9064,189
858360,16.9,135,9196,189
858361,18.1,135,9053,189
858362,15.6,135,9145,189
858363,16.6,135,8997,189
858364,18.6,135,9161,189
858365,16.6,135,9237,189
858366,17.1,135,9153,189
858367,16.95,135,9026,189
858368,17.9,135,9192,189
858369,18.85,135,9132,189
858370,16.2,135,9162,189
858371,17.85,135,8960,189
858372,17.6,135,9177,189
858373,17.8,135,9157,189
858374,15.85,135,9186,189
858375,18.6,135,9086,189
858376,15.6,135,8982,189
858377,16.5,135,9158,189
858378,11.05,135,9049,189
858379,14.65,135,9178,189
858380,17.6,135,9332,189
858381,12.6,135,9030,189
858382,18.6,135,9051,189
858383,16.25,135,8977,189
858384,17.25,135,9012,189
858385,16.4,135,9314,189
858386,15.85,135,9024,189
858387,18.25,135,9093,189
858388,14.5,135,9315,189
858389,14.45,135,9142,189
858390,18,135,9217,189
858391,16.6,135,9126,189
858392,17.25,135,9070,189
858393,18.5,135,9313,189
858394,16,135,9180,189
858395,16.7,135,9005,189
858396,14,135,9244,189
858397,14.95,135,9091,189
858398,18,135,9327,189
858399,16.25,135,8986,189
858400,16.25,135,9316,189
858401,11.5,135,9116,189
858402,14.85,135,8979,189
858403,17.35,135,8994,189
858404,14.7,135,9247,189
858405,17.7,135,9206,189
858406,17,135,9118,189
858407,17,135,8980,189
858408,19,135,9326,189
858409,15.75,135,9312,189
858410,16.5,135,8956,189
858411,16.6,135,9269,189
858412,16.3,135,9261,189
858413,16.25,135,8967,189
858414,17.85,135,9023,189
858415,11.8,135,9097,189
858416,17.6,135,9098,189
858417,17.8,136,9322,189
858418,17.25,136,9148,189
858419,12.7,136,8991,189
858420,16.9,136,8952,189
858421,15.9,136,9280,189
858422,16.1,136,9034,189
858423,15.45,136,9279,189
858424,12.1,136,9123,189
858425,16.25,136,9309,189
858426,16,136,9272,189
858427,16.5,136,9018,189
858428,17,136,9246,189
858429,18.3,136,9287,189
858430,15.6,136,8961,189
858431,13.5,136,9300,189
858432,14.25,136,8968,189
858433,14.25,136,9107,189
858434,13.55,136,9307,189
858435,14.85,136,8983,189
858436,16,136,9146,189
858437,17.75,136,9317,189
858438,17.2,136,9127,189
858439,13.85,136,9257,189
858440,15.1,136,9085,189
858441,18.1,136,9230,189
858442,15.55,136,9056,189
858443,16.5,136,9176,189
858444,15,136,9240,189
858445,15.6,136,9190,189
858446,16,136,9204,189
858447,16.9,136,9002,189
858448,14.15,136,9278,189
858449,15.4,136,9202,189
858450,16.85,136,9032,189
858451,15.9,136,9047,189
858452,14.6,136,9286,189
858453,17,136,9082,189
858454,15.85,136,9221,189
858455,9.25,136,8995,189
858456,15.85,136,9265,189
858457,15.45,136,9025,189
858458,15.85,136,9324,189
858459,17.4,136,9227,189
858460,13.25,136,9259,189
858461,17.1,136,9301,189
858462,17.25,136,8945,189
858463,16.45,136,9197,189
858464,18.25,136,9232,189
858465,13.6,136,9078,189
858466,16.1,136,8946,189
858467,15.45,136,9119,189
858468,14.9,136,9212,189
858469,17.75,136,9248,189
858470,16.2,136,9185,189
858471,15.1,136,9036,189
858472,13.45,136,9000,189
858473,12.5,136,8955,189
858474,17.2,136,9288,189
858475,14.05,136,9014,189
858476,18.3,136,8999,189
858477,16.2,136,8944,189
858478,16.85,136,9213,189
858479,18.05,136,9105,189
858480,11.1,136,9273,189
858481,9.45,136,9140,189
858482,15.85,136,9131,189
858483,14.85,136,8984,189
858484,13.5,136,9042,189
858485,17,136,9151,189
858486,14.25,136,8976,189
858487,11.45,136,9104,189
858488,16.1,136,9170,189
858489,10.7,136,9141,189
858490,17.2,136,9164,189
858491,16.45,136,9256,189
858492,14.85,136,9144,189
858493,16.35,136,9079,189
858494,13.65,136,9150,189
858495,16.7,136,9274,189
858496,17.2,136,9335,189
858497,14.85,136,9010,189
858498,17.6,136,9320,189
858499,16.6,136,8943,189
858500,15.25,136,8992,189
858501,17.25,136,9258,189
858502,15.95,136,9187,189
858503,12.95,136,9063,189
858504,18.05,136,9262,189
858505,15.3,136,9149,189
858506,14.45,136,9050,189
858507,15.25,136,8958,189
858508,16.3,136,9323,189
858509,14.35,136,9087,189
858510,17.95,136,9179,189
858511,12.5,136,9167,189
858512,16.35,136,8963,189
858513,14.85,136,9125,189
858514,17.1,136,9029,189
858515,16.65,136,9015,189
858516,12.85,136,9084,189
858517,12.1,136,9147,189
858518,15.85,136,8948,189
858519,14.5,136,9295,189
858520,13.6,136,9136,189
858521,16.35,136,9339,189
858522,17.15,136,9171,189
858523,14.85,136,9201,189
858524,16,136,9306,189
858525,15,136,9249,189
858526,16.45,136,9203,189
858527,15.9,136,8972,189
858528,17.15,136,9020,189
858529,14.4,136,9080,189
858530,17.5,136,9311,189
858531,16.1,136,9154,189
858532,15.15,136,9052,189
858533,16,136,9101,189
858534,15.25,136,9205,189
858535,14.6,136,9113,189
858536,16.65,136,9096,189
858537,15.25,136,9021,189
858538,15.25,136,8990,189
858539,12.45,136,8966,189
858540,16.8,136,9200,189
858541,11.25,136,9283,189
858542,16.2,136,9114,189
858543,13.8,136,9245,189
858544,14.6,136,9058,189
858545,14.95,136,9124,189
858546,15.65,136,9276,189
858547,15.2,136,9077,189
858548,10.8,136,9139,189
858549,13,136,9238,189
858550,15.35,136,9057,189
858551,14.55,136,9043,189
858552,15.65,136,9061,189
858553,16.85,136,9338,189
858554,16.35,136,9037,189
858555,13,136,9290,189
858556,12.2,136,9076,189
858557,13.6,136,9189,189
858558,16.6,136,9199,189
858559,17.3,136,9218,189
858560,18.5,136,9074,189
858561,16.45,136,9068,189
858562,16.6,136,8953,189
858563,14.2,136,8989,189
858564,15.3,136,9291,189
858565,11.55,136,9271,189
858566,16.75,136,9277,189
858567,15.2,136,9163,189
858568,16.7,136,9285,189
858569,16,136,9224,189
858570,12.6,136,9066,189
858571,14.55,136,9069,189
858572,16.2,136,9160,189
858573,16.25,136,9325,189
858574,14.8,136,9155,189
858575,16.2,136,9214,189
858576,17.25,136,9219,189
858577,11.5,136,8949,189
858578,15.95,136,9305,189
858579,13.2,136,9194,189
858580,14.9,136,9228,189
858581,13.7,136,9225,189
858582,16,136,9299,189
858583,16.85,136,9092,189
858584,11.2,136,9234,189
858585,16.2,136,9319,189
858586,16.1,136,9130,189
858587,16.1,136,9054,189
858588,15.3,136,9111,189
858589,14.5,136,9268,189
858590,15.2,136,9284,189
858591,15.1,136,8981,189
858592,15.75,136,9156,189
858593,16.9,136,9046,189
858594,12.6,136,9031,189
858595,16.7,136,9243,189
858596,13.8,136,9241,189
858597,15.75,136,8964,189
858598,12.85,136,9071,189
858599,13.85,136,9019,189
858600,10.85,136,9035,189
858601,18.1,136,9175,189
858602,15.85,136,9242,189
858603,18,136,9121,189
858604,15.6,136,9095,189
858605,17.95,136,9266,189
858606,15,136,9006,189
858607,16.5,136,8962,189
858608,12.8,136,9181,189
858609,13.15,136,9231,189
858610,13.85,136,9174,189
858611,15.9,136,9310,189
858612,14.7,136,9340,189
858613,12,136,9226,189
858614,16.15,136,9330,189
858615,15.8,136,8965,189
858616,13.65,136,9004,189
858617,15.55,136,9137,189
858618,10.55,136,9216,189
858619,14.55,136,9100,189
858620,15.05,136,9223,189
858621,17.3,136,9183,189
858622,15.15,136,9044,189
858623,15.75,136,9303,189
858624,12.45,136,9038,189
858625,17.55,136,9294,189
858626,17.4,136,9133,189
858627,14.35,136,9008,189
858628,14.1,136,8942,189
858629,9.6,136,8954,189
858630,10.8,136,9067,189
858631,15.5,136,9099,189
858632,14.5,136,8973,189
858633,16.85,136,9022,189
858634,13.95,136,9112,189
858635,15.85,136,9328,189
858636,13.6,136,9143,189
858637,14.5,136,8993,189
858638,18.9,136,9166,189
858639,12.45,136,9065,189
858640,15.95,136,9333,189
858641,14.1,136,9120,189
858642,14.4,136,8947,189
858643,17.9,136,9215,189
858644,16.25,136,8950,189
858645,18.25,136,9198,189
858646,16,136,9045,189
858647,15.95,136,9108,189
858648,15.85,136,9083,189
858649,14.85,136,9336,189
858650,12.55,136,9251,189
858651,9.6,136,9102,189
858652,11.2,136,9267,189
858653,10.1,136,9281,189
858654,11.85,136,9117,189
858655,13.6,136,9013,189
858656,17.75,136,9220,189
858657,15.85,136,9055,189
858658,15.8,136,9115,189
858659,14.5,136,8998,189
858660,12.05,136,8969,189
858661,13.25,136,9027,189
858662,14,136,9308,189
858663,14.4,136,9270,189
858664,18.05,136,9138,189
858665,16.95,136,9304,189
858666,17.75,136,8971,189
858667,16.15,136,9134,189
858668,15.05,136,9011,189
858669,14.25,136,9039,189
858670,12.85,136,9075,189
858671,15.75,136,9072,189
858672,11.6,136,9184,189
858673,15.6,136,9016,189
858674,17.75,136,9041,189
858675,14.65,136,9208,189
858676,14.35,136,9275,189
858677,15.5,136,9239,189
858678,17.6,136,9173,189
858679,17.7,136,9289,189
858680,16.65,136,9172,189
858681,15.9,136,9110,189
858682,13.7,136,9236,189
858683,10.75,136,9337,189
858684,11.65,136,9165,189
858685,15.35,136,8951,189
858686,16.2,136,9191,189
858687,12.6,136,9282,189
858688,17.25,136,9028,189
858689,15.35,136,8987,189
858690,14.1,136,9168,189
858691,16,136,9298,189
858692,15.3,136,9017,189
858693,12.25,136,9062,189
858694,16.1,136,9128,189
858695,17.85,136,9169,189
858696,15.75,136,8957,189
858697,11.45,136,9059,189
858698,12.6,136,8978,189
858699,16.6,136,9064,189
858700,16.95,136,9196,189
858701,18.55,136,9053,189
858702,15.1,136,9145,189
858703,15.5,136,8997,189
858704,17.05,136,9161,189
858705,14.05,136,9237,189
858706,14.2,136,9153,189
858707,15.95,136,9026,189
858708,17.05,136,9192,189
858709,18.65,136,9132,189
858710,16.25,136,9162,189
858711,17.6,136,8960,189
858712,17,136,9177,189
858713,15.65,136,9157,189
858714,16.75,136,9186,189
858715,15.35,136,9086,189
858716,14.9,136,8982,189
858717,16.95,136,9158,189
858718,11.2,136,9049,189
858719,14.45,136,9178,189
858720,17.4,136,9332,189
858721,10.25,136,9030,189
858722,17.85,136,9051,189
858723,14.25,136,8977,189
858724,15.5,136,9012,189
858725,16.95,136,9314,189
858726,15.85,136,9024,189
858727,18.1,136,9093,189
858728,12.65,136,9315,189
858729,12.95,136,9142,189
858730,16.6,136,9217,189
858731,14.75,136,9126,189
858732,16.9,136,9070,189
858733,18.35,136,9313,189
858734,15.65,136,9180,189
858735,15.6,136,9005,189
858736,12,136,9244,189
858737,14.45,136,9091,189
858738,16,136,9327,189
858739,16.5,136,8986,189
858740,14.5,136,9316,189
858741,10.85,136,9116,189
858742,15.25,136,8979,189
858743,15.5,136,8994,189
858744,14.6,136,9247,189
858745,16.6,136,9206,189
858746,14.55,136,9118,189
858747,17.6,136,8980,189
858748,17.45,136,9326,189
858749,14.05,136,9312,189
858750,15.1,136,8956,189
858751,16.2,136,9269,189
858752,15.25,136,9261,189
858753,15.4,136,8967,189
858754,16.2,136,9023,189
858755,10.35,136,9097,189
858756,16.3,136,9098,189
858757,19.25,137,9322,189
858758,19.65,137,9148,189
858759,16.25,137,8991,189
858760,18.2,137,8952,189
858761,17.6,137,9280,189
858762,20,137,9034,189
858763,16.85,137,9279,189
858764,14.25,137,9123,189
858765,17.25,137,9309,189
858766,18.25,137,9272,189
858767,17.85,137,9018,189
858768,19.25,137,9246,189
858769,20,137,9287,189
858770,18.6,137,8961,189
858771,15.25,137,9300,189
858772,17.6,137,8968,189
858773,17.85,137,9107,189
858774,16.85,137,9307,189
858775,16.55,137,8983,189
858776,18.85,137,9146,189
858777,19.6,137,9317,189
858778,19.2,137,9127,189
858779,14.95,137,9257,189
858780,17.85,137,9085,189
858781,19.6,137,9230,189
858782,19.6,137,9056,189
858783,17.6,137,9176,189
858784,17,137,9240,189
858785,18.6,137,9190,189
858786,17.65,137,9204,189
858787,18.6,137,9002,189
858788,17.25,137,9278,189
858789,18.25,137,9202,189
858790,18.5,137,9032,189
858791,17.2,137,9047,189
858792,17.85,137,9286,189
858793,19,137,9082,189
858794,17.85,137,9221,189
858795,12.25,137,8995,189
858796,19.35,137,9265,189
858797,18.85,137,9025,189
858798,19.25,137,9324,189
858799,20,137,9227,189
858800,15.2,137,9259,189
858801,19.25,137,9301,189
858802,20,137,8945,189
858803,17.25,137,9197,189
858804,20,137,9232,189
858805,15.25,137,9078,189
858806,17.85,137,8946,189
858807,17.2,137,9119,189
858808,17.2,137,9212,189
858809,19.6,137,9248,189
858810,18,137,9185,189
858811,18.25,137,9036,189
858812,16.25,137,9000,189
858813,16,137,8955,189
858814,18,137,9288,189
858815,16.5,137,9014,189
858816,20,137,8999,189
858817,19.25,137,8944,189
858818,20,137,9213,189
858819,20,137,9105,189
858820,14.25,137,9273,189
858821,12.6,137,9140,189
858822,17.85,137,9131,189
858823,17.25,137,8984,189
858824,17.85,137,9042,189
858825,17.95,137,9151,189
858826,16.95,137,8976,189
858827,13.6,137,9104,189
858828,17.85,137,9170,189
858829,14,137,9141,189
858830,20,137,9164,189
858831,18.5,137,9256,189
858832,17.25,137,9144,189
858833,17.85,137,9079,189
858834,16.25,137,9150,189
858835,18.6,137,9274,189
858836,19.2,137,9335,189
858837,17.2,137,9010,189
858838,19.6,137,9320,189
858839,18.6,137,8943,189
858840,17,137,8992,189
858841,19.6,137,9258,189
858842,18.85,137,9187,189
858843,16.85,137,9063,189
858844,19.6,137,9262,189
858845,18.35,137,9149,189
858846,16.6,137,9050,189
858847,19.6,137,8958,189
858848,17.35,137,9323,189
858849,17.85,137,9087,189
858850,20,137,9179,189
858851,17.25,137,9167,189
858852,17.2,137,8963,189
858853,19,137,9125,189
858854,19.25,137,9029,189
858855,17.95,137,9015,189
858856,15.85,137,9084,189
858857,15.6,137,9147,189
858858,18.6,137,8948,189
858859,17.2,137,9295,189
858860,17.6,137,9136,189
858861,20,137,9339,189
858862,20,137,9171,189
858863,18.6,137,9201,189
858864,17.6,137,9306,189
858865,17.2,137,9249,189
858866,20,137,9203,189
858867,19,137,8972,189
858868,19.25,137,9020,189
858869,17.6,137,9080,189
858870,19.6,137,9311,189
858871,19.35,137,9154,189
858872,18.5,137,9052,189
858873,17.6,137,9101,189
858874,16,137,9205,189
858875,18.35,137,9113,189
858876,18.85,137,9096,189
858877,16.5,137,9021,189
858878,17.6,137,8990,189
858879,13.85,137,8966,189
858880,20,137,9200,189
858881,13.25,137,9283,189
858882,18.2,137,9114,189
858883,16.2,137,9245,189
858884,18.25,137,9058,189
858885,17.45,137,9124,189
858886,17.6,137,9276,189
858887,18.25,137,9077,189
858888,14.6,137,9139,189
858889,15.6,137,9238,189
858890,17.6,137,9057,189
858891,16.85,137,9043,189
858892,17.85,137,9061,189
858893,18.5,137,9338,189
858894,19.6,137,9037,189
858895,15.6,137,9290,189
858896,14.6,137,9076,189
858897,16.6,137,9189,189
858898,18.2,137,9199,189
858899,19.6,137,9218,189
858900,19.6,137,9074,189
858901,19.25,137,9068,189
858902,18.25,137,8953,189
858903,18.25,137,8989,189
858904,17.5,137,9291,189
858905,14.6,137,9271,189
858906,17.85,137,9277,189
858907,17.25,137,9163,189
858908,18.85,137,9285,189
858909,18.6,137,9224,189
858910,15.6,137,9066,189
858911,16.2,137,9069,189
858912,18,137,9160,189
858913,19.6,137,9325,189
858914,18,137,9155,189
858915,17.9,137,9214,189
858916,20,137,9219,189
858917,13.2,137,8949,189
858918,19,137,9305,189
858919,15.25,137,9194,189
858920,18.65,137,9228,189
858921,15.85,137,9225,189
858922,17.25,137,9299,189
858923,20,137,9092,189
858924,13.65,137,9234,189
858925,17.25,137,9319,189
858926,18.85,137,9130,189
858927,17.6,137,9054,189
858928,17.25,137,9111,189
858929,14.85,137,9268,189
858930,17.6,137,9284,189
858931,17.6,137,8981,189
858932,17.25,137,9156,189
858933,19.25,137,9046,189
858934,16.25,137,9031,189
858935,20,137,9243,189
858936,16.85,137,9241,189
858937,19.6,137,8964,189
858938,15.6,137,9071,189
858939,16.5,137,9019,189
858940,14.35,137,9035,189
858941,20,137,9175,189
858942,18.85,137,9242,189
858943,19.65,137,9121,189
858944,16.6,137,9095,189
858945,17.6,137,9266,189
858946,17.6,137,9006,189
858947,20,137,8962,189
858948,14,137,9181,189
858949,15.2,137,9231,189
858950,17.25,137,9174,189
858951,18.5,137,9310,189
858952,16.85,137,9340,189
858953,12.85,137,9226,189
858954,18.25,137,9330,189
858955,19.25,137,8965,189
858956,14.5,137,9004,189
858957,16.85,137,9137,189
858958,14,137,9216,189
858959,17.85,137,9100,189
858960,16.6,137,9223,189
858961,19.6,137,9183,189
858962,16.85,137,9044,189
858963,18.5,137,9303,189
858964,14.2,137,9038,189
858965,19,137,9294,189
858966,19.2,137,9133,189
858967,15.6,137,9008,189
858968,17,137,8942,189
858969,12.85,137,8954,189
858970,14.35,137,9067,189
858971,18.85,137,9099,189
858972,17,137,8973,189
858973,19.6,137,9022,189
858974,16.6,137,9112,189
858975,18.6,137,9328,189
858976,17.25,137,9143,189
858977,17,137,8993,189
858978,19.65,137,9166,189
858979,15.6,137,9065,189
858980,18.6,137,9333,189
858981,17,137,9120,189
858982,17.85,137,8947,189
858983,19.25,137,9215,189
858984,19.2,137,8950,189
858985,18.6,137,9198,189
858986,19.6,137,9045,189
858987,20,137,9108,189
858988,17.95,137,9083,189
858989,18.85,137,9336,189
858990,14.65,137,9251,189
858991,12.85,137,9102,189
858992,14.85,137,9267,189
858993,13.25,137,9281,189
858994,15.25,137,9117,189
858995,17.2,137,9013,189
858996,20,137,9220,189
858997,17.6,137,9055,189
858998,18.35,137,9115,189
858999,16.85,137,8998,189
859000,15,137,8969,189
859001,14.6,137,9027,189
859002,16.2,137,9308,189
859003,16.85,137,9270,189
859004,19.6,137,9138,189
859005,18.6,137,9304,189
859006,19.6,137,8971,189
859007,19.6,137,9134,189
859008,17.25,137,9011,189
859009,18.85,137,9039,189
859010,15.85,137,9075,189
859011,19.6,137,9072,189
859012,14.35,137,9184,189
859013,17.25,137,9016,189
859014,19.6,137,9041,189
859015,17.6,137,9208,189
859016,18.25,137,9275,189
859017,18.6,137,9239,189
859018,20,137,9173,189
859019,20,137,9289,189
859020,17.6,137,9172,189
859021,18.6,137,9110,189
859022,16.35,137,9236,189
859023,13.2,137,9337,189
859024,14.65,137,9165,189
859025,18.25,137,8951,189
859026,17.6,137,9191,189
859027,15.85,137,9282,189
859028,18.2,137,9028,189
859029,18.85,137,8987,189
859030,16.25,137,9168,189
859031,18.45,137,9298,189
859032,17.25,137,9017,189
859033,14.95,137,9062,189
859034,19.6,137,9128,189
859035,19.65,137,9169,189
859036,18.5,137,8957,189
859037,14.6,137,9059,189
859038,16,137,8978,189
859039,17.2,137,9064,189
859040,18.45,137,9196,189
859041,19.6,137,9053,189
859042,17.85,137,9145,189
859043,17.65,137,8997,189
859044,18.85,137,9161,189
859045,16.6,137,9237,189
859046,17.2,137,9153,189
859047,18.25,137,9026,189
859048,19.6,137,9192,189
859049,20,137,9132,189
859050,19.2,137,9162,189
859051,19.25,137,8960,189
859052,20,137,9177,189
859053,19.25,137,9157,189
859054,17.85,137,9186,189
859055,19.25,137,9086,189
859056,17.25,137,8982,189
859057,17.35,137,9158,189
859058,13.6,137,9049,189
859059,17.25,137,9178,189
859060,17.6,137,9332,189
859061,11.85,137,9030,189
859062,20,137,9051,189
859063,17.25,137,8977,189
859064,17.85,137,9012,189
859065,19.25,137,9314,189
859066,18.6,137,9024,189
859067,20,137,9093,189
859068,14.85,137,9315,189
859069,16.85,137,9142,189
859070,18.35,137,9217,189
859071,17.65,137,9126,189
859072,17.85,137,9070,189
859073,20,137,9313,189
859074,15.5,137,9180,189
859075,17.5,137,9005,189
859076,14.6,137,9244,189
859077,16.85,137,9091,189
859078,19.25,137,9327,189
859079,17.85,137,8986,189
859080,16.5,137,9316,189
859081,12.75,137,9116,189
859082,17.2,137,8979,189
859083,20,137,8994,189
859084,16.6,137,9247,189
859085,19.6,137,9206,189
859086,18.25,137,9118,189
859087,20,137,8980,189
859088,19.65,137,9326,189
859089,16.6,137,9312,189
859090,17.2,137,8956,189
859091,17.2,137,9269,189
859092,17.25,137,9261,189
859093,19,137,8967,189
859094,18.65,137,9023,189
859095,13.85,137,9097,189
859096,18.5,137,9098,189
859097,18.5,138,9322,189
859098,18.85,138,9148,189
859099,14.85,138,8991,189
859100,18.2,138,8952,189
859101,16.6,138,9280,189
859102,19.6,138,9034,189
859103,16.6,138,9279,189
859104,12.95,138,9123,189
859105,17.2,138,9309,189
859106,16.6,138,9272,189
859107,17.25,138,9018,189
859108,18,138,9246,189
859109,19.25,138,9287,189
859110,17.2,138,8961,189
859111,15.6,138,9300,189
859112,16.6,138,8968,189
859113,17.2,138,9107,189
859114,16.25,138,9307,189
859115,17.25,138,8983,189
859116,18.85,138,9146,189
859117,19.6,138,9317,189
859118,19.25,138,9127,189
859119,15.95,138,9257,189
859120,18.25,138,9085,189
859121,20,138,9230,189
859122,20,138,9056,189
859123,16.85,138,9176,189
859124,17.6,138,9240,189
859125,17.6,138,9190,189
859126,16.6,138,9204,189
859127,18,138,9002,189
859128,16,138,9278,189
859129,16.85,138,9202,189
859130,18.1,138,9032,189
859131,17.25,138,9047,189
859132,17.85,138,9286,189
859133,20,138,9082,189
859134,16.6,138,9221,189
859135,13,138,8995,189
859136,17.9,138,9265,189
859137,17.5,138,9025,189
859138,18.25,138,9324,189
859139,18.45,138,9227,189
859140,14.2,138,9259,189
859141,19.6,138,9301,189
859142,18.25,138,8945,189
859143,16.85,138,9197,189
859144,19.6,138,9232,189
859145,14.6,138,9078,189
859146,17.25,138,8946,189
859147,17.25,138,9119,189
859148,15.8,138,9212,189
859149,18.6,138,9248,189
859150,18.6,138,9185,189
859151,18.35,138,9036,189
859152,16,138,9000,189
859153,15.25,138,8955,189
859154,17.6,138,9288,189
859155,16.85,138,9014,189
859156,19.6,138,8999,189
859157,18.6,138,8944,189
859158,18.35,138,9213,189
859159,19.2,138,9105,189
859160,13.85,138,9273,189
859161,12.25,138,9140,189
859162,19.25,138,9131,189
859163,15.6,138,8984,189
859164,17,138,9042,189
859165,18.6,138,9151,189
859166,18,138,8976,189
859167,12.85,138,9104,189
859168,18.6,138,9170,189
859169,13.6,138,9141,189
859170,20,138,9164,189
859171,19,138,9256,189
859172,18,138,9144,189
859173,17.65,138,9079,189
859174,15.85,138,9150,189
859175,17.9,138,9274,189
859176,20,138,9335,189
859177,17.2,138,9010,189
859178,18.85,138,9320,189
859179,18,138,8943,189
859180,16.85,138,8992,189
859181,19.65,138,9258,189
859182,17.6,138,9187,189
859183,16,138,9063,189
859184,19,138,9262,189
859185,16.6,138,9149,189
859186,17.6,138,9050,189
859187,17.85,138,8958,189
859188,17.1,138,9323,189
859189,15.5,138,9087,189
859190,19.6,138,9179,189
859191,16.85,138,9167,189
859192,17.7,138,8963,189
859193,17.6,138,9125,189
859194,19.6,138,9029,189
859195,18.35,138,9015,189
859196,15.25,138,9084,189
859197,13.45,138,9147,189
859198,16.85,138,8948,189
859199,16.6,138,9295,189
859200,17.5,138,9136,189
859201,18.6,138,9339,189
859202,19.6,138,9171,189
859203,17.25,138,9201,189
859204,17.65,138,9306,189
859205,17.85,138,9249,189
859206,20,138,9203,189
859207,18.6,138,8972,189
859208,19.6,138,9020,189
859209,16.2,138,9080,189
859210,18.6,138,9311,189
859211,17.85,138,9154,189
859212,18,138,9052,189
859213,17.95,138,9101,189
859214,16.6,138,9205,189
859215,17.25,138,9113,189
859216,18.6,138,9096,189
859217,16.25,138,9021,189
859218,17.25,138,8990,189
859219,14.25,138,8966,189
859220,18.6,138,9200,189
859221,13.35,138,9283,189
859222,17.45,138,9114,189
859223,15.85,138,9245,189
859224,17.85,138,9058,189
859225,16.6,138,9124,189
859226,18,138,9276,189
859227,16.75,138,9077,189
859228,14.35,138,9139,189
859229,15,138,9238,189
859230,16.6,138,9057,189
859231,16.45,138,9043,189
859232,17,138,9061,189
859233,18.9,138,9338,189
859234,18.6,138,9037,189
859235,14.1,138,9290,189
859236,14.6,138,9076,189
859237,15,138,9189,189
859238,17.6,138,9199,189
859239,19,138,9218,189
859240,17.6,138,9074,189
859241,19,138,9068,189
859242,16.85,138,8953,189
859243,17.6,138,8989,189
859244,17.85,138,9291,189
859245,14.2,138,9271,189
859246,18.85,138,9277,189
859247,16.35,138,9163,189
859248,18.85,138,9285,189
859249,19.25,138,9224,189
859250,14.5,138,9066,189
859251,15.9,138,9069,189
859252,18.2,138,9160,189
859253,18.25,138,9325,189
859254,16.65,138,9155,189
859255,17.25,138,9214,189
859256,18.6,138,9219,189
859257,12.6,138,8949,189
859258,18.25,138,9305,189
859259,14.35,138,9194,189
859260,17,138,9228,189
859261,15,138,9225,189
859262,17.6,138,9299,189
859263,18.25,138,9092,189
859264,13.25,138,9234,189
859265,17.2,138,9319,189
859266,18.6,138,9130,189
859267,17.35,138,9054,189
859268,17,138,9111,189
859269,15,138,9268,189
859270,17.1,138,9284,189
859271,16.45,138,8981,189
859272,16.2,138,9156,189
859273,17.6,138,9046,189
859274,14.85,138,9031,189
859275,19.2,138,9243,189
859276,16.6,138,9241,189
859277,19.35,138,8964,189
859278,15.6,138,9071,189
859279,14.85,138,9019,189
859280,13.25,138,9035,189
859281,20,138,9175,189
859282,17.85,138,9242,189
859283,19.6,138,9121,189
859284,17.85,138,9095,189
859285,18.35,138,9266,189
859286,17.6,138,9006,189
859287,18.6,138,8962,189
859288,13.5,138,9181,189
859289,15.25,138,9231,189
859290,16.6,138,9174,189
859291,17.1,138,9310,189
859292,17,138,9340,189
859293,13,138,9226,189
859294,18.8,138,9330,189
859295,18.6,138,8965,189
859296,13.6,138,9004,189
859297,17.6,138,9137,189
859298,13.45,138,9216,189
859299,17.85,138,9100,189
859300,17.5,138,9223,189
859301,19,138,9183,189
859302,17.35,138,9044,189
859303,18,138,9303,189
859304,13.85,138,9038,189
859305,19.2,138,9294,189
859306,18.85,138,9133,189
859307,16.6,138,9008,189
859308,16.95,138,8942,189
859309,11.6,138,8954,189
859310,14.45,138,9067,189
859311,16.45,138,9099,189
859312,17.9,138,8973,189
859313,18.85,138,9022,189
859314,15.95,138,9112,189
859315,17.8,138,9328,189
859316,16.65,138,9143,189
859317,16.85,138,8993,189
859318,19.6,138,9166,189
859319,14.85,138,9065,189
859320,17.6,138,9333,189
859321,17.65,138,9120,189
859322,17.25,138,8947,189
859323,19.25,138,9215,189
859324,18.6,138,8950,189
859325,18.85,138,9198,189
859326,18,138,9045,189
859327,19.6,138,9108,189
859328,18,138,9083,189
859329,18.6,138,9336,189
859330,15.25,138,9251,189
859331,12.6,138,9102,189
859332,13.55,138,9267,189
859333,12.2,138,9281,189
859334,14,138,9117,189
859335,16.2,138,9013,189
859336,19.35,138,9220,189
859337,18.35,138,9055,189
859338,18.25,138,9115,189
859339,17.6,138,8998,189
859340,14.85,138,8969,189
859341,13.85,138,9027,189
859342,16,138,9308,189
859343,17.5,138,9270,189
859344,18.6,138,9138,189
859345,18,138,9304,189
859346,19.6,138,8971,189
859347,20,138,9134,189
859348,16.7,138,9011,189
859349,18.45,138,9039,189
859350,14.6,138,9075,189
859351,20,138,9072,189
859352,14.6,138,9184,189
859353,17,138,9016,189
859354,19.25,138,9041,189
859355,17.6,138,9208,189
859356,16.85,138,9275,189
859357,18.25,138,9239,189
859358,19.25,138,9173,189
859359,19.35,138,9289,189
859360,16.75,138,9172,189
859361,18,138,9110,189
859362,16.1,138,9236,189
859363,12.35,138,9337,189
859364,13.85,138,9165,189
859365,17.25,138,8951,189
859366,18.6,138,9191,189
859367,15.6,138,9282,189
859368,18.25,138,9028,189
859369,18,138,8987,189
859370,16.25,138,9168,189
859371,17.95,138,9298,189
859372,16.85,138,9017,189
859373,14.1,138,9062,189
859374,18.2,138,9128,189
859375,18.6,138,9169,189
859376,18.25,138,8957,189
859377,15,138,9059,189
859378,15.2,138,8978,189
859379,17.2,138,9064,189
859380,16.55,138,9196,189
859381,19.35,138,9053,189
859382,17.25,138,9145,189
859383,17.55,138,8997,189
859384,20,138,9161,189
859385,16.5,138,9237,189
859386,17.9,138,9153,189
859387,17.1,138,9026,189
859388,19.6,138,9192,189
859389,19.25,138,9132,189
859390,17.6,138,9162,189
859391,19,138,8960,189
859392,19.25,138,9177,189
859393,18,138,9157,189
859394,17.2,138,9186,189
859395,19,138,9086,189
859396,17.25,138,8982,189
859397,18,138,9158,189
859398,13.6,138,9049,189
859399,16.35,138,9178,189
859400,16.85,138,9332,189
859401,12.95,138,9030,189
859402,19,138,9051,189
859403,16.6,138,8977,189
859404,18.85,138,9012,189
859405,19.25,138,9314,189
859406,18.25,138,9024,189
859407,19.6,138,9093,189
859408,14.6,138,9315,189
859409,15.45,138,9142,189
859410,18.75,138,9217,189
859411,16.6,138,9126,189
859412,17.85,138,9070,189
859413,19.75,138,9313,189
859414,16.6,138,9180,189
859415,16.85,138,9005,189
859416,13.85,138,9244,189
859417,16.2,138,9091,189
859418,18.2,138,9327,189
859419,19,138,8986,189
859420,16.85,138,9316,189
859421,13.25,138,9116,189
859422,16.85,138,8979,189
859423,20,138,8994,189
859424,17.6,138,9247,189
859425,19.25,138,9206,189
859426,17.25,138,9118,189
859427,19.6,138,8980,189
859428,18.6,138,9326,189
859429,15.85,138,9312,189
859430,16.5,138,8956,189
859431,17,138,9269,189
859432,17.2,138,9261,189
859433,16.6,138,8967,189
859434,17.6,138,9023,189
859435,12.6,138,9097,189
859436,17.5,138,9098,189
859437,18.25,139,9322,189
859438,18.9,139,9148,189
859439,15.5,139,8991,189
859440,17.25,139,8952,189
859441,16.25,139,9280,189
859442,18.25,139,9034,189
859443,17.6,139,9279,189
859444,13.25,139,9123,189
859445,16.85,139,9309,189
859446,17.7,139,9272,189
859447,16.85,139,9018,189
859448,18.9,139,9246,189
859449,17.85,139,9287,189
859450,18.25,139,8961,189
859451,14.2,139,9300,189
859452,16.2,139,8968,189
859453,15.2,139,9107,189
859454,15.7,139,9307,189
859455,16.65,139,8983,189
859456,17.6,139,9146,189
859457,18.6,139,9317,189
859458,19,139,9127,189
859459,14.85,139,9257,189
859460,16.85,139,9085,189
859461,19.6,139,9230,189
859462,16.95,139,9056,189
859463,16.75,139,9176,189
859464,16.75,139,9240,189
859465,17.25,139,9190,189
859466,15.9,139,9204,189
859467,19,139,9002,189
859468,15.85,139,9278,189
859469,16.6,139,9202,189
859470,19.25,139,9032,189
859471,17.25,139,9047,189
859472,16.1,139,9286,189
859473,17.95,139,9082,189
859474,16.2,139,9221,189
859475,11.6,139,8995,189
859476,18.35,139,9265,189
859477,17.6,139,9025,189
859478,17.6,139,9324,189
859479,18.85,139,9227,189
859480,13.6,139,9259,189
859481,18.85,139,9301,189
859482,19.25,139,8945,189
859483,17.25,139,9197,189
859484,19.6,139,9232,189
859485,13.85,139,9078,189
859486,17.1,139,8946,189
859487,16.1,139,9119,189
859488,16.2,139,9212,189
859489,18.35,139,9248,189
859490,18.65,139,9185,189
859491,18.25,139,9036,189
859492,15.5,139,9000,189
859493,14.95,139,8955,189
859494,18.65,139,9288,189
859495,15.85,139,9014,189
859496,19,139,8999,189
859497,19.6,139,8944,189
859498,17.6,139,9213,189
859499,17.85,139,9105,189
859500,14.25,139,9273,189
859501,11.75,139,9140,189
859502,16.85,139,9131,189
859503,15.85,139,8984,189
859504,16.25,139,9042,189
859505,18.2,139,9151,189
859506,16.5,139,8976,189
859507,12.85,139,9104,189
859508,17.6,139,9170,189
859509,11.5,139,9141,189
859510,19.2,139,9164,189
859511,17.6,139,9256,189
859512,17.2,139,9144,189
859513,19.6,139,9079,189
859514,15.9,139,9150,189
859515,18,139,9274,189
859516,18.5,139,9335,189
859517,16.6,139,9010,189
859518,19.25,139,9320,189
859519,17.85,139,8943,189
859520,17,139,8992,189
859521,18.85,139,9258,189
859522,18.45,139,9187,189
859523,14.35,139,9063,189
859524,18.05,139,9262,189
859525,15.5,139,9149,189
859526,16.85,139,9050,189
859527,19,139,8958,189
859528,16.65,139,9323,189
859529,16.6,139,9087,189
859530,19.6,139,9179,189
859531,15.25,139,9167,189
859532,16.7,139,8963,189
859533,18.85,139,9125,189
859534,19.25,139,9029,189
859535,17.85,139,9015,189
859536,14.1,139,9084,189
859537,13,139,9147,189
859538,16.9,139,8948,189
859539,15.9,139,9295,189
859540,16,139,9136,189
859541,17.25,139,9339,189
859542,18.45,139,9171,189
859543,16.85,139,9201,189
859544,18.2,139,9306,189
859545,17.6,139,9249,189
859546,18.2,139,9203,189
859547,17.9,139,8972,189
859548,19.2,139,9020,189
859549,16.25,139,9080,189
859550,18.6,139,9311,189
859551,17.45,139,9154,189
859552,16.45,139,9052,189
859553,16.2,139,9101,189
859554,17.25,139,9205,189
859555,17.6,139,9113,189
859556,17.25,139,9096,189
859557,15.65,139,9021,189
859558,17.25,139,8990,189
859559,14.25,139,8966,189
859560,18.6,139,9200,189
859561,13.45,139,9283,189
859562,17.25,139,9114,189
859563,16.9,139,9245,189
859564,17.6,139,9058,189
859565,17.25,139,9124,189
859566,18.25,139,9276,189
859567,16.9,139,9077,189
859568,13.25,139,9139,189
859569,14.6,139,9238,189
859570,16.95,139,9057,189
859571,16.75,139,9043,189
859572,17.6,139,9061,189
859573,19.25,139,9338,189
859574,20,139,9037,189
859575,13.9,139,9290,189
859576,15.2,139,9076,189
859577,14.85,139,9189,189
859578,16.95,139,9199,189
859579,18.8,139,9218,189
859580,16.45,139,9074,189
859581,17.35,139,9068,189
859582,17.85,139,8953,189
859583,15.9,139,8989,189
859584,15.95,139,9291,189
859585,13.85,139,9271,189
859586,17.5,139,9277,189
859587,16.35,139,9163,189
859588,19.25,139,9285,189
859589,17.75,139,9224,189
859590,14.6,139,9066,189
859591,16.6,139,9069,189
859592,17.2,139,9160,189
859593,17.25,139,9325,189
859594,16.5,139,9155,189
859595,17.85,139,9214,189
859596,17.95,139,9219,189
859597,12.2,139,8949,189
859598,18.5,139,9305,189
859599,13.5,139,9194,189
859600,16.75,139,9228,189
859601,15,139,9225,189
859602,16.6,139,9299,189
859603,18.6,139,9092,189
859604,12.25,139,9234,189
859605,16.6,139,9319,189
859606,18.25,139,9130,189
859607,16.2,139,9054,189
859608,15,139,9111,189
859609,13.85,139,9268,189
859610,17.25,139,9284,189
859611,16.85,139,8981,189
859612,17.1,139,9156,189
859613,16.45,139,9046,189
859614,15.25,139,9031,189
859615,18.6,139,9243,189
859616,15.25,139,9241,189
859617,18.65,139,8964,189
859618,14.85,139,9071,189
859619,15.65,139,9019,189
859620,12.25,139,9035,189
859621,18.6,139,9175,189
859622,16.85,139,9242,189
859623,19.35,139,9121,189
859624,16.25,139,9095,189
859625,18.6,139,9266,189
859626,16.25,139,9006,189
859627,18.85,139,8962,189
859628,13.3,139,9181,189
859629,14.2,139,9231,189
859630,16.6,139,9174,189
859631,17,139,9310,189
859632,15.45,139,9340,189
859633,12.45,139,9226,189
859634,18.85,139,9330,189
859635,18.2,139,8965,189
859636,14.2,139,9004,189
859637,16.6,139,9137,189
859638,13.2,139,9216,189
859639,17.25,139,9100,189
859640,16.85,139,9223,189
859641,18.25,139,9183,189
859642,16,139,9044,189
859643,17.95,139,9303,189
859644,13.2,139,9038,189
859645,18.85,139,9294,189
859646,18.85,139,9133,189
859647,17,139,9008,189
859648,15.6,139,8942,189
859649,11.2,139,8954,189
859650,14.6,139,9067,189
859651,17.85,139,9099,189
859652,17.25,139,8973,189
859653,18.95,139,9022,189
859654,15.25,139,9112,189
859655,16.4,139,9328,189
859656,15.25,139,9143,189
859657,16.6,139,8993,189
859658,18.6,139,9166,189
859659,14.25,139,9065,189
859660,17.2,139,9333,189
859661,15.95,139,9120,189
859662,17.35,139,8947,189
859663,18.6,139,9215,189
859664,18.95,139,8950,189
859665,17.25,139,9198,189
859666,18.5,139,9045,189
859667,18,139,9108,189
859668,17.85,139,9083,189
859669,17.5,139,9336,189
859670,14.2,139,9251,189
859671,11.6,139,9102,189
859672,13.35,139,9267,189
859673,12.35,139,9281,189
859674,14.4,139,9117,189
859675,15.6,139,9013,189
859676,19.25,139,9220,189
859677,17.75,139,9055,189
859678,17.6,139,9115,189
859679,17.25,139,8998,189
859680,14.25,139,8969,189
859681,14.6,139,9027,189
859682,16.25,139,9308,189
859683,17.4,139,9270,189
859684,19.2,139,9138,189
859685,19.65,139,9304,189
859686,18.85,139,8971,189
859687,18.6,139,9134,189
859688,16.55,139,9011,189
859689,17.85,139,9039,189
859690,14,139,9075,189
859691,18.55,139,9072,189
859692,13.05,139,9184,189
859693,16.85,139,9016,189
859694,17.85,139,9041,189
859695,17,139,9208,189
859696,17.2,139,9275,189
859697,18.6,139,9239,189
859698,17.65,139,9173,189
859699,19.25,139,9289,189
859700,17.2,139,9172,189
859701,15.6,139,9110,189
859702,15.85,139,9236,189
859703,11.6,139,9337,189
859704,12.6,139,9165,189
859705,15.1,139,8951,189
859706,18.25,139,9191,189
859707,15,139,9282,189
859708,17.85,139,9028,189
859709,17.85,139,8987,189
859710,14.5,139,9168,189
859711,18,139,9298,189
859712,16,139,9017,189
859713,14.6,139,9062,189
859714,18.6,139,9128,189
859715,19.6,139,9169,189
859716,17.2,139,8957,189
859717,13.9,139,9059,189
859718,15.6,139,8978,189
859719,17.6,139,9064,189
859720,17.5,139,9196,189
859721,19.6,139,9053,189
859722,16.75,139,9145,189
859723,18,139,8997,189
859724,18.6,139,9161,189
859725,16.25,139,9237,189
859726,16.45,139,9153,189
859727,16.85,139,9026,189
859728,18.5,139,9192,189
859729,19.2,139,9132,189
859730,17.25,139,9162,189
859731,18.85,139,8960,189
859732,18.6,139,9177,189
859733,18.1,139,9157,189
859734,16.9,139,9186,189
859735,16.85,139,9086,189
859736,16.4,139,8982,189
859737,16.9,139,9158,189
859738,12.6,139,9049,189
859739,16.6,139,9178,189
859740,17.6,139,9332,189
859741,12,139,9030,189
859742,19.6,139,9051,189
859743,16.85,139,8977,189
859744,18.55,139,9012,189
859745,18.5,139,9314,189
859746,17.6,139,9024,189
859747,18,139,9093,189
859748,13.85,139,9315,189
859749,15.1,139,9142,189
859750,17.25,139,9217,189
859751,17.25,139,9126,189
859752,18.15,139,9070,189
859753,19.65,139,9313,189
859754,16.25,139,9180,189
859755,17.15,139,9005,189
859756,13.45,139,9244,189
859757,17.5,139,9091,189
859758,18.35,139,9327,189
859759,18,139,8986,189
859760,15.85,139,9316,189
859761,13.25,139,9116,189
859762,15.5,139,8979,189
859763,17.35,139,8994,189
859764,15.85,139,9247,189
859765,17.85,139,9206,189
859766,16.1,139,9118,189
859767,18.6,139,8980,189
859768,20,139,9326,189
859769,14.85,139,9312,189
859770,17.25,139,8956,189
859771,16.35,139,9269,189
859772,17.75,139,9261,189
859773,16.9,139,8967,189
859774,16.85,139,9023,189
859775,12.25,139,9097,189
859776,16.85,139,9098,189
859777,16.7,132,9322,190
859778,16.35,132,9148,190
859779,12.9,132,8991,190
859780,16.65,132,8952,190
859781,15.5,132,9280,190
859782,16.6,132,9034,190
859783,14,132,9279,190
859784,11.35,132,9123,190
859785,13.9,132,9309,190
859786,15.5,132,9272,190
859787,15.35,132,9018,190
859788,16.35,132,9246,190
859789,16.65,132,9287,190
859790,14.9,132,8961,190
859791,12.85,132,9300,190
859792,15.45,132,8968,190
859793,15.8,132,9107,190
859794,12.25,132,9307,190
859795,13.95,132,8983,190
859796,15.5,132,9146,190
859797,16.8,132,9317,190
859798,17.85,132,9127,190
859799,12.85,132,9257,190
859800,15.9,132,9085,190
859801,17.85,132,9230,190
859802,17.9,132,9056,190
859803,16,132,9176,190
859804,14.95,132,9240,190
859805,15.35,132,9190,190
859806,15,132,9204,190
859807,16,132,9002,190
859808,13.55,132,9278,190
859809,16.4,132,9202,190
859810,17.35,132,9032,190
859811,16.25,132,9047,190
859812,15.75,132,9286,190
859813,17,132,9082,190
859814,12.6,132,9221,190
859815,10.1,132,8995,190
859816,14.95,132,9265,190
859817,15.45,132,9025,190
859818,16,132,9324,190
859819,16,132,9227,190
859820,11.95,132,9259,190
859821,15.1,132,9301,190
859822,17.35,132,8945,190
859823,15.05,132,9197,190
859824,18.55,132,9232,190
859825,11.7,132,9078,190
859826,16,132,8946,190
859827,14.2,132,9119,190
859828,13.2,132,9212,190
859829,15.05,132,9248,190
859830,16.6,132,9185,190
859831,15.35,132,9036,190
859832,14.35,132,9000,190
859833,13.35,132,8955,190
859834,15.8,132,9288,190
859835,13.4,132,9014,190
859836,17.1,132,8999,190
859837,17.5,132,8944,190
859838,15.75,132,9213,190
859839,16.8,132,9105,190
859840,11.45,132,9273,190
859841,10.75,132,9140,190
859842,15.05,132,9131,190
859843,13,132,8984,190
859844,14.2,132,9042,190
859845,15.45,132,9151,190
859846,14.9,132,8976,190
859847,10.4,132,9104,190
859848,14.45,132,9170,190
859849,10.45,132,9141,190
859850,17.25,132,9164,190
859851,16.85,132,9256,190
859852,15,132,9144,190
859853,15.25,132,9079,190
859854,13.25,132,9150,190
859855,14.9,132,9274,190
859856,16.7,132,9335,190
859857,15.35,132,9010,190
859858,17.85,132,9320,190
859859,15.35,132,8943,190
859860,14.65,132,8992,190
859861,17.15,132,9258,190
859862,17.25,132,9187,190
859863,12.8,132,9063,190
859864,18,132,9262,190
859865,14.9,132,9149,190
859866,14.75,132,9050,190
859867,16.35,132,8958,190
859868,15.35,132,9323,190
859869,13.6,132,9087,190
859870,17.75,132,9179,190
859871,13.05,132,9167,190
859872,16.15,132,8963,190
859873,14.95,132,9125,190
859874,17.25,132,9029,190
859875,16.05,132,9015,190
859876,12.5,132,9084,190
859877,10.85,132,9147,190
859878,14.2,132,8948,190
859879,14.95,132,9295,190
859880,14,132,9136,190
859881,16.65,132,9339,190
859882,17.3,132,9171,190
859883,15.6,132,9201,190
859884,15.85,132,9306,190
859885,16,132,9249,190
859886,18.5,132,9203,190
859887,15.2,132,8972,190
859888,15.9,132,9020,190
859889,14.85,132,9080,190
859890,17.25,132,9311,190
859891,17.2,132,9154,190
859892,15.35,132,9052,190
859893,14.7,132,9101,190
859894,14,132,9205,190
859895,14.25,132,9113,190
859896,16.6,132,9096,190
859897,14.4,132,9021,190
859898,15.3,132,8990,190
859899,11.95,132,8966,190
859900,16.6,132,9200,190
859901,9.9,132,9283,190
859902,14.4,132,9114,190
859903,13.25,132,9245,190
859904,15.85,132,9058,190
859905,15.25,132,9124,190
859906,14.95,132,9276,190
859907,14.85,132,9077,190
859908,11.25,132,9139,190
859909,12.75,132,9238,190
859910,13.45,132,9057,190
859911,13.45,132,9043,190
859912,15.7,132,9061,190
859913,16.25,132,9338,190
859914,16.85,132,9037,190
859915,12.5,132,9290,190
859916,13.4,132,9076,190
859917,13.1,132,9189,190
859918,17.1,132,9199,190
859919,18.9,132,9218,190
859920,16.25,132,9074,190
859921,15.65,132,9068,190
859922,14.35,132,8953,190
859923,14.5,132,8989,190
859924,14.6,132,9291,190
859925,12.15,132,9271,190
859926,16.1,132,9277,190
859927,15,132,9163,190
859928,17.85,132,9285,190
859929,16,132,9224,190
859930,11.8,132,9066,190
859931,14.6,132,9069,190
859932,17,132,9160,190
859933,15.85,132,9325,190
859934,14.8,132,9155,190
859935,16,132,9214,190
859936,17.6,132,9219,190
859937,10.25,132,8949,190
859938,16.15,132,9305,190
859939,11.75,132,9194,190
859940,16.25,132,9228,190
859941,12.6,132,9225,190
859942,14.85,132,9299,190
859943,15.9,132,9092,190
859944,10.85,132,9234,190
859945,14.75,132,9319,190
859946,16.35,132,9130,190
859947,15.15,132,9054,190
859948,13.7,132,9111,190
859949,12.25,132,9268,190
859950,16.2,132,9284,190
859951,13.75,132,8981,190
859952,14.25,132,9156,190
859953,15.8,132,9046,190
859954,13.85,132,9031,190
859955,17.75,132,9243,190
859956,15.05,132,9241,190
859957,15.4,132,8964,190
859958,12.6,132,9071,190
859959,14.5,132,9019,190
859960,11,132,9035,190
859961,17.8,132,9175,190
859962,15.65,132,9242,190
859963,16.85,132,9121,190
859964,14.5,132,9095,190
859965,15.7,132,9266,190
859966,13.85,132,9006,190
859967,16,132,8962,190
859968,11.6,132,9181,190
859969,11.7,132,9231,190
859970,13.6,132,9174,190
859971,15,132,9310,190
859972,15,132,9340,190
859973,10.95,132,9226,190
859974,16.6,132,9330,190
859975,16.15,132,8965,190
859976,12.15,132,9004,190
859977,14.7,132,9137,190
859978,11.35,132,9216,190
859979,16,132,9100,190
859980,13.45,132,9223,190
859981,17.35,132,9183,190
859982,14.4,132,9044,190
859983,14.9,132,9303,190
859984,10.35,132,9038,190
859985,16.75,132,9294,190
859986,16.5,132,9133,190
859987,14.25,132,9008,190
859988,14.8,132,8942,190
859989,9.5,132,8954,190
859990,12.35,132,9067,190
859991,15.85,132,9099,190
859992,13.85,132,8973,190
859993,17.7,132,9022,190
859994,15.2,132,9112,190
859995,14.5,132,9328,190
859996,12.5,132,9143,190
859997,13.2,132,8993,190
859998,17.95,132,9166,190
859999,13.65,132,9065,190
860000,15.4,132,9333,190
860001,14.85,132,9120,190
860002,14.9,132,8947,190
860003,16.5,132,9215,190
860004,15.95,132,8950,190
860005,17.5,132,9198,190
860006,15.85,132,9045,190
860007,16.95,132,9108,190
860008,14.1,132,9083,190
860009,17.35,132,9336,190
860010,12.35,132,9251,190
860011,11.55,132,9102,190
860012,11.6,132,9267,190
860013,11.25,132,9281,190
860014,12.7,132,9117,190
860015,14.2,132,9013,190
860016,16.6,132,9220,190
860017,15.55,132,9055,190
860018,15.1,132,9115,190
860019,14.85,132,8998,190
860020,11.45,132,8969,190
860021,13.25,132,9027,190
860022,14,132,9308,190
860023,13.65,132,9270,190
860024,16.6,132,9138,190
860025,18.25,132,9304,190
860026,17.85,132,8971,190
860027,17,132,9134,190
860028,14.85,132,9011,190
860029,15.85,132,9039,190
860030,12.5,132,9075,190
860031,17.1,132,9072,190
860032,10.6,132,9184,190
860033,14.7,132,9016,190
860034,17.5,132,9041,190
860035,14.3,132,9208,190
860036,15.25,132,9275,190
860037,15.55,132,9239,190
860038,17.35,132,9173,190
860039,17.35,132,9289,190
860040,16,132,9172,190
860041,15,132,9110,190
860042,13.75,132,9236,190
860043,9.85,132,9337,190
860044,12.1,132,9165,190
860045,13.95,132,8951,190
860046,14.6,132,9191,190
860047,13.85,132,9282,190
860048,15.6,132,9028,190
860049,16,132,8987,190
860050,13.25,132,9168,190
860051,14.85,132,9298,190
860052,14.65,132,9017,190
860053,11.55,132,9062,190
860054,16.35,132,9128,190
860055,16.85,132,9169,190
860056,14.65,132,8957,190
860057,11.6,132,9059,190
860058,13.45,132,8978,190
860059,16.2,132,9064,190
860060,15.8,132,9196,190
860061,15.5,132,9053,190
860062,14.55,132,9145,190
860063,15.6,132,8997,190
860064,18,132,9161,190
860065,13.25,132,9237,190
860066,15.15,132,9153,190
860067,16,132,9026,190
860068,17.25,132,9192,190
860069,18.35,132,9132,190
860070,15.45,132,9162,190
860071,15.5,132,8960,190
860072,17.4,132,9177,190
860073,15.5,132,9157,190
860074,14.45,132,9186,190
860075,17,132,9086,190
860076,15,132,8982,190
860077,15.2,132,9158,190
860078,10.25,132,9049,190
860079,14.35,132,9178,190
860080,17.15,132,9332,190
860081,10.2,132,9030,190
860082,17.95,132,9051,190
860083,15.2,132,8977,190
860084,14.3,132,9012,190
860085,15.35,132,9314,190
860086,16.2,132,9024,190
860087,16.8,132,9093,190
860088,12.95,132,9315,190
860089,13.75,132,9142,190
860090,16.65,132,9217,190
860091,15.6,132,9126,190
860092,16.55,132,9070,190
860093,18.1,132,9313,190
860094,12.2,132,9180,190
860095,15.5,132,9005,190
860096,11.6,132,9244,190
860097,13.95,132,9091,190
860098,15.25,132,9327,190
860099,17.2,132,8986,190
860100,14.5,132,9316,190
860101,11.05,132,9116,190
860102,15.2,132,8979,190
860103,16.65,132,8994,190
860104,14.55,132,9247,190
860105,16.85,132,9206,190
860106,15.9,132,9118,190
860107,16.7,132,8980,190
860108,15.9,132,9326,190
860109,13.4,132,9312,190
860110,15.05,132,8956,190
860111,14.6,132,9269,190
860112,14.6,132,9261,190
860113,14.95,132,8967,190
860114,15.1,132,9023,190
860115,9.25,132,9097,190
860116,15.5,132,9098,190
860117,16.25,133,9322,190
860118,18.35,133,9148,190
860119,13.25,133,8991,190
860120,17,133,8952,190
860121,16.4,133,9280,190
860122,18,133,9034,190
860123,14.85,133,9279,190
860124,12.65,133,9123,190
860125,17.35,133,9309,190
860126,15.8,133,9272,190
860127,15.45,133,9018,190
860128,17.25,133,9246,190
860129,19.35,133,9287,190
860130,17.25,133,8961,190
860131,15.6,133,9300,190
860132,16.35,133,8968,190
860133,14.45,133,9107,190
860134,13.9,133,9307,190
860135,15.3,133,8983,190
860136,16,133,9146,190
860137,16.9,133,9317,190
860138,19.25,133,9127,190
860139,13.85,133,9257,190
860140,16.2,133,9085,190
860141,18.25,133,9230,190
860142,17.65,133,9056,190
860143,17.25,133,9176,190
860144,14.6,133,9240,190
860145,16.15,133,9190,190
860146,15.9,133,9204,190
860147,16.5,133,9002,190
860148,15.4,133,9278,190
860149,16.7,133,9202,190
860150,18,133,9032,190
860151,15.25,133,9047,190
860152,15.5,133,9286,190
860153,18.45,133,9082,190
860154,16,133,9221,190
860155,11.5,133,8995,190
860156,17.35,133,9265,190
860157,15.6,133,9025,190
860158,18,133,9324,190
860159,18.6,133,9227,190
860160,12.6,133,9259,190
860161,16.95,133,9301,190
860162,18.6,133,8945,190
860163,17.2,133,9197,190
860164,19.35,133,9232,190
860165,13.55,133,9078,190
860166,17.25,133,8946,190
860167,17,133,9119,190
860168,15.35,133,9212,190
860169,17.7,133,9248,190
860170,17.85,133,9185,190
860171,17.65,133,9036,190
860172,14.85,133,9000,190
860173,14.35,133,8955,190
860174,16.6,133,9288,190
860175,15.95,133,9014,190
860176,18.2,133,8999,190
860177,19.1,133,8944,190
860178,17.2,133,9213,190
860179,18.55,133,9105,190
860180,10.6,133,9273,190
860181,11.85,133,9140,190
860182,16.9,133,9131,190
860183,15.2,133,8984,190
860184,16.2,133,9042,190
860185,17,133,9151,190
860186,15.5,133,8976,190
860187,12.85,133,9104,190
860188,17.2,133,9170,190
860189,11.6,133,9141,190
860190,17.85,133,9164,190
860191,16.45,133,9256,190
860192,15.85,133,9144,190
860193,17.2,133,9079,190
860194,14.5,133,9150,190
860195,16.85,133,9274,190
860196,18.5,133,9335,190
860197,16.35,133,9010,190
860198,17.25,133,9320,190
860199,16.65,133,8943,190
860200,15.75,133,8992,190
860201,18.35,133,9258,190
860202,16.6,133,9187,190
860203,13.75,133,9063,190
860204,18.2,133,9262,190
860205,16.6,133,9149,190
860206,16.25,133,9050,190
860207,16.3,133,8958,190
860208,15.85,133,9323,190
860209,15.25,133,9087,190
860210,18.45,133,9179,190
860211,15,133,9167,190
860212,15.5,133,8963,190
860213,16.6,133,9125,190
860214,18.9,133,9029,190
860215,16.6,133,9015,190
860216,13.4,133,9084,190
860217,12.95,133,9147,190
860218,15.85,133,8948,190
860219,15.5,133,9295,190
860220,16.85,133,9136,190
860221,16.85,133,9339,190
860222,17.95,133,9171,190
860223,15.15,133,9201,190
860224,16,133,9306,190
860225,16.85,133,9249,190
860226,18.8,133,9203,190
860227,17.85,133,8972,190
860228,17.85,133,9020,190
860229,15,133,9080,190
860230,16.55,133,9311,190
860231,16.85,133,9154,190
860232,16.65,133,9052,190
860233,14.95,133,9101,190
860234,15.35,133,9205,190
860235,16,133,9113,190
860236,18.25,133,9096,190
860237,15.35,133,9021,190
860238,16.95,133,8990,190
860239,13.25,133,8966,190
860240,17.85,133,9200,190
860241,11.45,133,9283,190
860242,15.1,133,9114,190
860243,16.6,133,9245,190
860244,15.95,133,9058,190
860245,15.25,133,9124,190
860246,16.75,133,9276,190
860247,15.5,133,9077,190
860248,12.35,133,9139,190
860249,14,133,9238,190
860250,17,133,9057,190
860251,15.35,133,9043,190
860252,16.6,133,9061,190
860253,16.25,133,9338,190
860254,18.6,133,9037,190
860255,14.85,133,9290,190
860256,12.85,133,9076,190
860257,14.3,133,9189,190
860258,17.25,133,9199,190
860259,18.2,133,9218,190
860260,18.2,133,9074,190
860261,16.6,133,9068,190
860262,16.85,133,8953,190
860263,15.9,133,8989,190
860264,17.25,133,9291,190
860265,12.6,133,9271,190
860266,16.8,133,9277,190
860267,15.75,133,9163,190
860268,16.85,133,9285,190
860269,16.6,133,9224,190
860270,13.9,133,9066,190
860271,15.2,133,9069,190
860272,16.55,133,9160,190
860273,18.35,133,9325,190
860274,14.85,133,9155,190
860275,16.85,133,9214,190
860276,18.35,133,9219,190
860277,10.25,133,8949,190
860278,16.9,133,9305,190
860279,12.85,133,9194,190
860280,15.2,133,9228,190
860281,13.4,133,9225,190
860282,15.25,133,9299,190
860283,17.1,133,9092,190
860284,11.5,133,9234,190
860285,16.25,133,9319,190
860286,16.6,133,9130,190
860287,16.25,133,9054,190
860288,14,133,9111,190
860289,14.25,133,9268,190
860290,15.45,133,9284,190
860291,16.35,133,8981,190
860292,15.2,133,9156,190
860293,16.5,133,9046,190
860294,14.55,133,9031,190
860295,17.5,133,9243,190
860296,16.85,133,9241,190
860297,16.95,133,8964,190
860298,13.2,133,9071,190
860299,14.2,133,9019,190
860300,11.95,133,9035,190
860301,18.3,133,9175,190
860302,17.85,133,9242,190
860303,19.65,133,9121,190
860304,15.95,133,9095,190
860305,17.5,133,9266,190
860306,15.7,133,9006,190
860307,18.05,133,8962,190
860308,12.85,133,9181,190
860309,13,133,9231,190
860310,14.9,133,9174,190
860311,15.75,133,9310,190
860312,15.75,133,9340,190
860313,11.25,133,9226,190
860314,17,133,9330,190
860315,16.85,133,8965,190
860316,13.45,133,9004,190
860317,16.25,133,9137,190
860318,11.9,133,9216,190
860319,18,133,9100,190
860320,16.6,133,9223,190
860321,17.6,133,9183,190
860322,14.2,133,9044,190
860323,15.45,133,9303,190
860324,13.35,133,9038,190
860325,18.05,133,9294,190
860326,17.2,133,9133,190
860327,15.25,133,9008,190
860328,15.85,133,8942,190
860329,11.85,133,8954,190
860330,13.1,133,9067,190
860331,16.25,133,9099,190
860332,16.45,133,8973,190
860333,17.15,133,9022,190
860334,16.2,133,9112,190
860335,16.55,133,9328,190
860336,14.35,133,9143,190
860337,14.25,133,8993,190
860338,16.6,133,9166,190
860339,14,133,9065,190
860340,17.2,133,9333,190
860341,16.6,133,9120,190
860342,16.25,133,8947,190
860343,18.6,133,9215,190
860344,16.4,133,8950,190
860345,16.2,133,9198,190
860346,18,133,9045,190
860347,18,133,9108,190
860348,16.2,133,9083,190
860349,17,133,9336,190
860350,12.85,133,9251,190
860351,10.45,133,9102,190
860352,11.7,133,9267,190
860353,11.6,133,9281,190
860354,11.1,133,9117,190
860355,14.1,133,9013,190
860356,18,133,9220,190
860357,16.6,133,9055,190
860358,15.5,133,9115,190
860359,14.25,133,8998,190
860360,13.5,133,8969,190
860361,12.85,133,9027,190
860362,14.5,133,9308,190
860363,16.2,133,9270,190
860364,17.85,133,9138,190
860365,17.75,133,9304,190
860366,18.55,133,8971,190
860367,17.6,133,9134,190
860368,15.65,133,9011,190
860369,18.25,133,9039,190
860370,13.25,133,9075,190
860371,18.6,133,9072,190
860372,13,133,9184,190
860373,16.4,133,9016,190
860374,17.5,133,9041,190
860375,15.25,133,9208,190
860376,17.45,133,9275,190
860377,18.25,133,9239,190
860378,17.9,133,9173,190
860379,18.6,133,9289,190
860380,15.85,133,9172,190
860381,16.6,133,9110,190
860382,14.25,133,9236,190
860383,10.9,133,9337,190
860384,13.4,133,9165,190
860385,15.5,133,8951,190
860386,17.6,133,9191,190
860387,14.85,133,9282,190
860388,17.25,133,9028,190
860389,17.6,133,8987,190
860390,14.1,133,9168,190
860391,18,133,9298,190
860392,15.85,133,9017,190
860393,12.85,133,9062,190
860394,17.25,133,9128,190
860395,18.85,133,9169,190
860396,17.25,133,8957,190
860397,12.6,133,9059,190
860398,15.45,133,8978,190
860399,15.25,133,9064,190
860400,16.75,133,9196,190
860401,16.95,133,9053,190
860402,16.25,133,9145,190
860403,15.65,133,8997,190
860404,17.15,133,9161,190
860405,14.65,133,9237,190
860406,16.1,133,9153,190
860407,16.1,133,9026,190
860408,18.85,133,9192,190
860409,19.2,133,9132,190
860410,17.25,133,9162,190
860411,18.25,133,8960,190
860412,17.65,133,9177,190
860413,16.65,133,9157,190
860414,18,133,9186,190
860415,15.7,133,9086,190
860416,16.35,133,8982,190
860417,16.1,133,9158,190
860418,10.35,133,9049,190
860419,15.2,133,9178,190
860420,16.85,133,9332,190
860421,11.6,133,9030,190
860422,19.05,133,9051,190
860423,16.45,133,8977,190
860424,16.95,133,9012,190
860425,17.65,133,9314,190
860426,15.85,133,9024,190
860427,18.5,133,9093,190
860428,14.6,133,9315,190
860429,13.7,133,9142,190
860430,16.9,133,9217,190
860431,17.25,133,9126,190
860432,16.25,133,9070,190
860433,18.6,133,9313,190
860434,13.25,133,9180,190
860435,17.4,133,9005,190
860436,13.45,133,9244,190
860437,15.7,133,9091,190
860438,18,133,9327,190
860439,17.5,133,8986,190
860440,15.65,133,9316,190
860441,11.3,133,9116,190
860442,14.25,133,8979,190
860443,18.1,133,8994,190
860444,14.4,133,9247,190
860445,17.6,133,9206,190
860446,15.5,133,9118,190
860447,17.6,133,8980,190
860448,18.45,133,9326,190
860449,13.35,133,9312,190
860450,14.85,133,8956,190
860451,15.85,133,9269,190
860452,17.25,133,9261,190
860453,14.9,133,8967,190
860454,17.2,133,9023,190
860455,10.6,133,9097,190
860456,16.5,133,9098,190
860457,16.05,134,9322,190
860458,18.1,134,9148,190
860459,14.35,134,8991,190
860460,16.35,134,8952,190
860461,14.45,134,9280,190
860462,18.4,134,9034,190
860463,16.5,134,9279,190
860464,12.65,134,9123,190
860465,16.85,134,9309,190
860466,16.7,134,9272,190
860467,16.85,134,9018,190
860468,18.25,134,9246,190
860469,19,134,9287,190
860470,17.6,134,8961,190
860471,12.6,134,9300,190
860472,14.85,134,8968,190
860473,16.1,134,9107,190
860474,14.65,134,9307,190
860475,15.35,134,8983,190
860476,16.6,134,9146,190
860477,17.85,134,9317,190
860478,18.45,134,9127,190
860479,14.35,134,9257,190
860480,15.9,134,9085,190
860481,17.2,134,9230,190
860482,16.55,134,9056,190
860483,15.45,134,9176,190
860484,15.65,134,9240,190
860485,14.9,134,9190,190
860486,15.85,134,9204,190
860487,16.45,134,9002,190
860488,13.8,134,9278,190
860489,15.7,134,9202,190
860490,17.6,134,9032,190
860491,16.5,134,9047,190
860492,16.2,134,9286,190
860493,17.6,134,9082,190
860494,15.35,134,9221,190
860495,10.65,134,8995,190
860496,16.1,134,9265,190
860497,15.6,134,9025,190
860498,17.25,134,9324,190
860499,17.6,134,9227,190
860500,12.85,134,9259,190
860501,17.75,134,9301,190
860502,16.25,134,8945,190
860503,15.45,134,9197,190
860504,18,134,9232,190
860505,12.8,134,9078,190
860506,16.25,134,8946,190
860507,14.55,134,9119,190
860508,15.55,134,9212,190
860509,16.25,134,9248,190
860510,17.45,134,9185,190
860511,17.3,134,9036,190
860512,14.95,134,9000,190
860513,13.6,134,8955,190
860514,15.9,134,9288,190
860515,13.85,134,9014,190
860516,18.1,134,8999,190
860517,18.6,134,8944,190
860518,17.2,134,9213,190
860519,18.6,134,9105,190
860520,12.35,134,9273,190
860521,10.1,134,9140,190
860522,17.25,134,9131,190
860523,13.6,134,8984,190
860524,15.55,134,9042,190
860525,16.2,134,9151,190
860526,15.7,134,8976,190
860527,11.2,134,9104,190
860528,16.2,134,9170,190
860529,11.35,134,9141,190
860530,18.5,134,9164,190
860531,16.05,134,9256,190
860532,14.85,134,9144,190
860533,14.6,134,9079,190
860534,15.45,134,9150,190
860535,15.6,134,9274,190
860536,17.6,134,9335,190
860537,15.5,134,9010,190
860538,19.25,134,9320,190
860539,16.1,134,8943,190
860540,15.15,134,8992,190
860541,17.35,134,9258,190
860542,16.3,134,9187,190
860543,15,134,9063,190
860544,16.95,134,9262,190
860545,15.2,134,9149,190
860546,15.3,134,9050,190
860547,16.25,134,8958,190
860548,15.15,134,9323,190
860549,14.55,134,9087,190
860550,18.25,134,9179,190
860551,13.85,134,9167,190
860552,15,134,8963,190
860553,15.5,134,9125,190
860554,17.5,134,9029,190
860555,15.6,134,9015,190
860556,14.3,134,9084,190
860557,12.5,134,9147,190
860558,15.2,134,8948,190
860559,15.6,134,9295,190
860560,16.6,134,9136,190
860561,16.25,134,9339,190
860562,18.25,134,9171,190
860563,15.2,134,9201,190
860564,16.3,134,9306,190
860565,16,134,9249,190
860566,17.65,134,9203,190
860567,15.85,134,8972,190
860568,17.1,134,9020,190
860569,15.25,134,9080,190
860570,16.8,134,9311,190
860571,16.85,134,9154,190
860572,16.35,134,9052,190
860573,16.15,134,9101,190
860574,15.2,134,9205,190
860575,15.45,134,9113,190
860576,18.25,134,9096,190
860577,14.95,134,9021,190
860578,15.55,134,8990,190
860579,12.85,134,8966,190
860580,16.6,134,9200,190
860581,12,134,9283,190
860582,16,134,9114,190
860583,16,134,9245,190
860584,16.1,134,9058,190
860585,15.8,134,9124,190
860586,16.65,134,9276,190
860587,14.8,134,9077,190
860588,11.8,134,9139,190
860589,12.9,134,9238,190
860590,16,134,9057,190
860591,14.35,134,9043,190
860592,15.4,134,9061,190
860593,18.6,134,9338,190
860594,18.25,134,9037,190
860595,12.25,134,9290,190
860596,12.5,134,9076,190
860597,14.25,134,9189,190
860598,16.1,134,9199,190
860599,18.2,134,9218,190
860600,16.4,134,9074,190
860601,16.85,134,9068,190
860602,16.35,134,8953,190
860603,15.4,134,8989,190
860604,15.15,134,9291,190
860605,13,134,9271,190
860606,15.8,134,9277,190
860607,14.85,134,9163,190
860608,18.35,134,9285,190
860609,15.65,134,9224,190
860610,13.25,134,9066,190
860611,14,134,9069,190
860612,16.6,134,9160,190
860613,15.9,134,9325,190
860614,15.6,134,9155,190
860615,15,134,9214,190
860616,17.45,134,9219,190
860617,11.75,134,8949,190
860618,16.05,134,9305,190
860619,12.6,134,9194,190
860620,18.1,134,9228,190
860621,14.2,134,9225,190
860622,14.95,134,9299,190
860623,16.6,134,9092,190
860624,12.15,134,9234,190
860625,14.95,134,9319,190
860626,15.85,134,9130,190
860627,15.8,134,9054,190
860628,14.45,134,9111,190
860629,12.85,134,9268,190
860630,16.5,134,9284,190
860631,16.45,134,8981,190
860632,15.2,134,9156,190
860633,16.7,134,9046,190
860634,12.6,134,9031,190
860635,17.85,134,9243,190
860636,16.05,134,9241,190
860637,16.5,134,8964,190
860638,13.35,134,9071,190
860639,14.2,134,9019,190
860640,10.9,134,9035,190
860641,18.7,134,9175,190
860642,17,134,9242,190
860643,19.1,134,9121,190
860644,14.6,134,9095,190
860645,15.2,134,9266,190
860646,15,134,9006,190
860647,16.2,134,8962,190
860648,13.6,134,9181,190
860649,13.85,134,9231,190
860650,15.25,134,9174,190
860651,16.35,134,9310,190
860652,14.9,134,9340,190
860653,10.85,134,9226,190
860654,17,134,9330,190
860655,17.05,134,8965,190
860656,13.35,134,9004,190
860657,16.45,134,9137,190
860658,11.25,134,9216,190
860659,16.75,134,9100,190
860660,14.95,134,9223,190
860661,16.75,134,9183,190
860662,14.35,134,9044,190
860663,15.55,134,9303,190
860664,12.85,134,9038,190
860665,17.55,134,9294,190
860666,16.85,134,9133,190
860667,14.95,134,9008,190
860668,15.6,134,8942,190
860669,10.5,134,8954,190
860670,11.15,134,9067,190
860671,15.85,134,9099,190
860672,14.6,134,8973,190
860673,18.2,134,9022,190
860674,14.95,134,9112,190
860675,15.4,134,9328,190
860676,14.3,134,9143,190
860677,14.7,134,8993,190
860678,17.3,134,9166,190
860679,14.2,134,9065,190
860680,16.95,134,9333,190
860681,15.85,134,9120,190
860682,14.85,134,8947,190
860683,18.2,134,9215,190
860684,16.2,134,8950,190
860685,16.85,134,9198,190
860686,15.75,134,9045,190
860687,18.35,134,9108,190
860688,16.25,134,9083,190
860689,16.35,134,9336,190
860690,13.95,134,9251,190
860691,10.4,134,9102,190
860692,12.35,134,9267,190
860693,11.25,134,9281,190
860694,12.2,134,9117,190
860695,14.6,134,9013,190
860696,17.6,134,9220,190
860697,17.5,134,9055,190
860698,17.65,134,9115,190
860699,15.25,134,8998,190
860700,13.75,134,8969,190
860701,11.85,134,9027,190
860702,15.25,134,9308,190
860703,15.25,134,9270,190
860704,16.45,134,9138,190
860705,17.1,134,9304,190
860706,16,134,8971,190
860707,18.45,134,9134,190
860708,14.6,134,9011,190
860709,15.2,134,9039,190
860710,13.65,134,9075,190
860711,16.9,134,9072,190
860712,12.6,134,9184,190
860713,15.5,134,9016,190
860714,19.2,134,9041,190
860715,14.25,134,9208,190
860716,15.6,134,9275,190
860717,15.4,134,9239,190
860718,17.8,134,9173,190
860719,17.55,134,9289,190
860720,15.85,134,9172,190
860721,14.95,134,9110,190
860722,13.2,134,9236,190
860723,11.1,134,9337,190
860724,11.25,134,9165,190
860725,14.85,134,8951,190
860726,17.25,134,9191,190
860727,12.75,134,9282,190
860728,16.35,134,9028,190
860729,16,134,8987,190
860730,13.35,134,9168,190
860731,14.95,134,9298,190
860732,14.2,134,9017,190
860733,13.25,134,9062,190
860734,17.25,134,9128,190
860735,17.15,134,9169,190
860736,17.6,134,8957,190
860737,11.7,134,9059,190
860738,13.85,134,8978,190
860739,15.75,134,9064,190
860740,17.4,134,9196,190
860741,17.35,134,9053,190
860742,16.6,134,9145,190
860743,16.85,134,8997,190
860744,16.9,134,9161,190
860745,15.35,134,9237,190
860746,16.25,134,9153,190
860747,15.8,134,9026,190
860748,17.4,134,9192,190
860749,18.85,134,9132,190
860750,17.4,134,9162,190
860751,17.25,134,8960,190
860752,16.85,134,9177,190
860753,15.4,134,9157,190
860754,17.25,134,9186,190
860755,17.65,134,9086,190
860756,15.45,134,8982,190
860757,15.85,134,9158,190
860758,11.2,134,9049,190
860759,16,134,9178,190
860760,16.55,134,9332,190
860761,10.6,134,9030,190
860762,18.85,134,9051,190
860763,16.1,134,8977,190
860764,16,134,9012,190
860765,16.6,134,9314,190
860766,15.7,134,9024,190
860767,18.1,134,9093,190
860768,13.65,134,9315,190
860769,14,134,9142,190
860770,15.9,134,9217,190
860771,16.5,134,9126,190
860772,17,134,9070,190
860773,16.8,134,9313,190
860774,14.6,134,9180,190
860775,16.9,134,9005,190
860776,11.5,134,9244,190
860777,14.75,134,9091,190
860778,17.65,134,9327,190
860779,18,134,8986,190
860780,14.45,134,9316,190
860781,9.95,134,9116,190
860782,14.75,134,8979,190
860783,16.25,134,8994,190
860784,16.6,134,9247,190
860785,17.85,134,9206,190
860786,17.2,134,9118,190
860787,16.65,134,8980,190
860788,17.4,134,9326,190
860789,14.95,134,9312,190
860790,14.85,134,8956,190
860791,15,134,9269,190
860792,15.45,134,9261,190
860793,15.6,134,8967,190
860794,17.25,134,9023,190
860795,11.25,134,9097,190
860796,17.25,134,9098,190
860797,17.75,135,9322,190
860798,17.25,135,9148,190
860799,13.6,135,8991,190
860800,17.6,135,8952,190
860801,16.75,135,9280,190
860802,18.45,135,9034,190
860803,15.6,135,9279,190
860804,12.55,135,9123,190
860805,15.85,135,9309,190
860806,16.6,135,9272,190
860807,16.65,135,9018,190
860808,18,135,9246,190
860809,17.85,135,9287,190
860810,16.1,135,8961,190
860811,14.85,135,9300,190
860812,16,135,8968,190
860813,15.6,135,9107,190
860814,14.65,135,9307,190
860815,15.65,135,8983,190
860816,16.95,135,9146,190
860817,18,135,9317,190
860818,18.6,135,9127,190
860819,14.55,135,9257,190
860820,16.35,135,9085,190
860821,17.85,135,9230,190
860822,17.6,135,9056,190
860823,16.6,135,9176,190
860824,16.6,135,9240,190
860825,16.35,135,9190,190
860826,15.45,135,9204,190
860827,17.35,135,9002,190
860828,14.6,135,9278,190
860829,16.85,135,9202,190
860830,18.55,135,9032,190
860831,17.2,135,9047,190
860832,15.85,135,9286,190
860833,18.6,135,9082,190
860834,14.95,135,9221,190
860835,11.6,135,8995,190
860836,17.4,135,9265,190
860837,16.25,135,9025,190
860838,17.85,135,9324,190
860839,17.25,135,9227,190
860840,13.5,135,9259,190
860841,18.45,135,9301,190
860842,17.9,135,8945,190
860843,16.85,135,9197,190
860844,18.85,135,9232,190
860845,14.65,135,9078,190
860846,16.95,135,8946,190
860847,16.2,135,9119,190
860848,15.25,135,9212,190
860849,18.65,135,9248,190
860850,18.25,135,9185,190
860851,17.9,135,9036,190
860852,14.1,135,9000,190
860853,14.65,135,8955,190
860854,16.9,135,9288,190
860855,15.25,135,9014,190
860856,17.7,135,8999,190
860857,18,135,8944,190
860858,18.2,135,9213,190
860859,18.6,135,9105,190
860860,12,135,9273,190
860861,12.6,135,9140,190
860862,17.2,135,9131,190
860863,14.85,135,8984,190
860864,15.05,135,9042,190
860865,17.6,135,9151,190
860866,16.65,135,8976,190
860867,11.85,135,9104,190
860868,16.3,135,9170,190
860869,13,135,9141,190
860870,18.15,135,9164,190
860871,16.25,135,9256,190
860872,16.85,135,9144,190
860873,16.6,135,9079,190
860874,15.95,135,9150,190
860875,18.4,135,9274,190
860876,18.95,135,9335,190
860877,16.6,135,9010,190
860878,18.9,135,9320,190
860879,17,135,8943,190
860880,17.1,135,8992,190
860881,19.6,135,9258,190
860882,17.65,135,9187,190
860883,13.45,135,9063,190
860884,18.1,135,9262,190
860885,16.85,135,9149,190
860886,16.85,135,9050,190
860887,16.85,135,8958,190
860888,16.9,135,9323,190
860889,14.35,135,9087,190
860890,17.8,135,9179,190
860891,14.6,135,9167,190
860892,16.6,135,8963,190
860893,16.5,135,9125,190
860894,17.85,135,9029,190
860895,17.6,135,9015,190
860896,14.6,135,9084,190
860897,13.75,135,9147,190
860898,16.65,135,8948,190
860899,15.6,135,9295,190
860900,15.5,135,9136,190
860901,18.25,135,9339,190
860902,19.25,135,9171,190
860903,17.2,135,9201,190
860904,17.85,135,9306,190
860905,17.2,135,9249,190
860906,18.65,135,9203,190
860907,17.35,135,8972,190
860908,17.45,135,9020,190
860909,15.85,135,9080,190
860910,17.25,135,9311,190
860911,17.1,135,9154,190
860912,16.2,135,9052,190
860913,16.9,135,9101,190
860914,14.6,135,9205,190
860915,15.9,135,9113,190
860916,16.5,135,9096,190
860917,15.75,135,9021,190
860918,16.1,135,8990,190
860919,13.85,135,8966,190
860920,17.9,135,9200,190
860921,12.45,135,9283,190
860922,16.85,135,9114,190
860923,16.95,135,9245,190
860924,17.6,135,9058,190
860925,17.25,135,9124,190
860926,17,135,9276,190
860927,16.85,135,9077,190
860928,12.2,135,9139,190
860929,13.95,135,9238,190
860930,15.6,135,9057,190
860931,16.65,135,9043,190
860932,17,135,9061,190
860933,17.15,135,9338,190
860934,18.6,135,9037,190
860935,15.25,135,9290,190
860936,13.25,135,9076,190
860937,15.3,135,9189,190
860938,17.25,135,9199,190
860939,18.35,135,9218,190
860940,18,135,9074,190
860941,17.25,135,9068,190
860942,17.2,135,8953,190
860943,15.45,135,8989,190
860944,16.6,135,9291,190
860945,12.85,135,9271,190
860946,16.6,135,9277,190
860947,15.85,135,9163,190
860948,18.35,135,9285,190
860949,17,135,9224,190
860950,15,135,9066,190
860951,15.25,135,9069,190
860952,16.25,135,9160,190
860953,18.6,135,9325,190
860954,16.85,135,9155,190
860955,17,135,9214,190
860956,18.85,135,9219,190
860957,12.2,135,8949,190
860958,16.6,135,9305,190
860959,13.5,135,9194,190
860960,16.35,135,9228,190
860961,15.5,135,9225,190
860962,16.85,135,9299,190
860963,17.6,135,9092,190
860964,12.2,135,9234,190
860965,16.85,135,9319,190
860966,18.25,135,9130,190
860967,16.2,135,9054,190
860968,15.4,135,9111,190
860969,14.6,135,9268,190
860970,15.9,135,9284,190
860971,16.75,135,8981,190
860972,15.85,135,9156,190
860973,17.35,135,9046,190
860974,14.25,135,9031,190
860975,18.85,135,9243,190
860976,15.6,135,9241,190
860977,17.8,135,8964,190
860978,14.35,135,9071,190
860979,13.25,135,9019,190
860980,12.25,135,9035,190
860981,18.35,135,9175,190
860982,17.95,135,9242,190
860983,18.6,135,9121,190
860984,15.6,135,9095,190
860985,16.5,135,9266,190
860986,15.6,135,9006,190
860987,18.25,135,8962,190
860988,11.5,135,9181,190
860989,14.2,135,9231,190
860990,16.95,135,9174,190
860991,17.45,135,9310,190
860992,14.7,135,9340,190
860993,11.25,135,9226,190
860994,18,135,9330,190
860995,18,135,8965,190
860996,13.6,135,9004,190
860997,14.85,135,9137,190
860998,12.25,135,9216,190
860999,16.6,135,9100,190
861000,15.9,135,9223,190
861001,17.85,135,9183,190
861002,15.6,135,9044,190
861003,16.95,135,9303,190
861004,13.25,135,9038,190
861005,17.85,135,9294,190
861006,18.25,135,9133,190
861007,15.4,135,9008,190
861008,16.45,135,8942,190
861009,11,135,8954,190
861010,11.85,135,9067,190
861011,17.45,135,9099,190
861012,16.2,135,8973,190
861013,19.65,135,9022,190
861014,14.6,135,9112,190
861015,16.55,135,9328,190
861016,15,135,9143,190
861017,16,135,8993,190
861018,19.4,135,9166,190
861019,15,135,9065,190
861020,17.85,135,9333,190
861021,16.5,135,9120,190
861022,16.6,135,8947,190
861023,17.85,135,9215,190
861024,17.6,135,8950,190
861025,17.9,135,9198,190
861026,17.95,135,9045,190
861027,17.5,135,9108,190
861028,17.25,135,9083,190
861029,16.5,135,9336,190
861030,13.2,135,9251,190
861031,12.1,135,9102,190
861032,12.2,135,9267,190
861033,11.85,135,9281,190
861034,12,135,9117,190
861035,14.25,135,9013,190
861036,19.25,135,9220,190
861037,17,135,9055,190
861038,16.95,135,9115,190
861039,16,135,8998,190
861040,13.1,135,8969,190
861041,13.25,135,9027,190
861042,14.85,135,9308,190
861043,16.6,135,9270,190
861044,17.6,135,9138,190
861045,17.5,135,9304,190
861046,19.25,135,8971,190
861047,18.35,135,9134,190
861048,15.95,135,9011,190
861049,17.35,135,9039,190
861050,13.85,135,9075,190
861051,17.85,135,9072,190
861052,12.45,135,9184,190
861053,16,135,9016,190
861054,18.8,135,9041,190
861055,16.5,135,9208,190
861056,16.85,135,9275,190
861057,16.85,135,9239,190
861058,17.6,135,9173,190
861059,19.25,135,9289,190
861060,17,135,9172,190
861061,16.25,135,9110,190
861062,15.5,135,9236,190
861063,10.95,135,9337,190
861064,12.85,135,9165,190
861065,15.1,135,8951,190
861066,18,135,9191,190
861067,14.2,135,9282,190
861068,17.6,135,9028,190
861069,15.85,135,8987,190
861070,15.2,135,9168,190
861071,17.4,135,9298,190
861072,15.65,135,9017,190
861073,13.6,135,9062,190
861074,17.85,135,9128,190
861075,17.25,135,9169,190
861076,16.1,135,8957,190
861077,12.8,135,9059,190
861078,14.25,135,8978,190
861079,17.25,135,9064,190
861080,16.45,135,9196,190
861081,19.6,135,9053,190
861082,16.6,135,9145,190
861083,15.85,135,8997,190
861084,17.85,135,9161,190
861085,14.6,135,9237,190
861086,16.6,135,9153,190
861087,16.25,135,9026,190
861088,18,135,9192,190
861089,18,135,9132,190
861090,17.5,135,9162,190
861091,18.25,135,8960,190
861092,17.75,135,9177,190
861093,16.6,135,9157,190
861094,17.45,135,9186,190
861095,17.7,135,9086,190
861096,15.25,135,8982,190
861097,16.35,135,9158,190
861098,13.1,135,9049,190
861099,15.5,135,9178,190
861100,17.85,135,9332,190
861101,11.6,135,9030,190
861102,19.5,135,9051,190
861103,17.25,135,8977,190
861104,17.25,135,9012,190
861105,18.2,135,9314,190
861106,17.25,135,9024,190
861107,17.8,135,9093,190
861108,12.9,135,9315,190
861109,13.6,135,9142,190
861110,16.85,135,9217,190
861111,16.6,135,9126,190
861112,16.55,135,9070,190
861113,17.85,135,9313,190
861114,14.85,135,9180,190
861115,17.25,135,9005,190
861116,14.6,135,9244,190
861117,15.2,135,9091,190
861118,16.6,135,9327,190
861119,17.25,135,8986,190
861120,16.15,135,9316,190
861121,11.25,135,9116,190
861122,14.05,135,8979,190
861123,18.2,135,8994,190
861124,13.85,135,9247,190
861125,17.2,135,9206,190
861126,17.5,135,9118,190
861127,17.25,135,8980,190
861128,18.85,135,9326,190
861129,15.85,135,9312,190
861130,16.9,135,8956,190
861131,16.65,135,9269,190
861132,15.6,135,9261,190
861133,15.65,135,8967,190
861134,15.6,135,9023,190
861135,11,135,9097,190
861136,15.85,135,9098,190
861137,15.35,136,9322,190
861138,16.65,136,9148,190
861139,13.5,136,8991,190
861140,16.85,136,8952,190
861141,15,136,9280,190
861142,17.6,136,9034,190
861143,14.85,136,9279,190
861144,12.2,136,9123,190
861145,15.1,136,9309,190
861146,14.6,136,9272,190
861147,14.85,136,9018,190
861148,17.35,136,9246,190
861149,17,136,9287,190
861150,16.35,136,8961,190
861151,14.05,136,9300,190
861152,13.6,136,8968,190
861153,15,136,9107,190
861154,14.2,136,9307,190
861155,15.9,136,8983,190
861156,15.25,136,9146,190
861157,16.75,136,9317,190
861158,18.75,136,9127,190
861159,13,136,9257,190
861160,15.6,136,9085,190
861161,18.45,136,9230,190
861162,16,136,9056,190
861163,15.45,136,9176,190
861164,14.85,136,9240,190
861165,15.8,136,9190,190
861166,16.1,136,9204,190
861167,15.95,136,9002,190
861168,13.85,136,9278,190
861169,14.85,136,9202,190
861170,17.45,136,9032,190
861171,14.45,136,9047,190
861172,15.35,136,9286,190
861173,18,136,9082,190
861174,14.2,136,9221,190
861175,9.6,136,8995,190
861176,15.25,136,9265,190
861177,14.25,136,9025,190
861178,17.95,136,9324,190
861179,16.65,136,9227,190
861180,13.85,136,9259,190
861181,17.85,136,9301,190
861182,17.9,136,8945,190
861183,15.7,136,9197,190
861184,16.1,136,9232,190
861185,11.95,136,9078,190
861186,15.9,136,8946,190
861187,15.2,136,9119,190
861188,14,136,9212,190
861189,17.5,136,9248,190
861190,16.3,136,9185,190
861191,15,136,9036,190
861192,13.45,136,9000,190
861193,11.8,136,8955,190
861194,16.15,136,9288,190
861195,14.5,136,9014,190
861196,16.95,136,8999,190
861197,16.25,136,8944,190
861198,16.75,136,9213,190
861199,18.15,136,9105,190
861200,10.95,136,9273,190
861201,10.8,136,9140,190
861202,16.1,136,9131,190
861203,14.6,136,8984,190
861204,15.7,136,9042,190
861205,16.35,136,9151,190
861206,15.9,136,8976,190
861207,11.65,136,9104,190
861208,15.6,136,9170,190
861209,12,136,9141,190
861210,18.4,136,9164,190
861211,14.95,136,9256,190
861212,15.15,136,9144,190
861213,15.9,136,9079,190
861214,13,136,9150,190
861215,16.2,136,9274,190
861216,17.6,136,9335,190
861217,14.9,136,9010,190
861218,17.2,136,9320,190
861219,17.2,136,8943,190
861220,14.75,136,8992,190
861221,17.4,136,9258,190
861222,16.35,136,9187,190
861223,13.8,136,9063,190
861224,16.55,136,9262,190
861225,14.7,136,9149,190
861226,14.5,136,9050,190
861227,15.8,136,8958,190
861228,14.7,136,9323,190
861229,15,136,9087,190
861230,17.2,136,9179,190
861231,14.45,136,9167,190
861232,15.9,136,8963,190
861233,15.5,136,9125,190
861234,16.05,136,9029,190
861235,15.95,136,9015,190
861236,13.25,136,9084,190
861237,11.75,136,9147,190
861238,15.6,136,8948,190
861239,14.45,136,9295,190
861240,14.45,136,9136,190
861241,16.2,136,9339,190
861242,18.4,136,9171,190
861243,16,136,9201,190
861244,15.85,136,9306,190
861245,16.25,136,9249,190
861246,18.95,136,9203,190
861247,16.35,136,8972,190
861248,16.95,136,9020,190
861249,14.6,136,9080,190
861250,16.1,136,9311,190
861251,17,136,9154,190
861252,16.25,136,9052,190
861253,15.85,136,9101,190
861254,14.85,136,9205,190
861255,14.2,136,9113,190
861256,15.35,136,9096,190
861257,15.15,136,9021,190
861258,15.75,136,8990,190
861259,12.5,136,8966,190
861260,17.5,136,9200,190
861261,9.85,136,9283,190
861262,15.2,136,9114,190
861263,14.35,136,9245,190
861264,15.95,136,9058,190
861265,15.85,136,9124,190
861266,16.2,136,9276,190
861267,14.25,136,9077,190
861268,12.15,136,9139,190
861269,13.9,136,9238,190
861270,16.4,136,9057,190
861271,15.35,136,9043,190
861272,15.45,136,9061,190
861273,16.25,136,9338,190
861274,17.1,136,9037,190
861275,12.6,136,9290,190
861276,13.75,136,9076,190
861277,13.6,136,9189,190
861278,14.5,136,9199,190
861279,17.3,136,9218,190
861280,15.8,136,9074,190
861281,16.85,136,9068,190
861282,15.9,136,8953,190
861283,15.85,136,8989,190
861284,15.25,136,9291,190
861285,13.6,136,9271,190
861286,16.85,136,9277,190
861287,14.5,136,9163,190
861288,16.95,136,9285,190
861289,16.4,136,9224,190
861290,12.35,136,9066,190
861291,14.25,136,9069,190
861292,16.25,136,9160,190
861293,15.85,136,9325,190
861294,15.25,136,9155,190
861295,15.65,136,9214,190
861296,18,136,9219,190
861297,11.85,136,8949,190
861298,17.25,136,9305,190
861299,12.65,136,9194,190
861300,15.7,136,9228,190
861301,14.2,136,9225,190
861302,13.7,136,9299,190
861303,16.2,136,9092,190
861304,12.3,136,9234,190
861305,16.75,136,9319,190
861306,16.5,136,9130,190
861307,14.85,136,9054,190
861308,14.25,136,9111,190
861309,14.4,136,9268,190
861310,15.25,136,9284,190
861311,15.75,136,8981,190
861312,15.25,136,9156,190
861313,16.1,136,9046,190
861314,14,136,9031,190
861315,18,136,9243,190
861316,14.85,136,9241,190
861317,16.1,136,8964,190
861318,14.75,136,9071,190
861319,13.4,136,9019,190
861320,10.5,136,9035,190
861321,16.6,136,9175,190
861322,16,136,9242,190
861323,18.95,136,9121,190
861324,16.5,136,9095,190
861325,16.85,136,9266,190
861326,14.9,136,9006,190
861327,18.75,136,8962,190
861328,11.2,136,9181,190
861329,12.65,136,9231,190
861330,14.4,136,9174,190
861331,14.6,136,9310,190
861332,14.65,136,9340,190
861333,12.25,136,9226,190
861334,16.75,136,9330,190
861335,15.85,136,8965,190
861336,12.1,136,9004,190
861337,16.1,136,9137,190
861338,10.75,136,9216,190
861339,17,136,9100,190
861340,14.65,136,9223,190
861341,18,136,9183,190
861342,15.2,136,9044,190
861343,14.75,136,9303,190
861344,11.35,136,9038,190
861345,18.2,136,9294,190
861346,16.2,136,9133,190
861347,14.6,136,9008,190
861348,14.85,136,8942,190
861349,9.25,136,8954,190
861350,10.85,136,9067,190
861351,16.2,136,9099,190
861352,13.25,136,8973,190
861353,18.75,136,9022,190
861354,13.45,136,9112,190
861355,15.1,136,9328,190
861356,14.2,136,9143,190
861357,14.65,136,8993,190
861358,17.6,136,9166,190
861359,12.15,136,9065,190
861360,15.6,136,9333,190
861361,15.2,136,9120,190
861362,14.7,136,8947,190
861363,17.1,136,9215,190
861364,16.5,136,8950,190
861365,16.25,136,9198,190
861366,16.8,136,9045,190
861367,18.1,136,9108,190
861368,17.6,136,9083,190
861369,15.85,136,9336,190
861370,12.35,136,9251,190
861371,11.15,136,9102,190
861372,12.6,136,9267,190
861373,10.2,136,9281,190
861374,11.6,136,9117,190
861375,15.15,136,9013,190
861376,16.3,136,9220,190
861377,15.2,136,9055,190
861378,16.25,136,9115,190
861379,15.25,136,8998,190
861380,13.2,136,8969,190
861381,13,136,9027,190
861382,15.25,136,9308,190
861383,15.8,136,9270,190
861384,16.75,136,9138,190
861385,15.8,136,9304,190
861386,17.6,136,8971,190
861387,17.95,136,9134,190
861388,15.35,136,9011,190
861389,16.6,136,9039,190
861390,11.2,136,9075,190
861391,17.6,136,9072,190
861392,11.25,136,9184,190
861393,16.25,136,9016,190
861394,18.35,136,9041,190
861395,14.6,136,9208,190
861396,14.65,136,9275,190
861397,16.15,136,9239,190
861398,17.85,136,9173,190
861399,16.9,136,9289,190
861400,15.5,136,9172,190
861401,16.15,136,9110,190
861402,13,136,9236,190
861403,10.8,136,9337,190
861404,13.05,136,9165,190
861405,14.65,136,8951,190
861406,16.2,136,9191,190
861407,13.2,136,9282,190
861408,16.25,136,9028,190
861409,14.7,136,8987,190
861410,13.4,136,9168,190
861411,16.6,136,9298,190
861412,14.7,136,9017,190
861413,13.6,136,9062,190
861414,17.65,136,9128,190
861415,16.7,136,9169,190
861416,16.25,136,8957,190
861417,11.6,136,9059,190
861418,14.45,136,8978,190
861419,15.5,136,9064,190
861420,16.85,136,9196,190
861421,16.3,136,9053,190
861422,15.75,136,9145,190
861423,14.1,136,8997,190
861424,17.9,136,9161,190
861425,14.15,136,9237,190
861426,16.6,136,9153,190
861427,14.85,136,9026,190
861428,17.85,136,9192,190
861429,18.65,136,9132,190
861430,15.85,136,9162,190
861431,15.85,136,8960,190
861432,17,136,9177,190
861433,16.05,136,9157,190
861434,14.2,136,9186,190
861435,16.6,136,9086,190
861436,13.85,136,8982,190
861437,15.2,136,9158,190
861438,10.6,136,9049,190
861439,14.15,136,9178,190
861440,16.9,136,9332,190
861441,10.25,136,9030,190
861442,18.2,136,9051,190
861443,15.95,136,8977,190
861444,15.85,136,9012,190
861445,16.5,136,9314,190
861446,15.85,136,9024,190
861447,17.6,136,9093,190
861448,13.65,136,9315,190
861449,14.1,136,9142,190
861450,16.45,136,9217,190
861451,14.5,136,9126,190
861452,15.75,136,9070,190
861453,17.2,136,9313,190
861454,13.5,136,9180,190
861455,14.85,136,9005,190
861456,12.85,136,9244,190
861457,14.75,136,9091,190
861458,16.15,136,9327,190
861459,15.85,136,8986,190
861460,15.35,136,9316,190
861461,10.75,136,9116,190
861462,14.2,136,8979,190
861463,16.6,136,8994,190
861464,15,136,9247,190
861465,15.8,136,9206,190
861466,15.7,136,9118,190
861467,17.25,136,8980,190
861468,17.35,136,9326,190
861469,15.15,136,9312,190
861470,14.85,136,8956,190
861471,15,136,9269,190
861472,15.5,136,9261,190
861473,14.9,136,8967,190
861474,16.35,136,9023,190
861475,11.6,136,9097,190
861476,15.85,136,9098,190
861477,19.25,137,9322,190
861478,20,137,9148,190
861479,14.6,137,8991,190
861480,19.25,137,8952,190
861481,17.65,137,9280,190
861482,19.6,137,9034,190
861483,17.9,137,9279,190
861484,13.85,137,9123,190
861485,18.45,137,9309,190
861486,18.5,137,9272,190
861487,17.6,137,9018,190
861488,20,137,9246,190
861489,19.6,137,9287,190
861490,18.25,137,8961,190
861491,16.25,137,9300,190
861492,16.9,137,8968,190
861493,16.6,137,9107,190
861494,16.25,137,9307,190
861495,18,137,8983,190
861496,17.6,137,9146,190
861497,19.25,137,9317,190
861498,20,137,9127,190
861499,15.6,137,9257,190
861500,18.25,137,9085,190
861501,20,137,9230,190
861502,19.35,137,9056,190
861503,18.6,137,9176,190
861504,18.25,137,9240,190
861505,17.6,137,9190,190
861506,17.65,137,9204,190
861507,19.2,137,9002,190
861508,16.25,137,9278,190
861509,18,137,9202,190
861510,20,137,9032,190
861511,17.25,137,9047,190
861512,17.6,137,9286,190
861513,19.6,137,9082,190
861514,16.85,137,9221,190
861515,12.2,137,8995,190
861516,19.25,137,9265,190
861517,18.2,137,9025,190
861518,19.25,137,9324,190
861519,20,137,9227,190
861520,14.6,137,9259,190
861521,19.6,137,9301,190
861522,19.6,137,8945,190
861523,18.5,137,9197,190
861524,20,137,9232,190
861525,15.2,137,9078,190
861526,17.6,137,8946,190
861527,18.25,137,9119,190
861528,16.25,137,9212,190
861529,20,137,9248,190
861530,18.6,137,9185,190
861531,19,137,9036,190
861532,17,137,9000,190
861533,16.25,137,8955,190
861534,18.6,137,9288,190
861535,15.6,137,9014,190
861536,20,137,8999,190
861537,18.6,137,8944,190
861538,20,137,9213,190
861539,20,137,9105,190
861540,13.85,137,9273,190
861541,13.6,137,9140,190
861542,18.2,137,9131,190
861543,16.2,137,8984,190
861544,16.6,137,9042,190
861545,19.25,137,9151,190
861546,18.25,137,8976,190
861547,13.85,137,9104,190
861548,19.25,137,9170,190
861549,14,137,9141,190
861550,20,137,9164,190
861551,19,137,9256,190
861552,18.35,137,9144,190
861553,17.85,137,9079,190
861554,15.2,137,9150,190
861555,17.85,137,9274,190
861556,19.6,137,9335,190
861557,17.5,137,9010,190
861558,19.6,137,9320,190
861559,18.2,137,8943,190
861560,17.6,137,8992,190
861561,19.6,137,9258,190
861562,18.6,137,9187,190
861563,16.2,137,9063,190
861564,19.6,137,9262,190
861565,17.6,137,9149,190
861566,16.85,137,9050,190
861567,18.85,137,8958,190
861568,17.85,137,9323,190
861569,16.25,137,9087,190
861570,20,137,9179,190
861571,16.2,137,9167,190
861572,17.25,137,8963,190
861573,17.6,137,9125,190
861574,19.6,137,9029,190
861575,18.6,137,9015,190
861576,15.85,137,9084,190
861577,15.5,137,9147,190
861578,18.1,137,8948,190
861579,17.95,137,9295,190
861580,18,137,9136,190
861581,20,137,9339,190
861582,19.6,137,9171,190
861583,17.25,137,9201,190
861584,17.85,137,9306,190
861585,18.25,137,9249,190
861586,20,137,9203,190
861587,19,137,8972,190
861588,19.75,137,9020,190
861589,17.25,137,9080,190
861590,20,137,9311,190
861591,18.65,137,9154,190
861592,16.6,137,9052,190
861593,18.25,137,9101,190
861594,16,137,9205,190
861595,18.25,137,9113,190
861596,19,137,9096,190
861597,17.9,137,9021,190
861598,17,137,8990,190
861599,14.25,137,8966,190
861600,19.6,137,9200,190
861601,13.6,137,9283,190
861602,18.6,137,9114,190
861603,17.85,137,9245,190
861604,17.8,137,9058,190
861605,18.1,137,9124,190
861606,18.95,137,9276,190
861607,18.25,137,9077,190
861608,15.35,137,9139,190
861609,15.6,137,9238,190
861610,17.5,137,9057,190
861611,16.85,137,9043,190
861612,17.85,137,9061,190
861613,19.6,137,9338,190
861614,20,137,9037,190
861615,15.85,137,9290,190
861616,14.6,137,9076,190
861617,15.65,137,9189,190
861618,18,137,9199,190
861619,19.6,137,9218,190
861620,18.6,137,9074,190
861621,18.6,137,9068,190
861622,17.85,137,8953,190
861623,17.9,137,8989,190
861624,17.6,137,9291,190
861625,15.6,137,9271,190
861626,18.6,137,9277,190
861627,17.2,137,9163,190
861628,19.25,137,9285,190
861629,19.6,137,9224,190
861630,14.9,137,9066,190
861631,16.25,137,9069,190
861632,18.6,137,9160,190
861633,19.2,137,9325,190
861634,17.85,137,9155,190
861635,18.6,137,9214,190
861636,19.6,137,9219,190
861637,14.35,137,8949,190
861638,17.85,137,9305,190
861639,15.25,137,9194,190
861640,17.6,137,9228,190
861641,15.65,137,9225,190
861642,18.25,137,9299,190
861643,18.6,137,9092,190
861644,14.6,137,9234,190
861645,17.6,137,9319,190
861646,18.25,137,9130,190
861647,18,137,9054,190
861648,17.05,137,9111,190
861649,15.25,137,9268,190
861650,18.6,137,9284,190
861651,17.25,137,8981,190
861652,17.25,137,9156,190
861653,17.85,137,9046,190
861654,15.85,137,9031,190
861655,19.6,137,9243,190
861656,18,137,9241,190
861657,18.25,137,8964,190
861658,15.85,137,9071,190
861659,15.6,137,9019,190
861660,13.65,137,9035,190
861661,19.6,137,9175,190
861662,19.25,137,9242,190
861663,19.6,137,9121,190
861664,17.85,137,9095,190
861665,18.6,137,9266,190
861666,16.85,137,9006,190
861667,19.25,137,8962,190
861668,14.25,137,9181,190
861669,15.45,137,9231,190
861670,16.65,137,9174,190
861671,17.25,137,9310,190
861672,16.5,137,9340,190
861673,13,137,9226,190
861674,18.6,137,9330,190
861675,19.35,137,8965,190
861676,14.9,137,9004,190
861677,17.85,137,9137,190
861678,14.2,137,9216,190
861679,18.6,137,9100,190
861680,17.6,137,9223,190
861681,19.75,137,9183,190
861682,17,137,9044,190
861683,17.6,137,9303,190
861684,15.25,137,9038,190
861685,19.6,137,9294,190
861686,19.25,137,9133,190
861687,17.6,137,9008,190
861688,18,137,8942,190
861689,12.35,137,8954,190
861690,13.6,137,9067,190
861691,18.85,137,9099,190
861692,17.25,137,8973,190
861693,19.6,137,9022,190
861694,16.6,137,9112,190
861695,18.1,137,9328,190
861696,16.35,137,9143,190
861697,16.6,137,8993,190
861698,20,137,9166,190
861699,14.85,137,9065,190
861700,19.2,137,9333,190
861701,17.6,137,9120,190
861702,17,137,8947,190
861703,19.25,137,9215,190
861704,17.85,137,8950,190
861705,19.25,137,9198,190
861706,20,137,9045,190
861707,19.25,137,9108,190
861708,18.25,137,9083,190
861709,18.6,137,9336,190
861710,15.6,137,9251,190
861711,13.6,137,9102,190
861712,13.9,137,9267,190
861713,13.25,137,9281,190
861714,14.85,137,9117,190
861715,16.25,137,9013,190
861716,19.6,137,9220,190
861717,17.6,137,9055,190
861718,19.35,137,9115,190
861719,17.5,137,8998,190
861720,15.25,137,8969,190
861721,14.4,137,9027,190
861722,16.6,137,9308,190
861723,17.25,137,9270,190
861724,18.6,137,9138,190
861725,20,137,9304,190
861726,20,137,8971,190
861727,20,137,9134,190
861728,17.85,137,9011,190
861729,18,137,9039,190
861730,14.6,137,9075,190
861731,19.65,137,9072,190
861732,13.85,137,9184,190
861733,17.6,137,9016,190
861734,20,137,9041,190
861735,18.6,137,9208,190
861736,17.25,137,9275,190
861737,17.75,137,9239,190
861738,19.25,137,9173,190
861739,20,137,9289,190
861740,18.6,137,9172,190
861741,17.6,137,9110,190
861742,16.6,137,9236,190
861743,13.2,137,9337,190
861744,15,137,9165,190
861745,17,137,8951,190
861746,19.6,137,9191,190
861747,16.25,137,9282,190
861748,17.5,137,9028,190
861749,19,137,8987,190
861750,16,137,9168,190
861751,19.25,137,9298,190
861752,17.6,137,9017,190
861753,15.2,137,9062,190
861754,20,137,9128,190
861755,19.6,137,9169,190
861756,17.6,137,8957,190
861757,14.25,137,9059,190
861758,16.25,137,8978,190
861759,17.1,137,9064,190
861760,18.6,137,9196,190
861761,20,137,9053,190
861762,17.85,137,9145,190
861763,18.25,137,8997,190
861764,20,137,9161,190
861765,16.85,137,9237,190
861766,18,137,9153,190
861767,17.45,137,9026,190
861768,20,137,9192,190
861769,20,137,9132,190
861770,19.6,137,9162,190
861771,18.5,137,8960,190
861772,19.6,137,9177,190
861773,18,137,9157,190
861774,18.35,137,9186,190
861775,18.6,137,9086,190
861776,17.6,137,8982,190
861777,17.85,137,9158,190
861778,13.65,137,9049,190
861779,16.85,137,9178,190
861780,18.6,137,9332,190
861781,13.2,137,9030,190
861782,20,137,9051,190
861783,18.2,137,8977,190
861784,17.85,137,9012,190
861785,19.6,137,9314,190
861786,17.45,137,9024,190
861787,19.25,137,9093,190
861788,16,137,9315,190
861789,16.85,137,9142,190
861790,18.6,137,9217,190
861791,18.35,137,9126,190
861792,17.85,137,9070,190
861793,20,137,9313,190
861794,16.95,137,9180,190
861795,18.85,137,9005,190
861796,14.2,137,9244,190
861797,16.45,137,9091,190
861798,18.9,137,9327,190
861799,19.6,137,8986,190
861800,17,137,9316,190
861801,12.85,137,9116,190
861802,15.6,137,8979,190
861803,20,137,8994,190
861804,17.6,137,9247,190
861805,18.6,137,9206,190
861806,18.6,137,9118,190
861807,20,137,8980,190
861808,18.85,137,9326,190
861809,18.25,137,9312,190
861810,17.2,137,8956,190
861811,18.25,137,9269,190
861812,18.6,137,9261,190
861813,17.6,137,8967,190
861814,19.25,137,9023,190
861815,12.6,137,9097,190
861816,18.65,137,9098,190
861817,18.85,138,9322,190
861818,17.95,138,9148,190
861819,15.25,138,8991,190
861820,18.2,138,8952,190
861821,17.35,138,9280,190
861822,19.6,138,9034,190
861823,16.9,138,9279,190
861824,14.9,138,9123,190
861825,17.25,138,9309,190
861826,16.85,138,9272,190
861827,18,138,9018,190
861828,18.5,138,9246,190
861829,19.6,138,9287,190
861830,17.35,138,8961,190
861831,15.6,138,9300,190
861832,16.85,138,8968,190
861833,16.6,138,9107,190
861834,15.95,138,9307,190
861835,17.4,138,8983,190
861836,18.25,138,9146,190
861837,18.85,138,9317,190
861838,19.25,138,9127,190
861839,15.6,138,9257,190
861840,17.2,138,9085,190
861841,19.25,138,9230,190
861842,18.9,138,9056,190
861843,17.6,138,9176,190
861844,17,138,9240,190
861845,18.2,138,9190,190
861846,16.6,138,9204,190
861847,18.6,138,9002,190
861848,15.85,138,9278,190
861849,17.85,138,9202,190
861850,18.2,138,9032,190
861851,18,138,9047,190
861852,17.25,138,9286,190
861853,19.6,138,9082,190
861854,17.45,138,9221,190
861855,12.85,138,8995,190
861856,19,138,9265,190
861857,18.25,138,9025,190
861858,18.25,138,9324,190
861859,19.2,138,9227,190
861860,15.25,138,9259,190
861861,19.2,138,9301,190
861862,19.2,138,8945,190
861863,17.2,138,9197,190
861864,19.6,138,9232,190
861865,15.65,138,9078,190
861866,16.85,138,8946,190
861867,18,138,9119,190
861868,15.6,138,9212,190
861869,18.25,138,9248,190
861870,18.25,138,9185,190
861871,19,138,9036,190
861872,15.5,138,9000,190
861873,15.6,138,8955,190
861874,17.35,138,9288,190
861875,16.65,138,9014,190
861876,20,138,8999,190
861877,18.35,138,8944,190
861878,18.6,138,9213,190
861879,19.6,138,9105,190
861880,12.95,138,9273,190
861881,11.85,138,9140,190
861882,18.35,138,9131,190
861883,15.85,138,8984,190
861884,17.9,138,9042,190
861885,18.25,138,9151,190
861886,16.35,138,8976,190
861887,14.2,138,9104,190
861888,18,138,9170,190
861889,13.5,138,9141,190
861890,20,138,9164,190
861891,18.25,138,9256,190
861892,18.25,138,9144,190
861893,18.1,138,9079,190
861894,15.6,138,9150,190
861895,18.45,138,9274,190
861896,19.25,138,9335,190
861897,17.25,138,9010,190
861898,19.25,138,9320,190
861899,18.25,138,8943,190
861900,17.25,138,8992,190
861901,18.95,138,9258,190
861902,18.85,138,9187,190
861903,14.6,138,9063,190
861904,20,138,9262,190
861905,16.2,138,9149,190
861906,17,138,9050,190
861907,17.25,138,8958,190
861908,18.25,138,9323,190
861909,15.6,138,9087,190
861910,19.65,138,9179,190
861911,14.85,138,9167,190
861912,17.85,138,8963,190
861913,18.6,138,9125,190
861914,19.6,138,9029,190
861915,17.85,138,9015,190
861916,15.35,138,9084,190
861917,14.6,138,9147,190
861918,17.25,138,8948,190
861919,16.5,138,9295,190
861920,17.6,138,9136,190
861921,18.2,138,9339,190
861922,19.6,138,9171,190
861923,17.85,138,9201,190
861924,18,138,9306,190
861925,17.8,138,9249,190
861926,19.75,138,9203,190
861927,18.95,138,8972,190
861928,18.6,138,9020,190
861929,16.85,138,9080,190
861930,18.95,138,9311,190
861931,17.45,138,9154,190
861932,16.35,138,9052,190
861933,17.85,138,9101,190
861934,16.45,138,9205,190
861935,17.35,138,9113,190
861936,19.25,138,9096,190
861937,15.95,138,9021,190
861938,16.85,138,8990,190
861939,14.6,138,8966,190
861940,17.9,138,9200,190
861941,14.25,138,9283,190
861942,17.45,138,9114,190
861943,17.6,138,9245,190
861944,17.6,138,9058,190
861945,17.8,138,9124,190
861946,18.95,138,9276,190
861947,17.6,138,9077,190
861948,14.25,138,9139,190
861949,14.6,138,9238,190
861950,18.15,138,9057,190
861951,16.5,138,9043,190
861952,17.6,138,9061,190
861953,19.25,138,9338,190
861954,19.2,138,9037,190
861955,14.85,138,9290,190
861956,14.25,138,9076,190
861957,15.25,138,9189,190
861958,17.85,138,9199,190
861959,19.6,138,9218,190
861960,18.35,138,9074,190
861961,18.2,138,9068,190
861962,18,138,8953,190
861963,18.25,138,8989,190
861964,17.45,138,9291,190
861965,14.6,138,9271,190
861966,18.25,138,9277,190
861967,17.25,138,9163,190
861968,18.45,138,9285,190
861969,18.45,138,9224,190
861970,15.2,138,9066,190
861971,16.95,138,9069,190
861972,18.85,138,9160,190
861973,17.6,138,9325,190
861974,17,138,9155,190
861975,17.85,138,9214,190
861976,20,138,9219,190
861977,12.85,138,8949,190
861978,17.2,138,9305,190
861979,13.6,138,9194,190
861980,17.25,138,9228,190
861981,15.5,138,9225,190
861982,17.95,138,9299,190
861983,18.25,138,9092,190
861984,13.6,138,9234,190
861985,18.35,138,9319,190
861986,18.85,138,9130,190
861987,16.75,138,9054,190
861988,15.6,138,9111,190
861989,15.95,138,9268,190
861990,17.2,138,9284,190
861991,17.25,138,8981,190
861992,17.85,138,9156,190
861993,17.6,138,9046,190
861994,14.35,138,9031,190
861995,20,138,9243,190
861996,15.45,138,9241,190
861997,20,138,8964,190
861998,16,138,9071,190
861999,15.2,138,9019,190
862000,13.6,138,9035,190
862001,19.6,138,9175,190
862002,17.2,138,9242,190
862003,19.6,138,9121,190
862004,17.25,138,9095,190
862005,18.6,138,9266,190
862006,17,138,9006,190
862007,18.85,138,8962,190
862008,14.5,138,9181,190
862009,15.35,138,9231,190
862010,15.85,138,9174,190
862011,17.85,138,9310,190
862012,15.6,138,9340,190
862013,13.45,138,9226,190
862014,17.45,138,9330,190
862015,18.25,138,8965,190
862016,13.6,138,9004,190
862017,17,138,9137,190
862018,13.35,138,9216,190
862019,18.25,138,9100,190
862020,16.6,138,9223,190
862021,19.25,138,9183,190
862022,15.2,138,9044,190
862023,18,138,9303,190
862024,14.6,138,9038,190
862025,19.25,138,9294,190
862026,20,138,9133,190
862027,16.25,138,9008,190
862028,16.85,138,8942,190
862029,12.3,138,8954,190
862030,13.25,138,9067,190
862031,18.85,138,9099,190
862032,16.25,138,8973,190
862033,19.6,138,9022,190
862034,15.6,138,9112,190
862035,17.4,138,9328,190
862036,16.55,138,9143,190
862037,15.85,138,8993,190
862038,19.6,138,9166,190
862039,14.6,138,9065,190
862040,18.85,138,9333,190
862041,17.5,138,9120,190
862042,16.85,138,8947,190
862043,19.2,138,9215,190
862044,17.85,138,8950,190
862045,19,138,9198,190
862046,19.2,138,9045,190
862047,19,138,9108,190
862048,17.5,138,9083,190
862049,18.95,138,9336,190
862050,14,138,9251,190
862051,13.5,138,9102,190
862052,14.7,138,9267,190
862053,12.75,138,9281,190
862054,14.6,138,9117,190
862055,16.85,138,9013,190
862056,19.6,138,9220,190
862057,18.25,138,9055,190
862058,18.6,138,9115,190
862059,17,138,8998,190
862060,14.6,138,8969,190
862061,14.25,138,9027,190
862062,16.2,138,9308,190
862063,17.6,138,9270,190
862064,18.65,138,9138,190
862065,20,138,9304,190
862066,19,138,8971,190
862067,18.5,138,9134,190
862068,17.6,138,9011,190
862069,16.65,138,9039,190
862070,14.35,138,9075,190
862071,18.85,138,9072,190
862072,13.55,138,9184,190
862073,16.85,138,9016,190
862074,18.85,138,9041,190
862075,17.25,138,9208,190
862076,17.5,138,9275,190
862077,17.2,138,9239,190
862078,18.6,138,9173,190
862079,20,138,9289,190
862080,17.2,138,9172,190
862081,16.85,138,9110,190
862082,15.75,138,9236,190
862083,13.25,138,9337,190
862084,13.25,138,9165,190
862085,16.2,138,8951,190
862086,18.9,138,9191,190
862087,14.6,138,9282,190
862088,19.6,138,9028,190
862089,18.25,138,8987,190
862090,16.6,138,9168,190
862091,19,138,9298,190
862092,17.5,138,9017,190
862093,15.5,138,9062,190
862094,18,138,9128,190
862095,19.6,138,9169,190
862096,17.85,138,8957,190
862097,13.85,138,9059,190
862098,16.85,138,8978,190
862099,17.5,138,9064,190
862100,17.35,138,9196,190
862101,19.25,138,9053,190
862102,18.85,138,9145,190
862103,16.45,138,8997,190
862104,19.6,138,9161,190
862105,16.6,138,9237,190
862106,17.65,138,9153,190
862107,16.95,138,9026,190
862108,19.6,138,9192,190
862109,20,138,9132,190
862110,18.6,138,9162,190
862111,18.25,138,8960,190
862112,18.6,138,9177,190
862113,17.2,138,9157,190
862114,18,138,9186,190
862115,18.65,138,9086,190
862116,17.5,138,8982,190
862117,17.85,138,9158,190
862118,11.85,138,9049,190
862119,16.6,138,9178,190
862120,17.85,138,9332,190
862121,11.5,138,9030,190
862122,20,138,9051,190
862123,17.25,138,8977,190
862124,17.85,138,9012,190
862125,19,138,9314,190
862126,16.85,138,9024,190
862127,19.6,138,9093,190
862128,14.85,138,9315,190
862129,15.85,138,9142,190
862130,18.6,138,9217,190
862131,16.85,138,9126,190
862132,18.2,138,9070,190
862133,19.35,138,9313,190
862134,16.2,138,9180,190
862135,17.2,138,9005,190
862136,15,138,9244,190
862137,16.85,138,9091,190
862138,19.25,138,9327,190
862139,18.2,138,8986,190
862140,16.5,138,9316,190
862141,12.6,138,9116,190
862142,16.35,138,8979,190
862143,18.6,138,8994,190
862144,17.6,138,9247,190
862145,19,138,9206,190
862146,17.6,138,9118,190
862147,19.6,138,8980,190
862148,19.35,138,9326,190
862149,15.95,138,9312,190
862150,17,138,8956,190
862151,17.6,138,9269,190
862152,17,138,9261,190
862153,17,138,8967,190
862154,17.6,138,9023,190
862155,12.5,138,9097,190
862156,17.6,138,9098,190
862157,18.5,139,9322,190
862158,17.7,139,9148,190
862159,15.25,139,8991,190
862160,17.75,139,8952,190
862161,15.6,139,9280,190
862162,17.85,139,9034,190
862163,16.85,139,9279,190
862164,13,139,9123,190
862165,17.65,139,9309,190
862166,17,139,9272,190
862167,16.85,139,9018,190
862168,18.6,139,9246,190
862169,18.45,139,9287,190
862170,17.6,139,8961,190
862171,14.4,139,9300,190
862172,15.15,139,8968,190
862173,16.4,139,9107,190
862174,16.75,139,9307,190
862175,17.45,139,8983,190
862176,16.45,139,9146,190
862177,18.85,139,9317,190
862178,19.6,139,9127,190
862179,15.25,139,9257,190
862180,17.6,139,9085,190
862181,20,139,9230,190
862182,19.2,139,9056,190
862183,16.8,139,9176,190
862184,16.15,139,9240,190
862185,17.45,139,9190,190
862186,16.15,139,9204,190
862187,18.25,139,9002,190
862188,16,139,9278,190
862189,15.25,139,9202,190
862190,17.6,139,9032,190
862191,16.7,139,9047,190
862192,16.25,139,9286,190
862193,19.6,139,9082,190
862194,15.25,139,9221,190
862195,12.9,139,8995,190
862196,17.75,139,9265,190
862197,16.35,139,9025,190
862198,17.25,139,9324,190
862199,18.65,139,9227,190
862200,14.6,139,9259,190
862201,20,139,9301,190
862202,18.6,139,8945,190
862203,17.2,139,9197,190
862204,18.9,139,9232,190
862205,14,139,9078,190
862206,17.75,139,8946,190
862207,17.25,139,9119,190
862208,15.45,139,9212,190
862209,18.55,139,9248,190
862210,18.5,139,9185,190
862211,16.85,139,9036,190
862212,14.25,139,9000,190
862213,15.2,139,8955,190
862214,16.5,139,9288,190
862215,16.85,139,9014,190
862216,18.95,139,8999,190
862217,18.9,139,8944,190
862218,17.9,139,9213,190
862219,19.6,139,9105,190
862220,12.75,139,9273,190
862221,11.85,139,9140,190
862222,17.25,139,9131,190
862223,15,139,8984,190
862224,17,139,9042,190
862225,17.55,139,9151,190
862226,16.85,139,8976,190
862227,12.6,139,9104,190
862228,17.85,139,9170,190
862229,12.25,139,9141,190
862230,19.4,139,9164,190
862231,17.1,139,9256,190
862232,17.2,139,9144,190
862233,17.25,139,9079,190
862234,15.9,139,9150,190
862235,17.7,139,9274,190
862236,17.85,139,9335,190
862237,16.5,139,9010,190
862238,19.65,139,9320,190
862239,18.25,139,8943,190
862240,18,139,8992,190
862241,18.85,139,9258,190
862242,17.5,139,9187,190
862243,15.6,139,9063,190
862244,18.6,139,9262,190
862245,16.25,139,9149,190
862246,16.1,139,9050,190
862247,17.9,139,8958,190
862248,16.6,139,9323,190
862249,16,139,9087,190
862250,18.6,139,9179,190
862251,15.95,139,9167,190
862252,17.1,139,8963,190
862253,17,139,9125,190
862254,18.25,139,9029,190
862255,17.7,139,9015,190
862256,14.25,139,9084,190
862257,14,139,9147,190
862258,17.25,139,8948,190
862259,16.3,139,9295,190
862260,16.85,139,9136,190
862261,17.25,139,9339,190
862262,19.6,139,9171,190
862263,16.2,139,9201,190
862264,17,139,9306,190
862265,16.2,139,9249,190
862266,20,139,9203,190
862267,17.6,139,8972,190
862268,19,139,9020,190
862269,15.85,139,9080,190
862270,17.95,139,9311,190
862271,17.2,139,9154,190
862272,17.6,139,9052,190
862273,16.6,139,9101,190
862274,14.1,139,9205,190
862275,15.85,139,9113,190
862276,17.95,139,9096,190
862277,15.85,139,9021,190
862278,16.95,139,8990,190
862279,13.7,139,8966,190
862280,18.7,139,9200,190
862281,14.25,139,9283,190
862282,16.25,139,9114,190
862283,16.5,139,9245,190
862284,17.95,139,9058,190
862285,17.85,139,9124,190
862286,18.6,139,9276,190
862287,16.2,139,9077,190
862288,13.25,139,9139,190
862289,14.65,139,9238,190
862290,16.35,139,9057,190
862291,15.6,139,9043,190
862292,16.2,139,9061,190
862293,18,139,9338,190
862294,19.65,139,9037,190
862295,15,139,9290,190
862296,13.6,139,9076,190
862297,14.45,139,9189,190
862298,17.25,139,9199,190
862299,19.2,139,9218,190
862300,19.6,139,9074,190
862301,17.25,139,9068,190
862302,16.85,139,8953,190
862303,17.3,139,8989,190
862304,16.5,139,9291,190
862305,14.2,139,9271,190
862306,18.25,139,9277,190
862307,16,139,9163,190
862308,17.65,139,9285,190
862309,18.65,139,9224,190
862310,14.25,139,9066,190
862311,15.2,139,9069,190
862312,18.25,139,9160,190
862313,18.45,139,9325,190
862314,17.85,139,9155,190
862315,16.55,139,9214,190
862316,19.25,139,9219,190
862317,13,139,8949,190
862318,17.65,139,9305,190
862319,13.35,139,9194,190
862320,17.25,139,9228,190
862321,15,139,9225,190
862322,15.85,139,9299,190
862323,18.6,139,9092,190
862324,13,139,9234,190
862325,15.75,139,9319,190
862326,18.6,139,9130,190
862327,16.9,139,9054,190
862328,15.5,139,9111,190
862329,13.6,139,9268,190
862330,17.6,139,9284,190
862331,15.95,139,8981,190
862332,15.6,139,9156,190
862333,17.35,139,9046,190
862334,15.5,139,9031,190
862335,19.1,139,9243,190
862336,16.5,139,9241,190
862337,18,139,8964,190
862338,13.85,139,9071,190
862339,14.85,139,9019,190
862340,11.5,139,9035,190
862341,20,139,9175,190
862342,16.45,139,9242,190
862343,19.2,139,9121,190
862344,17.15,139,9095,190
862345,18.25,139,9266,190
862346,16.5,139,9006,190
862347,18.6,139,8962,190
862348,14,139,9181,190
862349,14.95,139,9231,190
862350,16.35,139,9174,190
862351,17.2,139,9310,190
862352,16.25,139,9340,190
862353,12.25,139,9226,190
862354,16.8,139,9330,190
862355,17,139,8965,190
862356,14,139,9004,190
862357,18,139,9137,190
862358,12.75,139,9216,190
862359,17.2,139,9100,190
862360,17.25,139,9223,190
862361,19.6,139,9183,190
862362,15.6,139,9044,190
862363,16.9,139,9303,190
862364,12.7,139,9038,190
862365,19.6,139,9294,190
862366,18.5,139,9133,190
862367,16.1,139,9008,190
862368,15.6,139,8942,190
862369,12,139,8954,190
862370,14.85,139,9067,190
862371,16.85,139,9099,190
862372,17.9,139,8973,190
862373,18.35,139,9022,190
862374,16.25,139,9112,190
862375,16.85,139,9328,190
862376,14.9,139,9143,190
862377,16.2,139,8993,190
862378,19.6,139,9166,190
862379,14.5,139,9065,190
862380,17.2,139,9333,190
862381,14.85,139,9120,190
862382,17.2,139,8947,190
862383,18.85,139,9215,190
862384,17.25,139,8950,190
862385,18.2,139,9198,190
862386,19.25,139,9045,190
862387,18.95,139,9108,190
862388,16.6,139,9083,190
862389,17.35,139,9336,190
862390,13.7,139,9251,190
862391,12.5,139,9102,190
862392,12.75,139,9267,190
862393,12.6,139,9281,190
862394,12.2,139,9117,190
862395,15.2,139,9013,190
862396,20,139,9220,190
862397,17.95,139,9055,190
862398,17,139,9115,190
862399,16.5,139,8998,190
862400,15,139,8969,190
862401,12.55,139,9027,190
862402,15.85,139,9308,190
862403,15.85,139,9270,190
862404,18.85,139,9138,190
862405,19,139,9304,190
862406,19.25,139,8971,190
862407,18.6,139,9134,190
862408,16.25,139,9011,190
862409,16.6,139,9039,190
862410,13.65,139,9075,190
862411,18.95,139,9072,190
862412,13.45,139,9184,190
862413,17,139,9016,190
862414,18.85,139,9041,190
862415,16.85,139,9208,190
862416,15.85,139,9275,190
862417,16.2,139,9239,190
862418,19.25,139,9173,190
862419,18.95,139,9289,190
862420,17.25,139,9172,190
862421,16.95,139,9110,190
862422,15.35,139,9236,190
862423,12.25,139,9337,190
862424,13.35,139,9165,190
862425,17.1,139,8951,190
862426,18,139,9191,190
862427,15.4,139,9282,190
862428,17.3,139,9028,190
862429,18.75,139,8987,190
862430,14.6,139,9168,190
862431,17.1,139,9298,190
862432,17.6,139,9017,190
862433,12.85,139,9062,190
862434,18.5,139,9128,190
862435,18.65,139,9169,190
862436,16.85,139,8957,190
862437,14,139,9059,190
862438,14.25,139,8978,190
862439,16.25,139,9064,190
862440,16.85,139,9196,190
862441,18.65,139,9053,190
862442,17,139,9145,190
862443,16.85,139,8997,190
862444,18.1,139,9161,190
862445,15.6,139,9237,190
862446,16.2,139,9153,190
862447,16,139,9026,190
862448,19.65,139,9192,190
862449,19.6,139,9132,190
862450,17.25,139,9162,190
862451,17.9,139,8960,190
862452,18.2,139,9177,190
862453,17.25,139,9157,190
862454,16.85,139,9186,190
862455,16.5,139,9086,190
862456,17.5,139,8982,190
862457,18.5,139,9158,190
862458,13,139,9049,190
862459,16.6,139,9178,190
862460,16.85,139,9332,190
862461,12,139,9030,190
862462,18.25,139,9051,190
862463,17,139,8977,190
862464,17.7,139,9012,190
862465,18.25,139,9314,190
862466,16.95,139,9024,190
862467,18.25,139,9093,190
862468,15,139,9315,190
862469,15.5,139,9142,190
862470,17.95,139,9217,190
862471,17.25,139,9126,190
862472,18.25,139,9070,190
862473,19.25,139,9313,190
862474,16.85,139,9180,190
862475,17.6,139,9005,190
862476,14.25,139,9244,190
862477,17.25,139,9091,190
862478,17.6,139,9327,190
862479,17.6,139,8986,190
862480,16.9,139,9316,190
862481,13.5,139,9116,190
862482,16.6,139,8979,190
862483,17.95,139,8994,190
862484,15.85,139,9247,190
862485,18.85,139,9206,190
862486,18.25,139,9118,190
862487,18.6,139,8980,190
862488,18.85,139,9326,190
862489,16.2,139,9312,190
862490,16.85,139,8956,190
862491,16.5,139,9269,190
862492,16.75,139,9261,190
862493,16.25,139,8967,190
862494,17.1,139,9023,190
862495,11.35,139,9097,190
862496,16.85,139,9098,190
862497,14.1,132,9204,191
862498,15.85,132,8970,191
862499,15.75,132,8981,191
862500,15.9,132,8973,191
862501,10.9,132,9116,191
862502,14.6,132,8977,191
862503,17.65,132,9160,191
862504,14.9,132,9170,191
862505,12.05,132,9216,191
862506,14.45,132,9316,191
862507,15.2,132,9241,191
862508,17.35,132,9056,191
862509,12.9,132,9073,191
862510,18.15,132,9230,191
862511,16.15,132,9015,191
862512,16.5,132,8945,191
862513,15.45,132,9310,191
862514,16.2,132,9224,191
862515,14,132,9010,191
862516,14.5,132,9280,191
862517,9.6,132,9030,191
862518,14.95,132,9284,191
862519,12.25,132,9147,191
862520,14.05,132,9153,191
862521,16.1,132,8962,191
862522,16.45,132,9262,191
862523,12.05,132,9027,191
862524,15.75,132,8992,191
862525,9.45,132,9097,191
862526,17.1,132,9217,191
862527,17.55,132,9171,191
862528,17.45,132,9134,191
862529,14.25,132,9333,191
862530,15.05,132,9011,191
862531,13.85,132,8993,191
862532,16.6,132,9327,191
862533,14,132,9292,191
862534,12.95,132,9168,191
862535,15.05,132,8943,191
862536,15.25,132,9305,191
862537,13.95,132,9063,191
862538,17,132,9093,191
862539,17.05,132,9166,191
862540,14.95,132,9018,191
862541,14.5,132,9214,191
862542,15.85,132,9288,191
862543,15.5,132,9151,191
862544,14,132,9250,191
862545,14.65,132,9231,191
862546,17.3,132,8944,191
862547,15.85,132,8952,191
862548,12.2,132,8969,191
862549,15.6,132,9131,191
862550,14.85,132,8976,191
862551,16,132,9256,191
862552,14,132,9080,191
862553,17.65,132,9321,191
862554,14.25,132,9195,191
862555,15.4,132,9155,191
862556,12.55,132,9084,191
862557,13.45,132,9235,191
862558,15.65,132,9052,191
862559,16.1,132,8964,191
862560,16.6,132,9128,191
862561,11.6,132,9104,191
862562,11.7,132,9315,191
862563,15.9,132,9169,191
862564,15.2,132,9199,191
862565,16.85,132,9324,191
862566,15.25,132,9023,191
862567,14.2,132,9044,191
862568,15.5,132,9154,191
862569,15.85,132,9039,191
862570,15.75,132,9086,191
862571,15.9,132,9148,191
862572,16.6,132,9287,191
862573,13.35,132,9312,191
862574,14.8,132,9162,191
862575,16.95,132,9338,191
862576,13.85,132,8947,191
862577,16.6,132,9277,191
862578,13.25,132,9014,191
862579,13.25,132,9065,191
862580,14.55,132,8967,191
862581,14.85,132,9212,191
862582,15.45,132,9046,191
862583,14.95,132,9163,191
862584,15.95,132,9248,191
862585,16.15,132,9263,191
862586,15.5,132,9276,191
862587,9.55,132,9140,191
862588,16.2,132,9211,191
862589,15.65,132,9223,191
862590,14.45,132,9156,191
862591,16.25,132,8957,191
862592,15.75,132,9005,191
862593,17.15,132,9198,191
862594,14.2,132,9149,191
862595,10.85,132,9165,191
862596,15.3,132,9309,191
862597,15,132,9193,191
862598,14.7,132,8941,191
862599,14.15,132,9174,191
862600,11.25,132,9062,191
862601,14,132,9295,191
862602,16.95,132,9082,191
862603,15.35,132,9233,191
862604,11.6,132,9283,191
862605,16.75,132,9219,191
862606,12.55,132,9300,191
862607,15.25,132,9191,191
862608,17,132,9002,191
862609,16.05,132,9040,191
862610,17.1,132,9132,191
862611,15.2,132,9115,191
862612,16.95,132,9187,191
862613,12.6,132,9238,191
862614,15.25,132,9072,191
862615,11.6,132,9102,191
862616,16,132,8994,191
862617,16.2,132,9164,191
862618,15.55,132,9218,191
862619,12.6,132,9257,191
862620,16.85,132,9041,191
862621,15,132,9006,191
862622,12.6,132,9031,191
862623,10.9,132,9122,191
862624,15.4,132,9085,191
862625,17.2,132,9314,191
862626,15.25,132,9001,191
862627,15.2,132,9303,191
862628,15.95,132,9144,191
862629,11.65,132,9103,191
862630,16.1,132,9254,191
862631,14.45,132,9060,191
862632,14.45,132,9118,191
862633,14.8,132,9229,191
862634,17,132,9294,191
862635,10.2,132,9337,191
862636,15.85,132,9172,191
862637,13.65,132,9111,191
862638,15.25,132,9299,191
862639,15.65,132,9088,191
862640,17.55,132,9032,191
862641,14.95,132,8956,191
862642,18.4,132,9320,191
862643,15.65,132,9026,191
862644,16.85,132,8971,191
862645,12.95,132,9078,191
862646,14.75,132,8983,191
862647,16.85,132,9232,191
862648,18.25,132,9313,191
862649,17.05,132,9253,191
862650,15.6,132,9176,191
862651,15.1,132,9221,191
862652,15.25,132,8972,191
862653,15.5,132,9336,191
862654,17.65,132,9215,191
862655,13.1,132,9167,191
862656,15.7,132,9298,191
862657,15,132,8996,191
862658,15.95,132,9098,191
862659,14.6,132,9286,191
862660,13.25,132,9112,191
862661,16.8,132,9260,191
862662,15.85,132,9145,191
862663,10.1,132,9123,191
862664,13.05,132,8979,191
862665,14.85,132,9045,191
862666,13.45,132,9240,191
862667,13.15,132,9019,191
862668,14.95,132,8984,191
862669,16.15,132,9274,191
862670,16.15,132,8965,191
862671,14.9,132,9100,191
862672,14.6,132,9237,191
862673,12,132,9259,191
862674,15.85,132,9058,191
862675,13.85,132,9069,191
862676,13.6,132,9245,191
862677,14.95,132,9323,191
862678,12.7,132,9089,191
862679,13,132,9225,191
862680,14.85,132,9319,191
862681,13.8,132,8991,191
862682,17,132,9053,191
862683,17.2,132,9227,191
862684,15.25,132,9249,191
862685,13,132,8978,191
862686,14.85,132,8951,191
862687,9.75,132,9234,191
862688,13.55,132,9268,191
862689,11.75,132,9071,191
862690,16.9,132,9130,191
862691,15,132,8982,191
862692,15.35,132,9119,191
862693,15.9,132,9272,191
862694,16,132,9074,191
862695,11.15,132,9194,191
862696,15.15,132,9064,191
862697,14.25,132,9124,191
862698,15.6,132,8950,191
862699,10.2,132,9067,191
862700,12.1,132,8955,191
862701,12.3,132,9207,191
862702,13.5,132,9137,191
862703,16.25,132,9127,191
862704,12.85,132,9282,191
862705,11.6,132,9181,191
862706,15.35,132,9332,191
862707,16.25,132,9325,191
862708,16.5,132,8953,191
862709,14.9,132,9186,191
862710,17.1,132,9108,191
862711,15.6,132,8960,191
862712,12.05,132,9117,191
862713,18.2,132,9173,191
862714,16.2,132,9022,191
862715,14.7,132,9291,191
862716,13.8,132,9125,191
862717,14.2,132,9178,191
862718,14.8,132,9208,191
862719,15.2,132,8963,191
862720,15.05,132,9033,191
862721,15.6,132,9024,191
862722,13.95,132,9270,191
862723,14.45,132,9340,191
862724,15.35,132,8989,191
862725,12.25,132,9059,191
862726,16.6,132,9261,191
862727,16.85,132,9306,191
862728,9.65,132,8995,191
862729,14.25,132,9047,191
862730,15.9,132,9183,191
862731,12.05,132,9273,191
862732,18.95,132,9179,191
862733,16,132,9136,191
862734,17.45,132,9289,191
862735,13.25,132,9143,191
862736,15.85,132,9138,191
862737,16.1,132,9177,191
862738,13.25,132,9302,191
862739,17.55,132,8999,191
862740,12.95,132,9290,191
862741,14.85,132,9146,191
862742,16.5,132,9055,191
862743,15.25,132,8998,191
862744,15.1,132,9070,191
862745,11.7,132,9076,191
862746,16.95,132,9096,191
862747,11.95,132,9150,191
862748,16.25,132,9304,191
862749,13.6,132,9189,191
862750,13.2,132,9188,191
862751,13.65,132,9120,191
862752,13.65,132,9008,191
862753,14.25,132,9107,191
862754,17.75,132,9192,191
862755,15.15,132,9017,191
862756,15.5,132,9206,191
862757,14.2,132,9252,191
862758,16.35,132,9279,191
862759,15.85,132,9203,191
862760,16.2,132,9092,191
862761,14.2,132,9278,191
862762,14.95,132,9158,191
862763,17.1,132,9185,191
862764,16.9,132,8980,191
862765,16.6,132,9020,191
862766,13.75,132,9247,191
862767,15.2,132,9061,191
862768,15.85,132,9007,191
862769,17.65,132,9331,191
862770,10.9,132,9293,191
862771,16.9,132,9322,191
862772,16.5,132,9175,191
862773,16.15,132,9025,191
862774,13.85,132,9016,191
862775,9.6,132,9035,191
862776,14.85,132,9275,191
862777,14.2,132,9113,191
862778,12.35,132,9271,191
862779,15.25,132,9012,191
862780,16.45,132,9028,191
862781,16.65,132,9317,191
862782,16.65,132,9197,191
862783,15.25,132,9328,191
862784,16.2,132,9330,191
862785,15.8,132,9202,191
862786,15.9,132,8990,191
862787,12.15,132,9000,191
862788,16.6,132,9133,191
862789,17,132,9311,191
862790,13.2,132,8968,191
862791,9.6,132,8949,191
862792,18.95,132,9258,191
862793,15,132,9110,191
862794,10.7,132,9226,191
862795,13,132,9264,191
862796,15.85,132,9269,191
862797,15.85,132,9079,191
862798,12.2,132,8985,191
862799,16.6,132,9246,191
862800,14.2,132,9050,191
862801,11,132,9141,191
862802,14.4,132,9142,191
862803,11,132,9049,191
862804,16.95,132,9266,191
862805,13.05,132,9095,191
862806,17.55,132,9255,191
862807,15.1,132,9077,191
862808,12.55,132,9004,191
862809,14.05,132,9042,191
862810,14,132,9114,191
862811,15.05,132,9091,191
862812,15.5,132,9196,191
862813,10.2,132,8954,191
862814,14.8,132,8946,191
862815,11.3,132,9075,191
862816,14.6,132,8942,191
862817,13.6,132,9307,191
862818,13.85,132,9126,191
862819,15.45,132,9242,191
862820,17.35,132,9326,191
862821,17,132,9051,191
862822,17.05,132,9068,191
862823,17.8,132,9034,191
862824,15.45,132,9228,191
862825,17.4,132,9200,191
862826,17.35,132,9285,191
862827,16.4,132,8986,191
862828,15.75,132,9054,191
862829,11.25,132,9281,191
862830,15.4,132,8961,191
862831,15.45,132,9099,191
862832,14,132,9013,191
862833,17.15,132,9105,191
862834,12.35,132,9038,191
862835,11.9,132,8966,191
862836,16.75,132,9121,191
862837,12.75,132,9139,191
862838,17.7,132,9335,191
862839,16.25,132,9243,191
862840,15.2,132,9213,191
862841,12.65,132,9267,191
862842,16.2,132,8987,191
862843,15.2,132,9236,191
862844,17.85,132,9037,191
862845,15.95,132,9239,191
862846,16.7,132,9036,191
862847,13.55,132,9087,191
862848,15.45,132,8948,191
862849,14.85,132,9201,191
862850,14.25,132,9083,191
862851,13.65,132,9057,191
862852,15.95,133,9204,191
862853,17.65,133,8970,191
862854,15.2,133,8981,191
862855,15.3,133,8973,191
862856,13.6,133,9116,191
862857,14.85,133,8977,191
862858,16.1,133,9160,191
862859,17,133,9170,191
862860,11.5,133,9216,191
862861,16,133,9316,191
862862,15.45,133,9241,191
862863,17.2,133,9056,191
862864,14,133,9073,191
862865,18.35,133,9230,191
862866,16.25,133,9015,191
862867,16.6,133,8945,191
862868,16.25,133,9310,191
862869,16.1,133,9224,191
862870,15.65,133,9010,191
862871,16.25,133,9280,191
862872,10.95,133,9030,191
862873,16.9,133,9284,191
862874,13.1,133,9147,191
862875,15.1,133,9153,191
862876,17.6,133,8962,191
862877,18.35,133,9262,191
862878,13.25,133,9027,191
862879,15.6,133,8992,191
862880,11.2,133,9097,191
862881,17.5,133,9217,191
862882,18.35,133,9171,191
862883,18.05,133,9134,191
862884,15.6,133,9333,191
862885,16.2,133,9011,191
862886,15.85,133,8993,191
862887,17.1,133,9327,191
862888,15.6,133,9292,191
862889,14.25,133,9168,191
862890,17.1,133,8943,191
862891,16.1,133,9305,191
862892,14.65,133,9063,191
862893,17.85,133,9093,191
862894,18.65,133,9166,191
862895,15.85,133,9018,191
862896,16.15,133,9214,191
862897,17.6,133,9288,191
862898,18,133,9151,191
862899,15.45,133,9250,191
862900,14.25,133,9231,191
862901,18.1,133,8944,191
862902,17.6,133,8952,191
862903,13.85,133,8969,191
862904,17.1,133,9131,191
862905,15.55,133,8976,191
862906,17.2,133,9256,191
862907,15.8,133,9080,191
862908,17.5,133,9321,191
862909,16.05,133,9195,191
862910,15.95,133,9155,191
862911,12.85,133,9084,191
862912,15.6,133,9235,191
862913,15.95,133,9052,191
862914,17.25,133,8964,191
862915,16.75,133,9128,191
862916,11.7,133,9104,191
862917,12.6,133,9315,191
862918,18.5,133,9169,191
862919,16.85,133,9199,191
862920,17.45,133,9324,191
862921,16.95,133,9023,191
862922,14.8,133,9044,191
862923,18.6,133,9154,191
862924,17.6,133,9039,191
862925,15.85,133,9086,191
862926,18.25,133,9148,191
862927,18.65,133,9287,191
862928,14.75,133,9312,191
862929,16.35,133,9162,191
862930,17.15,133,9338,191
862931,16.1,133,8947,191
862932,16.65,133,9277,191
862933,15.75,133,9014,191
862934,14.25,133,9065,191
862935,15.2,133,8967,191
862936,15.65,133,9212,191
862937,16.35,133,9046,191
862938,15.5,133,9163,191
862939,18.3,133,9248,191
862940,16.25,133,9263,191
862941,17,133,9276,191
862942,11.65,133,9140,191
862943,19.35,133,9211,191
862944,15.2,133,9223,191
862945,16.1,133,9156,191
862946,18,133,8957,191
862947,16.7,133,9005,191
862948,18,133,9198,191
862949,15.25,133,9149,191
862950,12.2,133,9165,191
862951,16,133,9309,191
862952,16.55,133,9193,191
862953,15.85,133,8941,191
862954,14.6,133,9174,191
862955,13.2,133,9062,191
862956,16.2,133,9295,191
862957,17.6,133,9082,191
862958,16.5,133,9233,191
862959,11.6,133,9283,191
862960,17.1,133,9219,191
862961,14.35,133,9300,191
862962,18.6,133,9191,191
862963,16.75,133,9002,191
862964,17.55,133,9040,191
862965,18.8,133,9132,191
862966,18.35,133,9115,191
862967,16.25,133,9187,191
862968,13.1,133,9238,191
862969,17.6,133,9072,191
862970,11.7,133,9102,191
862971,16.95,133,8994,191
862972,18,133,9164,191
862973,18.25,133,9218,191
862974,13.25,133,9257,191
862975,19,133,9041,191
862976,16.3,133,9006,191
862977,12.8,133,9031,191
862978,13.15,133,9122,191
862979,14.45,133,9085,191
862980,16.95,133,9314,191
862981,17.5,133,9001,191
862982,16.4,133,9303,191
862983,15.75,133,9144,191
862984,12.25,133,9103,191
862985,16.1,133,9254,191
862986,16.6,133,9060,191
862987,14.9,133,9118,191
862988,15.45,133,9229,191
862989,16.85,133,9294,191
862990,11.95,133,9337,191
862991,16.2,133,9172,191
862992,14.95,133,9111,191
862993,14.85,133,9299,191
862994,16.2,133,9088,191
862995,17.4,133,9032,191
862996,16.2,133,8956,191
862997,19.3,133,9320,191
862998,15,133,9026,191
862999,19.2,133,8971,191
863000,13.2,133,9078,191
863001,15.4,133,8983,191
863002,19.25,133,9232,191
863003,18.2,133,9313,191
863004,16.85,133,9253,191
863005,16.55,133,9176,191
863006,15.6,133,9221,191
863007,17.85,133,8972,191
863008,15.75,133,9336,191
863009,17.35,133,9215,191
863010,13.85,133,9167,191
863011,16.6,133,9298,191
863012,16.45,133,8996,191
863013,15.45,133,9098,191
863014,16.6,133,9286,191
863015,15.15,133,9112,191
863016,16.95,133,9260,191
863017,16.7,133,9145,191
863018,12.95,133,9123,191
863019,15.05,133,8979,191
863020,18,133,9045,191
863021,15.85,133,9240,191
863022,15.5,133,9019,191
863023,16.25,133,8984,191
863024,15.85,133,9274,191
863025,17.15,133,8965,191
863026,15.85,133,9100,191
863027,15.45,133,9237,191
863028,13.5,133,9259,191
863029,16.8,133,9058,191
863030,14.85,133,9069,191
863031,16.4,133,9245,191
863032,16,133,9323,191
863033,12.65,133,9089,191
863034,13.25,133,9225,191
863035,15.45,133,9319,191
863036,14.35,133,8991,191
863037,17.45,133,9053,191
863038,18.9,133,9227,191
863039,16.9,133,9249,191
863040,14.95,133,8978,191
863041,15.15,133,8951,191
863042,12.65,133,9234,191
863043,13.85,133,9268,191
863044,13.5,133,9071,191
863045,17.05,133,9130,191
863046,16.65,133,8982,191
863047,15.5,133,9119,191
863048,15.85,133,9272,191
863049,16.95,133,9074,191
863050,13,133,9194,191
863051,16.55,133,9064,191
863052,15.35,133,9124,191
863053,17.65,133,8950,191
863054,11.85,133,9067,191
863055,14.35,133,8955,191
863056,13.95,133,9207,191
863057,15.95,133,9137,191
863058,18.3,133,9127,191
863059,14.85,133,9282,191
863060,12.25,133,9181,191
863061,17.75,133,9332,191
863062,18.6,133,9325,191
863063,17,133,8953,191
863064,17,133,9186,191
863065,18.25,133,9108,191
863066,17.2,133,8960,191
863067,11.95,133,9117,191
863068,18.2,133,9173,191
863069,17.3,133,9022,191
863070,15.55,133,9291,191
863071,15.75,133,9125,191
863072,16.25,133,9178,191
863073,15.2,133,9208,191
863074,14.95,133,8963,191
863075,15.5,133,9033,191
863076,15.55,133,9024,191
863077,15.85,133,9270,191
863078,15.7,133,9340,191
863079,15.2,133,8989,191
863080,12.75,133,9059,191
863081,16.6,133,9261,191
863082,16.85,133,9306,191
863083,11,133,8995,191
863084,15.2,133,9047,191
863085,17.85,133,9183,191
863086,12.95,133,9273,191
863087,18,133,9179,191
863088,15.25,133,9136,191
863089,18.5,133,9289,191
863090,15.3,133,9143,191
863091,18.6,133,9138,191
863092,17.1,133,9177,191
863093,14.75,133,9302,191
863094,19.25,133,8999,191
863095,13.6,133,9290,191
863096,16.1,133,9146,191
863097,17.1,133,9055,191
863098,14.85,133,8998,191
863099,17.65,133,9070,191
863100,12.25,133,9076,191
863101,17.6,133,9096,191
863102,14.5,133,9150,191
863103,17.95,133,9304,191
863104,14.85,133,9189,191
863105,15.2,133,9188,191
863106,16.2,133,9120,191
863107,15.2,133,9008,191
863108,16.25,133,9107,191
863109,19.05,133,9192,191
863110,15.2,133,9017,191
863111,17,133,9206,191
863112,15.6,133,9252,191
863113,16.5,133,9279,191
863114,18.85,133,9203,191
863115,16,133,9092,191
863116,14.25,133,9278,191
863117,17,133,9158,191
863118,16.1,133,9185,191
863119,18.5,133,8980,191
863120,17.35,133,9020,191
863121,15.1,133,9247,191
863122,17,133,9061,191
863123,15.85,133,9007,191
863124,17.1,133,9331,191
863125,9.9,133,9293,191
863126,17.2,133,9322,191
863127,18.25,133,9175,191
863128,16.2,133,9025,191
863129,16.6,133,9016,191
863130,12.1,133,9035,191
863131,14.95,133,9275,191
863132,16.35,133,9113,191
863133,14.6,133,9271,191
863134,15.45,133,9012,191
863135,17.4,133,9028,191
863136,17.6,133,9317,191
863137,17.8,133,9197,191
863138,16.6,133,9328,191
863139,16.75,133,9330,191
863140,16.75,133,9202,191
863141,16,133,8990,191
863142,14.85,133,9000,191
863143,17,133,9133,191
863144,17.85,133,9311,191
863145,15.45,133,8968,191
863146,11.15,133,8949,191
863147,18.6,133,9258,191
863148,15.95,133,9110,191
863149,11.45,133,9226,191
863150,15.6,133,9264,191
863151,17,133,9269,191
863152,15.6,133,9079,191
863153,11.85,133,8985,191
863154,16.85,133,9246,191
863155,16.45,133,9050,191
863156,11.7,133,9141,191
863157,15,133,9142,191
863158,10.85,133,9049,191
863159,16.6,133,9266,191
863160,16.3,133,9095,191
863161,18.15,133,9255,191
863162,16.6,133,9077,191
863163,12.1,133,9004,191
863164,15.7,133,9042,191
863165,16.2,133,9114,191
863166,15.5,133,9091,191
863167,16.75,133,9196,191
863168,11,133,8954,191
863169,16.75,133,8946,191
863170,13.2,133,9075,191
863171,16.35,133,8942,191
863172,14.85,133,9307,191
863173,16.15,133,9126,191
863174,16,133,9242,191
863175,18.25,133,9326,191
863176,18.85,133,9051,191
863177,17.25,133,9068,191
863178,17.6,133,9034,191
863179,17,133,9228,191
863180,17.45,133,9200,191
863181,16.6,133,9285,191
863182,17.85,133,8986,191
863183,16.4,133,9054,191
863184,12.55,133,9281,191
863185,16.85,133,8961,191
863186,17.4,133,9099,191
863187,16.2,133,9013,191
863188,17.4,133,9105,191
863189,13.2,133,9038,191
863190,12.65,133,8966,191
863191,17.85,133,9121,191
863192,13.9,133,9139,191
863193,18.35,133,9335,191
863194,17.55,133,9243,191
863195,17.5,133,9213,191
863196,12.85,133,9267,191
863197,17.35,133,8987,191
863198,12.95,133,9236,191
863199,17.45,133,9037,191
863200,16.95,133,9239,191
863201,16.35,133,9036,191
863202,16.25,133,9087,191
863203,16.75,133,8948,191
863204,16,133,9201,191
863205,16.6,133,9083,191
863206,17,133,9057,191
863207,15.45,134,9204,191
863208,16.45,134,8970,191
863209,14.95,134,8981,191
863210,16.2,134,8973,191
863211,11.25,134,9116,191
863212,15.15,134,8977,191
863213,16.7,134,9160,191
863214,15.4,134,9170,191
863215,11.1,134,9216,191
863216,15.45,134,9316,191
863217,14.65,134,9241,191
863218,17.9,134,9056,191
863219,13.1,134,9073,191
863220,17.45,134,9230,191
863221,16.95,134,9015,191
863222,18.75,134,8945,191
863223,15.6,134,9310,191
863224,17,134,9224,191
863225,15.5,134,9010,191
863226,15.25,134,9280,191
863227,10.6,134,9030,191
863228,16.35,134,9284,191
863229,12.15,134,9147,191
863230,14.25,134,9153,191
863231,18.35,134,8962,191
863232,17.25,134,9262,191
863233,12.95,134,9027,191
863234,16.65,134,8992,191
863235,9.8,134,9097,191
863236,15.95,134,9217,191
863237,18.45,134,9171,191
863238,18.85,134,9134,191
863239,15.85,134,9333,191
863240,16.05,134,9011,191
863241,15.7,134,8993,191
863242,16.85,134,9327,191
863243,16.3,134,9292,191
863244,14.55,134,9168,191
863245,14.5,134,8943,191
863246,15.6,134,9305,191
863247,13.65,134,9063,191
863248,17.45,134,9093,191
863249,15.85,134,9166,191
863250,15.65,134,9018,191
863251,15.85,134,9214,191
863252,16.45,134,9288,191
863253,17.2,134,9151,191
863254,13.85,134,9250,191
863255,13.6,134,9231,191
863256,19.25,134,8944,191
863257,16.25,134,8952,191
863258,13.1,134,8969,191
863259,17.5,134,9131,191
863260,14.85,134,8976,191
863261,16.2,134,9256,191
863262,14.95,134,9080,191
863263,16.95,134,9321,191
863264,16,134,9195,191
863265,15.85,134,9155,191
863266,12.6,134,9084,191
863267,15.2,134,9235,191
863268,15.6,134,9052,191
863269,16.5,134,8964,191
863270,15.5,134,9128,191
863271,11,134,9104,191
863272,14.1,134,9315,191
863273,16.95,134,9169,191
863274,16.65,134,9199,191
863275,16.7,134,9324,191
863276,17.05,134,9023,191
863277,13.85,134,9044,191
863278,17.6,134,9154,191
863279,14.45,134,9039,191
863280,16.85,134,9086,191
863281,17.35,134,9148,191
863282,17.6,134,9287,191
863283,15.15,134,9312,191
863284,16.15,134,9162,191
863285,19.05,134,9338,191
863286,15.95,134,8947,191
863287,16.25,134,9277,191
863288,14,134,9014,191
863289,12.6,134,9065,191
863290,16.15,134,8967,191
863291,15.35,134,9212,191
863292,17.75,134,9046,191
863293,15.5,134,9163,191
863294,17.05,134,9248,191
863295,16.1,134,9263,191
863296,16.6,134,9276,191
863297,11.6,134,9140,191
863298,16.85,134,9211,191
863299,16.35,134,9223,191
863300,15.45,134,9156,191
863301,15.7,134,8957,191
863302,16.35,134,9005,191
863303,17.1,134,9198,191
863304,14.3,134,9149,191
863305,11.2,134,9165,191
863306,15.75,134,9309,191
863307,15.2,134,9193,191
863308,16.6,134,8941,191
863309,15.3,134,9174,191
863310,14.4,134,9062,191
863311,15.7,134,9295,191
863312,18.45,134,9082,191
863313,16.9,134,9233,191
863314,11.2,134,9283,191
863315,17.9,134,9219,191
863316,14.25,134,9300,191
863317,16.25,134,9191,191
863318,16.25,134,9002,191
863319,16.25,134,9040,191
863320,17.35,134,9132,191
863321,16.65,134,9115,191
863322,16.55,134,9187,191
863323,14,134,9238,191
863324,17.05,134,9072,191
863325,11.35,134,9102,191
863326,16.95,134,8994,191
863327,18.6,134,9164,191
863328,18.3,134,9218,191
863329,13.95,134,9257,191
863330,17.6,134,9041,191
863331,14.85,134,9006,191
863332,13.45,134,9031,191
863333,11.05,134,9122,191
863334,16.65,134,9085,191
863335,16.85,134,9314,191
863336,17,134,9001,191
863337,16.65,134,9303,191
863338,15.5,134,9144,191
863339,11,134,9103,191
863340,16.15,134,9254,191
863341,17.45,134,9060,191
863342,16.25,134,9118,191
863343,15.9,134,9229,191
863344,18.2,134,9294,191
863345,11.25,134,9337,191
863346,16.75,134,9172,191
863347,13.25,134,9111,191
863348,16.55,134,9299,191
863349,15.4,134,9088,191
863350,17.15,134,9032,191
863351,15.1,134,8956,191
863352,19,134,9320,191
863353,14.35,134,9026,191
863354,17.35,134,8971,191
863355,12.8,134,9078,191
863356,15,134,8983,191
863357,17.6,134,9232,191
863358,17.6,134,9313,191
863359,16.6,134,9253,191
863360,15.5,134,9176,191
863361,15.25,134,9221,191
863362,17.65,134,8972,191
863363,15.85,134,9336,191
863364,18.5,134,9215,191
863365,13.9,134,9167,191
863366,16,134,9298,191
863367,15.35,134,8996,191
863368,16.1,134,9098,191
863369,15.5,134,9286,191
863370,15,134,9112,191
863371,18.7,134,9260,191
863372,16.2,134,9145,191
863373,13,134,9123,191
863374,14.65,134,8979,191
863375,16.5,134,9045,191
863376,16,134,9240,191
863377,14.55,134,9019,191
863378,14.2,134,8984,191
863379,16.85,134,9274,191
863380,16.25,134,8965,191
863381,15.7,134,9100,191
863382,14.2,134,9237,191
863383,12.65,134,9259,191
863384,16.5,134,9058,191
863385,15.1,134,9069,191
863386,14.8,134,9245,191
863387,16.35,134,9323,191
863388,14.35,134,9089,191
863389,14.35,134,9225,191
863390,15.5,134,9319,191
863391,13.65,134,8991,191
863392,17.85,134,9053,191
863393,15.85,134,9227,191
863394,14.8,134,9249,191
863395,13.6,134,8978,191
863396,15.95,134,8951,191
863397,10.95,134,9234,191
863398,13.85,134,9268,191
863399,14,134,9071,191
863400,17.65,134,9130,191
863401,15.35,134,8982,191
863402,15.7,134,9119,191
863403,15.3,134,9272,191
863404,16.6,134,9074,191
863405,12.1,134,9194,191
863406,14.85,134,9064,191
863407,16.25,134,9124,191
863408,16.85,134,8950,191
863409,11.2,134,9067,191
863410,14.3,134,8955,191
863411,13.1,134,9207,191
863412,15.6,134,9137,191
863413,17.6,134,9127,191
863414,13.8,134,9282,191
863415,12,134,9181,191
863416,15.85,134,9332,191
863417,15.85,134,9325,191
863418,16.3,134,8953,191
863419,17,134,9186,191
863420,17.75,134,9108,191
863421,17.25,134,8960,191
863422,13.25,134,9117,191
863423,18.55,134,9173,191
863424,16.35,134,9022,191
863425,15.6,134,9291,191
863426,16.75,134,9125,191
863427,15.6,134,9178,191
863428,15.2,134,9208,191
863429,15.25,134,8963,191
863430,14.25,134,9033,191
863431,15.85,134,9024,191
863432,16.25,134,9270,191
863433,14.7,134,9340,191
863434,15.6,134,8989,191
863435,11.85,134,9059,191
863436,15.35,134,9261,191
863437,16.5,134,9306,191
863438,10.9,134,8995,191
863439,16.1,134,9047,191
863440,17.95,134,9183,191
863441,12.35,134,9273,191
863442,16.85,134,9179,191
863443,14.2,134,9136,191
863444,18.05,134,9289,191
863445,14.9,134,9143,191
863446,18,134,9138,191
863447,17.4,134,9177,191
863448,13.85,134,9302,191
863449,18.2,134,8999,191
863450,13.75,134,9290,191
863451,17.25,134,9146,191
863452,15.6,134,9055,191
863453,13.55,134,8998,191
863454,15.55,134,9070,191
863455,13.6,134,9076,191
863456,16.35,134,9096,191
863457,15.55,134,9150,191
863458,15.6,134,9304,191
863459,14.85,134,9189,191
863460,14,134,9188,191
863461,15.85,134,9120,191
863462,16.1,134,9008,191
863463,14,134,9107,191
863464,17,134,9192,191
863465,15.8,134,9017,191
863466,17.4,134,9206,191
863467,15.9,134,9252,191
863468,16.85,134,9279,191
863469,18.55,134,9203,191
863470,16.4,134,9092,191
863471,15.85,134,9278,191
863472,16.5,134,9158,191
863473,17.35,134,9185,191
863474,17.2,134,8980,191
863475,16.85,134,9020,191
863476,15.9,134,9247,191
863477,15.35,134,9061,191
863478,15.25,134,9007,191
863479,18.5,134,9331,191
863480,11.1,134,9293,191
863481,16.75,134,9322,191
863482,17.25,134,9175,191
863483,16.75,134,9025,191
863484,16.25,134,9016,191
863485,11.8,134,9035,191
863486,16.35,134,9275,191
863487,14.8,134,9113,191
863488,12.65,134,9271,191
863489,15.25,134,9012,191
863490,16.55,134,9028,191
863491,17.35,134,9317,191
863492,17.5,134,9197,191
863493,15.25,134,9328,191
863494,15.95,134,9330,191
863495,16.1,134,9202,191
863496,15.8,134,8990,191
863497,13.15,134,9000,191
863498,16.65,134,9133,191
863499,16.65,134,9311,191
863500,15.25,134,8968,191
863501,11,134,8949,191
863502,16.8,134,9258,191
863503,15.4,134,9110,191
863504,11.85,134,9226,191
863505,14.2,134,9264,191
863506,16.35,134,9269,191
863507,15.85,134,9079,191
863508,13.2,134,8985,191
863509,16.6,134,9246,191
863510,15.55,134,9050,191
863511,12.1,134,9141,191
863512,15.75,134,9142,191
863513,11,134,9049,191
863514,16.8,134,9266,191
863515,16.25,134,9095,191
863516,18.25,134,9255,191
863517,16.1,134,9077,191
863518,12.4,134,9004,191
863519,15.4,134,9042,191
863520,15.1,134,9114,191
863521,16,134,9091,191
863522,16.45,134,9196,191
863523,11.3,134,8954,191
863524,17.35,134,8946,191
863525,12.9,134,9075,191
863526,15.6,134,8942,191
863527,14.35,134,9307,191
863528,15.35,134,9126,191
863529,15.25,134,9242,191
863530,18.2,134,9326,191
863531,18.6,134,9051,191
863532,16,134,9068,191
863533,17.45,134,9034,191
863534,14.8,134,9228,191
863535,16.55,134,9200,191
863536,18.2,134,9285,191
863537,16.6,134,8986,191
863538,15.2,134,9054,191
863539,11.35,134,9281,191
863540,16.25,134,8961,191
863541,16.65,134,9099,191
863542,13.05,134,9013,191
863543,16.85,134,9105,191
863544,13.2,134,9038,191
863545,10.95,134,8966,191
863546,18.45,134,9121,191
863547,12,134,9139,191
863548,16.75,134,9335,191
863549,18.95,134,9243,191
863550,17.95,134,9213,191
863551,12.6,134,9267,191
863552,16.25,134,8987,191
863553,14.2,134,9236,191
863554,18.6,134,9037,191
863555,15.85,134,9239,191
863556,16.65,134,9036,191
863557,14.65,134,9087,191
863558,14.7,134,8948,191
863559,16.25,134,9201,191
863560,15.4,134,9083,191
863561,16.45,134,9057,191
863562,16.5,135,9204,191
863563,16.95,135,8970,191
863564,15.2,135,8981,191
863565,16.6,135,8973,191
863566,11.5,135,9116,191
863567,16.25,135,8977,191
863568,17.6,135,9160,191
863569,15.9,135,9170,191
863570,11.85,135,9216,191
863571,15.75,135,9316,191
863572,15.6,135,9241,191
863573,17.6,135,9056,191
863574,13.9,135,9073,191
863575,19.1,135,9230,191
863576,17.25,135,9015,191
863577,18.5,135,8945,191
863578,16.7,135,9310,191
863579,16.6,135,9224,191
863580,16.6,135,9010,191
863581,16.6,135,9280,191
863582,10.75,135,9030,191
863583,16,135,9284,191
863584,13.45,135,9147,191
863585,15.5,135,9153,191
863586,17.4,135,8962,191
863587,18.35,135,9262,191
863588,14,135,9027,191
863589,17.25,135,8992,191
863590,11.6,135,9097,191
863591,16.1,135,9217,191
863592,19,135,9171,191
863593,18.45,135,9134,191
863594,16.95,135,9333,191
863595,16.35,135,9011,191
863596,14.1,135,8993,191
863597,17.2,135,9327,191
863598,16.85,135,9292,191
863599,14.6,135,9168,191
863600,17.4,135,8943,191
863601,16.25,135,9305,191
863602,13.6,135,9063,191
863603,17.5,135,9093,191
863604,18.95,135,9166,191
863605,17,135,9018,191
863606,16.25,135,9214,191
863607,16.85,135,9288,191
863608,17.6,135,9151,191
863609,15.1,135,9250,191
863610,13.5,135,9231,191
863611,19,135,8944,191
863612,18,135,8952,191
863613,14.2,135,8969,191
863614,15.75,135,9131,191
863615,15.85,135,8976,191
863616,17.6,135,9256,191
863617,16,135,9080,191
863618,18.2,135,9321,191
863619,14.85,135,9195,191
863620,17.65,135,9155,191
863621,14.6,135,9084,191
863622,17,135,9235,191
863623,16.25,135,9052,191
863624,17.75,135,8964,191
863625,18.45,135,9128,191
863626,12.25,135,9104,191
863627,15,135,9315,191
863628,18,135,9169,191
863629,17,135,9199,191
863630,17.6,135,9324,191
863631,17.6,135,9023,191
863632,14.6,135,9044,191
863633,18.25,135,9154,191
863634,15.5,135,9039,191
863635,17.6,135,9086,191
863636,18.85,135,9148,191
863637,17.2,135,9287,191
863638,15.85,135,9312,191
863639,17.6,135,9162,191
863640,17.5,135,9338,191
863641,15.95,135,8947,191
863642,17.2,135,9277,191
863643,15.85,135,9014,191
863644,13.6,135,9065,191
863645,15.6,135,8967,191
863646,15.25,135,9212,191
863647,17.25,135,9046,191
863648,15.85,135,9163,191
863649,18.6,135,9248,191
863650,18.2,135,9263,191
863651,17,135,9276,191
863652,11.45,135,9140,191
863653,17.85,135,9211,191
863654,15.65,135,9223,191
863655,16,135,9156,191
863656,16.2,135,8957,191
863657,15.95,135,9005,191
863658,17.65,135,9198,191
863659,16.85,135,9149,191
863660,12.85,135,9165,191
863661,17,135,9309,191
863662,15.35,135,9193,191
863663,18.1,135,8941,191
863664,15.6,135,9174,191
863665,13.25,135,9062,191
863666,15.85,135,9295,191
863667,19.25,135,9082,191
863668,17.2,135,9233,191
863669,11.75,135,9283,191
863670,18.8,135,9219,191
863671,13.2,135,9300,191
863672,17.25,135,9191,191
863673,18,135,9002,191
863674,17.25,135,9040,191
863675,17.2,135,9132,191
863676,17.35,135,9115,191
863677,17.25,135,9187,191
863678,14.6,135,9238,191
863679,19.6,135,9072,191
863680,12.2,135,9102,191
863681,17.25,135,8994,191
863682,17.9,135,9164,191
863683,17.95,135,9218,191
863684,13.85,135,9257,191
863685,18.1,135,9041,191
863686,16.05,135,9006,191
863687,15.25,135,9031,191
863688,11.9,135,9122,191
863689,17.25,135,9085,191
863690,17.15,135,9314,191
863691,16.95,135,9001,191
863692,16.85,135,9303,191
863693,15.6,135,9144,191
863694,13.25,135,9103,191
863695,17.6,135,9254,191
863696,16.5,135,9060,191
863697,16,135,9118,191
863698,16.6,135,9229,191
863699,18.6,135,9294,191
863700,11.35,135,9337,191
863701,17.25,135,9172,191
863702,14.85,135,9111,191
863703,16.25,135,9299,191
863704,16.2,135,9088,191
863705,18.25,135,9032,191
863706,17.25,135,8956,191
863707,18.85,135,9320,191
863708,16.35,135,9026,191
863709,18.55,135,8971,191
863710,14,135,9078,191
863711,16.1,135,8983,191
863712,19.35,135,9232,191
863713,19.6,135,9313,191
863714,18.25,135,9253,191
863715,17.5,135,9176,191
863716,15.2,135,9221,191
863717,17.9,135,8972,191
863718,17.6,135,9336,191
863719,17.65,135,9215,191
863720,14.65,135,9167,191
863721,17,135,9298,191
863722,16.85,135,8996,191
863723,17.8,135,9098,191
863724,16.85,135,9286,191
863725,15.25,135,9112,191
863726,18.7,135,9260,191
863727,15.85,135,9145,191
863728,12.25,135,9123,191
863729,15.4,135,8979,191
863730,18,135,9045,191
863731,15.6,135,9240,191
863732,15.35,135,9019,191
863733,14.6,135,8984,191
863734,17.6,135,9274,191
863735,17.85,135,8965,191
863736,17.25,135,9100,191
863737,15.2,135,9237,191
863738,12.25,135,9259,191
863739,17.35,135,9058,191
863740,14.4,135,9069,191
863741,16.95,135,9245,191
863742,15.6,135,9323,191
863743,14.85,135,9089,191
863744,14.35,135,9225,191
863745,15.85,135,9319,191
863746,15,135,8991,191
863747,18.6,135,9053,191
863748,16.6,135,9227,191
863749,16.55,135,9249,191
863750,15.75,135,8978,191
863751,17.1,135,8951,191
863752,12.9,135,9234,191
863753,14.75,135,9268,191
863754,15,135,9071,191
863755,17.25,135,9130,191
863756,15.2,135,8982,191
863757,17.15,135,9119,191
863758,15.85,135,9272,191
863759,17.65,135,9074,191
863760,13.25,135,9194,191
863761,17.25,135,9064,191
863762,16.5,135,9124,191
863763,17.25,135,8950,191
863764,13.95,135,9067,191
863765,14,135,8955,191
863766,13.6,135,9207,191
863767,15.6,135,9137,191
863768,18.5,135,9127,191
863769,13.5,135,9282,191
863770,12.6,135,9181,191
863771,17.95,135,9332,191
863772,16.6,135,9325,191
863773,16.35,135,8953,191
863774,16.25,135,9186,191
863775,18.9,135,9108,191
863776,17.6,135,8960,191
863777,12.85,135,9117,191
863778,16.85,135,9173,191
863779,18.65,135,9022,191
863780,16.2,135,9291,191
863781,17.5,135,9125,191
863782,15.3,135,9178,191
863783,16.5,135,9208,191
863784,17.75,135,8963,191
863785,15.2,135,9033,191
863786,16,135,9024,191
863787,16.35,135,9270,191
863788,14.95,135,9340,191
863789,16.6,135,8989,191
863790,12.65,135,9059,191
863791,17,135,9261,191
863792,17.25,135,9306,191
863793,11.6,135,8995,191
863794,15.75,135,9047,191
863795,17.15,135,9183,191
863796,13.6,135,9273,191
863797,18.55,135,9179,191
863798,16.55,135,9136,191
863799,19.2,135,9289,191
863800,15.2,135,9143,191
863801,18.25,135,9138,191
863802,16.6,135,9177,191
863803,13.6,135,9302,191
863804,18.6,135,8999,191
863805,14.6,135,9290,191
863806,17.85,135,9146,191
863807,16.1,135,9055,191
863808,16.6,135,8998,191
863809,17.25,135,9070,191
863810,12.5,135,9076,191
863811,17.6,135,9096,191
863812,15.25,135,9150,191
863813,17.6,135,9304,191
863814,14.35,135,9189,191
863815,14.6,135,9188,191
863816,15.95,135,9120,191
863817,14.85,135,9008,191
863818,15.25,135,9107,191
863819,19.25,135,9192,191
863820,16.25,135,9017,191
863821,18.35,135,9206,191
863822,16.2,135,9252,191
863823,16.35,135,9279,191
863824,18.2,135,9203,191
863825,16.65,135,9092,191
863826,15.65,135,9278,191
863827,16.6,135,9158,191
863828,18.85,135,9185,191
863829,19.15,135,8980,191
863830,17.25,135,9020,191
863831,16.25,135,9247,191
863832,17,135,9061,191
863833,16.05,135,9007,191
863834,18.6,135,9331,191
863835,11,135,9293,191
863836,17.35,135,9322,191
863837,19.25,135,9175,191
863838,16.2,135,9025,191
863839,17,135,9016,191
863840,12.25,135,9035,191
863841,16.5,135,9275,191
863842,16,135,9113,191
863843,12.6,135,9271,191
863844,16.25,135,9012,191
863845,17.2,135,9028,191
863846,19.25,135,9317,191
863847,16.6,135,9197,191
863848,16.6,135,9328,191
863849,17.85,135,9330,191
863850,16.35,135,9202,191
863851,17,135,8990,191
863852,14,135,9000,191
863853,17.6,135,9133,191
863854,17.45,135,9311,191
863855,16.45,135,8968,191
863856,11.25,135,8949,191
863857,17.85,135,9258,191
863858,17,135,9110,191
863859,12.5,135,9226,191
863860,14.2,135,9264,191
863861,16,135,9269,191
863862,16.35,135,9079,191
863863,12.6,135,8985,191
863864,17.85,135,9246,191
863865,14.5,135,9050,191
863866,12.6,135,9141,191
863867,13.85,135,9142,191
863868,10.2,135,9049,191
863869,16.95,135,9266,191
863870,16.35,135,9095,191
863871,18.85,135,9255,191
863872,16.5,135,9077,191
863873,12.85,135,9004,191
863874,16.2,135,9042,191
863875,17.15,135,9114,191
863876,16.2,135,9091,191
863877,17.6,135,9196,191
863878,10.85,135,8954,191
863879,16.5,135,8946,191
863880,13.25,135,9075,191
863881,15,135,8942,191
863882,15.6,135,9307,191
863883,16.3,135,9126,191
863884,17.25,135,9242,191
863885,17.85,135,9326,191
863886,18.65,135,9051,191
863887,17.2,135,9068,191
863888,19.25,135,9034,191
863889,16.55,135,9228,191
863890,17.2,135,9200,191
863891,17.85,135,9285,191
863892,17.25,135,8986,191
863893,15.7,135,9054,191
863894,11,135,9281,191
863895,17,135,8961,191
863896,16.6,135,9099,191
863897,14.6,135,9013,191
863898,18.85,135,9105,191
863899,12.75,135,9038,191
863900,12,135,8966,191
863901,20,135,9121,191
863902,12.25,135,9139,191
863903,19.6,135,9335,191
863904,19.35,135,9243,191
863905,17.6,135,9213,191
863906,14.6,135,9267,191
863907,16.25,135,8987,191
863908,15,135,9236,191
863909,19.65,135,9037,191
863910,17.25,135,9239,191
863911,17.25,135,9036,191
863912,14.2,135,9087,191
863913,16.35,135,8948,191
863914,16.35,135,9201,191
863915,16.25,135,9083,191
863916,15.95,135,9057,191
863917,15.6,136,9204,191
863918,14.5,136,8970,191
863919,16.1,136,8981,191
863920,16.05,136,8973,191
863921,10.65,136,9116,191
863922,14.2,136,8977,191
863923,17.1,136,9160,191
863924,15.85,136,9170,191
863925,12.35,136,9216,191
863926,14.95,136,9316,191
863927,13.35,136,9241,191
863928,16.2,136,9056,191
863929,14.6,136,9073,191
863930,17,136,9230,191
863931,16.5,136,9015,191
863932,16.95,136,8945,191
863933,15.45,136,9310,191
863934,15.5,136,9224,191
863935,14.5,136,9010,191
863936,14.75,136,9280,191
863937,9.85,136,9030,191
863938,15.95,136,9284,191
863939,10.6,136,9147,191
863940,16.8,136,9153,191
863941,16.5,136,8962,191
863942,17.6,136,9262,191
863943,12.6,136,9027,191
863944,16.6,136,8992,191
863945,11.1,136,9097,191
863946,16.35,136,9217,191
863947,17.65,136,9171,191
863948,18.1,136,9134,191
863949,16.2,136,9333,191
863950,14.8,136,9011,191
863951,15,136,8993,191
863952,16.4,136,9327,191
863953,15.6,136,9292,191
863954,13.65,136,9168,191
863955,15,136,8943,191
863956,16.5,136,9305,191
863957,13.6,136,9063,191
863958,16.15,136,9093,191
863959,17,136,9166,191
863960,14,136,9018,191
863961,16.95,136,9214,191
863962,16.7,136,9288,191
863963,16.2,136,9151,191
863964,14.2,136,9250,191
863965,13.15,136,9231,191
863966,18,136,8944,191
863967,16.75,136,8952,191
863968,11.8,136,8969,191
863969,16.75,136,9131,191
863970,15.8,136,8976,191
863971,16,136,9256,191
863972,15.1,136,9080,191
863973,16.35,136,9321,191
863974,13.95,136,9195,191
863975,14.6,136,9155,191
863976,12.6,136,9084,191
863977,15.2,136,9235,191
863978,16.6,136,9052,191
863979,15.9,136,8964,191
863980,17.1,136,9128,191
863981,10.95,136,9104,191
863982,13,136,9315,191
863983,16.35,136,9169,191
863984,15.6,136,9199,191
863985,16.7,136,9324,191
863986,16,136,9023,191
863987,14.6,136,9044,191
863988,16.25,136,9154,191
863989,16.3,136,9039,191
863990,16.15,136,9086,191
863991,16.85,136,9148,191
863992,17.85,136,9287,191
863993,14.75,136,9312,191
863994,17.4,136,9162,191
863995,17.05,136,9338,191
863996,16.65,136,8947,191
863997,16.35,136,9277,191
863998,13.25,136,9014,191
863999,13.6,136,9065,191
864000,14.25,136,8967,191
864001,15.1,136,9212,191
864002,15.45,136,9046,191
864003,16.6,136,9163,191
864004,16.9,136,9248,191
864005,15.2,136,9263,191
864006,15.6,136,9276,191
864007,10.95,136,9140,191
864008,16.85,136,9211,191
864009,13.45,136,9223,191
864010,14.1,136,9156,191
864011,15.45,136,8957,191
864012,15.75,136,9005,191
864013,17.8,136,9198,191
864014,15.25,136,9149,191
864015,11.85,136,9165,191
864016,16.25,136,9309,191
864017,14.2,136,9193,191
864018,16,136,8941,191
864019,14.8,136,9174,191
864020,12.75,136,9062,191
864021,14.9,136,9295,191
864022,17.4,136,9082,191
864023,16.7,136,9233,191
864024,11.5,136,9283,191
864025,17.1,136,9219,191
864026,12.6,136,9300,191
864027,16.25,136,9191,191
864028,16.9,136,9002,191
864029,15.85,136,9040,191
864030,17.9,136,9132,191
864031,16,136,9115,191
864032,17.5,136,9187,191
864033,13.2,136,9238,191
864034,17.85,136,9072,191
864035,11,136,9102,191
864036,16.1,136,8994,191
864037,17.4,136,9164,191
864038,17.55,136,9218,191
864039,13.25,136,9257,191
864040,16.35,136,9041,191
864041,14.65,136,9006,191
864042,14.25,136,9031,191
864043,11.25,136,9122,191
864044,15.3,136,9085,191
864045,17.55,136,9314,191
864046,14.95,136,9001,191
864047,14.6,136,9303,191
864048,15.85,136,9144,191
864049,11,136,9103,191
864050,17.05,136,9254,191
864051,15.8,136,9060,191
864052,15.6,136,9118,191
864053,16.1,136,9229,191
864054,18.4,136,9294,191
864055,11.1,136,9337,191
864056,15.45,136,9172,191
864057,14.5,136,9111,191
864058,14.75,136,9299,191
864059,15.4,136,9088,191
864060,16.4,136,9032,191
864061,15.5,136,8956,191
864062,17.8,136,9320,191
864063,14,136,9026,191
864064,17.95,136,8971,191
864065,12.5,136,9078,191
864066,16,136,8983,191
864067,17.05,136,9232,191
864068,18.05,136,9313,191
864069,17.35,136,9253,191
864070,15.5,136,9176,191
864071,15.75,136,9221,191
864072,16.85,136,8972,191
864073,16.55,136,9336,191
864074,16.85,136,9215,191
864075,12.6,136,9167,191
864076,16.6,136,9298,191
864077,15.2,136,8996,191
864078,15.85,136,9098,191
864079,17.35,136,9286,191
864080,14.3,136,9112,191
864081,18.25,136,9260,191
864082,15.55,136,9145,191
864083,12.6,136,9123,191
864084,13.85,136,8979,191
864085,16.8,136,9045,191
864086,14.25,136,9240,191
864087,14.85,136,9019,191
864088,14.25,136,8984,191
864089,16.35,136,9274,191
864090,15.05,136,8965,191
864091,15.75,136,9100,191
864092,15.25,136,9237,191
864093,11.6,136,9259,191
864094,15.85,136,9058,191
864095,13.6,136,9069,191
864096,15.1,136,9245,191
864097,16.4,136,9323,191
864098,13.8,136,9089,191
864099,12.9,136,9225,191
864100,14.45,136,9319,191
864101,14.5,136,8991,191
864102,15.85,136,9053,191
864103,15.95,136,9227,191
864104,15.45,136,9249,191
864105,12.6,136,8978,191
864106,15.85,136,8951,191
864107,12.2,136,9234,191
864108,13,136,9268,191
864109,12.65,136,9071,191
864110,16.2,136,9130,191
864111,14.85,136,8982,191
864112,14.35,136,9119,191
864113,14.7,136,9272,191
864114,17.25,136,9074,191
864115,12.15,136,9194,191
864116,15.35,136,9064,191
864117,15,136,9124,191
864118,16.5,136,8950,191
864119,11.9,136,9067,191
864120,12.6,136,8955,191
864121,12.4,136,9207,191
864122,15.2,136,9137,191
864123,18.2,136,9127,191
864124,14,136,9282,191
864125,11.6,136,9181,191
864126,17,136,9332,191
864127,17.1,136,9325,191
864128,15.35,136,8953,191
864129,16.45,136,9186,191
864130,16.9,136,9108,191
864131,15.75,136,8960,191
864132,11.45,136,9117,191
864133,18.1,136,9173,191
864134,17.05,136,9022,191
864135,15.7,136,9291,191
864136,15.5,136,9125,191
864137,15.2,136,9178,191
864138,14.6,136,9208,191
864139,15.6,136,8963,191
864140,14.9,136,9033,191
864141,15.25,136,9024,191
864142,14.45,136,9270,191
864143,15.65,136,9340,191
864144,14.95,136,8989,191
864145,13,136,9059,191
864146,15.35,136,9261,191
864147,15.5,136,9306,191
864148,10.3,136,8995,191
864149,15.9,136,9047,191
864150,18.3,136,9183,191
864151,12.35,136,9273,191
864152,18.35,136,9179,191
864153,14.2,136,9136,191
864154,16.55,136,9289,191
864155,13.8,136,9143,191
864156,17,136,9138,191
864157,16.6,136,9177,191
864158,13.4,136,9302,191
864159,18.35,136,8999,191
864160,12.75,136,9290,191
864161,16.2,136,9146,191
864162,16.35,136,9055,191
864163,13.95,136,8998,191
864164,15.65,136,9070,191
864165,13.2,136,9076,191
864166,16.6,136,9096,191
864167,13.95,136,9150,191
864168,18.45,136,9304,191
864169,13.5,136,9189,191
864170,14.1,136,9188,191
864171,14.7,136,9120,191
864172,13,136,9008,191
864173,14.2,136,9107,191
864174,16.25,136,9192,191
864175,15.5,136,9017,191
864176,17,136,9206,191
864177,13.55,136,9252,191
864178,14.95,136,9279,191
864179,16.75,136,9203,191
864180,17,136,9092,191
864181,13.85,136,9278,191
864182,16,136,9158,191
864183,16.85,136,9185,191
864184,17.8,136,8980,191
864185,15.9,136,9020,191
864186,14.6,136,9247,191
864187,15.2,136,9061,191
864188,15.85,136,9007,191
864189,17.25,136,9331,191
864190,10.6,136,9293,191
864191,15.85,136,9322,191
864192,17.9,136,9175,191
864193,14.9,136,9025,191
864194,15.05,136,9016,191
864195,11.9,136,9035,191
864196,14.95,136,9275,191
864197,15.5,136,9113,191
864198,12.6,136,9271,191
864199,15.6,136,9012,191
864200,16.2,136,9028,191
864201,17.85,136,9317,191
864202,15.25,136,9197,191
864203,15.25,136,9328,191
864204,15.15,136,9330,191
864205,14.5,136,9202,191
864206,14.6,136,8990,191
864207,14,136,9000,191
864208,16.2,136,9133,191
864209,16.25,136,9311,191
864210,14.75,136,8968,191
864211,10.9,136,8949,191
864212,17.85,136,9258,191
864213,16.35,136,9110,191
864214,11.1,136,9226,191
864215,14.4,136,9264,191
864216,16.35,136,9269,191
864217,16.35,136,9079,191
864218,12,136,8985,191
864219,17.4,136,9246,191
864220,14.45,136,9050,191
864221,11.1,136,9141,191
864222,12.25,136,9142,191
864223,11.35,136,9049,191
864224,16.55,136,9266,191
864225,14.85,136,9095,191
864226,18.35,136,9255,191
864227,16.2,136,9077,191
864228,12.4,136,9004,191
864229,14.2,136,9042,191
864230,15.75,136,9114,191
864231,14.85,136,9091,191
864232,15.85,136,9196,191
864233,8.65,136,8954,191
864234,14.5,136,8946,191
864235,11.85,136,9075,191
864236,15.05,136,8942,191
864237,14,136,9307,191
864238,15.75,136,9126,191
864239,16.6,136,9242,191
864240,17.85,136,9326,191
864241,17.5,136,9051,191
864242,15.95,136,9068,191
864243,17.65,136,9034,191
864244,16.3,136,9228,191
864245,16.6,136,9200,191
864246,16.55,136,9285,191
864247,16.85,136,8986,191
864248,16.2,136,9054,191
864249,11.45,136,9281,191
864250,15.6,136,8961,191
864251,15.75,136,9099,191
864252,14,136,9013,191
864253,17.95,136,9105,191
864254,12.4,136,9038,191
864255,12.4,136,8966,191
864256,16.35,136,9121,191
864257,12.2,136,9139,191
864258,17.25,136,9335,191
864259,18.6,136,9243,191
864260,18,136,9213,191
864261,11.9,136,9267,191
864262,15.55,136,8987,191
864263,13.65,136,9236,191
864264,18,136,9037,191
864265,15.85,136,9239,191
864266,16.65,136,9036,191
864267,14.5,136,9087,191
864268,15.1,136,8948,191
864269,14.65,136,9201,191
864270,16.15,136,9083,191
864271,15.6,136,9057,191
864272,18.2,137,9204,191
864273,18.85,137,8970,191
864274,17.95,137,8981,191
864275,18,137,8973,191
864276,14.25,137,9116,191
864277,17.95,137,8977,191
864278,20,137,9160,191
864279,17.25,137,9170,191
864280,14.6,137,9216,191
864281,17.6,137,9316,191
864282,18,137,9241,191
864283,18.45,137,9056,191
864284,16,137,9073,191
864285,20,137,9230,191
864286,19,137,9015,191
864287,19.6,137,8945,191
864288,18.6,137,9310,191
864289,19,137,9224,191
864290,18.2,137,9010,191
864291,17.85,137,9280,191
864292,13.1,137,9030,191
864293,18.45,137,9284,191
864294,15.6,137,9147,191
864295,16.6,137,9153,191
864296,19.6,137,8962,191
864297,19.6,137,9262,191
864298,15.6,137,9027,191
864299,17.45,137,8992,191
864300,12.45,137,9097,191
864301,19.2,137,9217,191
864302,19.2,137,9171,191
864303,19.6,137,9134,191
864304,19.25,137,9333,191
864305,18.6,137,9011,191
864306,16.85,137,8993,191
864307,18.6,137,9327,191
864308,17.6,137,9292,191
864309,17,137,9168,191
864310,18,137,8943,191
864311,17.85,137,9305,191
864312,15.2,137,9063,191
864313,19,137,9093,191
864314,20,137,9166,191
864315,17.25,137,9018,191
864316,17.6,137,9214,191
864317,18.85,137,9288,191
864318,18.25,137,9151,191
864319,16.25,137,9250,191
864320,15.6,137,9231,191
864321,19.6,137,8944,191
864322,19.25,137,8952,191
864323,16,137,8969,191
864324,17.85,137,9131,191
864325,16.75,137,8976,191
864326,19.35,137,9256,191
864327,17.85,137,9080,191
864328,19.6,137,9321,191
864329,17.85,137,9195,191
864330,18.2,137,9155,191
864331,15.6,137,9084,191
864332,17.85,137,9235,191
864333,18.1,137,9052,191
864334,18.65,137,8964,191
864335,20,137,9128,191
864336,14.6,137,9104,191
864337,15.6,137,9315,191
864338,18.85,137,9169,191
864339,18.5,137,9199,191
864340,19.35,137,9324,191
864341,18.85,137,9023,191
864342,16.2,137,9044,191
864343,20,137,9154,191
864344,18,137,9039,191
864345,18.65,137,9086,191
864346,19.65,137,9148,191
864347,20,137,9287,191
864348,15.95,137,9312,191
864349,19.25,137,9162,191
864350,20,137,9338,191
864351,17.5,137,8947,191
864352,18.85,137,9277,191
864353,16.6,137,9014,191
864354,16.65,137,9065,191
864355,17.65,137,8967,191
864356,16.6,137,9212,191
864357,18.55,137,9046,191
864358,16.85,137,9163,191
864359,19.6,137,9248,191
864360,17.6,137,9263,191
864361,18.6,137,9276,191
864362,13.85,137,9140,191
864363,19.25,137,9211,191
864364,17.6,137,9223,191
864365,17.35,137,9156,191
864366,18.6,137,8957,191
864367,18.45,137,9005,191
864368,19.6,137,9198,191
864369,17.2,137,9149,191
864370,13.25,137,9165,191
864371,17.4,137,9309,191
864372,17.1,137,9193,191
864373,18.85,137,8941,191
864374,17.35,137,9174,191
864375,15.25,137,9062,191
864376,17.25,137,9295,191
864377,20,137,9082,191
864378,18,137,9233,191
864379,13.6,137,9283,191
864380,20,137,9219,191
864381,15.85,137,9300,191
864382,19.2,137,9191,191
864383,18.9,137,9002,191
864384,18.6,137,9040,191
864385,19.6,137,9132,191
864386,18.85,137,9115,191
864387,19.6,137,9187,191
864388,15.55,137,9238,191
864389,19,137,9072,191
864390,12.35,137,9102,191
864391,18.65,137,8994,191
864392,19.25,137,9164,191
864393,19.6,137,9218,191
864394,15.85,137,9257,191
864395,19.6,137,9041,191
864396,17,137,9006,191
864397,16,137,9031,191
864398,13.85,137,9122,191
864399,17.2,137,9085,191
864400,19.6,137,9314,191
864401,18.25,137,9001,191
864402,18.6,137,9303,191
864403,17.2,137,9144,191
864404,14.85,137,9103,191
864405,18.85,137,9254,191
864406,17.85,137,9060,191
864407,18.25,137,9118,191
864408,18.25,137,9229,191
864409,18.85,137,9294,191
864410,14,137,9337,191
864411,17.85,137,9172,191
864412,17.25,137,9111,191
864413,17.6,137,9299,191
864414,18.25,137,9088,191
864415,19.25,137,9032,191
864416,17.6,137,8956,191
864417,19.6,137,9320,191
864418,18.85,137,9026,191
864419,20,137,8971,191
864420,15.25,137,9078,191
864421,17.25,137,8983,191
864422,20,137,9232,191
864423,19.65,137,9313,191
864424,19.6,137,9253,191
864425,18,137,9176,191
864426,16.6,137,9221,191
864427,19.25,137,8972,191
864428,18.25,137,9336,191
864429,19.6,137,9215,191
864430,16.25,137,9167,191
864431,19.75,137,9298,191
864432,18.35,137,8996,191
864433,18.6,137,9098,191
864434,19,137,9286,191
864435,17.35,137,9112,191
864436,20,137,9260,191
864437,18,137,9145,191
864438,14.65,137,9123,191
864439,17.65,137,8979,191
864440,19.25,137,9045,191
864441,15.85,137,9240,191
864442,16.5,137,9019,191
864443,16.6,137,8984,191
864444,19.25,137,9274,191
864445,19.25,137,8965,191
864446,18.85,137,9100,191
864447,16.85,137,9237,191
864448,13.85,137,9259,191
864449,18.25,137,9058,191
864450,16.6,137,9069,191
864451,16.95,137,9245,191
864452,16.85,137,9323,191
864453,15.25,137,9089,191
864454,16.25,137,9225,191
864455,17.95,137,9319,191
864456,15.85,137,8991,191
864457,19,137,9053,191
864458,19.2,137,9227,191
864459,17.85,137,9249,191
864460,16.9,137,8978,191
864461,16.85,137,8951,191
864462,14.5,137,9234,191
864463,15.6,137,9268,191
864464,16,137,9071,191
864465,19,137,9130,191
864466,17.85,137,8982,191
864467,17.25,137,9119,191
864468,17.85,137,9272,191
864469,18.6,137,9074,191
864470,15.35,137,9194,191
864471,16.85,137,9064,191
864472,18.25,137,9124,191
864473,18.2,137,8950,191
864474,15.6,137,9067,191
864475,15.85,137,8955,191
864476,15.2,137,9207,191
864477,18,137,9137,191
864478,20,137,9127,191
864479,14.85,137,9282,191
864480,15,137,9181,191
864481,17.6,137,9332,191
864482,19.35,137,9325,191
864483,17.6,137,8953,191
864484,19,137,9186,191
864485,19.6,137,9108,191
864486,19.25,137,8960,191
864487,14.6,137,9117,191
864488,20,137,9173,191
864489,19.6,137,9022,191
864490,17.45,137,9291,191
864491,17.85,137,9125,191
864492,17.25,137,9178,191
864493,16.45,137,9208,191
864494,17.6,137,8963,191
864495,18,137,9033,191
864496,18.65,137,9024,191
864497,17.6,137,9270,191
864498,17.85,137,9340,191
864499,18.25,137,8989,191
864500,13.85,137,9059,191
864501,18.35,137,9261,191
864502,18.25,137,9306,191
864503,13.25,137,8995,191
864504,18.85,137,9047,191
864505,18.85,137,9183,191
864506,15.6,137,9273,191
864507,19.35,137,9179,191
864508,17.25,137,9136,191
864509,20,137,9289,191
864510,16.75,137,9143,191
864511,19.2,137,9138,191
864512,18.6,137,9177,191
864513,16,137,9302,191
864514,18.85,137,8999,191
864515,15.25,137,9290,191
864516,17.6,137,9146,191
864517,18.6,137,9055,191
864518,16.45,137,8998,191
864519,18.85,137,9070,191
864520,15.25,137,9076,191
864521,18.85,137,9096,191
864522,17.6,137,9150,191
864523,19.6,137,9304,191
864524,15.85,137,9189,191
864525,15.85,137,9188,191
864526,16.6,137,9120,191
864527,16.6,137,9008,191
864528,16.85,137,9107,191
864529,19.2,137,9192,191
864530,17.4,137,9017,191
864531,18.85,137,9206,191
864532,18,137,9252,191
864533,17.5,137,9279,191
864534,19.6,137,9203,191
864535,18.5,137,9092,191
864536,16.95,137,9278,191
864537,18.1,137,9158,191
864538,18.25,137,9185,191
864539,19.6,137,8980,191
864540,19.2,137,9020,191
864541,16.45,137,9247,191
864542,18.6,137,9061,191
864543,18.5,137,9007,191
864544,19.25,137,9331,191
864545,13.6,137,9293,191
864546,18.85,137,9322,191
864547,20,137,9175,191
864548,18.2,137,9025,191
864549,17.6,137,9016,191
864550,13.2,137,9035,191
864551,17.95,137,9275,191
864552,18.85,137,9113,191
864553,15.2,137,9271,191
864554,18,137,9012,191
864555,17.6,137,9028,191
864556,20,137,9317,191
864557,19.6,137,9197,191
864558,18.6,137,9328,191
864559,19,137,9330,191
864560,17.2,137,9202,191
864561,17.65,137,8990,191
864562,16.25,137,9000,191
864563,18.95,137,9133,191
864564,18.85,137,9311,191
864565,17.2,137,8968,191
864566,12.95,137,8949,191
864567,20,137,9258,191
864568,18,137,9110,191
864569,13.25,137,9226,191
864570,16.85,137,9264,191
864571,18.6,137,9269,191
864572,18.55,137,9079,191
864573,13.95,137,8985,191
864574,19.6,137,9246,191
864575,16.85,137,9050,191
864576,13.6,137,9141,191
864577,16.85,137,9142,191
864578,12.45,137,9049,191
864579,18.2,137,9266,191
864580,17.2,137,9095,191
864581,19.6,137,9255,191
864582,18,137,9077,191
864583,14.2,137,9004,191
864584,17.2,137,9042,191
864585,16.6,137,9114,191
864586,18.25,137,9091,191
864587,19,137,9196,191
864588,12.85,137,8954,191
864589,17.25,137,8946,191
864590,14.6,137,9075,191
864591,17.25,137,8942,191
864592,16.35,137,9307,191
864593,18.2,137,9126,191
864594,18.25,137,9242,191
864595,19.25,137,9326,191
864596,19.6,137,9051,191
864597,19.25,137,9068,191
864598,20,137,9034,191
864599,18.6,137,9228,191
864600,18.6,137,9200,191
864601,19.35,137,9285,191
864602,18.6,137,8986,191
864603,17.9,137,9054,191
864604,13.6,137,9281,191
864605,18,137,8961,191
864606,19,137,9099,191
864607,16.85,137,9013,191
864608,19.6,137,9105,191
864609,15,137,9038,191
864610,14.25,137,8966,191
864611,19.6,137,9121,191
864612,13.85,137,9139,191
864613,19.6,137,9335,191
864614,20,137,9243,191
864615,20,137,9213,191
864616,14,137,9267,191
864617,19.25,137,8987,191
864618,16,137,9236,191
864619,19.6,137,9037,191
864620,17.25,137,9239,191
864621,17.6,137,9036,191
864622,15.85,137,9087,191
864623,17,137,8948,191
864624,18.25,137,9201,191
864625,18.95,137,9083,191
864626,17.25,137,9057,191
864627,17.85,138,9204,191
864628,17.6,138,8970,191
864629,16.75,138,8981,191
864630,17.6,138,8973,191
864631,12.25,138,9116,191
864632,17,138,8977,191
864633,18.25,138,9160,191
864634,17.2,138,9170,191
864635,13.25,138,9216,191
864636,15.85,138,9316,191
864637,16.6,138,9241,191
864638,18.35,138,9056,191
864639,15.6,138,9073,191
864640,20,138,9230,191
864641,17.5,138,9015,191
864642,19.6,138,8945,191
864643,17.1,138,9310,191
864644,17.6,138,9224,191
864645,17.6,138,9010,191
864646,17.45,138,9280,191
864647,12.6,138,9030,191
864648,16.65,138,9284,191
864649,13.75,138,9147,191
864650,16.85,138,9153,191
864651,19.6,138,8962,191
864652,19.6,138,9262,191
864653,14,138,9027,191
864654,17.45,138,8992,191
864655,12.6,138,9097,191
864656,17.25,138,9217,191
864657,19.25,138,9171,191
864658,20,138,9134,191
864659,17.6,138,9333,191
864660,18.25,138,9011,191
864661,16.6,138,8993,191
864662,19.25,138,9327,191
864663,18,138,9292,191
864664,15.25,138,9168,191
864665,17.9,138,8943,191
864666,17.6,138,9305,191
864667,15,138,9063,191
864668,19.35,138,9093,191
864669,19.25,138,9166,191
864670,17.2,138,9018,191
864671,17,138,9214,191
864672,17.85,138,9288,191
864673,19.35,138,9151,191
864674,15.85,138,9250,191
864675,14.6,138,9231,191
864676,19.6,138,8944,191
864677,18,138,8952,191
864678,14,138,8969,191
864679,18.6,138,9131,191
864680,17.5,138,8976,191
864681,19.25,138,9256,191
864682,16.85,138,9080,191
864683,18.95,138,9321,191
864684,18.2,138,9195,191
864685,16.35,138,9155,191
864686,14.25,138,9084,191
864687,18.2,138,9235,191
864688,17.6,138,9052,191
864689,18.35,138,8964,191
864690,18.65,138,9128,191
864691,14,138,9104,191
864692,15,138,9315,191
864693,19.6,138,9169,191
864694,19,138,9199,191
864695,18.2,138,9324,191
864696,18.55,138,9023,191
864697,14.85,138,9044,191
864698,17.6,138,9154,191
864699,16.5,138,9039,191
864700,18.25,138,9086,191
864701,18.95,138,9148,191
864702,20,138,9287,191
864703,15.25,138,9312,191
864704,19.6,138,9162,191
864705,18.85,138,9338,191
864706,16.85,138,8947,191
864707,17.45,138,9277,191
864708,17.5,138,9014,191
864709,14.85,138,9065,191
864710,17.25,138,8967,191
864711,15.85,138,9212,191
864712,18.2,138,9046,191
864713,17.2,138,9163,191
864714,18.25,138,9248,191
864715,17.2,138,9263,191
864716,17.85,138,9276,191
864717,12.85,138,9140,191
864718,19.6,138,9211,191
864719,18.25,138,9223,191
864720,17.35,138,9156,191
864721,17.5,138,8957,191
864722,18.25,138,9005,191
864723,18.9,138,9198,191
864724,16.15,138,9149,191
864725,13.6,138,9165,191
864726,17.2,138,9309,191
864727,16.95,138,9193,191
864728,19,138,8941,191
864729,16,138,9174,191
864730,14.5,138,9062,191
864731,17,138,9295,191
864732,18.85,138,9082,191
864733,18.6,138,9233,191
864734,14.35,138,9283,191
864735,20,138,9219,191
864736,15.5,138,9300,191
864737,17.85,138,9191,191
864738,19.25,138,9002,191
864739,19.25,138,9040,191
864740,19.35,138,9132,191
864741,18.6,138,9115,191
864742,18.85,138,9187,191
864743,15,138,9238,191
864744,18.9,138,9072,191
864745,13,138,9102,191
864746,18.45,138,8994,191
864747,19.6,138,9164,191
864748,19.65,138,9218,191
864749,14.2,138,9257,191
864750,19.6,138,9041,191
864751,16.35,138,9006,191
864752,15.65,138,9031,191
864753,13.6,138,9122,191
864754,18.2,138,9085,191
864755,19.6,138,9314,191
864756,17.6,138,9001,191
864757,18.2,138,9303,191
864758,16.95,138,9144,191
864759,13.65,138,9103,191
864760,17,138,9254,191
864761,17.6,138,9060,191
864762,17.85,138,9118,191
864763,18.35,138,9229,191
864764,19,138,9294,191
864765,12.25,138,9337,191
864766,18,138,9172,191
864767,16.25,138,9111,191
864768,17.6,138,9299,191
864769,17.1,138,9088,191
864770,18.85,138,9032,191
864771,17,138,8956,191
864772,18.85,138,9320,191
864773,16.25,138,9026,191
864774,19.6,138,8971,191
864775,15.1,138,9078,191
864776,16.45,138,8983,191
864777,19.6,138,9232,191
864778,19.6,138,9313,191
864779,18.25,138,9253,191
864780,17.25,138,9176,191
864781,16.5,138,9221,191
864782,17.85,138,8972,191
864783,17.65,138,9336,191
864784,20,138,9215,191
864785,16.25,138,9167,191
864786,17.65,138,9298,191
864787,17.75,138,8996,191
864788,18.95,138,9098,191
864789,18.25,138,9286,191
864790,16,138,9112,191
864791,19.6,138,9260,191
864792,16.95,138,9145,191
864793,14,138,9123,191
864794,15.85,138,8979,191
864795,18.95,138,9045,191
864796,17.35,138,9240,191
864797,15.85,138,9019,191
864798,16.5,138,8984,191
864799,18.6,138,9274,191
864800,18.35,138,8965,191
864801,17.5,138,9100,191
864802,15.85,138,9237,191
864803,13.85,138,9259,191
864804,17.6,138,9058,191
864805,16.25,138,9069,191
864806,17.25,138,9245,191
864807,17.1,138,9323,191
864808,15.6,138,9089,191
864809,16.5,138,9225,191
864810,16.6,138,9319,191
864811,15.25,138,8991,191
864812,19.6,138,9053,191
864813,20,138,9227,191
864814,18.25,138,9249,191
864815,16.25,138,8978,191
864816,17.1,138,8951,191
864817,14.2,138,9234,191
864818,14.85,138,9268,191
864819,15.6,138,9071,191
864820,18.85,138,9130,191
864821,17.25,138,8982,191
864822,16.25,138,9119,191
864823,18.2,138,9272,191
864824,18.6,138,9074,191
864825,14.95,138,9194,191
864826,17.25,138,9064,191
864827,17.85,138,9124,191
864828,18.25,138,8950,191
864829,14.35,138,9067,191
864830,15.2,138,8955,191
864831,15.25,138,9207,191
864832,16.45,138,9137,191
864833,19.6,138,9127,191
864834,14.85,138,9282,191
864835,13.6,138,9181,191
864836,18.25,138,9332,191
864837,19.2,138,9325,191
864838,17.25,138,8953,191
864839,16.85,138,9186,191
864840,19.6,138,9108,191
864841,19,138,8960,191
864842,13.6,138,9117,191
864843,20,138,9173,191
864844,20,138,9022,191
864845,17.5,138,9291,191
864846,16.6,138,9125,191
864847,15.2,138,9178,191
864848,16.75,138,9208,191
864849,16.85,138,8963,191
864850,17,138,9033,191
864851,17.6,138,9024,191
864852,16.5,138,9270,191
864853,16.65,138,9340,191
864854,17.6,138,8989,191
864855,14.25,138,9059,191
864856,18.25,138,9261,191
864857,18.1,138,9306,191
864858,13.2,138,8995,191
864859,17.2,138,9047,191
864860,18.25,138,9183,191
864861,13.45,138,9273,191
864862,19.6,138,9179,191
864863,16.85,138,9136,191
864864,18.85,138,9289,191
864865,17,138,9143,191
864866,18.35,138,9138,191
864867,18.6,138,9177,191
864868,14.2,138,9302,191
864869,20,138,8999,191
864870,15,138,9290,191
864871,17.85,138,9146,191
864872,17.2,138,9055,191
864873,17.25,138,8998,191
864874,19,138,9070,191
864875,14.2,138,9076,191
864876,18.25,138,9096,191
864877,16.25,138,9150,191
864878,19.6,138,9304,191
864879,15.9,138,9189,191
864880,16.2,138,9188,191
864881,17.35,138,9120,191
864882,15.85,138,9008,191
864883,16.95,138,9107,191
864884,19.6,138,9192,191
864885,17,138,9017,191
864886,18.95,138,9206,191
864887,17,138,9252,191
864888,17.85,138,9279,191
864889,19.25,138,9203,191
864890,18.85,138,9092,191
864891,17.25,138,9278,191
864892,17.85,138,9158,191
864893,17.6,138,9185,191
864894,18.85,138,8980,191
864895,18.95,138,9020,191
864896,16.6,138,9247,191
864897,16.5,138,9061,191
864898,17.25,138,9007,191
864899,18.85,138,9331,191
864900,12.6,138,9293,191
864901,17.95,138,9322,191
864902,19,138,9175,191
864903,17.5,138,9025,191
864904,18,138,9016,191
864905,13.25,138,9035,191
864906,17.6,138,9275,191
864907,16.6,138,9113,191
864908,14,138,9271,191
864909,16.6,138,9012,191
864910,18.6,138,9028,191
864911,18.5,138,9317,191
864912,17.6,138,9197,191
864913,17.6,138,9328,191
864914,17.25,138,9330,191
864915,17.95,138,9202,191
864916,17.95,138,8990,191
864917,14.65,138,9000,191
864918,18.6,138,9133,191
864919,18.6,138,9311,191
864920,18.25,138,8968,191
864921,13.25,138,8949,191
864922,19.05,138,9258,191
864923,17.95,138,9110,191
864924,12.2,138,9226,191
864925,14.6,138,9264,191
864926,17,138,9269,191
864927,17.85,138,9079,191
864928,13.6,138,8985,191
864929,18.9,138,9246,191
864930,16.6,138,9050,191
864931,12.95,138,9141,191
864932,15.2,138,9142,191
864933,12.6,138,9049,191
864934,18.6,138,9266,191
864935,17,138,9095,191
864936,19.65,138,9255,191
864937,18.3,138,9077,191
864938,14,138,9004,191
864939,17.2,138,9042,191
864940,18.25,138,9114,191
864941,16.45,138,9091,191
864942,18.2,138,9196,191
864943,12.25,138,8954,191
864944,17.85,138,8946,191
864945,15,138,9075,191
864946,18,138,8942,191
864947,15.75,138,9307,191
864948,16.25,138,9126,191
864949,17.2,138,9242,191
864950,19,138,9326,191
864951,19.6,138,9051,191
864952,17.6,138,9068,191
864953,18.6,138,9034,191
864954,17,138,9228,191
864955,17.85,138,9200,191
864956,18.6,138,9285,191
864957,18.5,138,8986,191
864958,17.5,138,9054,191
864959,13.6,138,9281,191
864960,17.25,138,8961,191
864961,17.85,138,9099,191
864962,14.6,138,9013,191
864963,19.25,138,9105,191
864964,13.5,138,9038,191
864965,14.6,138,8966,191
864966,19.6,138,9121,191
864967,14.6,138,9139,191
864968,18.85,138,9335,191
864969,18.95,138,9243,191
864970,18.85,138,9213,191
864971,14.85,138,9267,191
864972,18,138,8987,191
864973,14.85,138,9236,191
864974,19.6,138,9037,191
864975,18.25,138,9239,191
864976,17.2,138,9036,191
864977,15.65,138,9087,191
864978,17.85,138,8948,191
864979,18,138,9201,191
864980,17.25,138,9083,191
864981,17.25,138,9057,191
864982,17.35,139,9204,191
864983,17.75,139,8970,191
864984,17.2,139,8981,191
864985,17,139,8973,191
864986,12.85,139,9116,191
864987,17.2,139,8977,191
864988,18.45,139,9160,191
864989,16.25,139,9170,191
864990,12.25,139,9216,191
864991,17.2,139,9316,191
864992,16,139,9241,191
864993,17.95,139,9056,191
864994,14.2,139,9073,191
864995,19.6,139,9230,191
864996,18.25,139,9015,191
864997,18.25,139,8945,191
864998,17.5,139,9310,191
864999,18.25,139,9224,191
865000,17.2,139,9010,191
865001,15.25,139,9280,191
865002,12.35,139,9030,191
865003,15.85,139,9284,191
865004,13.75,139,9147,191
865005,17.6,139,9153,191
865006,19.6,139,8962,191
865007,18.5,139,9262,191
865008,14.25,139,9027,191
865009,15.85,139,8992,191
865010,11.2,139,9097,191
865011,17.25,139,9217,191
865012,19.6,139,9171,191
865013,19,139,9134,191
865014,17.25,139,9333,191
865015,17.65,139,9011,191
865016,16.85,139,8993,191
865017,18.35,139,9327,191
865018,17,139,9292,191
865019,14.45,139,9168,191
865020,17.85,139,8943,191
865021,16.85,139,9305,191
865022,15.75,139,9063,191
865023,17.85,139,9093,191
865024,18.85,139,9166,191
865025,17.85,139,9018,191
865026,16.6,139,9214,191
865027,17.95,139,9288,191
865028,18.6,139,9151,191
865029,15.6,139,9250,191
865030,14.45,139,9231,191
865031,20,139,8944,191
865032,18.25,139,8952,191
865033,13.85,139,8969,191
865034,18.9,139,9131,191
865035,17,139,8976,191
865036,17.85,139,9256,191
865037,15.9,139,9080,191
865038,18.25,139,9321,191
865039,16.6,139,9195,191
865040,16.6,139,9155,191
865041,14.6,139,9084,191
865042,15.7,139,9235,191
865043,16.65,139,9052,191
865044,17.25,139,8964,191
865045,18.95,139,9128,191
865046,13,139,9104,191
865047,14.25,139,9315,191
865048,17.35,139,9169,191
865049,17.15,139,9199,191
865050,18.85,139,9324,191
865051,16.1,139,9023,191
865052,15.45,139,9044,191
865053,17.55,139,9154,191
865054,17.45,139,9039,191
865055,17.4,139,9086,191
865056,17.6,139,9148,191
865057,18.85,139,9287,191
865058,15.85,139,9312,191
865059,16.2,139,9162,191
865060,18.45,139,9338,191
865061,17.35,139,8947,191
865062,17.85,139,9277,191
865063,14.95,139,9014,191
865064,14.65,139,9065,191
865065,17.2,139,8967,191
865066,17.6,139,9212,191
865067,17.5,139,9046,191
865068,16.6,139,9163,191
865069,18.6,139,9248,191
865070,17.25,139,9263,191
865071,17.6,139,9276,191
865072,12.65,139,9140,191
865073,18.85,139,9211,191
865074,15.95,139,9223,191
865075,16.6,139,9156,191
865076,17,139,8957,191
865077,17.25,139,9005,191
865078,18.65,139,9198,191
865079,16.6,139,9149,191
865080,14.25,139,9165,191
865081,17.75,139,9309,191
865082,16.6,139,9193,191
865083,18.5,139,8941,191
865084,15.6,139,9174,191
865085,13.85,139,9062,191
865086,15.45,139,9295,191
865087,19,139,9082,191
865088,17.35,139,9233,191
865089,13.25,139,9283,191
865090,18.35,139,9219,191
865091,15.35,139,9300,191
865092,18.6,139,9191,191
865093,17.85,139,9002,191
865094,17.35,139,9040,191
865095,18.95,139,9132,191
865096,17.25,139,9115,191
865097,16.6,139,9187,191
865098,14.85,139,9238,191
865099,18.5,139,9072,191
865100,13,139,9102,191
865101,18.1,139,8994,191
865102,17.85,139,9164,191
865103,19,139,9218,191
865104,14.85,139,9257,191
865105,19,139,9041,191
865106,15.45,139,9006,191
865107,14.45,139,9031,191
865108,13.45,139,9122,191
865109,17.6,139,9085,191
865110,18,139,9314,191
865111,17.25,139,9001,191
865112,17.25,139,9303,191
865113,15.25,139,9144,191
865114,13.35,139,9103,191
865115,17.85,139,9254,191
865116,16.5,139,9060,191
865117,16.65,139,9118,191
865118,18,139,9229,191
865119,19.6,139,9294,191
865120,13.25,139,9337,191
865121,15.75,139,9172,191
865122,15.6,139,9111,191
865123,17.25,139,9299,191
865124,17.6,139,9088,191
865125,18.85,139,9032,191
865126,17.65,139,8956,191
865127,18.9,139,9320,191
865128,16.75,139,9026,191
865129,18.35,139,8971,191
865130,13.45,139,9078,191
865131,16.8,139,8983,191
865132,19.25,139,9232,191
865133,17.6,139,9313,191
865134,17.85,139,9253,191
865135,16.2,139,9176,191
865136,16.65,139,9221,191
865137,16.85,139,8972,191
865138,17.65,139,9336,191
865139,19.25,139,9215,191
865140,14.5,139,9167,191
865141,18.25,139,9298,191
865142,18.35,139,8996,191
865143,16.6,139,9098,191
865144,17.85,139,9286,191
865145,14.95,139,9112,191
865146,19.2,139,9260,191
865147,18.35,139,9145,191
865148,13.6,139,9123,191
865149,17.25,139,8979,191
865150,18.9,139,9045,191
865151,16.6,139,9240,191
865152,14.35,139,9019,191
865153,16.25,139,8984,191
865154,16.9,139,9274,191
865155,18.45,139,8965,191
865156,16.5,139,9100,191
865157,16.65,139,9237,191
865158,14.6,139,9259,191
865159,17.65,139,9058,191
865160,15.6,139,9069,191
865161,16.6,139,9245,191
865162,17.25,139,9323,191
865163,14.4,139,9089,191
865164,16,139,9225,191
865165,17.1,139,9319,191
865166,14,139,8991,191
865167,19.25,139,9053,191
865168,18.25,139,9227,191
865169,18.6,139,9249,191
865170,15.7,139,8978,191
865171,16.65,139,8951,191
865172,11.95,139,9234,191
865173,14.85,139,9268,191
865174,15.2,139,9071,191
865175,18.45,139,9130,191
865176,16.85,139,8982,191
865177,15.6,139,9119,191
865178,16.95,139,9272,191
865179,18.25,139,9074,191
865180,13.2,139,9194,191
865181,17.85,139,9064,191
865182,17,139,9124,191
865183,17.45,139,8950,191
865184,13.9,139,9067,191
865185,14.85,139,8955,191
865186,14.75,139,9207,191
865187,17.5,139,9137,191
865188,18.35,139,9127,191
865189,13.95,139,9282,191
865190,13.5,139,9181,191
865191,17.25,139,9332,191
865192,18.85,139,9325,191
865193,17.25,139,8953,191
865194,16.35,139,9186,191
865195,18,139,9108,191
865196,17.85,139,8960,191
865197,13,139,9117,191
865198,18.5,139,9173,191
865199,19.6,139,9022,191
865200,16.85,139,9291,191
865201,17.6,139,9125,191
865202,16.6,139,9178,191
865203,16.2,139,9208,191
865204,16.2,139,8963,191
865205,16,139,9033,191
865206,17.2,139,9024,191
865207,16.25,139,9270,191
865208,15.8,139,9340,191
865209,17.25,139,8989,191
865210,12.85,139,9059,191
865211,16.45,139,9261,191
865212,17.25,139,9306,191
865213,11,139,8995,191
865214,17.6,139,9047,191
865215,18.85,139,9183,191
865216,11.9,139,9273,191
865217,18.45,139,9179,191
865218,16.65,139,9136,191
865219,19.6,139,9289,191
865220,15.6,139,9143,191
865221,18.2,139,9138,191
865222,18.85,139,9177,191
865223,14.6,139,9302,191
865224,18.3,139,8999,191
865225,15.05,139,9290,191
865226,17.25,139,9146,191
865227,17.2,139,9055,191
865228,16.5,139,8998,191
865229,17.95,139,9070,191
865230,14,139,9076,191
865231,18.2,139,9096,191
865232,15.35,139,9150,191
865233,18.1,139,9304,191
865234,14.25,139,9189,191
865235,15.6,139,9188,191
865236,17,139,9120,191
865237,14.35,139,9008,191
865238,15.6,139,9107,191
865239,18.85,139,9192,191
865240,17.25,139,9017,191
865241,19,139,9206,191
865242,16,139,9252,191
865243,16.85,139,9279,191
865244,19.25,139,9203,191
865245,16.65,139,9092,191
865246,15.6,139,9278,191
865247,17.95,139,9158,191
865248,18.15,139,9185,191
865249,18.6,139,8980,191
865250,18.85,139,9020,191
865251,16.6,139,9247,191
865252,16.2,139,9061,191
865253,17.6,139,9007,191
865254,18.6,139,9331,191
865255,12.35,139,9293,191
865256,17.7,139,9322,191
865257,20,139,9175,191
865258,15.15,139,9025,191
865259,17,139,9016,191
865260,12.5,139,9035,191
865261,16.6,139,9275,191
865262,16,139,9113,191
865263,14.5,139,9271,191
865264,18,139,9012,191
865265,17,139,9028,191
865266,18.85,139,9317,191
865267,17.35,139,9197,191
865268,16.1,139,9328,191
865269,17.65,139,9330,191
865270,16.25,139,9202,191
865271,16.25,139,8990,191
865272,14.7,139,9000,191
865273,18.1,139,9133,191
865274,18.25,139,9311,191
865275,17.6,139,8968,191
865276,12.25,139,8949,191
865277,18.2,139,9258,191
865278,18.35,139,9110,191
865279,11.85,139,9226,191
865280,13.45,139,9264,191
865281,17.95,139,9269,191
865282,17.85,139,9079,191
865283,13.6,139,8985,191
865284,18.6,139,9246,191
865285,16.45,139,9050,191
865286,12.85,139,9141,191
865287,15.9,139,9142,191
865288,12.9,139,9049,191
865289,18.2,139,9266,191
865290,16.9,139,9095,191
865291,18.8,139,9255,191
865292,16.2,139,9077,191
865293,13.6,139,9004,191
865294,16.25,139,9042,191
865295,16.85,139,9114,191
865296,16.6,139,9091,191
865297,18.25,139,9196,191
865298,12.2,139,8954,191
865299,16.85,139,8946,191
865300,13.95,139,9075,191
865301,16.35,139,8942,191
865302,14.6,139,9307,191
865303,17.75,139,9126,191
865304,16.6,139,9242,191
865305,19.2,139,9326,191
865306,19.25,139,9051,191
865307,17.85,139,9068,191
865308,18.1,139,9034,191
865309,16.75,139,9228,191
865310,18.2,139,9200,191
865311,18.2,139,9285,191
865312,18.6,139,8986,191
865313,17.25,139,9054,191
865314,11.6,139,9281,191
865315,16.6,139,8961,191
865316,17.1,139,9099,191
865317,14.6,139,9013,191
865318,19.6,139,9105,191
865319,12.95,139,9038,191
865320,13,139,8966,191
865321,18.85,139,9121,191
865322,12.6,139,9139,191
865323,17.65,139,9335,191
865324,18.1,139,9243,191
865325,19,139,9213,191
865326,13.25,139,9267,191
865327,17.5,139,8987,191
865328,15.25,139,9236,191
865329,19.4,139,9037,191
865330,17.65,139,9239,191
865331,18.6,139,9036,191
865332,15.65,139,9087,191
865333,17.1,139,8948,191
865334,16.6,139,9201,191
865335,16.25,139,9083,191
865336,16.6,139,9057,191
865337,13.3,132,9204,192
865338,15.3,132,8970,192
865339,14,132,8981,192
865340,15.5,132,8973,192
865341,11.1,132,9116,192
865342,15.25,132,8977,192
865343,16.15,132,9160,192
865344,15.6,132,9170,192
865345,12.3,132,9216,192
865346,14.2,132,9316,192
865347,14.45,132,9241,192
865348,17.45,132,9056,192
865349,12.7,132,9073,192
865350,15.6,132,9230,192
865351,16.35,132,9015,192
865352,17.2,132,8945,192
865353,14.4,132,9310,192
865354,17,132,9224,192
865355,14.55,132,9010,192
865356,15.65,132,9280,192
865357,11.75,132,9030,192
865358,13.6,132,9284,192
865359,12.9,132,9147,192
865360,14.7,132,9153,192
865361,17.3,132,8962,192
865362,17.25,132,9262,192
865363,12.15,132,9027,192
865364,14.85,132,8992,192
865365,10.25,132,9097,192
865366,16.6,132,9217,192
865367,17.1,132,9171,192
865368,17.4,132,9134,192
865369,16.45,132,9333,192
865370,15.7,132,9011,192
865371,12.5,132,8993,192
865372,15.9,132,9327,192
865373,16.35,132,9292,192
865374,13.75,132,9168,192
865375,16.45,132,8943,192
865376,15.1,132,9305,192
865377,12.2,132,9063,192
865378,15.4,132,9093,192
865379,16,132,9166,192
865380,15.25,132,9018,192
865381,13.95,132,9214,192
865382,16.3,132,9288,192
865383,16.65,132,9151,192
865384,13.45,132,9250,192
865385,12.25,132,9231,192
865386,17,132,8944,192
865387,16.1,132,8952,192
865388,13,132,8969,192
865389,16.05,132,9131,192
865390,14.9,132,8976,192
865391,15.25,132,9256,192
865392,13.6,132,9080,192
865393,17.4,132,9321,192
865394,15.6,132,9195,192
865395,16.1,132,9155,192
865396,12.6,132,9084,192
865397,14.1,132,9235,192
865398,15.35,132,9052,192
865399,16.25,132,8964,192
865400,16.65,132,9128,192
865401,11.35,132,9104,192
865402,13.2,132,9315,192
865403,17.25,132,9169,192
865404,16.1,132,9199,192
865405,16,132,9324,192
865406,15.5,132,9023,192
865407,14,132,9044,192
865408,15.65,132,9154,192
865409,15.45,132,9039,192
865410,15.65,132,9086,192
865411,15.55,132,9148,192
865412,17.1,132,9287,192
865413,13.85,132,9312,192
865414,16.1,132,9162,192
865415,17.6,132,9338,192
865416,15.2,132,8947,192
865417,16.4,132,9277,192
865418,15,132,9014,192
865419,11.2,132,9065,192
865420,14.25,132,8967,192
865421,14.95,132,9212,192
865422,15.45,132,9046,192
865423,14.8,132,9163,192
865424,17.6,132,9248,192
865425,14.7,132,9263,192
865426,15.6,132,9276,192
865427,10.3,132,9140,192
865428,18.45,132,9211,192
865429,15.25,132,9223,192
865430,14.8,132,9156,192
865431,16,132,8957,192
865432,15.4,132,9005,192
865433,15.6,132,9198,192
865434,15.35,132,9149,192
865435,11.45,132,9165,192
865436,14.25,132,9309,192
865437,16.25,132,9193,192
865438,15.85,132,8941,192
865439,13.35,132,9174,192
865440,11,132,9062,192
865441,14.65,132,9295,192
865442,18.3,132,9082,192
865443,15.85,132,9233,192
865444,12.3,132,9283,192
865445,16.85,132,9219,192
865446,12.35,132,9300,192
865447,16.6,132,9191,192
865448,16.85,132,9002,192
865449,15.65,132,9040,192
865450,16.85,132,9132,192
865451,15.8,132,9115,192
865452,14.5,132,9187,192
865453,12.85,132,9238,192
865454,17.75,132,9072,192
865455,10.7,132,9102,192
865456,15.85,132,8994,192
865457,17.25,132,9164,192
865458,16,132,9218,192
865459,13.2,132,9257,192
865460,17.4,132,9041,192
865461,14.8,132,9006,192
865462,12.5,132,9031,192
865463,11.8,132,9122,192
865464,16,132,9085,192
865465,17.25,132,9314,192
865466,16.65,132,9001,192
865467,15.7,132,9303,192
865468,14.5,132,9144,192
865469,11.65,132,9103,192
865470,15.85,132,9254,192
865471,16,132,9060,192
865472,14.35,132,9118,192
865473,15.85,132,9229,192
865474,16.65,132,9294,192
865475,10.4,132,9337,192
865476,16.25,132,9172,192
865477,13.15,132,9111,192
865478,14.8,132,9299,192
865479,14.85,132,9088,192
865480,17.1,132,9032,192
865481,14.55,132,8956,192
865482,17.6,132,9320,192
865483,15.15,132,9026,192
865484,16.55,132,8971,192
865485,11.95,132,9078,192
865486,14.25,132,8983,192
865487,18.65,132,9232,192
865488,17.2,132,9313,192
865489,16.3,132,9253,192
865490,14.85,132,9176,192
865491,13.5,132,9221,192
865492,15.9,132,8972,192
865493,14.35,132,9336,192
865494,17.75,132,9215,192
865495,12.45,132,9167,192
865496,16.85,132,9298,192
865497,15.25,132,8996,192
865498,16,132,9098,192
865499,15.85,132,9286,192
865500,13.45,132,9112,192
865501,16.7,132,9260,192
865502,16.6,132,9145,192
865503,10.2,132,9123,192
865504,13.35,132,8979,192
865505,15.7,132,9045,192
865506,14.55,132,9240,192
865507,13.25,132,9019,192
865508,14.4,132,8984,192
865509,15.65,132,9274,192
865510,16.6,132,8965,192
865511,15.9,132,9100,192
865512,15.15,132,9237,192
865513,13,132,9259,192
865514,15.6,132,9058,192
865515,13.5,132,9069,192
865516,14.1,132,9245,192
865517,15.25,132,9323,192
865518,13.75,132,9089,192
865519,13.3,132,9225,192
865520,15.45,132,9319,192
865521,12.85,132,8991,192
865522,16.95,132,9053,192
865523,16.45,132,9227,192
865524,15.3,132,9249,192
865525,13.1,132,8978,192
865526,14.15,132,8951,192
865527,12.35,132,9234,192
865528,12.9,132,9268,192
865529,12.3,132,9071,192
865530,15.2,132,9130,192
865531,15.3,132,8982,192
865532,14.95,132,9119,192
865533,14.5,132,9272,192
865534,14.55,132,9074,192
865535,12.35,132,9194,192
865536,14.1,132,9064,192
865537,16.25,132,9124,192
865538,15.9,132,8950,192
865539,11.55,132,9067,192
865540,12.25,132,8955,192
865541,13.6,132,9207,192
865542,14.1,132,9137,192
865543,18.2,132,9127,192
865544,11.9,132,9282,192
865545,12.65,132,9181,192
865546,15.15,132,9332,192
865547,16.25,132,9325,192
865548,14.65,132,8953,192
865549,13.7,132,9186,192
865550,17.8,132,9108,192
865551,16.6,132,8960,192
865552,11.65,132,9117,192
865553,17.5,132,9173,192
865554,17.15,132,9022,192
865555,15,132,9291,192
865556,15.95,132,9125,192
865557,14.5,132,9178,192
865558,16.25,132,9208,192
865559,15.3,132,8963,192
865560,14.25,132,9033,192
865561,15.05,132,9024,192
865562,13.9,132,9270,192
865563,15.4,132,9340,192
865564,15.6,132,8989,192
865565,12.25,132,9059,192
865566,14.7,132,9261,192
865567,15.9,132,9306,192
865568,8.85,132,8995,192
865569,14.6,132,9047,192
865570,17.45,132,9183,192
865571,12,132,9273,192
865572,18.45,132,9179,192
865573,15.9,132,9136,192
865574,17.2,132,9289,192
865575,15.25,132,9143,192
865576,17,132,9138,192
865577,16.85,132,9177,192
865578,12.25,132,9302,192
865579,17.85,132,8999,192
865580,13,132,9290,192
865581,15.5,132,9146,192
865582,14.6,132,9055,192
865583,13.95,132,8998,192
865584,16.6,132,9070,192
865585,13,132,9076,192
865586,17.5,132,9096,192
865587,13.65,132,9150,192
865588,15.1,132,9304,192
865589,13,132,9189,192
865590,12.95,132,9188,192
865591,15.1,132,9120,192
865592,14.15,132,9008,192
865593,13.45,132,9107,192
865594,18.25,132,9192,192
865595,15.75,132,9017,192
865596,16.1,132,9206,192
865597,14.45,132,9252,192
865598,15.45,132,9279,192
865599,18.2,132,9203,192
865600,16.9,132,9092,192
865601,14.55,132,9278,192
865602,16.1,132,9158,192
865603,15.95,132,9185,192
865604,16.25,132,8980,192
865605,15.6,132,9020,192
865606,14.6,132,9247,192
865607,15.2,132,9061,192
865608,15.2,132,9007,192
865609,17.35,132,9331,192
865610,10.35,132,9293,192
865611,16.5,132,9322,192
865612,17.45,132,9175,192
865613,15.95,132,9025,192
865614,14.6,132,9016,192
865615,10,132,9035,192
865616,14.6,132,9275,192
865617,16.25,132,9113,192
865618,12.4,132,9271,192
865619,15.1,132,9012,192
865620,16.75,132,9028,192
865621,16.45,132,9317,192
865622,15.05,132,9197,192
865623,15.8,132,9328,192
865624,14.9,132,9330,192
865625,15.55,132,9202,192
865626,16.1,132,8990,192
865627,14.3,132,9000,192
865628,16.9,132,9133,192
865629,17,132,9311,192
865630,14.3,132,8968,192
865631,10.9,132,8949,192
865632,17.6,132,9258,192
865633,14.5,132,9110,192
865634,11.6,132,9226,192
865635,11.95,132,9264,192
865636,14.4,132,9269,192
865637,17.7,132,9079,192
865638,10.45,132,8985,192
865639,17.65,132,9246,192
865640,14.1,132,9050,192
865641,11.35,132,9141,192
865642,13.55,132,9142,192
865643,10.85,132,9049,192
865644,14.85,132,9266,192
865645,16.65,132,9095,192
865646,16.9,132,9255,192
865647,14.25,132,9077,192
865648,12.5,132,9004,192
865649,13.5,132,9042,192
865650,14.2,132,9114,192
865651,15,132,9091,192
865652,15.45,132,9196,192
865653,10.1,132,8954,192
865654,14.5,132,8946,192
865655,12.2,132,9075,192
865656,16,132,8942,192
865657,13,132,9307,192
865658,14.05,132,9126,192
865659,16.6,132,9242,192
865660,18.6,132,9326,192
865661,16.85,132,9051,192
865662,16.25,132,9068,192
865663,17.7,132,9034,192
865664,16.45,132,9228,192
865665,15.95,132,9200,192
865666,16,132,9285,192
865667,15.8,132,8986,192
865668,14.95,132,9054,192
865669,10.35,132,9281,192
865670,14.9,132,8961,192
865671,16.6,132,9099,192
865672,13.85,132,9013,192
865673,16.8,132,9105,192
865674,10.25,132,9038,192
865675,12.35,132,8966,192
865676,17.2,132,9121,192
865677,11.15,132,9139,192
865678,17,132,9335,192
865679,18.05,132,9243,192
865680,17.7,132,9213,192
865681,11.5,132,9267,192
865682,16.35,132,8987,192
865683,12.4,132,9236,192
865684,16.8,132,9037,192
865685,15.25,132,9239,192
865686,15.85,132,9036,192
865687,13.65,132,9087,192
865688,15.6,132,8948,192
865689,15.95,132,9201,192
865690,16.05,132,9083,192
865691,15.85,132,9057,192
865692,16.05,133,9204,192
865693,17.6,133,8970,192
865694,14.85,133,8981,192
865695,15.9,133,8973,192
865696,9.75,133,9116,192
865697,14.1,133,8977,192
865698,16.95,133,9160,192
865699,15.55,133,9170,192
865700,12.3,133,9216,192
865701,14.55,133,9316,192
865702,14.6,133,9241,192
865703,16.35,133,9056,192
865704,13.6,133,9073,192
865705,18.25,133,9230,192
865706,16.7,133,9015,192
865707,17.45,133,8945,192
865708,15.85,133,9310,192
865709,16.6,133,9224,192
865710,16.4,133,9010,192
865711,16.6,133,9280,192
865712,10.45,133,9030,192
865713,15.25,133,9284,192
865714,13.65,133,9147,192
865715,14.6,133,9153,192
865716,16.55,133,8962,192
865717,19.15,133,9262,192
865718,12.85,133,9027,192
865719,16.75,133,8992,192
865720,12.2,133,9097,192
865721,16.85,133,9217,192
865722,17.85,133,9171,192
865723,18.4,133,9134,192
865724,15.6,133,9333,192
865725,15.65,133,9011,192
865726,14.6,133,8993,192
865727,18.6,133,9327,192
865728,16,133,9292,192
865729,15,133,9168,192
865730,17.1,133,8943,192
865731,16.25,133,9305,192
865732,14.45,133,9063,192
865733,17.25,133,9093,192
865734,18.85,133,9166,192
865735,17.2,133,9018,192
865736,16,133,9214,192
865737,17.85,133,9288,192
865738,17.7,133,9151,192
865739,14.5,133,9250,192
865740,13.45,133,9231,192
865741,18.45,133,8944,192
865742,17.35,133,8952,192
865743,12.4,133,8969,192
865744,17.9,133,9131,192
865745,15.9,133,8976,192
865746,18,133,9256,192
865747,16.5,133,9080,192
865748,17.85,133,9321,192
865749,14.5,133,9195,192
865750,16.1,133,9155,192
865751,13,133,9084,192
865752,15.1,133,9235,192
865753,16.35,133,9052,192
865754,15.85,133,8964,192
865755,17.2,133,9128,192
865756,12.6,133,9104,192
865757,13.6,133,9315,192
865758,18.45,133,9169,192
865759,16.85,133,9199,192
865760,16.95,133,9324,192
865761,17.65,133,9023,192
865762,14.6,133,9044,192
865763,17.95,133,9154,192
865764,15.25,133,9039,192
865765,16.95,133,9086,192
865766,17.2,133,9148,192
865767,19,133,9287,192
865768,14.85,133,9312,192
865769,16.65,133,9162,192
865770,18.55,133,9338,192
865771,17.25,133,8947,192
865772,17.85,133,9277,192
865773,16.85,133,9014,192
865774,13.25,133,9065,192
865775,15,133,8967,192
865776,14.85,133,9212,192
865777,16.6,133,9046,192
865778,16.65,133,9163,192
865779,18.25,133,9248,192
865780,16.6,133,9263,192
865781,17.85,133,9276,192
865782,11.65,133,9140,192
865783,18.95,133,9211,192
865784,15.75,133,9223,192
865785,15.75,133,9156,192
865786,16.8,133,8957,192
865787,17.85,133,9005,192
865788,16.85,133,9198,192
865789,16.25,133,9149,192
865790,12.5,133,9165,192
865791,16.75,133,9309,192
865792,16.8,133,9193,192
865793,18.2,133,8941,192
865794,14.2,133,9174,192
865795,11.75,133,9062,192
865796,16.5,133,9295,192
865797,18.3,133,9082,192
865798,15.6,133,9233,192
865799,12.25,133,9283,192
865800,17,133,9219,192
865801,14,133,9300,192
865802,16.6,133,9191,192
865803,17.5,133,9002,192
865804,17.35,133,9040,192
865805,19.2,133,9132,192
865806,16.85,133,9115,192
865807,16.5,133,9187,192
865808,12.6,133,9238,192
865809,18.4,133,9072,192
865810,12.7,133,9102,192
865811,17,133,8994,192
865812,16.85,133,9164,192
865813,17.2,133,9218,192
865814,14.2,133,9257,192
865815,17.85,133,9041,192
865816,15.6,133,9006,192
865817,13.9,133,9031,192
865818,11.4,133,9122,192
865819,15.5,133,9085,192
865820,18.6,133,9314,192
865821,17.25,133,9001,192
865822,15.6,133,9303,192
865823,14.6,133,9144,192
865824,11.25,133,9103,192
865825,17.45,133,9254,192
865826,16.55,133,9060,192
865827,17,133,9118,192
865828,16.55,133,9229,192
865829,17.4,133,9294,192
865830,11.85,133,9337,192
865831,16.25,133,9172,192
865832,15.9,133,9111,192
865833,16.6,133,9299,192
865834,16.6,133,9088,192
865835,17.95,133,9032,192
865836,14.8,133,8956,192
865837,17.95,133,9320,192
865838,16.6,133,9026,192
865839,17.65,133,8971,192
865840,13.65,133,9078,192
865841,15.25,133,8983,192
865842,18,133,9232,192
865843,17.9,133,9313,192
865844,16.6,133,9253,192
865845,16.2,133,9176,192
865846,15.45,133,9221,192
865847,17.25,133,8972,192
865848,16.2,133,9336,192
865849,17.95,133,9215,192
865850,14.85,133,9167,192
865851,15.95,133,9298,192
865852,17,133,8996,192
865853,16.35,133,9098,192
865854,17.85,133,9286,192
865855,14.35,133,9112,192
865856,18.2,133,9260,192
865857,16.15,133,9145,192
865858,12.6,133,9123,192
865859,14.4,133,8979,192
865860,17.6,133,9045,192
865861,15.6,133,9240,192
865862,12.95,133,9019,192
865863,14.45,133,8984,192
865864,16.25,133,9274,192
865865,17,133,8965,192
865866,15.35,133,9100,192
865867,14.85,133,9237,192
865868,12.45,133,9259,192
865869,17.85,133,9058,192
865870,15.6,133,9069,192
865871,16.6,133,9245,192
865872,15,133,9323,192
865873,13.65,133,9089,192
865874,15,133,9225,192
865875,15.25,133,9319,192
865876,13.25,133,8991,192
865877,17.2,133,9053,192
865878,18,133,9227,192
865879,16.6,133,9249,192
865880,14.65,133,8978,192
865881,15.85,133,8951,192
865882,11.8,133,9234,192
865883,14.2,133,9268,192
865884,15.25,133,9071,192
865885,17.85,133,9130,192
865886,16.9,133,8982,192
865887,16.4,133,9119,192
865888,16.5,133,9272,192
865889,17.55,133,9074,192
865890,12.6,133,9194,192
865891,15,133,9064,192
865892,15.7,133,9124,192
865893,16.5,133,8950,192
865894,12.65,133,9067,192
865895,12.5,133,8955,192
865896,13.8,133,9207,192
865897,14.65,133,9137,192
865898,17.55,133,9127,192
865899,15,133,9282,192
865900,13.6,133,9181,192
865901,16.4,133,9332,192
865902,17.95,133,9325,192
865903,16.85,133,8953,192
865904,15.85,133,9186,192
865905,17.5,133,9108,192
865906,18.25,133,8960,192
865907,12.9,133,9117,192
865908,16.7,133,9173,192
865909,17.65,133,9022,192
865910,17.5,133,9291,192
865911,16.6,133,9125,192
865912,15.2,133,9178,192
865913,15.5,133,9208,192
865914,16.55,133,8963,192
865915,16,133,9033,192
865916,16.25,133,9024,192
865917,15.3,133,9270,192
865918,13.9,133,9340,192
865919,16.1,133,8989,192
865920,12.95,133,9059,192
865921,15.6,133,9261,192
865922,17.25,133,9306,192
865923,11.85,133,8995,192
865924,16.85,133,9047,192
865925,17,133,9183,192
865926,12.55,133,9273,192
865927,17.75,133,9179,192
865928,16.25,133,9136,192
865929,18.6,133,9289,192
865930,15.85,133,9143,192
865931,16.25,133,9138,192
865932,18.25,133,9177,192
865933,13.8,133,9302,192
865934,17.95,133,8999,192
865935,14.25,133,9290,192
865936,16.15,133,9146,192
865937,16.7,133,9055,192
865938,15.6,133,8998,192
865939,16.45,133,9070,192
865940,12.85,133,9076,192
865941,17.85,133,9096,192
865942,14.8,133,9150,192
865943,18.2,133,9304,192
865944,13.65,133,9189,192
865945,14.85,133,9188,192
865946,15.45,133,9120,192
865947,14.8,133,9008,192
865948,15.15,133,9107,192
865949,16.75,133,9192,192
865950,15.6,133,9017,192
865951,17.85,133,9206,192
865952,15.4,133,9252,192
865953,16.65,133,9279,192
865954,19,133,9203,192
865955,16.5,133,9092,192
865956,14.55,133,9278,192
865957,14.25,133,9158,192
865958,17.6,133,9185,192
865959,17.85,133,8980,192
865960,17.2,133,9020,192
865961,14.6,133,9247,192
865962,16.6,133,9061,192
865963,15.8,133,9007,192
865964,19.2,133,9331,192
865965,10.5,133,9293,192
865966,16.65,133,9322,192
865967,19.25,133,9175,192
865968,16.75,133,9025,192
865969,15.85,133,9016,192
865970,12.4,133,9035,192
865971,16.25,133,9275,192
865972,15,133,9113,192
865973,13.35,133,9271,192
865974,16.55,133,9012,192
865975,18,133,9028,192
865976,17.85,133,9317,192
865977,17.05,133,9197,192
865978,17.4,133,9328,192
865979,17.25,133,9330,192
865980,14.95,133,9202,192
865981,16,133,8990,192
865982,14.45,133,9000,192
865983,18.35,133,9133,192
865984,16.85,133,9311,192
865985,14.75,133,8968,192
865986,10.6,133,8949,192
865987,17.65,133,9258,192
865988,15.5,133,9110,192
865989,12.9,133,9226,192
865990,15.5,133,9264,192
865991,15.5,133,9269,192
865992,16.6,133,9079,192
865993,13.25,133,8985,192
865994,17,133,9246,192
865995,15.9,133,9050,192
865996,13.15,133,9141,192
865997,14,133,9142,192
865998,12,133,9049,192
865999,15.85,133,9266,192
866000,16.5,133,9095,192
866001,19,133,9255,192
866002,16.6,133,9077,192
866003,13,133,9004,192
866004,15.6,133,9042,192
866005,16.5,133,9114,192
866006,15.6,133,9091,192
866007,16.45,133,9196,192
866008,9.75,133,8954,192
866009,17,133,8946,192
866010,12.2,133,9075,192
866011,15.6,133,8942,192
866012,14.6,133,9307,192
866013,16,133,9126,192
866014,16.6,133,9242,192
866015,18.7,133,9326,192
866016,17.85,133,9051,192
866017,16.6,133,9068,192
866018,17,133,9034,192
866019,17.5,133,9228,192
866020,17.85,133,9200,192
866021,17,133,9285,192
866022,17.25,133,8986,192
866023,15.85,133,9054,192
866024,12.2,133,9281,192
866025,16.1,133,8961,192
866026,16.25,133,9099,192
866027,15.75,133,9013,192
866028,18.85,133,9105,192
866029,13.65,133,9038,192
866030,12.8,133,8966,192
866031,18.6,133,9121,192
866032,12.5,133,9139,192
866033,19.25,133,9335,192
866034,18.85,133,9243,192
866035,17.1,133,9213,192
866036,13.25,133,9267,192
866037,15.6,133,8987,192
866038,14.45,133,9236,192
866039,18.1,133,9037,192
866040,15.85,133,9239,192
866041,16.5,133,9036,192
866042,14.7,133,9087,192
866043,16.95,133,8948,192
866044,16.6,133,9201,192
866045,15.7,133,9083,192
866046,15.85,133,9057,192
866047,15.05,134,9204,192
866048,15.6,134,8970,192
866049,15.45,134,8981,192
866050,16,134,8973,192
866051,10.95,134,9116,192
866052,15.9,134,8977,192
866053,17.5,134,9160,192
866054,15.85,134,9170,192
866055,10.65,134,9216,192
866056,15.5,134,9316,192
866057,16.7,134,9241,192
866058,16.85,134,9056,192
866059,14.7,134,9073,192
866060,16.9,134,9230,192
866061,15.95,134,9015,192
866062,17.6,134,8945,192
866063,16.1,134,9310,192
866064,17.45,134,9224,192
866065,14.05,134,9010,192
866066,15.5,134,9280,192
866067,10.25,134,9030,192
866068,16.25,134,9284,192
866069,11.65,134,9147,192
866070,16.85,134,9153,192
866071,16.55,134,8962,192
866072,18.5,134,9262,192
866073,13.2,134,9027,192
866074,14.85,134,8992,192
866075,11.25,134,9097,192
866076,17.35,134,9217,192
866077,17.6,134,9171,192
866078,18.6,134,9134,192
866079,15.6,134,9333,192
866080,16.65,134,9011,192
866081,13.6,134,8993,192
866082,17.25,134,9327,192
866083,14.6,134,9292,192
866084,13.9,134,9168,192
866085,15.2,134,8943,192
866086,15.85,134,9305,192
866087,14.7,134,9063,192
866088,17,134,9093,192
866089,18.95,134,9166,192
866090,16.35,134,9018,192
866091,16.2,134,9214,192
866092,16.8,134,9288,192
866093,17.45,134,9151,192
866094,14.1,134,9250,192
866095,13.25,134,9231,192
866096,18.25,134,8944,192
866097,17.25,134,8952,192
866098,11.95,134,8969,192
866099,15.6,134,9131,192
866100,15.95,134,8976,192
866101,17.2,134,9256,192
866102,15.95,134,9080,192
866103,17.75,134,9321,192
866104,13.6,134,9195,192
866105,14.45,134,9155,192
866106,13.35,134,9084,192
866107,14.8,134,9235,192
866108,15.95,134,9052,192
866109,17.25,134,8964,192
866110,18.35,134,9128,192
866111,10.6,134,9104,192
866112,12.8,134,9315,192
866113,16.85,134,9169,192
866114,15.35,134,9199,192
866115,15.7,134,9324,192
866116,16.35,134,9023,192
866117,14.85,134,9044,192
866118,17.2,134,9154,192
866119,16.5,134,9039,192
866120,15.85,134,9086,192
866121,18.15,134,9148,192
866122,18.1,134,9287,192
866123,15.4,134,9312,192
866124,16.25,134,9162,192
866125,17.6,134,9338,192
866126,14.25,134,8947,192
866127,16.2,134,9277,192
866128,14.35,134,9014,192
866129,13.6,134,9065,192
866130,15.1,134,8967,192
866131,16,134,9212,192
866132,15.25,134,9046,192
866133,15.9,134,9163,192
866134,18.25,134,9248,192
866135,16.25,134,9263,192
866136,17.2,134,9276,192
866137,11,134,9140,192
866138,18.65,134,9211,192
866139,15.25,134,9223,192
866140,14.85,134,9156,192
866141,17.2,134,8957,192
866142,14.35,134,9005,192
866143,17.25,134,9198,192
866144,16.5,134,9149,192
866145,10.8,134,9165,192
866146,15.95,134,9309,192
866147,15.65,134,9193,192
866148,18.25,134,8941,192
866149,14.5,134,9174,192
866150,11.65,134,9062,192
866151,15.85,134,9295,192
866152,17.25,134,9082,192
866153,15,134,9233,192
866154,11.85,134,9283,192
866155,17.6,134,9219,192
866156,14.65,134,9300,192
866157,16.4,134,9191,192
866158,16.55,134,9002,192
866159,16.05,134,9040,192
866160,17.25,134,9132,192
866161,15.5,134,9115,192
866162,16.95,134,9187,192
866163,14.45,134,9238,192
866164,17.8,134,9072,192
866165,12.25,134,9102,192
866166,17.25,134,8994,192
866167,17.6,134,9164,192
866168,17.9,134,9218,192
866169,13.25,134,9257,192
866170,18.65,134,9041,192
866171,14.25,134,9006,192
866172,12.6,134,9031,192
866173,11.25,134,9122,192
866174,15.8,134,9085,192
866175,17.1,134,9314,192
866176,17.35,134,9001,192
866177,15.5,134,9303,192
866178,16.5,134,9144,192
866179,11,134,9103,192
866180,16.25,134,9254,192
866181,15.85,134,9060,192
866182,16.65,134,9118,192
866183,15.6,134,9229,192
866184,17.85,134,9294,192
866185,10.85,134,9337,192
866186,16.75,134,9172,192
866187,13.6,134,9111,192
866188,15.8,134,9299,192
866189,16.85,134,9088,192
866190,17.85,134,9032,192
866191,16.15,134,8956,192
866192,18.3,134,9320,192
866193,15.2,134,9026,192
866194,15.8,134,8971,192
866195,14,134,9078,192
866196,14.95,134,8983,192
866197,16.95,134,9232,192
866198,17.9,134,9313,192
866199,17.2,134,9253,192
866200,16.25,134,9176,192
866201,15.15,134,9221,192
866202,16.1,134,8972,192
866203,17,134,9336,192
866204,17.6,134,9215,192
866205,14.35,134,9167,192
866206,16.4,134,9298,192
866207,17,134,8996,192
866208,15.5,134,9098,192
866209,15.95,134,9286,192
866210,14.95,134,9112,192
866211,17.85,134,9260,192
866212,17.25,134,9145,192
866213,12.65,134,9123,192
866214,13.95,134,8979,192
866215,17.2,134,9045,192
866216,15.25,134,9240,192
866217,14.4,134,9019,192
866218,13.2,134,8984,192
866219,17.5,134,9274,192
866220,16.4,134,8965,192
866221,16.2,134,9100,192
866222,15.3,134,9237,192
866223,13.6,134,9259,192
866224,16.6,134,9058,192
866225,13.6,134,9069,192
866226,15.85,134,9245,192
866227,15.2,134,9323,192
866228,13.85,134,9089,192
866229,13.9,134,9225,192
866230,16.35,134,9319,192
866231,13.6,134,8991,192
866232,17.9,134,9053,192
866233,18,134,9227,192
866234,16,134,9249,192
866235,13.85,134,8978,192
866236,15.1,134,8951,192
866237,11.45,134,9234,192
866238,13.65,134,9268,192
866239,13.7,134,9071,192
866240,15.95,134,9130,192
866241,15.1,134,8982,192
866242,15.65,134,9119,192
866243,15.8,134,9272,192
866244,17.7,134,9074,192
866245,11,134,9194,192
866246,15.25,134,9064,192
866247,14.6,134,9124,192
866248,15.65,134,8950,192
866249,12.5,134,9067,192
866250,13.2,134,8955,192
866251,13.35,134,9207,192
866252,14.4,134,9137,192
866253,19.35,134,9127,192
866254,13.6,134,9282,192
866255,11.85,134,9181,192
866256,16.05,134,9332,192
866257,17.05,134,9325,192
866258,16.6,134,8953,192
866259,15.95,134,9186,192
866260,16.8,134,9108,192
866261,17.7,134,8960,192
866262,11.6,134,9117,192
866263,18.5,134,9173,192
866264,18,134,9022,192
866265,15.5,134,9291,192
866266,16.85,134,9125,192
866267,14.85,134,9178,192
866268,16.45,134,9208,192
866269,15.85,134,8963,192
866270,14.1,134,9033,192
866271,16.2,134,9024,192
866272,14.25,134,9270,192
866273,13.75,134,9340,192
866274,14.9,134,8989,192
866275,11.7,134,9059,192
866276,15.1,134,9261,192
866277,16.65,134,9306,192
866278,9.75,134,8995,192
866279,15.45,134,9047,192
866280,17.25,134,9183,192
866281,12.6,134,9273,192
866282,18.15,134,9179,192
866283,16.5,134,9136,192
866284,18.6,134,9289,192
866285,14.85,134,9143,192
866286,16.9,134,9138,192
866287,16.5,134,9177,192
866288,13.45,134,9302,192
866289,18.65,134,8999,192
866290,13.45,134,9290,192
866291,16.65,134,9146,192
866292,17.1,134,9055,192
866293,15.95,134,8998,192
866294,17.25,134,9070,192
866295,12.9,134,9076,192
866296,18.2,134,9096,192
866297,15.1,134,9150,192
866298,16.35,134,9304,192
866299,14,134,9189,192
866300,15.2,134,9188,192
866301,15.3,134,9120,192
866302,14.95,134,9008,192
866303,15.1,134,9107,192
866304,17.85,134,9192,192
866305,14.6,134,9017,192
866306,18,134,9206,192
866307,15.35,134,9252,192
866308,16.1,134,9279,192
866309,18.85,134,9203,192
866310,15.95,134,9092,192
866311,13.6,134,9278,192
866312,16.45,134,9158,192
866313,17.7,134,9185,192
866314,17.25,134,8980,192
866315,17.35,134,9020,192
866316,15.05,134,9247,192
866317,14.85,134,9061,192
866318,15.85,134,9007,192
866319,16.7,134,9331,192
866320,10,134,9293,192
866321,17.9,134,9322,192
866322,17.55,134,9175,192
866323,17.6,134,9025,192
866324,15,134,9016,192
866325,11.7,134,9035,192
866326,14.85,134,9275,192
866327,16.85,134,9113,192
866328,13.85,134,9271,192
866329,14.9,134,9012,192
866330,16.55,134,9028,192
866331,18.5,134,9317,192
866332,17.65,134,9197,192
866333,15.45,134,9328,192
866334,15.85,134,9330,192
866335,16.1,134,9202,192
866336,15,134,8990,192
866337,13.85,134,9000,192
866338,17.35,134,9133,192
866339,17.7,134,9311,192
866340,14.45,134,8968,192
866341,12.6,134,8949,192
866342,18.05,134,9258,192
866343,15.5,134,9110,192
866344,12.35,134,9226,192
866345,14.6,134,9264,192
866346,15.2,134,9269,192
866347,15.9,134,9079,192
866348,11.35,134,8985,192
866349,16.9,134,9246,192
866350,15.9,134,9050,192
866351,10.4,134,9141,192
866352,13.55,134,9142,192
866353,10.95,134,9049,192
866354,16.2,134,9266,192
866355,15.9,134,9095,192
866356,17.6,134,9255,192
866357,15.4,134,9077,192
866358,12.55,134,9004,192
866359,14.6,134,9042,192
866360,16.4,134,9114,192
866361,15,134,9091,192
866362,14.7,134,9196,192
866363,9.6,134,8954,192
866364,16.15,134,8946,192
866365,11.35,134,9075,192
866366,15.85,134,8942,192
866367,14.5,134,9307,192
866368,16.55,134,9126,192
866369,15.85,134,9242,192
866370,17.2,134,9326,192
866371,17.75,134,9051,192
866372,17.25,134,9068,192
866373,16.95,134,9034,192
866374,15.35,134,9228,192
866375,16.3,134,9200,192
866376,18.2,134,9285,192
866377,17.2,134,8986,192
866378,15.35,134,9054,192
866379,10.9,134,9281,192
866380,16.6,134,8961,192
866381,17.35,134,9099,192
866382,13.25,134,9013,192
866383,17.9,134,9105,192
866384,13,134,9038,192
866385,12.35,134,8966,192
866386,18.35,134,9121,192
866387,13.1,134,9139,192
866388,17.05,134,9335,192
866389,17.85,134,9243,192
866390,19.2,134,9213,192
866391,12.95,134,9267,192
866392,16.5,134,8987,192
866393,14.4,134,9236,192
866394,18.6,134,9037,192
866395,16.6,134,9239,192
866396,17.25,134,9036,192
866397,14.6,134,9087,192
866398,16.1,134,8948,192
866399,15.25,134,9201,192
866400,16.2,134,9083,192
866401,15.85,134,9057,192
866402,15.6,135,9204,192
866403,16.55,135,8970,192
866404,16.35,135,8981,192
866405,17.2,135,8973,192
866406,11.15,135,9116,192
866407,16.95,135,8977,192
866408,18.25,135,9160,192
866409,16.6,135,9170,192
866410,12.25,135,9216,192
866411,16.4,135,9316,192
866412,16.2,135,9241,192
866413,18,135,9056,192
866414,13.5,135,9073,192
866415,18.25,135,9230,192
866416,17.65,135,9015,192
866417,18.45,135,8945,192
866418,16.85,135,9310,192
866419,17.6,135,9224,192
866420,15.85,135,9010,192
866421,15.35,135,9280,192
866422,11.25,135,9030,192
866423,16.6,135,9284,192
866424,12.6,135,9147,192
866425,17.65,135,9153,192
866426,17.25,135,8962,192
866427,19.35,135,9262,192
866428,14,135,9027,192
866429,16.35,135,8992,192
866430,11.6,135,9097,192
866431,16.9,135,9217,192
866432,19,135,9171,192
866433,18.35,135,9134,192
866434,17.6,135,9333,192
866435,17.6,135,9011,192
866436,16,135,8993,192
866437,17,135,9327,192
866438,16.5,135,9292,192
866439,13.85,135,9168,192
866440,17.35,135,8943,192
866441,16.5,135,9305,192
866442,12.85,135,9063,192
866443,18.35,135,9093,192
866444,18.55,135,9166,192
866445,17.25,135,9018,192
866446,16.5,135,9214,192
866447,17.2,135,9288,192
866448,17.35,135,9151,192
866449,14.25,135,9250,192
866450,13.85,135,9231,192
866451,17.6,135,8944,192
866452,18.5,135,8952,192
866453,13.6,135,8969,192
866454,16.5,135,9131,192
866455,15.85,135,8976,192
866456,18.9,135,9256,192
866457,16.2,135,9080,192
866458,17.95,135,9321,192
866459,15.9,135,9195,192
866460,17,135,9155,192
866461,14.25,135,9084,192
866462,15.6,135,9235,192
866463,15.6,135,9052,192
866464,16.35,135,8964,192
866465,16.85,135,9128,192
866466,12.4,135,9104,192
866467,14.2,135,9315,192
866468,18,135,9169,192
866469,17.7,135,9199,192
866470,17.25,135,9324,192
866471,16.95,135,9023,192
866472,16.2,135,9044,192
866473,18,135,9154,192
866474,16.45,135,9039,192
866475,17.4,135,9086,192
866476,17.25,135,9148,192
866477,17.95,135,9287,192
866478,15.25,135,9312,192
866479,17,135,9162,192
866480,18.85,135,9338,192
866481,16.35,135,8947,192
866482,17,135,9277,192
866483,15.9,135,9014,192
866484,14.6,135,9065,192
866485,16.65,135,8967,192
866486,16,135,9212,192
866487,18.25,135,9046,192
866488,16.1,135,9163,192
866489,16.95,135,9248,192
866490,16.6,135,9263,192
866491,15.9,135,9276,192
866492,12.25,135,9140,192
866493,18.95,135,9211,192
866494,16.4,135,9223,192
866495,16.25,135,9156,192
866496,17.7,135,8957,192
866497,17,135,9005,192
866498,17.25,135,9198,192
866499,16.4,135,9149,192
866500,12.3,135,9165,192
866501,15.6,135,9309,192
866502,16.35,135,9193,192
866503,18.2,135,8941,192
866504,15,135,9174,192
866505,14,135,9062,192
866506,16,135,9295,192
866507,18.95,135,9082,192
866508,16.75,135,9233,192
866509,12,135,9283,192
866510,17.95,135,9219,192
866511,13.6,135,9300,192
866512,18.25,135,9191,192
866513,17.6,135,9002,192
866514,17.95,135,9040,192
866515,19.25,135,9132,192
866516,17.4,135,9115,192
866517,17.6,135,9187,192
866518,13.9,135,9238,192
866519,18.55,135,9072,192
866520,11.95,135,9102,192
866521,17.35,135,8994,192
866522,17.85,135,9164,192
866523,19.75,135,9218,192
866524,14.85,135,9257,192
866525,18.25,135,9041,192
866526,15.25,135,9006,192
866527,14.25,135,9031,192
866528,12.5,135,9122,192
866529,17.2,135,9085,192
866530,18,135,9314,192
866531,16,135,9001,192
866532,17,135,9303,192
866533,16.65,135,9144,192
866534,12.95,135,9103,192
866535,18.5,135,9254,192
866536,17.6,135,9060,192
866537,15.95,135,9118,192
866538,16.85,135,9229,192
866539,19,135,9294,192
866540,11.85,135,9337,192
866541,16.5,135,9172,192
866542,15.85,135,9111,192
866543,17.4,135,9299,192
866544,16.65,135,9088,192
866545,18.35,135,9032,192
866546,15.85,135,8956,192
866547,19.6,135,9320,192
866548,16.25,135,9026,192
866549,18.6,135,8971,192
866550,14.35,135,9078,192
866551,15.6,135,8983,192
866552,17.85,135,9232,192
866553,17.5,135,9313,192
866554,18.6,135,9253,192
866555,17.1,135,9176,192
866556,16.25,135,9221,192
866557,16.45,135,8972,192
866558,17.6,135,9336,192
866559,17.85,135,9215,192
866560,13.3,135,9167,192
866561,17.85,135,9298,192
866562,16.95,135,8996,192
866563,17.2,135,9098,192
866564,16.6,135,9286,192
866565,14.2,135,9112,192
866566,19.25,135,9260,192
866567,16.85,135,9145,192
866568,12.45,135,9123,192
866569,14.6,135,8979,192
866570,18,135,9045,192
866571,15.95,135,9240,192
866572,15,135,9019,192
866573,16.65,135,8984,192
866574,17.6,135,9274,192
866575,18,135,8965,192
866576,16.6,135,9100,192
866577,15.85,135,9237,192
866578,13.5,135,9259,192
866579,17.25,135,9058,192
866580,15.75,135,9069,192
866581,16.25,135,9245,192
866582,16.35,135,9323,192
866583,13.6,135,9089,192
866584,14.95,135,9225,192
866585,16.6,135,9319,192
866586,15.6,135,8991,192
866587,17.25,135,9053,192
866588,18.2,135,9227,192
866589,16.6,135,9249,192
866590,15.5,135,8978,192
866591,16.5,135,8951,192
866592,12.25,135,9234,192
866593,14.2,135,9268,192
866594,14.85,135,9071,192
866595,17.6,135,9130,192
866596,15.6,135,8982,192
866597,15.9,135,9119,192
866598,16.4,135,9272,192
866599,18.25,135,9074,192
866600,12.55,135,9194,192
866601,17,135,9064,192
866602,16.1,135,9124,192
866603,16.45,135,8950,192
866604,13.45,135,9067,192
866605,13.5,135,8955,192
866606,15.2,135,9207,192
866607,15.5,135,9137,192
866608,18.95,135,9127,192
866609,14.25,135,9282,192
866610,12,135,9181,192
866611,16.85,135,9332,192
866612,18.2,135,9325,192
866613,16.6,135,8953,192
866614,16.85,135,9186,192
866615,17.25,135,9108,192
866616,17.45,135,8960,192
866617,13.65,135,9117,192
866618,18.85,135,9173,192
866619,17.75,135,9022,192
866620,16.25,135,9291,192
866621,16.95,135,9125,192
866622,15.85,135,9178,192
866623,15.65,135,9208,192
866624,15.85,135,8963,192
866625,16,135,9033,192
866626,17.35,135,9024,192
866627,14.65,135,9270,192
866628,15.1,135,9340,192
866629,17.85,135,8989,192
866630,13.25,135,9059,192
866631,17,135,9261,192
866632,16.9,135,9306,192
866633,11.95,135,8995,192
866634,16.6,135,9047,192
866635,17.85,135,9183,192
866636,12.85,135,9273,192
866637,17.85,135,9179,192
866638,16.2,135,9136,192
866639,17.25,135,9289,192
866640,15.6,135,9143,192
866641,17.65,135,9138,192
866642,17.35,135,9177,192
866643,14,135,9302,192
866644,18.25,135,8999,192
866645,15.6,135,9290,192
866646,16,135,9146,192
866647,15.6,135,9055,192
866648,15.55,135,8998,192
866649,17.25,135,9070,192
866650,12.85,135,9076,192
866651,17.6,135,9096,192
866652,16,135,9150,192
866653,17.9,135,9304,192
866654,14.85,135,9189,192
866655,15.3,135,9188,192
866656,14.9,135,9120,192
866657,14.6,135,9008,192
866658,16.65,135,9107,192
866659,17.9,135,9192,192
866660,15.95,135,9017,192
866661,17.2,135,9206,192
866662,16,135,9252,192
866663,15.5,135,9279,192
866664,17.6,135,9203,192
866665,17.1,135,9092,192
866666,14.85,135,9278,192
866667,16.6,135,9158,192
866668,17.25,135,9185,192
866669,18.9,135,8980,192
866670,18.6,135,9020,192
866671,16.35,135,9247,192
866672,15.25,135,9061,192
866673,16.25,135,9007,192
866674,18.1,135,9331,192
866675,12.2,135,9293,192
866676,16.65,135,9322,192
866677,18.85,135,9175,192
866678,15.85,135,9025,192
866679,14.85,135,9016,192
866680,12,135,9035,192
866681,17.2,135,9275,192
866682,16.2,135,9113,192
866683,14.45,135,9271,192
866684,16.95,135,9012,192
866685,16.6,135,9028,192
866686,18.85,135,9317,192
866687,16.85,135,9197,192
866688,17.1,135,9328,192
866689,17.2,135,9330,192
866690,17.25,135,9202,192
866691,16,135,8990,192
866692,14.35,135,9000,192
866693,18.65,135,9133,192
866694,18.85,135,9311,192
866695,15.2,135,8968,192
866696,12.75,135,8949,192
866697,18.6,135,9258,192
866698,15.6,135,9110,192
866699,12.1,135,9226,192
866700,14.8,135,9264,192
866701,16.85,135,9269,192
866702,16.2,135,9079,192
866703,12.75,135,8985,192
866704,18.55,135,9246,192
866705,16.2,135,9050,192
866706,12.25,135,9141,192
866707,15.6,135,9142,192
866708,11.6,135,9049,192
866709,16.2,135,9266,192
866710,17.6,135,9095,192
866711,17.45,135,9255,192
866712,16.25,135,9077,192
866713,14.25,135,9004,192
866714,16.25,135,9042,192
866715,15.6,135,9114,192
866716,15.85,135,9091,192
866717,15.85,135,9196,192
866718,11.35,135,8954,192
866719,16.25,135,8946,192
866720,14.6,135,9075,192
866721,17.6,135,8942,192
866722,14.85,135,9307,192
866723,16.85,135,9126,192
866724,16.85,135,9242,192
866725,19.2,135,9326,192
866726,18.85,135,9051,192
866727,16.2,135,9068,192
866728,17.85,135,9034,192
866729,17.6,135,9228,192
866730,17.65,135,9200,192
866731,17.6,135,9285,192
866732,17,135,8986,192
866733,17.25,135,9054,192
866734,12.5,135,9281,192
866735,15.85,135,8961,192
866736,15.95,135,9099,192
866737,16.1,135,9013,192
866738,18.4,135,9105,192
866739,13.6,135,9038,192
866740,11.6,135,8966,192
866741,18.5,135,9121,192
866742,11.95,135,9139,192
866743,18.25,135,9335,192
866744,18.6,135,9243,192
866745,18.65,135,9213,192
866746,12,135,9267,192
866747,17.6,135,8987,192
866748,13.6,135,9236,192
866749,18.85,135,9037,192
866750,17.2,135,9239,192
866751,17.6,135,9036,192
866752,14.4,135,9087,192
866753,17.2,135,8948,192
866754,15.85,135,9201,192
866755,15.6,135,9083,192
866756,15.2,135,9057,192
866757,15.4,136,9204,192
866758,17,136,8970,192
866759,14.45,136,8981,192
866760,14.2,136,8973,192
866761,11.6,136,9116,192
866762,14.85,136,8977,192
866763,16.7,136,9160,192
866764,16.2,136,9170,192
866765,10.7,136,9216,192
866766,13.85,136,9316,192
866767,15.75,136,9241,192
866768,17.35,136,9056,192
866769,14.6,136,9073,192
866770,17.05,136,9230,192
866771,15.6,136,9015,192
866772,16.25,136,8945,192
866773,16.05,136,9310,192
866774,15.5,136,9224,192
866775,15.2,136,9010,192
866776,16.4,136,9280,192
866777,9.6,136,9030,192
866778,14.85,136,9284,192
866779,12.6,136,9147,192
866780,15.3,136,9153,192
866781,18.35,136,8962,192
866782,17.75,136,9262,192
866783,11.25,136,9027,192
866784,14.7,136,8992,192
866785,11.25,136,9097,192
866786,15.9,136,9217,192
866787,16.25,136,9171,192
866788,17.45,136,9134,192
866789,16.1,136,9333,192
866790,16.15,136,9011,192
866791,14.5,136,8993,192
866792,16.6,136,9327,192
866793,14.9,136,9292,192
866794,13.95,136,9168,192
866795,15.25,136,8943,192
866796,17.35,136,9305,192
866797,14.15,136,9063,192
866798,15.65,136,9093,192
866799,16.75,136,9166,192
866800,14.7,136,9018,192
866801,14.95,136,9214,192
866802,14.75,136,9288,192
866803,15.9,136,9151,192
866804,14.4,136,9250,192
866805,13.2,136,9231,192
866806,16.9,136,8944,192
866807,15.6,136,8952,192
866808,12.25,136,8969,192
866809,17.85,136,9131,192
866810,15.35,136,8976,192
866811,15.85,136,9256,192
866812,15.15,136,9080,192
866813,15.85,136,9321,192
866814,14.35,136,9195,192
866815,14.45,136,9155,192
866816,12.85,136,9084,192
866817,13.85,136,9235,192
866818,15.1,136,9052,192
866819,16.1,136,8964,192
866820,16.4,136,9128,192
866821,11.6,136,9104,192
866822,12.8,136,9315,192
866823,16.85,136,9169,192
866824,15.45,136,9199,192
866825,16.85,136,9324,192
866826,15.85,136,9023,192
866827,13.1,136,9044,192
866828,16,136,9154,192
866829,15.85,136,9039,192
866830,14.85,136,9086,192
866831,16.65,136,9148,192
866832,18.75,136,9287,192
866833,15.25,136,9312,192
866834,16.55,136,9162,192
866835,16.6,136,9338,192
866836,16,136,8947,192
866837,16.25,136,9277,192
866838,15.5,136,9014,192
866839,13.35,136,9065,192
866840,14.55,136,8967,192
866841,14.5,136,9212,192
866842,16.5,136,9046,192
866843,14.35,136,9163,192
866844,18.35,136,9248,192
866845,15.8,136,9263,192
866846,16.1,136,9276,192
866847,9.9,136,9140,192
866848,17.6,136,9211,192
866849,15.75,136,9223,192
866850,14.7,136,9156,192
866851,14.55,136,8957,192
866852,17.1,136,9005,192
866853,17.85,136,9198,192
866854,15.5,136,9149,192
866855,11.25,136,9165,192
866856,15.65,136,9309,192
866857,14.6,136,9193,192
866858,17.25,136,8941,192
866859,13.4,136,9174,192
866860,11.85,136,9062,192
866861,16.35,136,9295,192
866862,18.25,136,9082,192
866863,17.15,136,9233,192
866864,11,136,9283,192
866865,18.5,136,9219,192
866866,14.35,136,9300,192
866867,16.6,136,9191,192
866868,16.2,136,9002,192
866869,16.2,136,9040,192
866870,19.35,136,9132,192
866871,14.5,136,9115,192
866872,17.15,136,9187,192
866873,12.6,136,9238,192
866874,16.8,136,9072,192
866875,11.35,136,9102,192
866876,17.25,136,8994,192
866877,17.15,136,9164,192
866878,17.2,136,9218,192
866879,12.95,136,9257,192
866880,18.4,136,9041,192
866881,14.95,136,9006,192
866882,13,136,9031,192
866883,10.85,136,9122,192
866884,15.2,136,9085,192
866885,17.35,136,9314,192
866886,16.25,136,9001,192
866887,14.9,136,9303,192
866888,15.9,136,9144,192
866889,11.1,136,9103,192
866890,14.85,136,9254,192
866891,15.2,136,9060,192
866892,15.65,136,9118,192
866893,16.5,136,9229,192
866894,17.1,136,9294,192
866895,10.85,136,9337,192
866896,14.7,136,9172,192
866897,13.65,136,9111,192
866898,15.55,136,9299,192
866899,13.75,136,9088,192
866900,15.85,136,9032,192
866901,15.85,136,8956,192
866902,19.25,136,9320,192
866903,16.35,136,9026,192
866904,18.85,136,8971,192
866905,12.5,136,9078,192
866906,15.1,136,8983,192
866907,16.7,136,9232,192
866908,16.75,136,9313,192
866909,16.1,136,9253,192
866910,15.6,136,9176,192
866911,14.1,136,9221,192
866912,17.2,136,8972,192
866913,15.2,136,9336,192
866914,17.85,136,9215,192
866915,13.8,136,9167,192
866916,16.85,136,9298,192
866917,16.5,136,8996,192
866918,16.6,136,9098,192
866919,15.6,136,9286,192
866920,13.5,136,9112,192
866921,16.5,136,9260,192
866922,17.1,136,9145,192
866923,11.2,136,9123,192
866924,14.3,136,8979,192
866925,15.85,136,9045,192
866926,15.1,136,9240,192
866927,14.1,136,9019,192
866928,14.45,136,8984,192
866929,16.3,136,9274,192
866930,16.15,136,8965,192
866931,15.5,136,9100,192
866932,15.25,136,9237,192
866933,12.95,136,9259,192
866934,16.55,136,9058,192
866935,14.4,136,9069,192
866936,13.85,136,9245,192
866937,15.4,136,9323,192
866938,13.4,136,9089,192
866939,14.05,136,9225,192
866940,15,136,9319,192
866941,14.05,136,8991,192
866942,17.35,136,9053,192
866943,18,136,9227,192
866944,14.95,136,9249,192
866945,14.55,136,8978,192
866946,14.45,136,8951,192
866947,11.25,136,9234,192
866948,13.05,136,9268,192
866949,13,136,9071,192
866950,16.55,136,9130,192
866951,15.8,136,8982,192
866952,14.95,136,9119,192
866953,16,136,9272,192
866954,16.45,136,9074,192
866955,12.2,136,9194,192
866956,15.2,136,9064,192
866957,16,136,9124,192
866958,15.8,136,8950,192
866959,12.9,136,9067,192
866960,12.6,136,8955,192
866961,12.15,136,9207,192
866962,14.6,136,9137,192
866963,18.35,136,9127,192
866964,13.35,136,9282,192
866965,12.1,136,9181,192
866966,16.2,136,9332,192
866967,15.6,136,9325,192
866968,14.6,136,8953,192
866969,15.3,136,9186,192
866970,16.45,136,9108,192
866971,17.7,136,8960,192
866972,12.3,136,9117,192
866973,16.65,136,9173,192
866974,17.1,136,9022,192
866975,15.6,136,9291,192
866976,14.6,136,9125,192
866977,14.75,136,9178,192
866978,14.35,136,9208,192
866979,15.05,136,8963,192
866980,15.25,136,9033,192
866981,16.25,136,9024,192
866982,15.25,136,9270,192
866983,15.65,136,9340,192
866984,15.2,136,8989,192
866985,10.95,136,9059,192
866986,15.4,136,9261,192
866987,15.6,136,9306,192
866988,10.85,136,8995,192
866989,14.45,136,9047,192
866990,16.55,136,9183,192
866991,11.6,136,9273,192
866992,18.85,136,9179,192
866993,16,136,9136,192
866994,18.45,136,9289,192
866995,14.5,136,9143,192
866996,16.25,136,9138,192
866997,17.5,136,9177,192
866998,12.8,136,9302,192
866999,17.55,136,8999,192
867000,12.55,136,9290,192
867001,15,136,9146,192
867002,15.65,136,9055,192
867003,14.75,136,8998,192
867004,16.85,136,9070,192
867005,12.35,136,9076,192
867006,16.45,136,9096,192
867007,14.4,136,9150,192
867008,18.1,136,9304,192
867009,13.6,136,9189,192
867010,13.75,136,9188,192
867011,14.65,136,9120,192
867012,13.6,136,9008,192
867013,13.8,136,9107,192
867014,17.65,136,9192,192
867015,15.2,136,9017,192
867016,16.65,136,9206,192
867017,15.25,136,9252,192
867018,14.05,136,9279,192
867019,17.45,136,9203,192
867020,16.4,136,9092,192
867021,14.15,136,9278,192
867022,16.25,136,9158,192
867023,16,136,9185,192
867024,17.6,136,8980,192
867025,16.9,136,9020,192
867026,14.8,136,9247,192
867027,16.25,136,9061,192
867028,15.45,136,9007,192
867029,16.6,136,9331,192
867030,11,136,9293,192
867031,15.25,136,9322,192
867032,17,136,9175,192
867033,16,136,9025,192
867034,15,136,9016,192
867035,11.25,136,9035,192
867036,15.35,136,9275,192
867037,14.55,136,9113,192
867038,11.95,136,9271,192
867039,16.25,136,9012,192
867040,17.75,136,9028,192
867041,18.7,136,9317,192
867042,15.45,136,9197,192
867043,15.4,136,9328,192
867044,16.75,136,9330,192
867045,14.25,136,9202,192
867046,14.45,136,8990,192
867047,13.9,136,9000,192
867048,17.45,136,9133,192
867049,17.35,136,9311,192
867050,14.1,136,8968,192
867051,10.8,136,8949,192
867052,18.1,136,9258,192
867053,15.85,136,9110,192
867054,10.9,136,9226,192
867055,12.8,136,9264,192
867056,15.1,136,9269,192
867057,17.7,136,9079,192
867058,11.25,136,8985,192
867059,17.4,136,9246,192
867060,15.15,136,9050,192
867061,10.25,136,9141,192
867062,12.2,136,9142,192
867063,10.2,136,9049,192
867064,16.35,136,9266,192
867065,13.9,136,9095,192
867066,16.95,136,9255,192
867067,16.75,136,9077,192
867068,12.1,136,9004,192
867069,14.95,136,9042,192
867070,14.35,136,9114,192
867071,15,136,9091,192
867072,17.25,136,9196,192
867073,10.05,136,8954,192
867074,15.6,136,8946,192
867075,13.25,136,9075,192
867076,15,136,8942,192
867077,12.1,136,9307,192
867078,14.4,136,9126,192
867079,16.8,136,9242,192
867080,18,136,9326,192
867081,17.85,136,9051,192
867082,16.6,136,9068,192
867083,18,136,9034,192
867084,15.75,136,9228,192
867085,17.25,136,9200,192
867086,16.6,136,9285,192
867087,17.6,136,8986,192
867088,16.35,136,9054,192
867089,10.45,136,9281,192
867090,16.6,136,8961,192
867091,14.6,136,9099,192
867092,13.6,136,9013,192
867093,18.95,136,9105,192
867094,11.2,136,9038,192
867095,11.25,136,8966,192
867096,17.5,136,9121,192
867097,11.8,136,9139,192
867098,17.6,136,9335,192
867099,17.7,136,9243,192
867100,18.3,136,9213,192
867101,11.2,136,9267,192
867102,15,136,8987,192
867103,14.65,136,9236,192
867104,18.25,136,9037,192
867105,16.35,136,9239,192
867106,14.7,136,9036,192
867107,14.35,136,9087,192
867108,15.3,136,8948,192
867109,16.4,136,9201,192
867110,16.35,136,9083,192
867111,17.25,136,9057,192
867112,16.6,137,9204,192
867113,18.95,137,8970,192
867114,18.25,137,8981,192
867115,18.2,137,8973,192
867116,13.6,137,9116,192
867117,16.6,137,8977,192
867118,18,137,9160,192
867119,18.2,137,9170,192
867120,13.2,137,9216,192
867121,18.05,137,9316,192
867122,17.35,137,9241,192
867123,20,137,9056,192
867124,16.25,137,9073,192
867125,19.6,137,9230,192
867126,18.6,137,9015,192
867127,19.6,137,8945,192
867128,17.95,137,9310,192
867129,19.25,137,9224,192
867130,17.85,137,9010,192
867131,17.2,137,9280,192
867132,12.85,137,9030,192
867133,17.6,137,9284,192
867134,14.1,137,9147,192
867135,18.95,137,9153,192
867136,20,137,8962,192
867137,19.6,137,9262,192
867138,14.45,137,9027,192
867139,17.85,137,8992,192
867140,12.95,137,9097,192
867141,19.25,137,9217,192
867142,19.35,137,9171,192
867143,19.6,137,9134,192
867144,19,137,9333,192
867145,17.85,137,9011,192
867146,16.25,137,8993,192
867147,18.6,137,9327,192
867148,18.25,137,9292,192
867149,15.25,137,9168,192
867150,19,137,8943,192
867151,19,137,9305,192
867152,16.6,137,9063,192
867153,18.95,137,9093,192
867154,19.6,137,9166,192
867155,17.6,137,9018,192
867156,18.6,137,9214,192
867157,18.1,137,9288,192
867158,18.45,137,9151,192
867159,16.6,137,9250,192
867160,16.25,137,9231,192
867161,20,137,8944,192
867162,19.6,137,8952,192
867163,14.6,137,8969,192
867164,18.6,137,9131,192
867165,18.25,137,8976,192
867166,18.85,137,9256,192
867167,17.6,137,9080,192
867168,19.35,137,9321,192
867169,17.6,137,9195,192
867170,17.35,137,9155,192
867171,16,137,9084,192
867172,16.85,137,9235,192
867173,17.85,137,9052,192
867174,19.6,137,8964,192
867175,18.85,137,9128,192
867176,13.95,137,9104,192
867177,15.1,137,9315,192
867178,18.85,137,9169,192
867179,18.5,137,9199,192
867180,18.6,137,9324,192
867181,18.6,137,9023,192
867182,16.95,137,9044,192
867183,18.85,137,9154,192
867184,18.95,137,9039,192
867185,18.6,137,9086,192
867186,19.6,137,9148,192
867187,19.6,137,9287,192
867188,17,137,9312,192
867189,18.25,137,9162,192
867190,18.25,137,9338,192
867191,17.6,137,8947,192
867192,18.45,137,9277,192
867193,17,137,9014,192
867194,15.5,137,9065,192
867195,17.2,137,8967,192
867196,17.5,137,9212,192
867197,19,137,9046,192
867198,17.5,137,9163,192
867199,18.85,137,9248,192
867200,17.45,137,9263,192
867201,19.6,137,9276,192
867202,13.35,137,9140,192
867203,19.6,137,9211,192
867204,17.2,137,9223,192
867205,16.85,137,9156,192
867206,17.5,137,8957,192
867207,17.25,137,9005,192
867208,19,137,9198,192
867209,17.25,137,9149,192
867210,13.5,137,9165,192
867211,18.25,137,9309,192
867212,17.85,137,9193,192
867213,18.25,137,8941,192
867214,16.85,137,9174,192
867215,14.2,137,9062,192
867216,17.2,137,9295,192
867217,20,137,9082,192
867218,18.25,137,9233,192
867219,13.85,137,9283,192
867220,18.85,137,9219,192
867221,15,137,9300,192
867222,17.85,137,9191,192
867223,19.2,137,9002,192
867224,18.25,137,9040,192
867225,20,137,9132,192
867226,18.6,137,9115,192
867227,18.2,137,9187,192
867228,15.25,137,9238,192
867229,19.25,137,9072,192
867230,14.4,137,9102,192
867231,18.85,137,8994,192
867232,20,137,9164,192
867233,20,137,9218,192
867234,16,137,9257,192
867235,20,137,9041,192
867236,16.6,137,9006,192
867237,15.85,137,9031,192
867238,13.85,137,9122,192
867239,17.25,137,9085,192
867240,18.6,137,9314,192
867241,17.85,137,9001,192
867242,18.2,137,9303,192
867243,17.85,137,9144,192
867244,14.45,137,9103,192
867245,19.2,137,9254,192
867246,19.25,137,9060,192
867247,17.6,137,9118,192
867248,17.6,137,9229,192
867249,18.85,137,9294,192
867250,13.25,137,9337,192
867251,18.75,137,9172,192
867252,17.25,137,9111,192
867253,17.25,137,9299,192
867254,18.25,137,9088,192
867255,19.25,137,9032,192
867256,17.25,137,8956,192
867257,20,137,9320,192
867258,18.85,137,9026,192
867259,19.6,137,8971,192
867260,15.5,137,9078,192
867261,17,137,8983,192
867262,19.65,137,9232,192
867263,19.6,137,9313,192
867264,19.6,137,9253,192
867265,18.25,137,9176,192
867266,18,137,9221,192
867267,18.85,137,8972,192
867268,18.25,137,9336,192
867269,20,137,9215,192
867270,16.6,137,9167,192
867271,18.35,137,9298,192
867272,18.6,137,8996,192
867273,18.2,137,9098,192
867274,18.85,137,9286,192
867275,17.35,137,9112,192
867276,19.6,137,9260,192
867277,17.6,137,9145,192
867278,14.6,137,9123,192
867279,16.85,137,8979,192
867280,18.6,137,9045,192
867281,17.65,137,9240,192
867282,16.85,137,9019,192
867283,16.35,137,8984,192
867284,18.85,137,9274,192
867285,18.85,137,8965,192
867286,18.6,137,9100,192
867287,16.85,137,9237,192
867288,14.45,137,9259,192
867289,19.2,137,9058,192
867290,17,137,9069,192
867291,17.6,137,9245,192
867292,17.85,137,9323,192
867293,15.6,137,9089,192
867294,16.5,137,9225,192
867295,17.85,137,9319,192
867296,16,137,8991,192
867297,20,137,9053,192
867298,20,137,9227,192
867299,19.25,137,9249,192
867300,16.85,137,8978,192
867301,16.85,137,8951,192
867302,14.5,137,9234,192
867303,15,137,9268,192
867304,15,137,9071,192
867305,18.25,137,9130,192
867306,18.25,137,8982,192
867307,17.85,137,9119,192
867308,17.25,137,9272,192
867309,19.2,137,9074,192
867310,15.6,137,9194,192
867311,17.75,137,9064,192
867312,17,137,9124,192
867313,18.85,137,8950,192
867314,14.65,137,9067,192
867315,16,137,8955,192
867316,15.85,137,9207,192
867317,16.6,137,9137,192
867318,19.6,137,9127,192
867319,15.85,137,9282,192
867320,14.25,137,9181,192
867321,19.6,137,9332,192
867322,18.2,137,9325,192
867323,18.85,137,8953,192
867324,17.65,137,9186,192
867325,20,137,9108,192
867326,19.6,137,8960,192
867327,13.25,137,9117,192
867328,19.6,137,9173,192
867329,19.25,137,9022,192
867330,17.6,137,9291,192
867331,17.6,137,9125,192
867332,16.6,137,9178,192
867333,16.6,137,9208,192
867334,17.25,137,8963,192
867335,17.25,137,9033,192
867336,17.25,137,9024,192
867337,17.25,137,9270,192
867338,16.6,137,9340,192
867339,18.5,137,8989,192
867340,14.6,137,9059,192
867341,16.25,137,9261,192
867342,19,137,9306,192
867343,12.25,137,8995,192
867344,18,137,9047,192
867345,19.6,137,9183,192
867346,15.25,137,9273,192
867347,20,137,9179,192
867348,17.5,137,9136,192
867349,20,137,9289,192
867350,15.8,137,9143,192
867351,19.6,137,9138,192
867352,19.6,137,9177,192
867353,15.2,137,9302,192
867354,19.6,137,8999,192
867355,15.85,137,9290,192
867356,17.6,137,9146,192
867357,19,137,9055,192
867358,17.6,137,8998,192
867359,18.25,137,9070,192
867360,15.85,137,9076,192
867361,20,137,9096,192
867362,16.25,137,9150,192
867363,18.85,137,9304,192
867364,15.6,137,9189,192
867365,16.35,137,9188,192
867366,16.6,137,9120,192
867367,16,137,9008,192
867368,17.65,137,9107,192
867369,20,137,9192,192
867370,17.6,137,9017,192
867371,19.6,137,9206,192
867372,17.85,137,9252,192
867373,17.5,137,9279,192
867374,20,137,9203,192
867375,18.6,137,9092,192
867376,17,137,9278,192
867377,17.6,137,9158,192
867378,18.85,137,9185,192
867379,19.6,137,8980,192
867380,19.35,137,9020,192
867381,18,137,9247,192
867382,17.6,137,9061,192
867383,17.6,137,9007,192
867384,19.6,137,9331,192
867385,14.25,137,9293,192
867386,19,137,9322,192
867387,19.6,137,9175,192
867388,17.5,137,9025,192
867389,18.2,137,9016,192
867390,13.25,137,9035,192
867391,17.25,137,9275,192
867392,18.25,137,9113,192
867393,14.85,137,9271,192
867394,17.45,137,9012,192
867395,19.25,137,9028,192
867396,20,137,9317,192
867397,18.6,137,9197,192
867398,17.25,137,9328,192
867399,19.25,137,9330,192
867400,18.25,137,9202,192
867401,16.55,137,8990,192
867402,16.5,137,9000,192
867403,19.6,137,9133,192
867404,19.6,137,9311,192
867405,18,137,8968,192
867406,14.65,137,8949,192
867407,19.6,137,9258,192
867408,17.6,137,9110,192
867409,12.25,137,9226,192
867410,16.85,137,9264,192
867411,18.6,137,9269,192
867412,17.95,137,9079,192
867413,14,137,8985,192
867414,19,137,9246,192
867415,17,137,9050,192
867416,13.6,137,9141,192
867417,15.6,137,9142,192
867418,12.85,137,9049,192
867419,18.6,137,9266,192
867420,17.85,137,9095,192
867421,20,137,9255,192
867422,17.2,137,9077,192
867423,15.2,137,9004,192
867424,17.95,137,9042,192
867425,17.85,137,9114,192
867426,16.85,137,9091,192
867427,18.25,137,9196,192
867428,12.6,137,8954,192
867429,17.6,137,8946,192
867430,15.95,137,9075,192
867431,18,137,8942,192
867432,16.2,137,9307,192
867433,17.95,137,9126,192
867434,17.85,137,9242,192
867435,19.6,137,9326,192
867436,18.85,137,9051,192
867437,18.45,137,9068,192
867438,18.85,137,9034,192
867439,17.85,137,9228,192
867440,19.35,137,9200,192
867441,18.75,137,9285,192
867442,18.35,137,8986,192
867443,18,137,9054,192
867444,13.65,137,9281,192
867445,19.25,137,8961,192
867446,18.35,137,9099,192
867447,16.6,137,9013,192
867448,19.2,137,9105,192
867449,14.65,137,9038,192
867450,14.1,137,8966,192
867451,19.6,137,9121,192
867452,14.6,137,9139,192
867453,19.6,137,9335,192
867454,20,137,9243,192
867455,18.85,137,9213,192
867456,14.5,137,9267,192
867457,18.85,137,8987,192
867458,16.6,137,9236,192
867459,20,137,9037,192
867460,18.2,137,9239,192
867461,19,137,9036,192
867462,16.85,137,9087,192
867463,18.6,137,8948,192
867464,17.25,137,9201,192
867465,17.6,137,9083,192
867466,18.6,137,9057,192
867467,18,138,9204,192
867468,19,138,8970,192
867469,16.5,138,8981,192
867470,17.25,138,8973,192
867471,13.6,138,9116,192
867472,17.2,138,8977,192
867473,17.2,138,9160,192
867474,17,138,9170,192
867475,13.45,138,9216,192
867476,17.5,138,9316,192
867477,16.6,138,9241,192
867478,17.6,138,9056,192
867479,14.85,138,9073,192
867480,20,138,9230,192
867481,18.6,138,9015,192
867482,19.25,138,8945,192
867483,17.6,138,9310,192
867484,18.45,138,9224,192
867485,16.6,138,9010,192
867486,16.85,138,9280,192
867487,13.5,138,9030,192
867488,18.25,138,9284,192
867489,15.6,138,9147,192
867490,18,138,9153,192
867491,19.25,138,8962,192
867492,19.65,138,9262,192
867493,15.25,138,9027,192
867494,17.25,138,8992,192
867495,12.6,138,9097,192
867496,18.25,138,9217,192
867497,18.85,138,9171,192
867498,18.85,138,9134,192
867499,17.6,138,9333,192
867500,17.6,138,9011,192
867501,15.95,138,8993,192
867502,18.6,138,9327,192
867503,18,138,9292,192
867504,16.2,138,9168,192
867505,19,138,8943,192
867506,18.25,138,9305,192
867507,16.6,138,9063,192
867508,18.6,138,9093,192
867509,18.85,138,9166,192
867510,18,138,9018,192
867511,17.45,138,9214,192
867512,18.25,138,9288,192
867513,18.2,138,9151,192
867514,15.95,138,9250,192
867515,13.95,138,9231,192
867516,19.6,138,8944,192
867517,19.4,138,8952,192
867518,15.25,138,8969,192
867519,19.35,138,9131,192
867520,16.25,138,8976,192
867521,17.6,138,9256,192
867522,16.95,138,9080,192
867523,19.35,138,9321,192
867524,17.25,138,9195,192
867525,17.65,138,9155,192
867526,15.85,138,9084,192
867527,16.65,138,9235,192
867528,15.95,138,9052,192
867529,17.85,138,8964,192
867530,19.25,138,9128,192
867531,12.6,138,9104,192
867532,15.5,138,9315,192
867533,18.85,138,9169,192
867534,18.8,138,9199,192
867535,19.2,138,9324,192
867536,18,138,9023,192
867537,16.6,138,9044,192
867538,19.25,138,9154,192
867539,17.2,138,9039,192
867540,19.2,138,9086,192
867541,18.6,138,9148,192
867542,18.85,138,9287,192
867543,17,138,9312,192
867544,18.6,138,9162,192
867545,20,138,9338,192
867546,17.6,138,8947,192
867547,18.25,138,9277,192
867548,15.6,138,9014,192
867549,15.6,138,9065,192
867550,17,138,8967,192
867551,16.2,138,9212,192
867552,18.6,138,9046,192
867553,15.85,138,9163,192
867554,18.6,138,9248,192
867555,17.5,138,9263,192
867556,18.5,138,9276,192
867557,12.6,138,9140,192
867558,19.2,138,9211,192
867559,15.95,138,9223,192
867560,16.85,138,9156,192
867561,18.35,138,8957,192
867562,17.85,138,9005,192
867563,18,138,9198,192
867564,17.2,138,9149,192
867565,15.2,138,9165,192
867566,17.25,138,9309,192
867567,16.75,138,9193,192
867568,18.25,138,8941,192
867569,16.6,138,9174,192
867570,13.85,138,9062,192
867571,16.85,138,9295,192
867572,20,138,9082,192
867573,18.1,138,9233,192
867574,13.25,138,9283,192
867575,19.25,138,9219,192
867576,14.9,138,9300,192
867577,19.25,138,9191,192
867578,18.6,138,9002,192
867579,18.85,138,9040,192
867580,20,138,9132,192
867581,17.6,138,9115,192
867582,17.25,138,9187,192
867583,15.6,138,9238,192
867584,19.25,138,9072,192
867585,12.85,138,9102,192
867586,18.2,138,8994,192
867587,19.2,138,9164,192
867588,19.25,138,9218,192
867589,16.25,138,9257,192
867590,19.6,138,9041,192
867591,16.85,138,9006,192
867592,15.2,138,9031,192
867593,12.6,138,9122,192
867594,17.9,138,9085,192
867595,19.6,138,9314,192
867596,17.45,138,9001,192
867597,17.65,138,9303,192
867598,18.25,138,9144,192
867599,13.65,138,9103,192
867600,19.6,138,9254,192
867601,17.85,138,9060,192
867602,18.6,138,9118,192
867603,17.6,138,9229,192
867604,18.85,138,9294,192
867605,13.6,138,9337,192
867606,16.85,138,9172,192
867607,17.25,138,9111,192
867608,17.85,138,9299,192
867609,17,138,9088,192
867610,19,138,9032,192
867611,17.85,138,8956,192
867612,19.25,138,9320,192
867613,17.5,138,9026,192
867614,18.35,138,8971,192
867615,15,138,9078,192
867616,17,138,8983,192
867617,20,138,9232,192
867618,19.25,138,9313,192
867619,18.6,138,9253,192
867620,17.6,138,9176,192
867621,16.6,138,9221,192
867622,17.6,138,8972,192
867623,17.2,138,9336,192
867624,20,138,9215,192
867625,16.6,138,9167,192
867626,17.85,138,9298,192
867627,16.6,138,8996,192
867628,17.85,138,9098,192
867629,18.2,138,9286,192
867630,16.6,138,9112,192
867631,19.65,138,9260,192
867632,18.85,138,9145,192
867633,13.6,138,9123,192
867634,15.95,138,8979,192
867635,18.6,138,9045,192
867636,17.6,138,9240,192
867637,15.2,138,9019,192
867638,17.6,138,8984,192
867639,19,138,9274,192
867640,19.2,138,8965,192
867641,17.9,138,9100,192
867642,16.25,138,9237,192
867643,13.6,138,9259,192
867644,17.6,138,9058,192
867645,17,138,9069,192
867646,17,138,9245,192
867647,16.5,138,9323,192
867648,16.65,138,9089,192
867649,16.25,138,9225,192
867650,17.9,138,9319,192
867651,14.85,138,8991,192
867652,19,138,9053,192
867653,19.6,138,9227,192
867654,17.85,138,9249,192
867655,16.2,138,8978,192
867656,16.9,138,8951,192
867657,14,138,9234,192
867658,15,138,9268,192
867659,15.25,138,9071,192
867660,19,138,9130,192
867661,16.95,138,8982,192
867662,18.25,138,9119,192
867663,17.5,138,9272,192
867664,19.2,138,9074,192
867665,13.85,138,9194,192
867666,17.5,138,9064,192
867667,18.25,138,9124,192
867668,18,138,8950,192
867669,14.1,138,9067,192
867670,15.6,138,8955,192
867671,14.6,138,9207,192
867672,16.85,138,9137,192
867673,19.6,138,9127,192
867674,14.45,138,9282,192
867675,13.85,138,9181,192
867676,19,138,9332,192
867677,19,138,9325,192
867678,18.25,138,8953,192
867679,17.25,138,9186,192
867680,18,138,9108,192
867681,18.85,138,8960,192
867682,14.1,138,9117,192
867683,19.25,138,9173,192
867684,19.6,138,9022,192
867685,18.4,138,9291,192
867686,18,138,9125,192
867687,16.25,138,9178,192
867688,16.85,138,9208,192
867689,16.85,138,8963,192
867690,17.6,138,9033,192
867691,17.25,138,9024,192
867692,16.25,138,9270,192
867693,15.85,138,9340,192
867694,16.95,138,8989,192
867695,14.6,138,9059,192
867696,17.6,138,9261,192
867697,18.25,138,9306,192
867698,12.35,138,8995,192
867699,16.85,138,9047,192
867700,18.6,138,9183,192
867701,14.25,138,9273,192
867702,19.6,138,9179,192
867703,17.6,138,9136,192
867704,19.25,138,9289,192
867705,15.25,138,9143,192
867706,18.2,138,9138,192
867707,20,138,9177,192
867708,15.6,138,9302,192
867709,18.85,138,8999,192
867710,15.6,138,9290,192
867711,17.85,138,9146,192
867712,18.1,138,9055,192
867713,16.25,138,8998,192
867714,18.85,138,9070,192
867715,15.25,138,9076,192
867716,18,138,9096,192
867717,15.2,138,9150,192
867718,19.35,138,9304,192
867719,16.25,138,9189,192
867720,17,138,9188,192
867721,16.6,138,9120,192
867722,16,138,9008,192
867723,16.25,138,9107,192
867724,19.25,138,9192,192
867725,16.5,138,9017,192
867726,19.2,138,9206,192
867727,16.6,138,9252,192
867728,16.85,138,9279,192
867729,19.25,138,9203,192
867730,18.25,138,9092,192
867731,16.85,138,9278,192
867732,17.9,138,9158,192
867733,17.85,138,9185,192
867734,18.6,138,8980,192
867735,18,138,9020,192
867736,17.4,138,9247,192
867737,17.85,138,9061,192
867738,17.6,138,9007,192
867739,19.65,138,9331,192
867740,11.85,138,9293,192
867741,19.2,138,9322,192
867742,19.6,138,9175,192
867743,18,138,9025,192
867744,17,138,9016,192
867745,13.55,138,9035,192
867746,17,138,9275,192
867747,16.85,138,9113,192
867748,14.85,138,9271,192
867749,17.1,138,9012,192
867750,18.35,138,9028,192
867751,19.3,138,9317,192
867752,16.95,138,9197,192
867753,17.85,138,9328,192
867754,17.85,138,9330,192
867755,17.2,138,9202,192
867756,17.6,138,8990,192
867757,16.9,138,9000,192
867758,18.85,138,9133,192
867759,18.2,138,9311,192
867760,17.6,138,8968,192
867761,11.85,138,8949,192
867762,18.85,138,9258,192
867763,18,138,9110,192
867764,13.45,138,9226,192
867765,15.35,138,9264,192
867766,17.95,138,9269,192
867767,18.25,138,9079,192
867768,12.6,138,8985,192
867769,18.35,138,9246,192
867770,15.6,138,9050,192
867771,13.2,138,9141,192
867772,15.25,138,9142,192
867773,12.6,138,9049,192
867774,18.1,138,9266,192
867775,16.8,138,9095,192
867776,19.6,138,9255,192
867777,17,138,9077,192
867778,14.25,138,9004,192
867779,17.25,138,9042,192
867780,16.6,138,9114,192
867781,16.45,138,9091,192
867782,17.5,138,9196,192
867783,12.35,138,8954,192
867784,17.25,138,8946,192
867785,14.25,138,9075,192
867786,16.5,138,8942,192
867787,16.25,138,9307,192
867788,16.6,138,9126,192
867789,17.2,138,9242,192
867790,18.85,138,9326,192
867791,20,138,9051,192
867792,18.6,138,9068,192
867793,20,138,9034,192
867794,18.2,138,9228,192
867795,17.85,138,9200,192
867796,18.6,138,9285,192
867797,17.5,138,8986,192
867798,17.25,138,9054,192
867799,13.6,138,9281,192
867800,17.6,138,8961,192
867801,17.5,138,9099,192
867802,15.5,138,9013,192
867803,19.6,138,9105,192
867804,13.5,138,9038,192
867805,13.1,138,8966,192
867806,19.6,138,9121,192
867807,14.45,138,9139,192
867808,20,138,9335,192
867809,20,138,9243,192
867810,19.25,138,9213,192
867811,14.9,138,9267,192
867812,17.25,138,8987,192
867813,14.85,138,9236,192
867814,19.6,138,9037,192
867815,18.1,138,9239,192
867816,19.6,138,9036,192
867817,17.35,138,9087,192
867818,17.25,138,8948,192
867819,17.65,138,9201,192
867820,17.25,138,9083,192
867821,17.6,138,9057,192
867822,17.35,139,9204,192
867823,18.2,139,8970,192
867824,16.6,139,8981,192
867825,17,139,8973,192
867826,12.65,139,9116,192
867827,17.1,139,8977,192
867828,17.1,139,9160,192
867829,17.95,139,9170,192
867830,12.55,139,9216,192
867831,15.95,139,9316,192
867832,16.95,139,9241,192
867833,18.85,139,9056,192
867834,15.6,139,9073,192
867835,19.2,139,9230,192
867836,18.2,139,9015,192
867837,17.6,139,8945,192
867838,17.35,139,9310,192
867839,17.95,139,9224,192
867840,15.85,139,9010,192
867841,16.85,139,9280,192
867842,11.65,139,9030,192
867843,17,139,9284,192
867844,13.25,139,9147,192
867845,17.5,139,9153,192
867846,19.25,139,8962,192
867847,17.95,139,9262,192
867848,14.1,139,9027,192
867849,17.25,139,8992,192
867850,11.5,139,9097,192
867851,18.6,139,9217,192
867852,19.25,139,9171,192
867853,18.9,139,9134,192
867854,17.25,139,9333,192
867855,17.35,139,9011,192
867856,15.4,139,8993,192
867857,18.25,139,9327,192
867858,17.6,139,9292,192
867859,15.85,139,9168,192
867860,18.15,139,8943,192
867861,16.85,139,9305,192
867862,13.85,139,9063,192
867863,16.95,139,9093,192
867864,18.85,139,9166,192
867865,17,139,9018,192
867866,17.1,139,9214,192
867867,17.55,139,9288,192
867868,19.25,139,9151,192
867869,16,139,9250,192
867870,14.85,139,9231,192
867871,18.95,139,8944,192
867872,17.45,139,8952,192
867873,14.55,139,8969,192
867874,17.35,139,9131,192
867875,15.95,139,8976,192
867876,16.85,139,9256,192
867877,15.25,139,9080,192
867878,17.85,139,9321,192
867879,16.25,139,9195,192
867880,16.25,139,9155,192
867881,14.35,139,9084,192
867882,16.85,139,9235,192
867883,15.85,139,9052,192
867884,17.25,139,8964,192
867885,19.6,139,9128,192
867886,12.25,139,9104,192
867887,14.25,139,9315,192
867888,17.5,139,9169,192
867889,17.85,139,9199,192
867890,18.2,139,9324,192
867891,16.85,139,9023,192
867892,15.15,139,9044,192
867893,17.85,139,9154,192
867894,16.6,139,9039,192
867895,17.25,139,9086,192
867896,19.25,139,9148,192
867897,19.65,139,9287,192
867898,15.35,139,9312,192
867899,18.35,139,9162,192
867900,18.25,139,9338,192
867901,15.5,139,8947,192
867902,18.25,139,9277,192
867903,15.85,139,9014,192
867904,13.5,139,9065,192
867905,16.85,139,8967,192
867906,16.6,139,9212,192
867907,18,139,9046,192
867908,16.75,139,9163,192
867909,18.85,139,9248,192
867910,16.85,139,9263,192
867911,17,139,9276,192
867912,12,139,9140,192
867913,18.9,139,9211,192
867914,17.25,139,9223,192
867915,17.5,139,9156,192
867916,17.2,139,8957,192
867917,16.85,139,9005,192
867918,18.35,139,9198,192
867919,16.65,139,9149,192
867920,13.6,139,9165,192
867921,16.95,139,9309,192
867922,16.6,139,9193,192
867923,18.2,139,8941,192
867924,15.85,139,9174,192
867925,13.6,139,9062,192
867926,16.85,139,9295,192
867927,19.25,139,9082,192
867928,16.85,139,9233,192
867929,13.25,139,9283,192
867930,19.1,139,9219,192
867931,14.6,139,9300,192
867932,18.65,139,9191,192
867933,16.9,139,9002,192
867934,18.05,139,9040,192
867935,18.5,139,9132,192
867936,18.35,139,9115,192
867937,18.85,139,9187,192
867938,14.95,139,9238,192
867939,18.6,139,9072,192
867940,12.1,139,9102,192
867941,17.85,139,8994,192
867942,19.6,139,9164,192
867943,19.65,139,9218,192
867944,14.6,139,9257,192
867945,18.6,139,9041,192
867946,15.5,139,9006,192
867947,14.25,139,9031,192
867948,13.2,139,9122,192
867949,18.25,139,9085,192
867950,19.2,139,9314,192
867951,16.5,139,9001,192
867952,16.85,139,9303,192
867953,16.75,139,9144,192
867954,14.45,139,9103,192
867955,17.25,139,9254,192
867956,16.5,139,9060,192
867957,17.85,139,9118,192
867958,16.6,139,9229,192
867959,18.85,139,9294,192
867960,12.25,139,9337,192
867961,17.75,139,9172,192
867962,15.85,139,9111,192
867963,16.85,139,9299,192
867964,16.75,139,9088,192
867965,18.5,139,9032,192
867966,16.25,139,8956,192
867967,18.85,139,9320,192
867968,18,139,9026,192
867969,18.25,139,8971,192
867970,14.2,139,9078,192
867971,16.45,139,8983,192
867972,18.25,139,9232,192
867973,18.25,139,9313,192
867974,19.25,139,9253,192
867975,17.2,139,9176,192
867976,16.2,139,9221,192
867977,18.35,139,8972,192
867978,18,139,9336,192
867979,19.25,139,9215,192
867980,14.6,139,9167,192
867981,17.25,139,9298,192
867982,16.6,139,8996,192
867983,17.85,139,9098,192
867984,18.6,139,9286,192
867985,15.25,139,9112,192
867986,18.65,139,9260,192
867987,15.6,139,9145,192
867988,12.85,139,9123,192
867989,15.6,139,8979,192
867990,18.6,139,9045,192
867991,16.95,139,9240,192
867992,14.85,139,9019,192
867993,15.85,139,8984,192
867994,16.55,139,9274,192
867995,17,139,8965,192
867996,17.6,139,9100,192
867997,16.6,139,9237,192
867998,14.25,139,9259,192
867999,16.85,139,9058,192
868000,16.25,139,9069,192
868001,16.35,139,9245,192
868002,17.35,139,9323,192
868003,14.6,139,9089,192
868004,14.85,139,9225,192
868005,16,139,9319,192
868006,14.5,139,8991,192
868007,18.85,139,9053,192
868008,19.2,139,9227,192
868009,18.25,139,9249,192
868010,15.9,139,8978,192
868011,16.95,139,8951,192
868012,12.9,139,9234,192
868013,14,139,9268,192
868014,14.6,139,9071,192
868015,16.6,139,9130,192
868016,16.35,139,8982,192
868017,15.6,139,9119,192
868018,18.5,139,9272,192
868019,17.9,139,9074,192
868020,12.6,139,9194,192
868021,16.95,139,9064,192
868022,17,139,9124,192
868023,18.6,139,8950,192
868024,13.6,139,9067,192
868025,14,139,8955,192
868026,16.25,139,9207,192
868027,16.25,139,9137,192
868028,18.5,139,9127,192
868029,15.15,139,9282,192
868030,13.25,139,9181,192
868031,17.25,139,9332,192
868032,17.45,139,9325,192
868033,17.5,139,8953,192
868034,17.6,139,9186,192
868035,18.25,139,9108,192
868036,17.85,139,8960,192
868037,14.05,139,9117,192
868038,19.25,139,9173,192
868039,17.6,139,9022,192
868040,16.6,139,9291,192
868041,16.65,139,9125,192
868042,17,139,9178,192
868043,16.85,139,9208,192
868044,17.6,139,8963,192
868045,16.9,139,9033,192
868046,17.85,139,9024,192
868047,16.75,139,9270,192
868048,16.6,139,9340,192
868049,16.25,139,8989,192
868050,13.25,139,9059,192
868051,16.3,139,9261,192
868052,18.4,139,9306,192
868053,11.95,139,8995,192
868054,17.15,139,9047,192
868055,17.85,139,9183,192
868056,13.2,139,9273,192
868057,19.25,139,9179,192
868058,17.85,139,9136,192
868059,19.25,139,9289,192
868060,15,139,9143,192
868061,18,139,9138,192
868062,18.2,139,9177,192
868063,14.85,139,9302,192
868064,20,139,8999,192
868065,15.25,139,9290,192
868066,17.45,139,9146,192
868067,17.6,139,9055,192
868068,17.45,139,8998,192
868069,16.85,139,9070,192
868070,13.2,139,9076,192
868071,18.25,139,9096,192
868072,14.25,139,9150,192
868073,17.6,139,9304,192
868074,15.25,139,9189,192
868075,14.85,139,9188,192
868076,16.6,139,9120,192
868077,14.85,139,9008,192
868078,15.85,139,9107,192
868079,18.05,139,9192,192
868080,17.35,139,9017,192
868081,18.9,139,9206,192
868082,15.65,139,9252,192
868083,17.2,139,9279,192
868084,19,139,9203,192
868085,18.25,139,9092,192
868086,15.25,139,9278,192
868087,15.8,139,9158,192
868088,18.35,139,9185,192
868089,18.95,139,8980,192
868090,17.2,139,9020,192
868091,16,139,9247,192
868092,16.25,139,9061,192
868093,17.85,139,9007,192
868094,18.9,139,9331,192
868095,11.5,139,9293,192
868096,17.2,139,9322,192
868097,18.85,139,9175,192
868098,16.85,139,9025,192
868099,17.1,139,9016,192
868100,12.5,139,9035,192
868101,17.25,139,9275,192
868102,17,139,9113,192
868103,13.6,139,9271,192
868104,18,139,9012,192
868105,18.2,139,9028,192
868106,19.75,139,9317,192
868107,17,139,9197,192
868108,16.6,139,9328,192
868109,17.85,139,9330,192
868110,15.95,139,9202,192
868111,16.1,139,8990,192
868112,14.85,139,9000,192
868113,18.7,139,9133,192
868114,18.25,139,9311,192
868115,16.1,139,8968,192
868116,13,139,8949,192
868117,17.25,139,9258,192
868118,16.65,139,9110,192
868119,12.6,139,9226,192
868120,16,139,9264,192
868121,15.7,139,9269,192
868122,16.6,139,9079,192
868123,13.85,139,8985,192
868124,17.85,139,9246,192
868125,16.9,139,9050,192
868126,12.6,139,9141,192
868127,15,139,9142,192
868128,11.9,139,9049,192
868129,17.25,139,9266,192
868130,16.6,139,9095,192
868131,19.25,139,9255,192
868132,17.5,139,9077,192
868133,13.95,139,9004,192
868134,16.95,139,9042,192
868135,17.35,139,9114,192
868136,15.5,139,9091,192
868137,16.8,139,9196,192
868138,11.6,139,8954,192
868139,17.1,139,8946,192
868140,14.6,139,9075,192
868141,16.25,139,8942,192
868142,16.1,139,9307,192
868143,17.25,139,9126,192
868144,17.65,139,9242,192
868145,19.6,139,9326,192
868146,19.25,139,9051,192
868147,17.25,139,9068,192
868148,18.65,139,9034,192
868149,17.55,139,9228,192
868150,18,139,9200,192
868151,18.35,139,9285,192
868152,18.5,139,8986,192
868153,17.25,139,9054,192
868154,12.25,139,9281,192
868155,17.25,139,8961,192
868156,17.6,139,9099,192
868157,16.6,139,9013,192
868158,19.65,139,9105,192
868159,13.25,139,9038,192
868160,12.65,139,8966,192
868161,19.2,139,9121,192
868162,14.1,139,9139,192
868163,18.85,139,9335,192
868164,19.65,139,9243,192
868165,18.55,139,9213,192
868166,13.25,139,9267,192
868167,18.2,139,8987,192
868168,15.25,139,9236,192
868169,18.75,139,9037,192
868170,18,139,9239,192
868171,18.6,139,9036,192
868172,15.75,139,9087,192
868173,16.6,139,8948,192
868174,17.2,139,9201,192
868175,16.65,139,9083,192
868176,16.6,139,9057,192
868177,14.5,132,9204,193
868178,15.6,132,8970,193
868179,15,132,8981,193
868180,15.45,132,8973,193
868181,10.6,132,9116,193
868182,13.35,132,8977,193
868183,17.25,132,9160,193
868184,15.35,132,9170,193
868185,10.85,132,9216,193
868186,15,132,9316,193
868187,14.45,132,9241,193
868188,17.25,132,9056,193
868189,13.85,132,9073,193
868190,18,132,9230,193
868191,15.55,132,9015,193
868192,16.9,132,8945,193
868193,14.85,132,9310,193
868194,15.9,132,9224,193
868195,13.6,132,9010,193
868196,15.1,132,9280,193
868197,9.35,132,9030,193
868198,16.1,132,9284,193
868199,12.25,132,9147,193
868200,14,132,9153,193
868201,16.85,132,8962,193
868202,17.6,132,9262,193
868203,12.3,132,9027,193
868204,14.25,132,8992,193
868205,10.6,132,9097,193
868206,15.75,132,9217,193
868207,16.25,132,9171,193
868208,16.85,132,9134,193
868209,14.8,132,9333,193
868210,15.25,132,9011,193
868211,14.75,132,8993,193
868212,15.55,132,9327,193
868213,15.3,132,9292,193
868214,13.85,132,9168,193
868215,16.6,132,8943,193
868216,15.9,132,9305,193
868217,13.15,132,9063,193
868218,17.1,132,9093,193
868219,17.75,132,9166,193
868220,14.6,132,9018,193
868221,15.1,132,9214,193
868222,16.15,132,9288,193
868223,16.45,132,9151,193
868224,14.4,132,9250,193
868225,12,132,9231,193
868226,17.2,132,8944,193
868227,16.5,132,8952,193
868228,12.2,132,8969,193
868229,15.6,132,9131,193
868230,15.2,132,8976,193
868231,15.35,132,9256,193
868232,14.6,132,9080,193
868233,17.4,132,9321,193
868234,15.6,132,9195,193
868235,16.75,132,9155,193
868236,11.65,132,9084,193
868237,15.95,132,9235,193
868238,15.2,132,9052,193
868239,15.65,132,8964,193
868240,17.35,132,9128,193
868241,11.1,132,9104,193
868242,12.55,132,9315,193
868243,17.55,132,9169,193
868244,15,132,9199,193
868245,16.6,132,9324,193
868246,15.85,132,9023,193
868247,14.85,132,9044,193
868248,17.25,132,9154,193
868249,15.6,132,9039,193
868250,15.9,132,9086,193
868251,16.85,132,9148,193
868252,16.6,132,9287,193
868253,14.1,132,9312,193
868254,15.95,132,9162,193
868255,16.35,132,9338,193
868256,14.5,132,8947,193
868257,15.25,132,9277,193
868258,15.65,132,9014,193
868259,12.2,132,9065,193
868260,15.35,132,8967,193
868261,14.15,132,9212,193
868262,16.95,132,9046,193
868263,14.8,132,9163,193
868264,18.1,132,9248,193
868265,15.4,132,9263,193
868266,14.95,132,9276,193
868267,10.3,132,9140,193
868268,16.6,132,9211,193
868269,15.15,132,9223,193
868270,14.25,132,9156,193
868271,15.15,132,8957,193
868272,14.85,132,9005,193
868273,16.45,132,9198,193
868274,13.6,132,9149,193
868275,11.1,132,9165,193
868276,15.25,132,9309,193
868277,15.45,132,9193,193
868278,14.5,132,8941,193
868279,14.2,132,9174,193
868280,12.2,132,9062,193
868281,15.2,132,9295,193
868282,17.35,132,9082,193
868283,15.3,132,9233,193
868284,11.4,132,9283,193
868285,16.6,132,9219,193
868286,13.45,132,9300,193
868287,17.6,132,9191,193
868288,16.3,132,9002,193
868289,14.9,132,9040,193
868290,16.55,132,9132,193
868291,16.1,132,9115,193
868292,17.35,132,9187,193
868293,13.3,132,9238,193
868294,17.25,132,9072,193
868295,11.8,132,9102,193
868296,16.6,132,8994,193
868297,17.65,132,9164,193
868298,16.9,132,9218,193
868299,12.25,132,9257,193
868300,16.65,132,9041,193
868301,14.25,132,9006,193
868302,12.7,132,9031,193
868303,11.65,132,9122,193
868304,15.25,132,9085,193
868305,17,132,9314,193
868306,14.3,132,9001,193
868307,16.2,132,9303,193
868308,14.65,132,9144,193
868309,10.85,132,9103,193
868310,16.2,132,9254,193
868311,15.9,132,9060,193
868312,15.35,132,9118,193
868313,16,132,9229,193
868314,17.25,132,9294,193
868315,11.1,132,9337,193
868316,14.6,132,9172,193
868317,13.5,132,9111,193
868318,13.75,132,9299,193
868319,14.55,132,9088,193
868320,16.85,132,9032,193
868321,16.15,132,8956,193
868322,16.7,132,9320,193
868323,14.95,132,9026,193
868324,16.15,132,8971,193
868325,11.1,132,9078,193
868326,14.4,132,8983,193
868327,17.55,132,9232,193
868328,17.95,132,9313,193
868329,16.6,132,9253,193
868330,13.6,132,9176,193
868331,14.2,132,9221,193
868332,17.1,132,8972,193
868333,16.35,132,9336,193
868334,17.25,132,9215,193
868335,13.8,132,9167,193
868336,15.85,132,9298,193
868337,16.55,132,8996,193
868338,16.65,132,9098,193
868339,16.1,132,9286,193
868340,15,132,9112,193
868341,17.5,132,9260,193
868342,14.1,132,9145,193
868343,12.2,132,9123,193
868344,13.65,132,8979,193
868345,16.8,132,9045,193
868346,14.35,132,9240,193
868347,13.6,132,9019,193
868348,13.25,132,8984,193
868349,14.2,132,9274,193
868350,17.5,132,8965,193
868351,15.35,132,9100,193
868352,14.2,132,9237,193
868353,12.85,132,9259,193
868354,15.5,132,9058,193
868355,14.05,132,9069,193
868356,14.85,132,9245,193
868357,15,132,9323,193
868358,12.3,132,9089,193
868359,14.35,132,9225,193
868360,15.7,132,9319,193
868361,13.6,132,8991,193
868362,17,132,9053,193
868363,16.4,132,9227,193
868364,15.25,132,9249,193
868365,13.65,132,8978,193
868366,14.65,132,8951,193
868367,12.35,132,9234,193
868368,12.6,132,9268,193
868369,12.85,132,9071,193
868370,16.85,132,9130,193
868371,14.1,132,8982,193
868372,15.35,132,9119,193
868373,14.65,132,9272,193
868374,16.1,132,9074,193
868375,12.55,132,9194,193
868376,16.25,132,9064,193
868377,15.35,132,9124,193
868378,15.65,132,8950,193
868379,10,132,9067,193
868380,12.35,132,8955,193
868381,13.75,132,9207,193
868382,15.25,132,9137,193
868383,17.5,132,9127,193
868384,12.55,132,9282,193
868385,12.25,132,9181,193
868386,14.75,132,9332,193
868387,16.6,132,9325,193
868388,15.6,132,8953,193
868389,16.1,132,9186,193
868390,17,132,9108,193
868391,16.6,132,8960,193
868392,11.8,132,9117,193
868393,17.1,132,9173,193
868394,17.65,132,9022,193
868395,15.55,132,9291,193
868396,13.6,132,9125,193
868397,13.25,132,9178,193
868398,15.65,132,9208,193
868399,15.95,132,8963,193
868400,14.75,132,9033,193
868401,15.95,132,9024,193
868402,13.2,132,9270,193
868403,14.85,132,9340,193
868404,15,132,8989,193
868405,10.3,132,9059,193
868406,15.5,132,9261,193
868407,16.35,132,9306,193
868408,9.95,132,8995,193
868409,15.5,132,9047,193
868410,16.75,132,9183,193
868411,12.35,132,9273,193
868412,18.6,132,9179,193
868413,15.35,132,9136,193
868414,17.05,132,9289,193
868415,13.45,132,9143,193
868416,15.25,132,9138,193
868417,16.95,132,9177,193
868418,13.8,132,9302,193
868419,18.6,132,8999,193
868420,12.45,132,9290,193
868421,15.25,132,9146,193
868422,15.6,132,9055,193
868423,15.45,132,8998,193
868424,14.6,132,9070,193
868425,11.55,132,9076,193
868426,17.1,132,9096,193
868427,14.2,132,9150,193
868428,17.6,132,9304,193
868429,14,132,9189,193
868430,13.95,132,9188,193
868431,12.1,132,9120,193
868432,13.05,132,9008,193
868433,13.95,132,9107,193
868434,16.95,132,9192,193
868435,14.95,132,9017,193
868436,16.6,132,9206,193
868437,14.9,132,9252,193
868438,15.2,132,9279,193
868439,15.5,132,9203,193
868440,15.85,132,9092,193
868441,14.3,132,9278,193
868442,13.75,132,9158,193
868443,15.6,132,9185,193
868444,16.85,132,8980,193
868445,17.65,132,9020,193
868446,12.45,132,9247,193
868447,14.1,132,9061,193
868448,14.85,132,9007,193
868449,16.45,132,9331,193
868450,10.9,132,9293,193
868451,14.95,132,9322,193
868452,17.25,132,9175,193
868453,14.6,132,9025,193
868454,15.25,132,9016,193
868455,10.3,132,9035,193
868456,15,132,9275,193
868457,15.8,132,9113,193
868458,11.85,132,9271,193
868459,16.6,132,9012,193
868460,16.65,132,9028,193
868461,18.9,132,9317,193
868462,15.25,132,9197,193
868463,14.3,132,9328,193
868464,15.95,132,9330,193
868465,15.75,132,9202,193
868466,15.25,132,8990,193
868467,14.7,132,9000,193
868468,16.6,132,9133,193
868469,17.1,132,9311,193
868470,14.25,132,8968,193
868471,10.5,132,8949,193
868472,16.7,132,9258,193
868473,14.55,132,9110,193
868474,10.25,132,9226,193
868475,14.35,132,9264,193
868476,14.4,132,9269,193
868477,16.25,132,9079,193
868478,11.6,132,8985,193
868479,16.95,132,9246,193
868480,14.75,132,9050,193
868481,11.35,132,9141,193
868482,13.5,132,9142,193
868483,10.5,132,9049,193
868484,15.5,132,9266,193
868485,14.75,132,9095,193
868486,17.6,132,9255,193
868487,14.85,132,9077,193
868488,12.7,132,9004,193
868489,15.35,132,9042,193
868490,15.6,132,9114,193
868491,14.45,132,9091,193
868492,15.6,132,9196,193
868493,9.25,132,8954,193
868494,14.85,132,8946,193
868495,12.9,132,9075,193
868496,14.25,132,8942,193
868497,13.2,132,9307,193
868498,14.25,132,9126,193
868499,15.65,132,9242,193
868500,16.85,132,9326,193
868501,17.85,132,9051,193
868502,17.3,132,9068,193
868503,18.25,132,9034,193
868504,17.45,132,9228,193
868505,17.35,132,9200,193
868506,15.85,132,9285,193
868507,16.6,132,8986,193
868508,14.05,132,9054,193
868509,12.2,132,9281,193
868510,16.25,132,8961,193
868511,15.6,132,9099,193
868512,14.25,132,9013,193
868513,18.55,132,9105,193
868514,12,132,9038,193
868515,11.65,132,8966,193
868516,17.35,132,9121,193
868517,11.5,132,9139,193
868518,17.55,132,9335,193
868519,17.4,132,9243,193
868520,17.6,132,9213,193
868521,11.5,132,9267,193
868522,16.45,132,8987,193
868523,12.5,132,9236,193
868524,16.95,132,9037,193
868525,15.45,132,9239,193
868526,16.45,132,9036,193
868527,15.6,132,9087,193
868528,14.35,132,8948,193
868529,14.85,132,9201,193
868530,15.4,132,9083,193
868531,13.95,132,9057,193
868532,15.05,133,9204,193
868533,17.15,133,8970,193
868534,15.25,133,8981,193
868535,15.9,133,8973,193
868536,11,133,9116,193
868537,15,133,8977,193
868538,17,133,9160,193
868539,16.9,133,9170,193
868540,12.25,133,9216,193
868541,15.25,133,9316,193
868542,15.45,133,9241,193
868543,18.55,133,9056,193
868544,13.85,133,9073,193
868545,17.3,133,9230,193
868546,18.2,133,9015,193
868547,17.6,133,8945,193
868548,16.6,133,9310,193
868549,17.6,133,9224,193
868550,15.9,133,9010,193
868551,15.2,133,9280,193
868552,11.75,133,9030,193
868553,15.9,133,9284,193
868554,13.6,133,9147,193
868555,16.5,133,9153,193
868556,18.5,133,8962,193
868557,18.35,133,9262,193
868558,13.35,133,9027,193
868559,16.2,133,8992,193
868560,11.6,133,9097,193
868561,17.6,133,9217,193
868562,18.25,133,9171,193
868563,18.2,133,9134,193
868564,17.25,133,9333,193
868565,16.6,133,9011,193
868566,13.5,133,8993,193
868567,17.65,133,9327,193
868568,16.25,133,9292,193
868569,14.1,133,9168,193
868570,17.5,133,8943,193
868571,17.6,133,9305,193
868572,13.7,133,9063,193
868573,17.1,133,9093,193
868574,18.05,133,9166,193
868575,16.95,133,9018,193
868576,17.6,133,9214,193
868577,16,133,9288,193
868578,17.75,133,9151,193
868579,15,133,9250,193
868580,12.95,133,9231,193
868581,17.45,133,8944,193
868582,16.85,133,8952,193
868583,13.9,133,8969,193
868584,15.95,133,9131,193
868585,14.6,133,8976,193
868586,16.45,133,9256,193
868587,15.2,133,9080,193
868588,18.6,133,9321,193
868589,16.2,133,9195,193
868590,15.85,133,9155,193
868591,13.25,133,9084,193
868592,15.9,133,9235,193
868593,16.8,133,9052,193
868594,17.45,133,8964,193
868595,18.95,133,9128,193
868596,11.25,133,9104,193
868597,13.9,133,9315,193
868598,17.85,133,9169,193
868599,17.1,133,9199,193
868600,17.9,133,9324,193
868601,17.5,133,9023,193
868602,15.55,133,9044,193
868603,17.2,133,9154,193
868604,16.25,133,9039,193
868605,16.8,133,9086,193
868606,18.2,133,9148,193
868607,17.85,133,9287,193
868608,14.3,133,9312,193
868609,17.25,133,9162,193
868610,17.95,133,9338,193
868611,15.6,133,8947,193
868612,16.65,133,9277,193
868613,14.6,133,9014,193
868614,13,133,9065,193
868615,15.3,133,8967,193
868616,15.6,133,9212,193
868617,17.6,133,9046,193
868618,15.5,133,9163,193
868619,17.85,133,9248,193
868620,17,133,9263,193
868621,17.1,133,9276,193
868622,10.9,133,9140,193
868623,18.45,133,9211,193
868624,17.6,133,9223,193
868625,15.5,133,9156,193
868626,16.6,133,8957,193
868627,17.2,133,9005,193
868628,17.25,133,9198,193
868629,15.75,133,9149,193
868630,12.7,133,9165,193
868631,15.8,133,9309,193
868632,16.2,133,9193,193
868633,17,133,8941,193
868634,15.35,133,9174,193
868635,12.5,133,9062,193
868636,16.2,133,9295,193
868637,18.6,133,9082,193
868638,16.85,133,9233,193
868639,11.9,133,9283,193
868640,18.2,133,9219,193
868641,14.75,133,9300,193
868642,17.25,133,9191,193
868643,17,133,9002,193
868644,16.85,133,9040,193
868645,17.6,133,9132,193
868646,15.85,133,9115,193
868647,16.5,133,9187,193
868648,13.85,133,9238,193
868649,17.85,133,9072,193
868650,11.95,133,9102,193
868651,17.65,133,8994,193
868652,19,133,9164,193
868653,17,133,9218,193
868654,13.25,133,9257,193
868655,18.6,133,9041,193
868656,14.2,133,9006,193
868657,13.25,133,9031,193
868658,11.8,133,9122,193
868659,17.15,133,9085,193
868660,17.45,133,9314,193
868661,16.1,133,9001,193
868662,16.5,133,9303,193
868663,16.25,133,9144,193
868664,11.2,133,9103,193
868665,17.7,133,9254,193
868666,16.5,133,9060,193
868667,16.2,133,9118,193
868668,16.25,133,9229,193
868669,19.2,133,9294,193
868670,10.1,133,9337,193
868671,16.6,133,9172,193
868672,13.5,133,9111,193
868673,14.85,133,9299,193
868674,16.5,133,9088,193
868675,18.3,133,9032,193
868676,15,133,8956,193
868677,18.9,133,9320,193
868678,16.45,133,9026,193
868679,18.6,133,8971,193
868680,13.65,133,9078,193
868681,14.6,133,8983,193
868682,17.95,133,9232,193
868683,18.65,133,9313,193
868684,18.1,133,9253,193
868685,14.5,133,9176,193
868686,16,133,9221,193
868687,17.1,133,8972,193
868688,17.85,133,9336,193
868689,18.5,133,9215,193
868690,13.65,133,9167,193
868691,16.45,133,9298,193
868692,16.1,133,8996,193
868693,17.55,133,9098,193
868694,17.05,133,9286,193
868695,15.6,133,9112,193
868696,19,133,9260,193
868697,16.35,133,9145,193
868698,13.75,133,9123,193
868699,16.2,133,8979,193
868700,16.2,133,9045,193
868701,15.6,133,9240,193
868702,14.95,133,9019,193
868703,15.45,133,8984,193
868704,16.75,133,9274,193
868705,17.6,133,8965,193
868706,17,133,9100,193
868707,15.35,133,9237,193
868708,15,133,9259,193
868709,16.7,133,9058,193
868710,15.55,133,9069,193
868711,17.5,133,9245,193
868712,15.5,133,9323,193
868713,13.95,133,9089,193
868714,14.65,133,9225,193
868715,16.6,133,9319,193
868716,15,133,8991,193
868717,17.2,133,9053,193
868718,18.75,133,9227,193
868719,17.25,133,9249,193
868720,15.05,133,8978,193
868721,14.95,133,8951,193
868722,10.95,133,9234,193
868723,14.25,133,9268,193
868724,14.5,133,9071,193
868725,15.9,133,9130,193
868726,15.25,133,8982,193
868727,15.2,133,9119,193
868728,15.65,133,9272,193
868729,17.5,133,9074,193
868730,13.35,133,9194,193
868731,16.5,133,9064,193
868732,15.6,133,9124,193
868733,16.85,133,8950,193
868734,12.75,133,9067,193
868735,13.6,133,8955,193
868736,15.25,133,9207,193
868737,16.6,133,9137,193
868738,19.6,133,9127,193
868739,13.85,133,9282,193
868740,11.6,133,9181,193
868741,16.75,133,9332,193
868742,16.9,133,9325,193
868743,16.2,133,8953,193
868744,16.4,133,9186,193
868745,18.45,133,9108,193
868746,16.1,133,8960,193
868747,12.65,133,9117,193
868748,17.6,133,9173,193
868749,18.2,133,9022,193
868750,16.6,133,9291,193
868751,16,133,9125,193
868752,15.6,133,9178,193
868753,16.25,133,9208,193
868754,15.35,133,8963,193
868755,15.6,133,9033,193
868756,16.2,133,9024,193
868757,14.25,133,9270,193
868758,15.35,133,9340,193
868759,16.7,133,8989,193
868760,13,133,9059,193
868761,15.7,133,9261,193
868762,17.35,133,9306,193
868763,11.5,133,8995,193
868764,16.15,133,9047,193
868765,18.5,133,9183,193
868766,12.85,133,9273,193
868767,18.45,133,9179,193
868768,15.45,133,9136,193
868769,18.8,133,9289,193
868770,14.2,133,9143,193
868771,17.25,133,9138,193
868772,18.25,133,9177,193
868773,13.2,133,9302,193
868774,18.25,133,8999,193
868775,15,133,9290,193
868776,16.5,133,9146,193
868777,15.6,133,9055,193
868778,14.85,133,8998,193
868779,15.65,133,9070,193
868780,13.1,133,9076,193
868781,17.2,133,9096,193
868782,14.25,133,9150,193
868783,16.9,133,9304,193
868784,13.5,133,9189,193
868785,13.85,133,9188,193
868786,15.6,133,9120,193
868787,14.25,133,9008,193
868788,15.6,133,9107,193
868789,17.6,133,9192,193
868790,15.9,133,9017,193
868791,16.8,133,9206,193
868792,15.55,133,9252,193
868793,16.6,133,9279,193
868794,17.6,133,9203,193
868795,17.25,133,9092,193
868796,14.95,133,9278,193
868797,16.35,133,9158,193
868798,16.5,133,9185,193
868799,18.9,133,8980,193
868800,17.1,133,9020,193
868801,14.85,133,9247,193
868802,15.8,133,9061,193
868803,16.85,133,9007,193
868804,17.85,133,9331,193
868805,11.95,133,9293,193
868806,18.25,133,9322,193
868807,17.25,133,9175,193
868808,16.7,133,9025,193
868809,17.25,133,9016,193
868810,10.95,133,9035,193
868811,15.35,133,9275,193
868812,16.8,133,9113,193
868813,13.1,133,9271,193
868814,17.2,133,9012,193
868815,17.05,133,9028,193
868816,19,133,9317,193
868817,16.6,133,9197,193
868818,15.6,133,9328,193
868819,16.85,133,9330,193
868820,15.55,133,9202,193
868821,15.85,133,8990,193
868822,13.6,133,9000,193
868823,17.25,133,9133,193
868824,17.65,133,9311,193
868825,16.65,133,8968,193
868826,12.45,133,8949,193
868827,17.6,133,9258,193
868828,15.7,133,9110,193
868829,12.4,133,9226,193
868830,14,133,9264,193
868831,16.25,133,9269,193
868832,17.15,133,9079,193
868833,11.5,133,8985,193
868834,16.6,133,9246,193
868835,15,133,9050,193
868836,12.2,133,9141,193
868837,15.6,133,9142,193
868838,11.9,133,9049,193
868839,16.95,133,9266,193
868840,16.65,133,9095,193
868841,18.2,133,9255,193
868842,15.7,133,9077,193
868843,12.6,133,9004,193
868844,14.85,133,9042,193
868845,15.85,133,9114,193
868846,16.6,133,9091,193
868847,16.3,133,9196,193
868848,12.2,133,8954,193
868849,16.4,133,8946,193
868850,11.85,133,9075,193
868851,16.6,133,8942,193
868852,14.65,133,9307,193
868853,15.1,133,9126,193
868854,17.6,133,9242,193
868855,18,133,9326,193
868856,18.2,133,9051,193
868857,16.35,133,9068,193
868858,18.1,133,9034,193
868859,16.5,133,9228,193
868860,17.1,133,9200,193
868861,16.7,133,9285,193
868862,17.25,133,8986,193
868863,17.4,133,9054,193
868864,12.85,133,9281,193
868865,15.45,133,8961,193
868866,16.6,133,9099,193
868867,14.9,133,9013,193
868868,18.9,133,9105,193
868869,13.55,133,9038,193
868870,11.8,133,8966,193
868871,18.85,133,9121,193
868872,13.85,133,9139,193
868873,18.55,133,9335,193
868874,18.5,133,9243,193
868875,19,133,9213,193
868876,13.2,133,9267,193
868877,16.7,133,8987,193
868878,14.2,133,9236,193
868879,17.75,133,9037,193
868880,17.6,133,9239,193
868881,17.65,133,9036,193
868882,15.35,133,9087,193
868883,15.7,133,8948,193
868884,16.25,133,9201,193
868885,17.1,133,9083,193
868886,16.25,133,9057,193
868887,13.95,134,9204,193
868888,17.6,134,8970,193
868889,14.25,134,8981,193
868890,14.35,134,8973,193
868891,11.05,134,9116,193
868892,14.75,134,8977,193
868893,15.6,134,9160,193
868894,15.85,134,9170,193
868895,12,134,9216,193
868896,13.6,134,9316,193
868897,15.25,134,9241,193
868898,17.2,134,9056,193
868899,12.6,134,9073,193
868900,16.9,134,9230,193
868901,15.25,134,9015,193
868902,17.75,134,8945,193
868903,15,134,9310,193
868904,17.85,134,9224,193
868905,14.4,134,9010,193
868906,14.35,134,9280,193
868907,10.25,134,9030,193
868908,16.8,134,9284,193
868909,13.1,134,9147,193
868910,14.9,134,9153,193
868911,18,134,8962,193
868912,17.95,134,9262,193
868913,13.85,134,9027,193
868914,15.3,134,8992,193
868915,10.45,134,9097,193
868916,17.25,134,9217,193
868917,19.25,134,9171,193
868918,18.15,134,9134,193
868919,16.35,134,9333,193
868920,15.5,134,9011,193
868921,14,134,8993,193
868922,16.5,134,9327,193
868923,16.45,134,9292,193
868924,14.25,134,9168,193
868925,15.5,134,8943,193
868926,16,134,9305,193
868927,13.75,134,9063,193
868928,18.2,134,9093,193
868929,17,134,9166,193
868930,15.05,134,9018,193
868931,15.5,134,9214,193
868932,17,134,9288,193
868933,16.5,134,9151,193
868934,13.85,134,9250,193
868935,14.7,134,9231,193
868936,17.25,134,8944,193
868937,16.95,134,8952,193
868938,13.85,134,8969,193
868939,17,134,9131,193
868940,16.2,134,8976,193
868941,15.25,134,9256,193
868942,14.2,134,9080,193
868943,16.65,134,9321,193
868944,15.65,134,9195,193
868945,16,134,9155,193
868946,12.7,134,9084,193
868947,15.95,134,9235,193
868948,16,134,9052,193
868949,15.95,134,8964,193
868950,16.6,134,9128,193
868951,10.35,134,9104,193
868952,13.85,134,9315,193
868953,18.25,134,9169,193
868954,16.6,134,9199,193
868955,17.2,134,9324,193
868956,15.95,134,9023,193
868957,14.15,134,9044,193
868958,16.15,134,9154,193
868959,16.05,134,9039,193
868960,16.35,134,9086,193
868961,18.25,134,9148,193
868962,16.6,134,9287,193
868963,13.85,134,9312,193
868964,15.25,134,9162,193
868965,17.2,134,9338,193
868966,16.1,134,8947,193
868967,16.2,134,9277,193
868968,14.9,134,9014,193
868969,12.5,134,9065,193
868970,14.85,134,8967,193
868971,14.2,134,9212,193
868972,14.2,134,9046,193
868973,15.15,134,9163,193
868974,18.5,134,9248,193
868975,15.25,134,9263,193
868976,16,134,9276,193
868977,12,134,9140,193
868978,16.8,134,9211,193
868979,16,134,9223,193
868980,16.25,134,9156,193
868981,16.15,134,8957,193
868982,17.25,134,9005,193
868983,16.85,134,9198,193
868984,14.95,134,9149,193
868985,12.25,134,9165,193
868986,16.2,134,9309,193
868987,15.9,134,9193,193
868988,16.5,134,8941,193
868989,14.25,134,9174,193
868990,13.6,134,9062,193
868991,15.25,134,9295,193
868992,18.9,134,9082,193
868993,16.15,134,9233,193
868994,10.95,134,9283,193
868995,17.5,134,9219,193
868996,14.3,134,9300,193
868997,16.5,134,9191,193
868998,17.75,134,9002,193
868999,15.85,134,9040,193
869000,18.25,134,9132,193
869001,16.85,134,9115,193
869002,16.25,134,9187,193
869003,12.7,134,9238,193
869004,18.3,134,9072,193
869005,12.25,134,9102,193
869006,15.8,134,8994,193
869007,18.85,134,9164,193
869008,18.5,134,9218,193
869009,13.85,134,9257,193
869010,16.6,134,9041,193
869011,14.65,134,9006,193
869012,14.45,134,9031,193
869013,11.5,134,9122,193
869014,15.5,134,9085,193
869015,16.85,134,9314,193
869016,17.1,134,9001,193
869017,16.15,134,9303,193
869018,17.2,134,9144,193
869019,12.9,134,9103,193
869020,16.75,134,9254,193
869021,15.85,134,9060,193
869022,15.75,134,9118,193
869023,16.6,134,9229,193
869024,16.75,134,9294,193
869025,11.75,134,9337,193
869026,16,134,9172,193
869027,15.6,134,9111,193
869028,15,134,9299,193
869029,15.85,134,9088,193
869030,16.85,134,9032,193
869031,15.5,134,8956,193
869032,17.85,134,9320,193
869033,15.1,134,9026,193
869034,16.85,134,8971,193
869035,12.1,134,9078,193
869036,15.75,134,8983,193
869037,17.3,134,9232,193
869038,17.85,134,9313,193
869039,18.15,134,9253,193
869040,16.85,134,9176,193
869041,16.25,134,9221,193
869042,15.6,134,8972,193
869043,15.85,134,9336,193
869044,18.5,134,9215,193
869045,14.65,134,9167,193
869046,17.25,134,9298,193
869047,16,134,8996,193
869048,16.3,134,9098,193
869049,16.1,134,9286,193
869050,15.15,134,9112,193
869051,18.75,134,9260,193
869052,16.6,134,9145,193
869053,10.75,134,9123,193
869054,13.9,134,8979,193
869055,17.6,134,9045,193
869056,15.6,134,9240,193
869057,13.8,134,9019,193
869058,15,134,8984,193
869059,17.8,134,9274,193
869060,15.85,134,8965,193
869061,15.2,134,9100,193
869062,14,134,9237,193
869063,12.85,134,9259,193
869064,15.8,134,9058,193
869065,14.6,134,9069,193
869066,17,134,9245,193
869067,15.6,134,9323,193
869068,13.6,134,9089,193
869069,14.45,134,9225,193
869070,15.6,134,9319,193
869071,13.1,134,8991,193
869072,16.25,134,9053,193
869073,17.6,134,9227,193
869074,15.85,134,9249,193
869075,14.2,134,8978,193
869076,15.45,134,8951,193
869077,12.35,134,9234,193
869078,13.5,134,9268,193
869079,14,134,9071,193
869080,17.55,134,9130,193
869081,16.85,134,8982,193
869082,15.35,134,9119,193
869083,16.6,134,9272,193
869084,16.45,134,9074,193
869085,13,134,9194,193
869086,17,134,9064,193
869087,14.85,134,9124,193
869088,16.85,134,8950,193
869089,12.2,134,9067,193
869090,12.35,134,8955,193
869091,14.8,134,9207,193
869092,15.35,134,9137,193
869093,17.5,134,9127,193
869094,13.5,134,9282,193
869095,12.25,134,9181,193
869096,15.85,134,9332,193
869097,16.6,134,9325,193
869098,16.05,134,8953,193
869099,16,134,9186,193
869100,17.55,134,9108,193
869101,18,134,8960,193
869102,12.05,134,9117,193
869103,18.25,134,9173,193
869104,17.8,134,9022,193
869105,15.2,134,9291,193
869106,16.4,134,9125,193
869107,15,134,9178,193
869108,15.5,134,9208,193
869109,15.1,134,8963,193
869110,15.65,134,9033,193
869111,14.85,134,9024,193
869112,14.85,134,9270,193
869113,14.5,134,9340,193
869114,16,134,8989,193
869115,10.85,134,9059,193
869116,15.15,134,9261,193
869117,17.25,134,9306,193
869118,10.45,134,8995,193
869119,16.15,134,9047,193
869120,19,134,9183,193
869121,11.95,134,9273,193
869122,17.7,134,9179,193
869123,16.5,134,9136,193
869124,16.85,134,9289,193
869125,13.95,134,9143,193
869126,18,134,9138,193
869127,18.6,134,9177,193
869128,14.35,134,9302,193
869129,18.9,134,8999,193
869130,13.85,134,9290,193
869131,16.95,134,9146,193
869132,15.95,134,9055,193
869133,15.35,134,8998,193
869134,14.85,134,9070,193
869135,12.75,134,9076,193
869136,16.55,134,9096,193
869137,13.35,134,9150,193
869138,16.6,134,9304,193
869139,12.5,134,9189,193
869140,13.8,134,9188,193
869141,15.55,134,9120,193
869142,15.35,134,9008,193
869143,15.95,134,9107,193
869144,17.6,134,9192,193
869145,15.65,134,9017,193
869146,16.75,134,9206,193
869147,14.5,134,9252,193
869148,16,134,9279,193
869149,18.8,134,9203,193
869150,16.6,134,9092,193
869151,14,134,9278,193
869152,16.65,134,9158,193
869153,17.6,134,9185,193
869154,17.5,134,8980,193
869155,17.6,134,9020,193
869156,14.25,134,9247,193
869157,15.2,134,9061,193
869158,16.25,134,9007,193
869159,17.45,134,9331,193
869160,12,134,9293,193
869161,16.85,134,9322,193
869162,17.35,134,9175,193
869163,15.3,134,9025,193
869164,13.95,134,9016,193
869165,10.9,134,9035,193
869166,14.9,134,9275,193
869167,15.2,134,9113,193
869168,12.95,134,9271,193
869169,16.2,134,9012,193
869170,15.9,134,9028,193
869171,18.05,134,9317,193
869172,16,134,9197,193
869173,15.6,134,9328,193
869174,14.85,134,9330,193
869175,14.95,134,9202,193
869176,15.05,134,8990,193
869177,13.4,134,9000,193
869178,17.05,134,9133,193
869179,17,134,9311,193
869180,15.1,134,8968,193
869181,11.7,134,8949,193
869182,18.1,134,9258,193
869183,15.6,134,9110,193
869184,11.35,134,9226,193
869185,14.5,134,9264,193
869186,16.25,134,9269,193
869187,16.1,134,9079,193
869188,11.8,134,8985,193
869189,16.95,134,9246,193
869190,15.85,134,9050,193
869191,11.9,134,9141,193
869192,13.95,134,9142,193
869193,10.85,134,9049,193
869194,16.15,134,9266,193
869195,15.45,134,9095,193
869196,18.45,134,9255,193
869197,16.75,134,9077,193
869198,12.35,134,9004,193
869199,15.85,134,9042,193
869200,15.25,134,9114,193
869201,15.7,134,9091,193
869202,16.5,134,9196,193
869203,10.1,134,8954,193
869204,16.2,134,8946,193
869205,12.55,134,9075,193
869206,15.45,134,8942,193
869207,13.35,134,9307,193
869208,16.1,134,9126,193
869209,16.2,134,9242,193
869210,18,134,9326,193
869211,18.2,134,9051,193
869212,15.7,134,9068,193
869213,17.85,134,9034,193
869214,14.85,134,9228,193
869215,17.2,134,9200,193
869216,17.9,134,9285,193
869217,17,134,8986,193
869218,17.35,134,9054,193
869219,11.6,134,9281,193
869220,15.6,134,8961,193
869221,15.6,134,9099,193
869222,14.25,134,9013,193
869223,17,134,9105,193
869224,13,134,9038,193
869225,12.2,134,8966,193
869226,17.9,134,9121,193
869227,11.25,134,9139,193
869228,17.3,134,9335,193
869229,18.65,134,9243,193
869230,17.75,134,9213,193
869231,12.05,134,9267,193
869232,16.6,134,8987,193
869233,13.6,134,9236,193
869234,17.45,134,9037,193
869235,16.9,134,9239,193
869236,17.85,134,9036,193
869237,14.85,134,9087,193
869238,16.85,134,8948,193
869239,14.1,134,9201,193
869240,15.8,134,9083,193
869241,15.6,134,9057,193
869242,14.7,135,9204,193
869243,16.55,135,8970,193
869244,15.65,135,8981,193
869245,16.25,135,8973,193
869246,11.85,135,9116,193
869247,15.35,135,8977,193
869248,17.25,135,9160,193
869249,16.95,135,9170,193
869250,12.25,135,9216,193
869251,15.6,135,9316,193
869252,17.2,135,9241,193
869253,17.6,135,9056,193
869254,14.4,135,9073,193
869255,17.85,135,9230,193
869256,16.85,135,9015,193
869257,18.5,135,8945,193
869258,16.85,135,9310,193
869259,17.25,135,9224,193
869260,15.85,135,9010,193
869261,15.85,135,9280,193
869262,12.65,135,9030,193
869263,15.45,135,9284,193
869264,13.25,135,9147,193
869265,17.2,135,9153,193
869266,19,135,8962,193
869267,18.2,135,9262,193
869268,13.65,135,9027,193
869269,15.9,135,8992,193
869270,11.95,135,9097,193
869271,17.25,135,9217,193
869272,18.6,135,9171,193
869273,18.85,135,9134,193
869274,15.95,135,9333,193
869275,16.2,135,9011,193
869276,15.2,135,8993,193
869277,17.1,135,9327,193
869278,16.25,135,9292,193
869279,13.45,135,9168,193
869280,16.35,135,8943,193
869281,16.2,135,9305,193
869282,13.95,135,9063,193
869283,17.35,135,9093,193
869284,17.2,135,9166,193
869285,17,135,9018,193
869286,16.2,135,9214,193
869287,16.7,135,9288,193
869288,17.25,135,9151,193
869289,14.35,135,9250,193
869290,14.6,135,9231,193
869291,18,135,8944,193
869292,17.85,135,8952,193
869293,13.9,135,8969,193
869294,16.9,135,9131,193
869295,17.35,135,8976,193
869296,17.6,135,9256,193
869297,16.35,135,9080,193
869298,17.6,135,9321,193
869299,16.9,135,9195,193
869300,15.6,135,9155,193
869301,13.95,135,9084,193
869302,16.25,135,9235,193
869303,16.95,135,9052,193
869304,18.55,135,8964,193
869305,18.6,135,9128,193
869306,11.45,135,9104,193
869307,14,135,9315,193
869308,17.6,135,9169,193
869309,17,135,9199,193
869310,18.2,135,9324,193
869311,16.95,135,9023,193
869312,15.35,135,9044,193
869313,17.55,135,9154,193
869314,17.6,135,9039,193
869315,17.6,135,9086,193
869316,17.5,135,9148,193
869317,18.5,135,9287,193
869318,15.85,135,9312,193
869319,17.85,135,9162,193
869320,18.6,135,9338,193
869321,15.5,135,8947,193
869322,17.6,135,9277,193
869323,14.2,135,9014,193
869324,14.35,135,9065,193
869325,15.85,135,8967,193
869326,14.85,135,9212,193
869327,15.6,135,9046,193
869328,16.6,135,9163,193
869329,18.85,135,9248,193
869330,17.1,135,9263,193
869331,16.9,135,9276,193
869332,11.85,135,9140,193
869333,18.45,135,9211,193
869334,15.85,135,9223,193
869335,16.25,135,9156,193
869336,16.6,135,8957,193
869337,15.5,135,9005,193
869338,18.25,135,9198,193
869339,14.5,135,9149,193
869340,12.25,135,9165,193
869341,16.6,135,9309,193
869342,17,135,9193,193
869343,17.85,135,8941,193
869344,15.1,135,9174,193
869345,13.2,135,9062,193
869346,16.25,135,9295,193
869347,18.6,135,9082,193
869348,15.85,135,9233,193
869349,11.95,135,9283,193
869350,17.5,135,9219,193
869351,14.95,135,9300,193
869352,17.35,135,9191,193
869353,17,135,9002,193
869354,16.95,135,9040,193
869355,18.6,135,9132,193
869356,15.95,135,9115,193
869357,17.6,135,9187,193
869358,14.2,135,9238,193
869359,17.25,135,9072,193
869360,12.35,135,9102,193
869361,16.6,135,8994,193
869362,17.85,135,9164,193
869363,18.25,135,9218,193
869364,14.25,135,9257,193
869365,17.6,135,9041,193
869366,16.25,135,9006,193
869367,13.9,135,9031,193
869368,11.85,135,9122,193
869369,16.35,135,9085,193
869370,17.25,135,9314,193
869371,16.75,135,9001,193
869372,16.25,135,9303,193
869373,15.85,135,9144,193
869374,12.9,135,9103,193
869375,18.85,135,9254,193
869376,16.6,135,9060,193
869377,15.7,135,9118,193
869378,16.1,135,9229,193
869379,18.5,135,9294,193
869380,12.25,135,9337,193
869381,15.85,135,9172,193
869382,15.25,135,9111,193
869383,16.2,135,9299,193
869384,17.6,135,9088,193
869385,18.25,135,9032,193
869386,16.6,135,8956,193
869387,17.65,135,9320,193
869388,16.5,135,9026,193
869389,17.6,135,8971,193
869390,13.25,135,9078,193
869391,17,135,8983,193
869392,18.45,135,9232,193
869393,18.9,135,9313,193
869394,18.5,135,9253,193
869395,15.35,135,9176,193
869396,15.6,135,9221,193
869397,16.25,135,8972,193
869398,16.95,135,9336,193
869399,18.25,135,9215,193
869400,14.85,135,9167,193
869401,18,135,9298,193
869402,18.2,135,8996,193
869403,15.85,135,9098,193
869404,16.95,135,9286,193
869405,14.6,135,9112,193
869406,19.65,135,9260,193
869407,17.25,135,9145,193
869408,13,135,9123,193
869409,16.2,135,8979,193
869410,16.85,135,9045,193
869411,16.65,135,9240,193
869412,13.9,135,9019,193
869413,16,135,8984,193
869414,18.25,135,9274,193
869415,16.1,135,8965,193
869416,17.25,135,9100,193
869417,14.85,135,9237,193
869418,13.5,135,9259,193
869419,17.25,135,9058,193
869420,15.6,135,9069,193
869421,17.25,135,9245,193
869422,15.85,135,9323,193
869423,14.45,135,9089,193
869424,14.85,135,9225,193
869425,16.7,135,9319,193
869426,13.85,135,8991,193
869427,18.05,135,9053,193
869428,19,135,9227,193
869429,17.15,135,9249,193
869430,16.25,135,8978,193
869431,16.6,135,8951,193
869432,12.65,135,9234,193
869433,14.85,135,9268,193
869434,13.85,135,9071,193
869435,17,135,9130,193
869436,15.85,135,8982,193
869437,16.65,135,9119,193
869438,16.25,135,9272,193
869439,17.6,135,9074,193
869440,13.95,135,9194,193
869441,17.25,135,9064,193
869442,16.3,135,9124,193
869443,16.25,135,8950,193
869444,12.6,135,9067,193
869445,15.3,135,8955,193
869446,14.1,135,9207,193
869447,16.25,135,9137,193
869448,19,135,9127,193
869449,14.45,135,9282,193
869450,13.6,135,9181,193
869451,16.2,135,9332,193
869452,16.6,135,9325,193
869453,16.6,135,8953,193
869454,17.5,135,9186,193
869455,18.25,135,9108,193
869456,17.65,135,8960,193
869457,12.85,135,9117,193
869458,18.6,135,9173,193
869459,19,135,9022,193
869460,16.5,135,9291,193
869461,17.6,135,9125,193
869462,15.95,135,9178,193
869463,16.6,135,9208,193
869464,15.7,135,8963,193
869465,17.2,135,9033,193
869466,16.4,135,9024,193
869467,16.85,135,9270,193
869468,14.6,135,9340,193
869469,15.85,135,8989,193
869470,12.2,135,9059,193
869471,15.85,135,9261,193
869472,17,135,9306,193
869473,11.35,135,8995,193
869474,17.7,135,9047,193
869475,17.45,135,9183,193
869476,12.7,135,9273,193
869477,18.15,135,9179,193
869478,16.2,135,9136,193
869479,17.6,135,9289,193
869480,14.85,135,9143,193
869481,17.9,135,9138,193
869482,18.5,135,9177,193
869483,14.25,135,9302,193
869484,19.35,135,8999,193
869485,14.6,135,9290,193
869486,18.25,135,9146,193
869487,16.5,135,9055,193
869488,15.85,135,8998,193
869489,16.95,135,9070,193
869490,14.4,135,9076,193
869491,18.8,135,9096,193
869492,15.85,135,9150,193
869493,17.95,135,9304,193
869494,14.25,135,9189,193
869495,13.85,135,9188,193
869496,15.85,135,9120,193
869497,14.6,135,9008,193
869498,15.95,135,9107,193
869499,17.65,135,9192,193
869500,15.85,135,9017,193
869501,18.4,135,9206,193
869502,15.95,135,9252,193
869503,15.9,135,9279,193
869504,18.9,135,9203,193
869505,17.85,135,9092,193
869506,15.25,135,9278,193
869507,17.6,135,9158,193
869508,16.85,135,9185,193
869509,19,135,8980,193
869510,18.6,135,9020,193
869511,15.6,135,9247,193
869512,16.85,135,9061,193
869513,15.6,135,9007,193
869514,17.65,135,9331,193
869515,11.6,135,9293,193
869516,17.6,135,9322,193
869517,18,135,9175,193
869518,16.85,135,9025,193
869519,16.35,135,9016,193
869520,12.25,135,9035,193
869521,15.85,135,9275,193
869522,15.85,135,9113,193
869523,13.65,135,9271,193
869524,16.35,135,9012,193
869525,17.6,135,9028,193
869526,18.6,135,9317,193
869527,17.2,135,9197,193
869528,15.85,135,9328,193
869529,16.85,135,9330,193
869530,17.15,135,9202,193
869531,15,135,8990,193
869532,14.2,135,9000,193
869533,18.85,135,9133,193
869534,17.05,135,9311,193
869535,15.7,135,8968,193
869536,11.6,135,8949,193
869537,19.4,135,9258,193
869538,16.25,135,9110,193
869539,12.1,135,9226,193
869540,15.35,135,9264,193
869541,15.85,135,9269,193
869542,16.35,135,9079,193
869543,11.85,135,8985,193
869544,17.45,135,9246,193
869545,16.35,135,9050,193
869546,12.2,135,9141,193
869547,14.85,135,9142,193
869548,11.85,135,9049,193
869549,17.6,135,9266,193
869550,15.6,135,9095,193
869551,17.85,135,9255,193
869552,15.5,135,9077,193
869553,11.85,135,9004,193
869554,15.45,135,9042,193
869555,16.25,135,9114,193
869556,15.6,135,9091,193
869557,17.25,135,9196,193
869558,10.45,135,8954,193
869559,16.45,135,8946,193
869560,14.5,135,9075,193
869561,16.5,135,8942,193
869562,15.25,135,9307,193
869563,17.1,135,9126,193
869564,17.6,135,9242,193
869565,19.2,135,9326,193
869566,18.85,135,9051,193
869567,17.65,135,9068,193
869568,18.55,135,9034,193
869569,16.9,135,9228,193
869570,17.25,135,9200,193
869571,18,135,9285,193
869572,17.85,135,8986,193
869573,17.25,135,9054,193
869574,12.35,135,9281,193
869575,16.85,135,8961,193
869576,16.85,135,9099,193
869577,15.6,135,9013,193
869578,18.25,135,9105,193
869579,11.85,135,9038,193
869580,13.25,135,8966,193
869581,19.2,135,9121,193
869582,13.25,135,9139,193
869583,19.2,135,9335,193
869584,19.6,135,9243,193
869585,17.95,135,9213,193
869586,12.1,135,9267,193
869587,16.6,135,8987,193
869588,13.85,135,9236,193
869589,17.95,135,9037,193
869590,16.2,135,9239,193
869591,17.25,135,9036,193
869592,15.25,135,9087,193
869593,15.35,135,8948,193
869594,16.5,135,9201,193
869595,16.5,135,9083,193
869596,15.6,135,9057,193
869597,15.2,136,9204,193
869598,15,136,8970,193
869599,14.6,136,8981,193
869600,15.1,136,8973,193
869601,10.1,136,9116,193
869602,16,136,8977,193
869603,18.2,136,9160,193
869604,15.4,136,9170,193
869605,10.95,136,9216,193
869606,13.65,136,9316,193
869607,14.95,136,9241,193
869608,17.85,136,9056,193
869609,13.25,136,9073,193
869610,18.1,136,9230,193
869611,17.25,136,9015,193
869612,17.35,136,8945,193
869613,15.35,136,9310,193
869614,15.95,136,9224,193
869615,13.7,136,9010,193
869616,14.6,136,9280,193
869617,8.85,136,9030,193
869618,15.35,136,9284,193
869619,11.6,136,9147,193
869620,15,136,9153,193
869621,18.1,136,8962,193
869622,17.35,136,9262,193
869623,12.95,136,9027,193
869624,14.15,136,8992,193
869625,10.5,136,9097,193
869626,16.1,136,9217,193
869627,17.35,136,9171,193
869628,18.1,136,9134,193
869629,15.95,136,9333,193
869630,14.65,136,9011,193
869631,13.3,136,8993,193
869632,17.2,136,9327,193
869633,15.6,136,9292,193
869634,14,136,9168,193
869635,16.25,136,8943,193
869636,15.4,136,9305,193
869637,11.85,136,9063,193
869638,16.9,136,9093,193
869639,17.2,136,9166,193
869640,15,136,9018,193
869641,16.25,136,9214,193
869642,16.95,136,9288,193
869643,16,136,9151,193
869644,13.15,136,9250,193
869645,12.85,136,9231,193
869646,16.25,136,8944,193
869647,16.9,136,8952,193
869648,11.65,136,8969,193
869649,14.5,136,9131,193
869650,15,136,8976,193
869651,17.25,136,9256,193
869652,14.1,136,9080,193
869653,18.25,136,9321,193
869654,13.5,136,9195,193
869655,16.35,136,9155,193
869656,12.1,136,9084,193
869657,14.9,136,9235,193
869658,15.5,136,9052,193
869659,16.25,136,8964,193
869660,16.95,136,9128,193
869661,10,136,9104,193
869662,12.75,136,9315,193
869663,17.2,136,9169,193
869664,15.85,136,9199,193
869665,16.15,136,9324,193
869666,16.4,136,9023,193
869667,13.7,136,9044,193
869668,18,136,9154,193
869669,14.85,136,9039,193
869670,17.2,136,9086,193
869671,16.7,136,9148,193
869672,18.5,136,9287,193
869673,14.2,136,9312,193
869674,16.2,136,9162,193
869675,17.7,136,9338,193
869676,13.95,136,8947,193
869677,16.85,136,9277,193
869678,15.6,136,9014,193
869679,13.6,136,9065,193
869680,16.4,136,8967,193
869681,15.25,136,9212,193
869682,16.35,136,9046,193
869683,14.45,136,9163,193
869684,15.4,136,9248,193
869685,15.8,136,9263,193
869686,15,136,9276,193
869687,11.2,136,9140,193
869688,18.05,136,9211,193
869689,15.9,136,9223,193
869690,14.9,136,9156,193
869691,15.8,136,8957,193
869692,16.05,136,9005,193
869693,16.5,136,9198,193
869694,15.55,136,9149,193
869695,11.6,136,9165,193
869696,15.4,136,9309,193
869697,15,136,9193,193
869698,14.8,136,8941,193
869699,14.05,136,9174,193
869700,11.85,136,9062,193
869701,14.45,136,9295,193
869702,17.1,136,9082,193
869703,16.55,136,9233,193
869704,10.25,136,9283,193
869705,16.65,136,9219,193
869706,12.6,136,9300,193
869707,16.95,136,9191,193
869708,17.2,136,9002,193
869709,16.6,136,9040,193
869710,16.4,136,9132,193
869711,17,136,9115,193
869712,15.35,136,9187,193
869713,13.6,136,9238,193
869714,18.1,136,9072,193
869715,10.85,136,9102,193
869716,16.6,136,8994,193
869717,16.25,136,9164,193
869718,17.25,136,9218,193
869719,13.6,136,9257,193
869720,17,136,9041,193
869721,15.75,136,9006,193
869722,12.75,136,9031,193
869723,11.25,136,9122,193
869724,15.8,136,9085,193
869725,16.15,136,9314,193
869726,15.85,136,9001,193
869727,15.85,136,9303,193
869728,15.7,136,9144,193
869729,10.85,136,9103,193
869730,16.5,136,9254,193
869731,16.3,136,9060,193
869732,16.05,136,9118,193
869733,14.65,136,9229,193
869734,17.4,136,9294,193
869735,9.55,136,9337,193
869736,16.65,136,9172,193
869737,14.25,136,9111,193
869738,14.75,136,9299,193
869739,15.9,136,9088,193
869740,17.8,136,9032,193
869741,16,136,8956,193
869742,18,136,9320,193
869743,14.6,136,9026,193
869744,17.7,136,8971,193
869745,13.9,136,9078,193
869746,15.6,136,8983,193
869747,18.6,136,9232,193
869748,16.35,136,9313,193
869749,17.85,136,9253,193
869750,15.2,136,9176,193
869751,14.85,136,9221,193
869752,16.25,136,8972,193
869753,15.5,136,9336,193
869754,17.5,136,9215,193
869755,14.45,136,9167,193
869756,17.05,136,9298,193
869757,15.45,136,8996,193
869758,16.1,136,9098,193
869759,15.9,136,9286,193
869760,15.25,136,9112,193
869761,16.85,136,9260,193
869762,15,136,9145,193
869763,11.6,136,9123,193
869764,14.2,136,8979,193
869765,17.25,136,9045,193
869766,14.6,136,9240,193
869767,14,136,9019,193
869768,14.3,136,8984,193
869769,16,136,9274,193
869770,15.85,136,8965,193
869771,15.7,136,9100,193
869772,13.2,136,9237,193
869773,13.5,136,9259,193
869774,17.25,136,9058,193
869775,14.4,136,9069,193
869776,15.1,136,9245,193
869777,14.65,136,9323,193
869778,13.7,136,9089,193
869779,13.6,136,9225,193
869780,14.6,136,9319,193
869781,13.15,136,8991,193
869782,17.6,136,9053,193
869783,16.85,136,9227,193
869784,15.5,136,9249,193
869785,13.5,136,8978,193
869786,14.5,136,8951,193
869787,12.2,136,9234,193
869788,13.7,136,9268,193
869789,11.5,136,9071,193
869790,16.75,136,9130,193
869791,14.35,136,8982,193
869792,15.4,136,9119,193
869793,16.6,136,9272,193
869794,15.05,136,9074,193
869795,11.7,136,9194,193
869796,15.6,136,9064,193
869797,15.65,136,9124,193
869798,16.1,136,8950,193
869799,12.65,136,9067,193
869800,12.8,136,8955,193
869801,13.8,136,9207,193
869802,15.3,136,9137,193
869803,18.25,136,9127,193
869804,13.25,136,9282,193
869805,11.15,136,9181,193
869806,16.65,136,9332,193
869807,16,136,9325,193
869808,16.85,136,8953,193
869809,15.15,136,9186,193
869810,15.2,136,9108,193
869811,15.2,136,8960,193
869812,12.45,136,9117,193
869813,16.95,136,9173,193
869814,16.35,136,9022,193
869815,15,136,9291,193
869816,15.9,136,9125,193
869817,15,136,9178,193
869818,14.55,136,9208,193
869819,15,136,8963,193
869820,14.5,136,9033,193
869821,15.75,136,9024,193
869822,14.85,136,9270,193
869823,16.1,136,9340,193
869824,14.6,136,8989,193
869825,11.35,136,9059,193
869826,15.2,136,9261,193
869827,16.25,136,9306,193
869828,10.1,136,8995,193
869829,15.35,136,9047,193
869830,15.5,136,9183,193
869831,11.9,136,9273,193
869832,16.5,136,9179,193
869833,16.2,136,9136,193
869834,18,136,9289,193
869835,15.35,136,9143,193
869836,15.55,136,9138,193
869837,17.05,136,9177,193
869838,13.3,136,9302,193
869839,16.8,136,8999,193
869840,12.75,136,9290,193
869841,16,136,9146,193
869842,16.25,136,9055,193
869843,14.6,136,8998,193
869844,16.35,136,9070,193
869845,12.85,136,9076,193
869846,17.2,136,9096,193
869847,14.85,136,9150,193
869848,16.9,136,9304,193
869849,13.6,136,9189,193
869850,14.6,136,9188,193
869851,15.25,136,9120,193
869852,15.35,136,9008,193
869853,15.25,136,9107,193
869854,17.2,136,9192,193
869855,14.55,136,9017,193
869856,16.3,136,9206,193
869857,16.6,136,9252,193
869858,15.1,136,9279,193
869859,18.1,136,9203,193
869860,16.4,136,9092,193
869861,14.4,136,9278,193
869862,15.2,136,9158,193
869863,16.65,136,9185,193
869864,18.4,136,8980,193
869865,17.75,136,9020,193
869866,13.6,136,9247,193
869867,15.35,136,9061,193
869868,15.2,136,9007,193
869869,16.85,136,9331,193
869870,11.6,136,9293,193
869871,17.2,136,9322,193
869872,17.45,136,9175,193
869873,15.95,136,9025,193
869874,16.1,136,9016,193
869875,11.9,136,9035,193
869876,14.5,136,9275,193
869877,16.25,136,9113,193
869878,13.05,136,9271,193
869879,15.55,136,9012,193
869880,17.35,136,9028,193
869881,17.45,136,9317,193
869882,16.75,136,9197,193
869883,14.85,136,9328,193
869884,16,136,9330,193
869885,14.25,136,9202,193
869886,16.65,136,8990,193
869887,11.85,136,9000,193
869888,17.3,136,9133,193
869889,17,136,9311,193
869890,14.2,136,8968,193
869891,9.75,136,8949,193
869892,17.1,136,9258,193
869893,16,136,9110,193
869894,10.95,136,9226,193
869895,13.2,136,9264,193
869896,14.6,136,9269,193
869897,16.3,136,9079,193
869898,12.2,136,8985,193
869899,16.25,136,9246,193
869900,15.6,136,9050,193
869901,11.6,136,9141,193
869902,12.85,136,9142,193
869903,11.45,136,9049,193
869904,16.15,136,9266,193
869905,15.95,136,9095,193
869906,17.95,136,9255,193
869907,15.85,136,9077,193
869908,13.5,136,9004,193
869909,15.5,136,9042,193
869910,16.4,136,9114,193
869911,15.3,136,9091,193
869912,16.2,136,9196,193
869913,11.15,136,8954,193
869914,16.95,136,8946,193
869915,13.6,136,9075,193
869916,15.3,136,8942,193
869917,14,136,9307,193
869918,15.6,136,9126,193
869919,16.25,136,9242,193
869920,17.7,136,9326,193
869921,17.9,136,9051,193
869922,16.25,136,9068,193
869923,17.7,136,9034,193
869924,15.6,136,9228,193
869925,16.3,136,9200,193
869926,16.35,136,9285,193
869927,17.25,136,8986,193
869928,15.6,136,9054,193
869929,11.05,136,9281,193
869930,14.45,136,8961,193
869931,17.6,136,9099,193
869932,13.9,136,9013,193
869933,18.1,136,9105,193
869934,12.6,136,9038,193
869935,12.6,136,8966,193
869936,17.6,136,9121,193
869937,12.15,136,9139,193
869938,18.2,136,9335,193
869939,18.95,136,9243,193
869940,17.25,136,9213,193
869941,12.6,136,9267,193
869942,17.25,136,8987,193
869943,13.45,136,9236,193
869944,18.6,136,9037,193
869945,16.25,136,9239,193
869946,15.5,136,9036,193
869947,14.3,136,9087,193
869948,15.6,136,8948,193
869949,15.5,136,9201,193
869950,15.6,136,9083,193
869951,15.6,136,9057,193
869952,17.35,137,9204,193
869953,18.6,137,8970,193
869954,16.85,137,8981,193
869955,17.6,137,8973,193
869956,13.35,137,9116,193
869957,16.85,137,8977,193
869958,19.6,137,9160,193
869959,18,137,9170,193
869960,13.6,137,9216,193
869961,16.25,137,9316,193
869962,17,137,9241,193
869963,19.6,137,9056,193
869964,15.2,137,9073,193
869965,20,137,9230,193
869966,18.45,137,9015,193
869967,19.6,137,8945,193
869968,17.6,137,9310,193
869969,19,137,9224,193
869970,17.6,137,9010,193
869971,17.25,137,9280,193
869972,13.85,137,9030,193
869973,17.25,137,9284,193
869974,14.6,137,9147,193
869975,18.25,137,9153,193
869976,20,137,8962,193
869977,20,137,9262,193
869978,14.65,137,9027,193
869979,17.25,137,8992,193
869980,12.6,137,9097,193
869981,18,137,9217,193
869982,19.6,137,9171,193
869983,20,137,9134,193
869984,18.65,137,9333,193
869985,18.85,137,9011,193
869986,16.85,137,8993,193
869987,19.6,137,9327,193
869988,17.85,137,9292,193
869989,15.6,137,9168,193
869990,19.25,137,8943,193
869991,18.65,137,9305,193
869992,15.6,137,9063,193
869993,19.6,137,9093,193
869994,20,137,9166,193
869995,17.85,137,9018,193
869996,17.95,137,9214,193
869997,18.85,137,9288,193
869998,19.25,137,9151,193
869999,16.25,137,9250,193
870000,15.2,137,9231,193
870001,18.85,137,8944,193
870002,18.45,137,8952,193
870003,15.9,137,8969,193
870004,18.85,137,9131,193
870005,18.25,137,8976,193
870006,19.25,137,9256,193
870007,17.85,137,9080,193
870008,19.6,137,9321,193
870009,17,137,9195,193
870010,18,137,9155,193
870011,16.25,137,9084,193
870012,17.85,137,9235,193
870013,18,137,9052,193
870014,20,137,8964,193
870015,19.65,137,9128,193
870016,14.2,137,9104,193
870017,15.35,137,9315,193
870018,19.25,137,9169,193
870019,19.2,137,9199,193
870020,18.25,137,9324,193
870021,19.6,137,9023,193
870022,17.6,137,9044,193
870023,18.6,137,9154,193
870024,18.6,137,9039,193
870025,19,137,9086,193
870026,17.85,137,9148,193
870027,20,137,9287,193
870028,16.2,137,9312,193
870029,19.25,137,9162,193
870030,20,137,9338,193
870031,17.2,137,8947,193
870032,19.65,137,9277,193
870033,15.85,137,9014,193
870034,15.6,137,9065,193
870035,17.25,137,8967,193
870036,17,137,9212,193
870037,18,137,9046,193
870038,17.85,137,9163,193
870039,19.6,137,9248,193
870040,19,137,9263,193
870041,19,137,9276,193
870042,13.2,137,9140,193
870043,19.2,137,9211,193
870044,17.85,137,9223,193
870045,17.25,137,9156,193
870046,17.85,137,8957,193
870047,18,137,9005,193
870048,19.6,137,9198,193
870049,17.85,137,9149,193
870050,13.85,137,9165,193
870051,17.5,137,9309,193
870052,18.25,137,9193,193
870053,18.2,137,8941,193
870054,16.25,137,9174,193
870055,15.5,137,9062,193
870056,17.25,137,9295,193
870057,19.6,137,9082,193
870058,17.6,137,9233,193
870059,14.6,137,9283,193
870060,19.25,137,9219,193
870061,16.6,137,9300,193
870062,18.85,137,9191,193
870063,19,137,9002,193
870064,19.25,137,9040,193
870065,20,137,9132,193
870066,18,137,9115,193
870067,18.25,137,9187,193
870068,15.6,137,9238,193
870069,19.6,137,9072,193
870070,13.85,137,9102,193
870071,18.2,137,8994,193
870072,20,137,9164,193
870073,18.95,137,9218,193
870074,17,137,9257,193
870075,20,137,9041,193
870076,17.65,137,9006,193
870077,16.25,137,9031,193
870078,13.25,137,9122,193
870079,17.6,137,9085,193
870080,19.6,137,9314,193
870081,17.6,137,9001,193
870082,17.85,137,9303,193
870083,18.6,137,9144,193
870084,14.85,137,9103,193
870085,19.2,137,9254,193
870086,17.25,137,9060,193
870087,18.85,137,9118,193
870088,18.6,137,9229,193
870089,20,137,9294,193
870090,13.25,137,9337,193
870091,17.25,137,9172,193
870092,16.95,137,9111,193
870093,17.85,137,9299,193
870094,19,137,9088,193
870095,19.6,137,9032,193
870096,17.85,137,8956,193
870097,19.6,137,9320,193
870098,18.25,137,9026,193
870099,18.85,137,8971,193
870100,15.95,137,9078,193
870101,17.2,137,8983,193
870102,20,137,9232,193
870103,19.6,137,9313,193
870104,20,137,9253,193
870105,18.6,137,9176,193
870106,17.25,137,9221,193
870107,19.65,137,8972,193
870108,18.85,137,9336,193
870109,20,137,9215,193
870110,15.95,137,9167,193
870111,18.25,137,9298,193
870112,17.65,137,8996,193
870113,18.6,137,9098,193
870114,19.2,137,9286,193
870115,17.25,137,9112,193
870116,20,137,9260,193
870117,17.25,137,9145,193
870118,13.85,137,9123,193
870119,17.6,137,8979,193
870120,18.5,137,9045,193
870121,17.2,137,9240,193
870122,17,137,9019,193
870123,16.2,137,8984,193
870124,18,137,9274,193
870125,18.85,137,8965,193
870126,18.2,137,9100,193
870127,16.85,137,9237,193
870128,15.5,137,9259,193
870129,19.35,137,9058,193
870130,16.6,137,9069,193
870131,17.6,137,9245,193
870132,17.9,137,9323,193
870133,16.2,137,9089,193
870134,16.85,137,9225,193
870135,16.45,137,9319,193
870136,15.2,137,8991,193
870137,20,137,9053,193
870138,19.6,137,9227,193
870139,18.25,137,9249,193
870140,16.6,137,8978,193
870141,18,137,8951,193
870142,13.5,137,9234,193
870143,15.25,137,9268,193
870144,15.35,137,9071,193
870145,18.25,137,9130,193
870146,17.25,137,8982,193
870147,17.2,137,9119,193
870148,17.6,137,9272,193
870149,18.25,137,9074,193
870150,13.6,137,9194,193
870151,19,137,9064,193
870152,17.2,137,9124,193
870153,19.25,137,8950,193
870154,14,137,9067,193
870155,14.85,137,8955,193
870156,16,137,9207,193
870157,18.2,137,9137,193
870158,19.6,137,9127,193
870159,16.6,137,9282,193
870160,13.85,137,9181,193
870161,18.05,137,9332,193
870162,18.6,137,9325,193
870163,18.6,137,8953,193
870164,17.85,137,9186,193
870165,18.6,137,9108,193
870166,20,137,8960,193
870167,15.45,137,9117,193
870168,20,137,9173,193
870169,20,137,9022,193
870170,18.6,137,9291,193
870171,17.2,137,9125,193
870172,17.35,137,9178,193
870173,17.2,137,9208,193
870174,17.35,137,8963,193
870175,17.6,137,9033,193
870176,18.6,137,9024,193
870177,17.85,137,9270,193
870178,17.5,137,9340,193
870179,17.25,137,8989,193
870180,13.6,137,9059,193
870181,17.6,137,9261,193
870182,18.6,137,9306,193
870183,13.85,137,8995,193
870184,17.2,137,9047,193
870185,19,137,9183,193
870186,14.85,137,9273,193
870187,20,137,9179,193
870188,17.6,137,9136,193
870189,20,137,9289,193
870190,16.85,137,9143,193
870191,19.2,137,9138,193
870192,18.25,137,9177,193
870193,14.6,137,9302,193
870194,20,137,8999,193
870195,15.25,137,9290,193
870196,17.95,137,9146,193
870197,18,137,9055,193
870198,17.85,137,8998,193
870199,18.6,137,9070,193
870200,14.6,137,9076,193
870201,19.6,137,9096,193
870202,15.95,137,9150,193
870203,19.25,137,9304,193
870204,16.85,137,9189,193
870205,16.6,137,9188,193
870206,17.2,137,9120,193
870207,18,137,9008,193
870208,17.25,137,9107,193
870209,19.2,137,9192,193
870210,17.5,137,9017,193
870211,19.6,137,9206,193
870212,16.6,137,9252,193
870213,17.15,137,9279,193
870214,20,137,9203,193
870215,18.85,137,9092,193
870216,17.35,137,9278,193
870217,17.6,137,9158,193
870218,19.6,137,9185,193
870219,19.6,137,8980,193
870220,18.85,137,9020,193
870221,17,137,9247,193
870222,17.25,137,9061,193
870223,18.85,137,9007,193
870224,20,137,9331,193
870225,14.2,137,9293,193
870226,18.75,137,9322,193
870227,19,137,9175,193
870228,18.25,137,9025,193
870229,18.25,137,9016,193
870230,13.6,137,9035,193
870231,18,137,9275,193
870232,17.85,137,9113,193
870233,14.25,137,9271,193
870234,18,137,9012,193
870235,18.25,137,9028,193
870236,19.2,137,9317,193
870237,18.85,137,9197,193
870238,18.85,137,9328,193
870239,18.25,137,9330,193
870240,17,137,9202,193
870241,17.6,137,8990,193
870242,15,137,9000,193
870243,19,137,9133,193
870244,19,137,9311,193
870245,17.5,137,8968,193
870246,12.85,137,8949,193
870247,19.25,137,9258,193
870248,18.2,137,9110,193
870249,13.6,137,9226,193
870250,17.6,137,9264,193
870251,16.6,137,9269,193
870252,17.25,137,9079,193
870253,14.6,137,8985,193
870254,19.6,137,9246,193
870255,16.85,137,9050,193
870256,14.35,137,9141,193
870257,15.6,137,9142,193
870258,13.85,137,9049,193
870259,18.95,137,9266,193
870260,16.85,137,9095,193
870261,19.6,137,9255,193
870262,17.5,137,9077,193
870263,13.85,137,9004,193
870264,16.85,137,9042,193
870265,18.6,137,9114,193
870266,17.6,137,9091,193
870267,18.75,137,9196,193
870268,12.6,137,8954,193
870269,18.85,137,8946,193
870270,14.85,137,9075,193
870271,17.85,137,8942,193
870272,16.25,137,9307,193
870273,17.85,137,9126,193
870274,18,137,9242,193
870275,19.6,137,9326,193
870276,19.6,137,9051,193
870277,19.25,137,9068,193
870278,19.6,137,9034,193
870279,17.6,137,9228,193
870280,18.25,137,9200,193
870281,20,137,9285,193
870282,18.85,137,8986,193
870283,18.2,137,9054,193
870284,13.6,137,9281,193
870285,18.6,137,8961,193
870286,19,137,9099,193
870287,16.1,137,9013,193
870288,19.6,137,9105,193
870289,14.6,137,9038,193
870290,13.85,137,8966,193
870291,19.2,137,9121,193
870292,14.85,137,9139,193
870293,20,137,9335,193
870294,20,137,9243,193
870295,18.6,137,9213,193
870296,15,137,9267,193
870297,18.65,137,8987,193
870298,16.6,137,9236,193
870299,19.6,137,9037,193
870300,18,137,9239,193
870301,18.85,137,9036,193
870302,16.6,137,9087,193
870303,17.6,137,8948,193
870304,17.85,137,9201,193
870305,17.6,137,9083,193
870306,18.25,137,9057,193
870307,16.6,138,9204,193
870308,17.25,138,8970,193
870309,17.35,138,8981,193
870310,17.25,138,8973,193
870311,12.9,138,9116,193
870312,16.35,138,8977,193
870313,17.95,138,9160,193
870314,17.75,138,9170,193
870315,14,138,9216,193
870316,17.85,138,9316,193
870317,16.25,138,9241,193
870318,18.25,138,9056,193
870319,14.6,138,9073,193
870320,19.25,138,9230,193
870321,18.5,138,9015,193
870322,18.65,138,8945,193
870323,17,138,9310,193
870324,17.25,138,9224,193
870325,16.6,138,9010,193
870326,16.85,138,9280,193
870327,13.65,138,9030,193
870328,18.2,138,9284,193
870329,15.2,138,9147,193
870330,17.6,138,9153,193
870331,20,138,8962,193
870332,19.6,138,9262,193
870333,14.25,138,9027,193
870334,16.6,138,8992,193
870335,13,138,9097,193
870336,18,138,9217,193
870337,18.7,138,9171,193
870338,18.95,138,9134,193
870339,17,138,9333,193
870340,16.6,138,9011,193
870341,15.85,138,8993,193
870342,18.65,138,9327,193
870343,17.25,138,9292,193
870344,16.2,138,9168,193
870345,18.6,138,8943,193
870346,18,138,9305,193
870347,15.45,138,9063,193
870348,18.85,138,9093,193
870349,19.6,138,9166,193
870350,17.6,138,9018,193
870351,17.85,138,9214,193
870352,18.25,138,9288,193
870353,18.4,138,9151,193
870354,16.9,138,9250,193
870355,14.6,138,9231,193
870356,19,138,8944,193
870357,18.2,138,8952,193
870358,15.1,138,8969,193
870359,18.25,138,9131,193
870360,16.85,138,8976,193
870361,18.6,138,9256,193
870362,17.25,138,9080,193
870363,18.85,138,9321,193
870364,18.25,138,9195,193
870365,17.85,138,9155,193
870366,14.6,138,9084,193
870367,17.5,138,9235,193
870368,17.6,138,9052,193
870369,18.45,138,8964,193
870370,18.6,138,9128,193
870371,12.6,138,9104,193
870372,16,138,9315,193
870373,19.25,138,9169,193
870374,17.75,138,9199,193
870375,18.35,138,9324,193
870376,18.6,138,9023,193
870377,16.5,138,9044,193
870378,19.2,138,9154,193
870379,18,138,9039,193
870380,18.35,138,9086,193
870381,17.45,138,9148,193
870382,19.6,138,9287,193
870383,16.65,138,9312,193
870384,19.2,138,9162,193
870385,17.85,138,9338,193
870386,18,138,8947,193
870387,18.95,138,9277,193
870388,16.25,138,9014,193
870389,15.25,138,9065,193
870390,16.6,138,8967,193
870391,16.2,138,9212,193
870392,18.6,138,9046,193
870393,17.6,138,9163,193
870394,18.5,138,9248,193
870395,17.25,138,9263,193
870396,17.6,138,9276,193
870397,12.5,138,9140,193
870398,20,138,9211,193
870399,16.85,138,9223,193
870400,16.5,138,9156,193
870401,18.6,138,8957,193
870402,18,138,9005,193
870403,18.25,138,9198,193
870404,16.95,138,9149,193
870405,13.5,138,9165,193
870406,16.6,138,9309,193
870407,16.85,138,9193,193
870408,18.85,138,8941,193
870409,16.6,138,9174,193
870410,14.6,138,9062,193
870411,16.9,138,9295,193
870412,20,138,9082,193
870413,18.25,138,9233,193
870414,14,138,9283,193
870415,18.45,138,9219,193
870416,14.5,138,9300,193
870417,19,138,9191,193
870418,17.85,138,9002,193
870419,18.2,138,9040,193
870420,19.4,138,9132,193
870421,18.6,138,9115,193
870422,19.25,138,9187,193
870423,14.85,138,9238,193
870424,18.6,138,9072,193
870425,12.85,138,9102,193
870426,17.75,138,8994,193
870427,19.6,138,9164,193
870428,18.6,138,9218,193
870429,14.85,138,9257,193
870430,18.85,138,9041,193
870431,17.75,138,9006,193
870432,15.6,138,9031,193
870433,13,138,9122,193
870434,17.85,138,9085,193
870435,19.35,138,9314,193
870436,17.25,138,9001,193
870437,18.1,138,9303,193
870438,17.6,138,9144,193
870439,14.35,138,9103,193
870440,17.85,138,9254,193
870441,18.2,138,9060,193
870442,18.1,138,9118,193
870443,17.6,138,9229,193
870444,19.65,138,9294,193
870445,11.45,138,9337,193
870446,18.25,138,9172,193
870447,16.25,138,9111,193
870448,17.65,138,9299,193
870449,17,138,9088,193
870450,18.8,138,9032,193
870451,16.8,138,8956,193
870452,20,138,9320,193
870453,16.45,138,9026,193
870454,19.6,138,8971,193
870455,15,138,9078,193
870456,16.2,138,8983,193
870457,19.6,138,9232,193
870458,20,138,9313,193
870459,19.25,138,9253,193
870460,17,138,9176,193
870461,15.95,138,9221,193
870462,18.5,138,8972,193
870463,17.35,138,9336,193
870464,18.85,138,9215,193
870465,15.6,138,9167,193
870466,17.65,138,9298,193
870467,17.85,138,8996,193
870468,18.65,138,9098,193
870469,17.2,138,9286,193
870470,16.85,138,9112,193
870471,19.2,138,9260,193
870472,16.6,138,9145,193
870473,14.2,138,9123,193
870474,15.35,138,8979,193
870475,18.85,138,9045,193
870476,15.85,138,9240,193
870477,16.45,138,9019,193
870478,16,138,8984,193
870479,17.85,138,9274,193
870480,17.6,138,8965,193
870481,17.85,138,9100,193
870482,15.6,138,9237,193
870483,13.85,138,9259,193
870484,18.2,138,9058,193
870485,15.85,138,9069,193
870486,17.6,138,9245,193
870487,16.6,138,9323,193
870488,15.6,138,9089,193
870489,14.45,138,9225,193
870490,17,138,9319,193
870491,15.6,138,8991,193
870492,19.25,138,9053,193
870493,19.6,138,9227,193
870494,17.6,138,9249,193
870495,15.5,138,8978,193
870496,17.25,138,8951,193
870497,13.2,138,9234,193
870498,15.6,138,9268,193
870499,14.95,138,9071,193
870500,18.6,138,9130,193
870501,17.25,138,8982,193
870502,18,138,9119,193
870503,18,138,9272,193
870504,18.85,138,9074,193
870505,14.2,138,9194,193
870506,17.85,138,9064,193
870507,16.85,138,9124,193
870508,18.25,138,8950,193
870509,15,138,9067,193
870510,15.25,138,8955,193
870511,15,138,9207,193
870512,17.85,138,9137,193
870513,20,138,9127,193
870514,14.2,138,9282,193
870515,13.6,138,9181,193
870516,18.35,138,9332,193
870517,18.25,138,9325,193
870518,17.6,138,8953,193
870519,16.6,138,9186,193
870520,18.5,138,9108,193
870521,18.95,138,8960,193
870522,13.45,138,9117,193
870523,19.2,138,9173,193
870524,19.25,138,9022,193
870525,17.2,138,9291,193
870526,17.2,138,9125,193
870527,17.6,138,9178,193
870528,16.65,138,9208,193
870529,16.85,138,8963,193
870530,16.85,138,9033,193
870531,17.25,138,9024,193
870532,17.25,138,9270,193
870533,16.6,138,9340,193
870534,17.25,138,8989,193
870535,13.5,138,9059,193
870536,17.6,138,9261,193
870537,18.6,138,9306,193
870538,12.5,138,8995,193
870539,17.6,138,9047,193
870540,20,138,9183,193
870541,14.5,138,9273,193
870542,18.6,138,9179,193
870543,16.75,138,9136,193
870544,19.6,138,9289,193
870545,15.25,138,9143,193
870546,19.65,138,9138,193
870547,19.6,138,9177,193
870548,14.6,138,9302,193
870549,20,138,8999,193
870550,15.6,138,9290,193
870551,17.6,138,9146,193
870552,17.1,138,9055,193
870553,16.85,138,8998,193
870554,18.25,138,9070,193
870555,14,138,9076,193
870556,18.25,138,9096,193
870557,15.85,138,9150,193
870558,19.25,138,9304,193
870559,15.25,138,9189,193
870560,15.25,138,9188,193
870561,15.85,138,9120,193
870562,16.85,138,9008,193
870563,15.6,138,9107,193
870564,19.6,138,9192,193
870565,16.6,138,9017,193
870566,18.25,138,9206,193
870567,17.6,138,9252,193
870568,16.2,138,9279,193
870569,19.2,138,9203,193
870570,18,138,9092,193
870571,16.6,138,9278,193
870572,18,138,9158,193
870573,19.2,138,9185,193
870574,18.9,138,8980,193
870575,18.85,138,9020,193
870576,15.9,138,9247,193
870577,17.6,138,9061,193
870578,17.35,138,9007,193
870579,19.6,138,9331,193
870580,12,138,9293,193
870581,18.85,138,9322,193
870582,19.25,138,9175,193
870583,17.85,138,9025,193
870584,16.85,138,9016,193
870585,12.85,138,9035,193
870586,16.25,138,9275,193
870587,17.85,138,9113,193
870588,14.85,138,9271,193
870589,17.85,138,9012,193
870590,18.85,138,9028,193
870591,19.25,138,9317,193
870592,17.2,138,9197,193
870593,17.85,138,9328,193
870594,18.35,138,9330,193
870595,17.6,138,9202,193
870596,17.85,138,8990,193
870597,15.25,138,9000,193
870598,19.6,138,9133,193
870599,19.25,138,9311,193
870600,17.6,138,8968,193
870601,13.2,138,8949,193
870602,19.6,138,9258,193
870603,17.25,138,9110,193
870604,13.5,138,9226,193
870605,14.5,138,9264,193
870606,17.85,138,9269,193
870607,18.5,138,9079,193
870608,13.45,138,8985,193
870609,19.25,138,9246,193
870610,17.1,138,9050,193
870611,12.6,138,9141,193
870612,14.6,138,9142,193
870613,12.2,138,9049,193
870614,18.2,138,9266,193
870615,16.2,138,9095,193
870616,18.35,138,9255,193
870617,17.1,138,9077,193
870618,14.6,138,9004,193
870619,17.2,138,9042,193
870620,17.25,138,9114,193
870621,16.6,138,9091,193
870622,18.65,138,9196,193
870623,13.2,138,8954,193
870624,18,138,8946,193
870625,14.2,138,9075,193
870626,16.25,138,8942,193
870627,14.85,138,9307,193
870628,16.85,138,9126,193
870629,18.45,138,9242,193
870630,19.6,138,9326,193
870631,19.4,138,9051,193
870632,18.85,138,9068,193
870633,20,138,9034,193
870634,17.2,138,9228,193
870635,19.25,138,9200,193
870636,18.25,138,9285,193
870637,18,138,8986,193
870638,17.45,138,9054,193
870639,14.35,138,9281,193
870640,17.45,138,8961,193
870641,18.25,138,9099,193
870642,15.8,138,9013,193
870643,20,138,9105,193
870644,13.6,138,9038,193
870645,14.4,138,8966,193
870646,19,138,9121,193
870647,14.65,138,9139,193
870648,19.2,138,9335,193
870649,19.2,138,9243,193
870650,19.6,138,9213,193
870651,13.35,138,9267,193
870652,18.2,138,8987,193
870653,16.25,138,9236,193
870654,20,138,9037,193
870655,17.85,138,9239,193
870656,18.65,138,9036,193
870657,15.6,138,9087,193
870658,17.25,138,8948,193
870659,17.25,138,9201,193
870660,16.7,138,9083,193
870661,17.6,138,9057,193
870662,16.1,139,9204,193
870663,16.8,139,8970,193
870664,15.85,139,8981,193
870665,16,139,8973,193
870666,11.6,139,9116,193
870667,16.9,139,8977,193
870668,17.85,139,9160,193
870669,17.85,139,9170,193
870670,13.6,139,9216,193
870671,15.85,139,9316,193
870672,15.65,139,9241,193
870673,16.95,139,9056,193
870674,14.5,139,9073,193
870675,19.25,139,9230,193
870676,17.1,139,9015,193
870677,18.25,139,8945,193
870678,16.85,139,9310,193
870679,18.2,139,9224,193
870680,16.6,139,9010,193
870681,15.6,139,9280,193
870682,11.15,139,9030,193
870683,16.85,139,9284,193
870684,14.75,139,9147,193
870685,17.6,139,9153,193
870686,18.25,139,8962,193
870687,19.6,139,9262,193
870688,12.6,139,9027,193
870689,16.2,139,8992,193
870690,11.45,139,9097,193
870691,17.7,139,9217,193
870692,19.6,139,9171,193
870693,19,139,9134,193
870694,17.25,139,9333,193
870695,16.25,139,9011,193
870696,16.45,139,8993,193
870697,18,139,9327,193
870698,16.85,139,9292,193
870699,16.25,139,9168,193
870700,17.6,139,8943,193
870701,15.95,139,9305,193
870702,14.8,139,9063,193
870703,18.2,139,9093,193
870704,18.85,139,9166,193
870705,16.85,139,9018,193
870706,18.6,139,9214,193
870707,17,139,9288,193
870708,17.65,139,9151,193
870709,16.2,139,9250,193
870710,15.15,139,9231,193
870711,19.65,139,8944,193
870712,18.25,139,8952,193
870713,13.65,139,8969,193
870714,16.95,139,9131,193
870715,15.85,139,8976,193
870716,18.85,139,9256,193
870717,16.95,139,9080,193
870718,18.85,139,9321,193
870719,16.45,139,9195,193
870720,16.25,139,9155,193
870721,15.35,139,9084,193
870722,15.65,139,9235,193
870723,16.6,139,9052,193
870724,16.85,139,8964,193
870725,19.25,139,9128,193
870726,12.85,139,9104,193
870727,14.65,139,9315,193
870728,19.2,139,9169,193
870729,17.35,139,9199,193
870730,18.6,139,9324,193
870731,17,139,9023,193
870732,15.6,139,9044,193
870733,17.95,139,9154,193
870734,17.5,139,9039,193
870735,16.6,139,9086,193
870736,17.45,139,9148,193
870737,18.25,139,9287,193
870738,15.2,139,9312,193
870739,16.65,139,9162,193
870740,18,139,9338,193
870741,16.1,139,8947,193
870742,18.1,139,9277,193
870743,15.85,139,9014,193
870744,14.85,139,9065,193
870745,17,139,8967,193
870746,16.4,139,9212,193
870747,18.25,139,9046,193
870748,16.6,139,9163,193
870749,18.5,139,9248,193
870750,17.2,139,9263,193
870751,17.45,139,9276,193
870752,12.2,139,9140,193
870753,19,139,9211,193
870754,16.85,139,9223,193
870755,16.4,139,9156,193
870756,17.8,139,8957,193
870757,17.25,139,9005,193
870758,17.65,139,9198,193
870759,15.6,139,9149,193
870760,14.25,139,9165,193
870761,15.85,139,9309,193
870762,16.85,139,9193,193
870763,17.5,139,8941,193
870764,16.6,139,9174,193
870765,14.6,139,9062,193
870766,16.2,139,9295,193
870767,18.2,139,9082,193
870768,17.45,139,9233,193
870769,12.6,139,9283,193
870770,18.95,139,9219,193
870771,14.85,139,9300,193
870772,17.75,139,9191,193
870773,18.25,139,9002,193
870774,17.85,139,9040,193
870775,19.25,139,9132,193
870776,18.6,139,9115,193
870777,18,139,9187,193
870778,13.65,139,9238,193
870779,17.85,139,9072,193
870780,12.85,139,9102,193
870781,18.85,139,8994,193
870782,18.7,139,9164,193
870783,18.85,139,9218,193
870784,14.6,139,9257,193
870785,18.25,139,9041,193
870786,17,139,9006,193
870787,14.1,139,9031,193
870788,11.45,139,9122,193
870789,17.25,139,9085,193
870790,17.85,139,9314,193
870791,17.25,139,9001,193
870792,16.25,139,9303,193
870793,16.25,139,9144,193
870794,12.85,139,9103,193
870795,17.85,139,9254,193
870796,18,139,9060,193
870797,17.4,139,9118,193
870798,17.25,139,9229,193
870799,18.85,139,9294,193
870800,13,139,9337,193
870801,17.7,139,9172,193
870802,15.65,139,9111,193
870803,17.85,139,9299,193
870804,15.6,139,9088,193
870805,18.25,139,9032,193
870806,16.6,139,8956,193
870807,19.2,139,9320,193
870808,16.6,139,9026,193
870809,17.6,139,8971,193
870810,13.85,139,9078,193
870811,16.65,139,8983,193
870812,19.25,139,9232,193
870813,18.65,139,9313,193
870814,17.65,139,9253,193
870815,17.85,139,9176,193
870816,15,139,9221,193
870817,17.25,139,8972,193
870818,17.85,139,9336,193
870819,19,139,9215,193
870820,15.7,139,9167,193
870821,19.25,139,9298,193
870822,17.5,139,8996,193
870823,16.95,139,9098,193
870824,16.6,139,9286,193
870825,16.4,139,9112,193
870826,19.6,139,9260,193
870827,17.6,139,9145,193
870828,13.85,139,9123,193
870829,15.45,139,8979,193
870830,17.95,139,9045,193
870831,15.85,139,9240,193
870832,15.6,139,9019,193
870833,16.9,139,8984,193
870834,18.65,139,9274,193
870835,17.25,139,8965,193
870836,17.35,139,9100,193
870837,14.85,139,9237,193
870838,13.6,139,9259,193
870839,17.7,139,9058,193
870840,15.85,139,9069,193
870841,15.85,139,9245,193
870842,17.5,139,9323,193
870843,15.25,139,9089,193
870844,15.2,139,9225,193
870845,16.95,139,9319,193
870846,14.95,139,8991,193
870847,19.25,139,9053,193
870848,19.65,139,9227,193
870849,17.5,139,9249,193
870850,15.2,139,8978,193
870851,15.85,139,8951,193
870852,13.6,139,9234,193
870853,14.6,139,9268,193
870854,14.9,139,9071,193
870855,18.05,139,9130,193
870856,16.85,139,8982,193
870857,16.9,139,9119,193
870858,17.25,139,9272,193
870859,17.25,139,9074,193
870860,13.1,139,9194,193
870861,17.6,139,9064,193
870862,15.85,139,9124,193
870863,18.5,139,8950,193
870864,14,139,9067,193
870865,14.2,139,8955,193
870866,15.25,139,9207,193
870867,16.25,139,9137,193
870868,19.6,139,9127,193
870869,14.85,139,9282,193
870870,12.45,139,9181,193
870871,17.6,139,9332,193
870872,17.35,139,9325,193
870873,17.65,139,8953,193
870874,17.65,139,9186,193
870875,19.25,139,9108,193
870876,18.25,139,8960,193
870877,13.25,139,9117,193
870878,18.25,139,9173,193
870879,18.65,139,9022,193
870880,17.6,139,9291,193
870881,16.8,139,9125,193
870882,16.35,139,9178,193
870883,15.45,139,9208,193
870884,17,139,8963,193
870885,16.55,139,9033,193
870886,17.75,139,9024,193
870887,16.2,139,9270,193
870888,15.5,139,9340,193
870889,17.65,139,8989,193
870890,12.85,139,9059,193
870891,16.65,139,9261,193
870892,18.35,139,9306,193
870893,12.6,139,8995,193
870894,16.25,139,9047,193
870895,18.85,139,9183,193
870896,12.65,139,9273,193
870897,19.25,139,9179,193
870898,17.1,139,9136,193
870899,18.25,139,9289,193
870900,14.45,139,9143,193
870901,18.5,139,9138,193
870902,18.5,139,9177,193
870903,14.25,139,9302,193
870904,19.6,139,8999,193
870905,14.95,139,9290,193
870906,17.85,139,9146,193
870907,18.1,139,9055,193
870908,16.4,139,8998,193
870909,17.95,139,9070,193
870910,13.6,139,9076,193
870911,18.25,139,9096,193
870912,16.6,139,9150,193
870913,18.6,139,9304,193
870914,13.9,139,9189,193
870915,15,139,9188,193
870916,16.95,139,9120,193
870917,16.25,139,9008,193
870918,15.35,139,9107,193
870919,19.2,139,9192,193
870920,16.85,139,9017,193
870921,19.2,139,9206,193
870922,15.55,139,9252,193
870923,16.3,139,9279,193
870924,19,139,9203,193
870925,17,139,9092,193
870926,15.5,139,9278,193
870927,17.45,139,9158,193
870928,17,139,9185,193
870929,19.2,139,8980,193
870930,18.3,139,9020,193
870931,16,139,9247,193
870932,15.85,139,9061,193
870933,17.25,139,9007,193
870934,18.2,139,9331,193
870935,11.95,139,9293,193
870936,17.25,139,9322,193
870937,19,139,9175,193
870938,16.85,139,9025,193
870939,17.25,139,9016,193
870940,12.2,139,9035,193
870941,16.2,139,9275,193
870942,17.5,139,9113,193
870943,13.4,139,9271,193
870944,17.2,139,9012,193
870945,18.5,139,9028,193
870946,18.35,139,9317,193
870947,18,139,9197,193
870948,16.9,139,9328,193
870949,17.35,139,9330,193
870950,15.6,139,9202,193
870951,17.25,139,8990,193
870952,15.4,139,9000,193
870953,19.6,139,9133,193
870954,18.1,139,9311,193
870955,16.6,139,8968,193
870956,12.25,139,8949,193
870957,18.95,139,9258,193
870958,16.85,139,9110,193
870959,11.25,139,9226,193
870960,14.6,139,9264,193
870961,16.2,139,9269,193
870962,17.6,139,9079,193
870963,12.6,139,8985,193
870964,18.2,139,9246,193
870965,17.25,139,9050,193
870966,13.6,139,9141,193
870967,15.25,139,9142,193
870968,12.4,139,9049,193
870969,17.6,139,9266,193
870970,16.95,139,9095,193
870971,17.85,139,9255,193
870972,17.15,139,9077,193
870973,14.2,139,9004,193
870974,16.6,139,9042,193
870975,17.25,139,9114,193
870976,15.65,139,9091,193
870977,18.2,139,9196,193
870978,12.25,139,8954,193
870979,17.3,139,8946,193
870980,13,139,9075,193
870981,15.85,139,8942,193
870982,15,139,9307,193
870983,16.85,139,9126,193
870984,17.95,139,9242,193
870985,18.8,139,9326,193
870986,20,139,9051,193
870987,17.2,139,9068,193
870988,18.85,139,9034,193
870989,17,139,9228,193
870990,17.25,139,9200,193
870991,17.65,139,9285,193
870992,17.2,139,8986,193
870993,16.25,139,9054,193
870994,13.2,139,9281,193
870995,17.65,139,8961,193
870996,18.2,139,9099,193
870997,14.35,139,9013,193
870998,19.6,139,9105,193
870999,14.25,139,9038,193
871000,12.6,139,8966,193
871001,18.65,139,9121,193
871002,13.85,139,9139,193
871003,18.35,139,9335,193
871004,19.6,139,9243,193
871005,18.6,139,9213,193
871006,13.25,139,9267,193
871007,18.2,139,8987,193
871008,14.85,139,9236,193
871009,20,139,9037,193
871010,17.4,139,9239,193
871011,18.35,139,9036,193
871012,17.05,139,9087,193
871013,16.85,139,8948,193
871014,16.3,139,9201,193
871015,17.85,139,9083,193
871016,16.25,139,9057,193
871017,14.6,132,9204,194
871018,16,132,8970,194
871019,12.95,132,8981,194
871020,14.7,132,8973,194
871021,11.2,132,9116,194
871022,14.85,132,8977,194
871023,17.3,132,9160,194
871024,15.85,132,9170,194
871025,10,132,9216,194
871026,14.25,132,9316,194
871027,15.25,132,9241,194
871028,17.6,132,9056,194
871029,11.25,132,9073,194
871030,17.85,132,9230,194
871031,15.6,132,9015,194
871032,16.85,132,8945,194
871033,15,132,9310,194
871034,16.45,132,9224,194
871035,15.65,132,9010,194
871036,14.35,132,9280,194
871037,10.95,132,9030,194
871038,15.2,132,9284,194
871039,12.55,132,9147,194
871040,15.45,132,9153,194
871041,17,132,8962,194
871042,16.35,132,9262,194
871043,10.45,132,9027,194
871044,15.7,132,8992,194
871045,10.75,132,9097,194
871046,16.9,132,9217,194
871047,15.25,132,9171,194
871048,16.85,132,9134,194
871049,14.95,132,9333,194
871050,14.85,132,9011,194
871051,13.35,132,8993,194
871052,16.2,132,9327,194
871053,15.15,132,9292,194
871054,12.85,132,9168,194
871055,15.75,132,8943,194
871056,14.45,132,9305,194
871057,11.85,132,9063,194
871058,17.45,132,9093,194
871059,16.25,132,9166,194
871060,15.3,132,9018,194
871061,16.35,132,9214,194
871062,14.95,132,9288,194
871063,16.35,132,9151,194
871064,14.6,132,9250,194
871065,11.25,132,9231,194
871066,16.45,132,8944,194
871067,16.35,132,8952,194
871068,11.6,132,8969,194
871069,15.5,132,9131,194
871070,15.1,132,8976,194
871071,15.3,132,9256,194
871072,15.5,132,9080,194
871073,16.25,132,9321,194
871074,14.15,132,9195,194
871075,15.35,132,9155,194
871076,13.25,132,9084,194
871077,14.8,132,9235,194
871078,15,132,9052,194
871079,15.6,132,8964,194
871080,17,132,9128,194
871081,11.35,132,9104,194
871082,13.65,132,9315,194
871083,18,132,9169,194
871084,15.25,132,9199,194
871085,16.6,132,9324,194
871086,16.6,132,9023,194
871087,13.05,132,9044,194
871088,16.25,132,9154,194
871089,14.75,132,9039,194
871090,15.2,132,9086,194
871091,15.5,132,9148,194
871092,17.6,132,9287,194
871093,14,132,9312,194
871094,15.5,132,9162,194
871095,16.25,132,9338,194
871096,16.9,132,8947,194
871097,16.05,132,9277,194
871098,13.5,132,9014,194
871099,13.4,132,9065,194
871100,14.55,132,8967,194
871101,15.6,132,9212,194
871102,15.25,132,9046,194
871103,15.5,132,9163,194
871104,17.35,132,9248,194
871105,16.9,132,9263,194
871106,16.45,132,9276,194
871107,9.5,132,9140,194
871108,18,132,9211,194
871109,14.85,132,9223,194
871110,15.35,132,9156,194
871111,15.65,132,8957,194
871112,16.95,132,9005,194
871113,16.7,132,9198,194
871114,14.25,132,9149,194
871115,9.9,132,9165,194
871116,15.6,132,9309,194
871117,15.1,132,9193,194
871118,16.6,132,8941,194
871119,13.6,132,9174,194
871120,12.2,132,9062,194
871121,15.1,132,9295,194
871122,17.2,132,9082,194
871123,14.6,132,9233,194
871124,12,132,9283,194
871125,16.85,132,9219,194
871126,12.35,132,9300,194
871127,15.85,132,9191,194
871128,16.85,132,9002,194
871129,16.2,132,9040,194
871130,16.45,132,9132,194
871131,15.85,132,9115,194
871132,17,132,9187,194
871133,12.6,132,9238,194
871134,17.6,132,9072,194
871135,11.75,132,9102,194
871136,15.05,132,8994,194
871137,16.65,132,9164,194
871138,18.15,132,9218,194
871139,12.95,132,9257,194
871140,17.35,132,9041,194
871141,14.35,132,9006,194
871142,12.7,132,9031,194
871143,11.8,132,9122,194
871144,16.25,132,9085,194
871145,16.6,132,9314,194
871146,15.25,132,9001,194
871147,15.6,132,9303,194
871148,16.4,132,9144,194
871149,11.65,132,9103,194
871150,15.85,132,9254,194
871151,16.55,132,9060,194
871152,15.85,132,9118,194
871153,16.15,132,9229,194
871154,17.25,132,9294,194
871155,11.35,132,9337,194
871156,15.8,132,9172,194
871157,14.6,132,9111,194
871158,14.4,132,9299,194
871159,15.85,132,9088,194
871160,16.35,132,9032,194
871161,16.7,132,8956,194
871162,17.95,132,9320,194
871163,14.45,132,9026,194
871164,17.5,132,8971,194
871165,11.6,132,9078,194
871166,14.25,132,8983,194
871167,17.8,132,9232,194
871168,17.75,132,9313,194
871169,16.7,132,9253,194
871170,15.25,132,9176,194
871171,16.25,132,9221,194
871172,16.95,132,8972,194
871173,15.7,132,9336,194
871174,16.7,132,9215,194
871175,13.45,132,9167,194
871176,15.9,132,9298,194
871177,15.65,132,8996,194
871178,15.85,132,9098,194
871179,15.25,132,9286,194
871180,13.6,132,9112,194
871181,18.1,132,9260,194
871182,14.9,132,9145,194
871183,11.45,132,9123,194
871184,13.75,132,8979,194
871185,17.35,132,9045,194
871186,15.6,132,9240,194
871187,13.9,132,9019,194
871188,14.35,132,8984,194
871189,14.9,132,9274,194
871190,15.5,132,8965,194
871191,14.45,132,9100,194
871192,13.4,132,9237,194
871193,12.95,132,9259,194
871194,16.7,132,9058,194
871195,14.85,132,9069,194
871196,13.85,132,9245,194
871197,14.1,132,9323,194
871198,11.6,132,9089,194
871199,13.9,132,9225,194
871200,14.1,132,9319,194
871201,13.4,132,8991,194
871202,16.6,132,9053,194
871203,16.95,132,9227,194
871204,15.95,132,9249,194
871205,13.25,132,8978,194
871206,15.45,132,8951,194
871207,12.2,132,9234,194
871208,13.2,132,9268,194
871209,12.1,132,9071,194
871210,15,132,9130,194
871211,14.65,132,8982,194
871212,14.35,132,9119,194
871213,15.8,132,9272,194
871214,14.6,132,9074,194
871215,11.15,132,9194,194
871216,14.9,132,9064,194
871217,15.25,132,9124,194
871218,16.25,132,8950,194
871219,12.6,132,9067,194
871220,12.25,132,8955,194
871221,12.35,132,9207,194
871222,15.55,132,9137,194
871223,17.55,132,9127,194
871224,14,132,9282,194
871225,11.85,132,9181,194
871226,14.9,132,9332,194
871227,16.55,132,9325,194
871228,14.75,132,8953,194
871229,13.7,132,9186,194
871230,17.1,132,9108,194
871231,16.5,132,8960,194
871232,12.25,132,9117,194
871233,16.7,132,9173,194
871234,17.55,132,9022,194
871235,14.85,132,9291,194
871236,15.65,132,9125,194
871237,13.75,132,9178,194
871238,13.2,132,9208,194
871239,14.8,132,8963,194
871240,14.85,132,9033,194
871241,15.65,132,9024,194
871242,13.45,132,9270,194
871243,14.6,132,9340,194
871244,14.1,132,8989,194
871245,11.75,132,9059,194
871246,14.95,132,9261,194
871247,16.25,132,9306,194
871248,9.8,132,8995,194
871249,16.05,132,9047,194
871250,17.35,132,9183,194
871251,11.15,132,9273,194
871252,17.25,132,9179,194
871253,15.5,132,9136,194
871254,16.55,132,9289,194
871255,15.25,132,9143,194
871256,15.35,132,9138,194
871257,16.65,132,9177,194
871258,13,132,9302,194
871259,17.7,132,8999,194
871260,14.7,132,9290,194
871261,17.05,132,9146,194
871262,15.7,132,9055,194
871263,14.95,132,8998,194
871264,17.05,132,9070,194
871265,12.2,132,9076,194
871266,18.15,132,9096,194
871267,14,132,9150,194
871268,15.6,132,9304,194
871269,13.65,132,9189,194
871270,12.45,132,9188,194
871271,14.6,132,9120,194
871272,14.7,132,9008,194
871273,13.5,132,9107,194
871274,17.85,132,9192,194
871275,14.7,132,9017,194
871276,17.3,132,9206,194
871277,14.6,132,9252,194
871278,14.65,132,9279,194
871279,16.55,132,9203,194
871280,15.85,132,9092,194
871281,12.5,132,9278,194
871282,13.95,132,9158,194
871283,17.25,132,9185,194
871284,16.25,132,8980,194
871285,16.85,132,9020,194
871286,14.85,132,9247,194
871287,14.85,132,9061,194
871288,15.35,132,9007,194
871289,17.45,132,9331,194
871290,8.65,132,9293,194
871291,16.6,132,9322,194
871292,17.45,132,9175,194
871293,16.85,132,9025,194
871294,15.3,132,9016,194
871295,10.6,132,9035,194
871296,14.85,132,9275,194
871297,14.85,132,9113,194
871298,10.85,132,9271,194
871299,15.25,132,9012,194
871300,16.6,132,9028,194
871301,17.6,132,9317,194
871302,15.3,132,9197,194
871303,14.1,132,9328,194
871304,14.95,132,9330,194
871305,15.4,132,9202,194
871306,15.55,132,8990,194
871307,13.5,132,9000,194
871308,17,132,9133,194
871309,17.25,132,9311,194
871310,14.95,132,8968,194
871311,11.2,132,8949,194
871312,18.85,132,9258,194
871313,15.25,132,9110,194
871314,9.85,132,9226,194
871315,15,132,9264,194
871316,14.7,132,9269,194
871317,15.4,132,9079,194
871318,11.6,132,8985,194
871319,16.4,132,9246,194
871320,13.6,132,9050,194
871321,10.3,132,9141,194
871322,14.35,132,9142,194
871323,10.45,132,9049,194
871324,16.1,132,9266,194
871325,13.45,132,9095,194
871326,17.35,132,9255,194
871327,14,132,9077,194
871328,11.95,132,9004,194
871329,13.8,132,9042,194
871330,15.85,132,9114,194
871331,13.5,132,9091,194
871332,15.85,132,9196,194
871333,10.9,132,8954,194
871334,16.35,132,8946,194
871335,11.45,132,9075,194
871336,15.7,132,8942,194
871337,13.5,132,9307,194
871338,14.65,132,9126,194
871339,14.9,132,9242,194
871340,18.65,132,9326,194
871341,17.6,132,9051,194
871342,14.95,132,9068,194
871343,15.65,132,9034,194
871344,15.4,132,9228,194
871345,16.35,132,9200,194
871346,16.7,132,9285,194
871347,16.5,132,8986,194
871348,15.6,132,9054,194
871349,10.1,132,9281,194
871350,15.45,132,8961,194
871351,14.95,132,9099,194
871352,13.35,132,9013,194
871353,18,132,9105,194
871354,11.7,132,9038,194
871355,12.2,132,8966,194
871356,16.6,132,9121,194
871357,11.1,132,9139,194
871358,16.45,132,9335,194
871359,17,132,9243,194
871360,15.5,132,9213,194
871361,11.45,132,9267,194
871362,16.65,132,8987,194
871363,12.75,132,9236,194
871364,17.2,132,9037,194
871365,13.6,132,9239,194
871366,16.9,132,9036,194
871367,14,132,9087,194
871368,13.95,132,8948,194
871369,14.65,132,9201,194
871370,15.9,132,9083,194
871371,15.15,132,9057,194
871372,16,133,9204,194
871373,17,133,8970,194
871374,15.6,133,8981,194
871375,16.05,133,8973,194
871376,10.7,133,9116,194
871377,16.25,133,8977,194
871378,16.45,133,9160,194
871379,17.55,133,9170,194
871380,12.6,133,9216,194
871381,15.25,133,9316,194
871382,15,133,9241,194
871383,18.6,133,9056,194
871384,14.25,133,9073,194
871385,18.25,133,9230,194
871386,17.05,133,9015,194
871387,17.75,133,8945,194
871388,15.85,133,9310,194
871389,16.25,133,9224,194
871390,15.9,133,9010,194
871391,13.95,133,9280,194
871392,9.9,133,9030,194
871393,16,133,9284,194
871394,12.95,133,9147,194
871395,15.6,133,9153,194
871396,16.65,133,8962,194
871397,19.3,133,9262,194
871398,13.5,133,9027,194
871399,14.65,133,8992,194
871400,11.4,133,9097,194
871401,16.2,133,9217,194
871402,18.85,133,9171,194
871403,18.55,133,9134,194
871404,16.5,133,9333,194
871405,16.35,133,9011,194
871406,15.2,133,8993,194
871407,16.85,133,9327,194
871408,15.85,133,9292,194
871409,13.9,133,9168,194
871410,18,133,8943,194
871411,15.95,133,9305,194
871412,14.6,133,9063,194
871413,18.85,133,9093,194
871414,18,133,9166,194
871415,17.2,133,9018,194
871416,16.7,133,9214,194
871417,17.25,133,9288,194
871418,17.75,133,9151,194
871419,15.6,133,9250,194
871420,14.2,133,9231,194
871421,18.2,133,8944,194
871422,17.45,133,8952,194
871423,13.6,133,8969,194
871424,18.6,133,9131,194
871425,16.1,133,8976,194
871426,16,133,9256,194
871427,15.6,133,9080,194
871428,18.35,133,9321,194
871429,15.85,133,9195,194
871430,15.25,133,9155,194
871431,13.1,133,9084,194
871432,13.9,133,9235,194
871433,16.25,133,9052,194
871434,17.2,133,8964,194
871435,17.85,133,9128,194
871436,12.2,133,9104,194
871437,14.95,133,9315,194
871438,18.5,133,9169,194
871439,16.85,133,9199,194
871440,17.6,133,9324,194
871441,16.6,133,9023,194
871442,16.2,133,9044,194
871443,16.95,133,9154,194
871444,16.75,133,9039,194
871445,16.6,133,9086,194
871446,17.6,133,9148,194
871447,18.6,133,9287,194
871448,14.6,133,9312,194
871449,16.25,133,9162,194
871450,18.6,133,9338,194
871451,15.5,133,8947,194
871452,16.2,133,9277,194
871453,13.9,133,9014,194
871454,13.5,133,9065,194
871455,15.25,133,8967,194
871456,15.6,133,9212,194
871457,16,133,9046,194
871458,15.45,133,9163,194
871459,17.35,133,9248,194
871460,16.35,133,9263,194
871461,17.15,133,9276,194
871462,10.2,133,9140,194
871463,17.95,133,9211,194
871464,15.85,133,9223,194
871465,15.6,133,9156,194
871466,15.7,133,8957,194
871467,16.6,133,9005,194
871468,18.4,133,9198,194
871469,15.95,133,9149,194
871470,12,133,9165,194
871471,15.5,133,9309,194
871472,16.6,133,9193,194
871473,17.55,133,8941,194
871474,15.65,133,9174,194
871475,13.85,133,9062,194
871476,16,133,9295,194
871477,17.2,133,9082,194
871478,16.9,133,9233,194
871479,12.45,133,9283,194
871480,18.85,133,9219,194
871481,14.5,133,9300,194
871482,16.45,133,9191,194
871483,17.2,133,9002,194
871484,16.35,133,9040,194
871485,18.6,133,9132,194
871486,15.9,133,9115,194
871487,16.2,133,9187,194
871488,14.2,133,9238,194
871489,18.2,133,9072,194
871490,11.25,133,9102,194
871491,17.4,133,8994,194
871492,20,133,9164,194
871493,17.5,133,9218,194
871494,12.1,133,9257,194
871495,18.85,133,9041,194
871496,15.6,133,9006,194
871497,13.15,133,9031,194
871498,11.2,133,9122,194
871499,15.45,133,9085,194
871500,17.2,133,9314,194
871501,17.25,133,9001,194
871502,16.75,133,9303,194
871503,15.3,133,9144,194
871504,11.55,133,9103,194
871505,17.25,133,9254,194
871506,16.3,133,9060,194
871507,18.65,133,9118,194
871508,15.65,133,9229,194
871509,17.75,133,9294,194
871510,11.1,133,9337,194
871511,17.2,133,9172,194
871512,15.2,133,9111,194
871513,16.25,133,9299,194
871514,15.5,133,9088,194
871515,17.4,133,9032,194
871516,15.6,133,8956,194
871517,17.45,133,9320,194
871518,14.6,133,9026,194
871519,18,133,8971,194
871520,13.9,133,9078,194
871521,15.2,133,8983,194
871522,19.6,133,9232,194
871523,19,133,9313,194
871524,18,133,9253,194
871525,16.85,133,9176,194
871526,15.25,133,9221,194
871527,18,133,8972,194
871528,17,133,9336,194
871529,17.95,133,9215,194
871530,14.9,133,9167,194
871531,17.4,133,9298,194
871532,16.85,133,8996,194
871533,16.6,133,9098,194
871534,17.5,133,9286,194
871535,14.75,133,9112,194
871536,19,133,9260,194
871537,17.25,133,9145,194
871538,13.85,133,9123,194
871539,14.6,133,8979,194
871540,18.4,133,9045,194
871541,16.65,133,9240,194
871542,14.2,133,9019,194
871543,15,133,8984,194
871544,16.85,133,9274,194
871545,17.65,133,8965,194
871546,16.2,133,9100,194
871547,14.6,133,9237,194
871548,12.3,133,9259,194
871549,16.25,133,9058,194
871550,14.75,133,9069,194
871551,15.9,133,9245,194
871552,15.5,133,9323,194
871553,15.15,133,9089,194
871554,13.95,133,9225,194
871555,16.6,133,9319,194
871556,13.8,133,8991,194
871557,18.5,133,9053,194
871558,18.45,133,9227,194
871559,16.85,133,9249,194
871560,14.25,133,8978,194
871561,14.6,133,8951,194
871562,12.1,133,9234,194
871563,13.45,133,9268,194
871564,13.2,133,9071,194
871565,16.85,133,9130,194
871566,16.8,133,8982,194
871567,16.7,133,9119,194
871568,17.25,133,9272,194
871569,17.6,133,9074,194
871570,12,133,9194,194
871571,16.9,133,9064,194
871572,16.35,133,9124,194
871573,17.25,133,8950,194
871574,11.8,133,9067,194
871575,14.9,133,8955,194
871576,13.6,133,9207,194
871577,16.95,133,9137,194
871578,17.6,133,9127,194
871579,11.85,133,9282,194
871580,11.75,133,9181,194
871581,17.65,133,9332,194
871582,16.5,133,9325,194
871583,16.7,133,8953,194
871584,15.6,133,9186,194
871585,18.15,133,9108,194
871586,17.95,133,8960,194
871587,12.45,133,9117,194
871588,17,133,9173,194
871589,18.6,133,9022,194
871590,16.7,133,9291,194
871591,16.6,133,9125,194
871592,15.5,133,9178,194
871593,17.5,133,9208,194
871594,16.05,133,8963,194
871595,15.2,133,9033,194
871596,15.45,133,9024,194
871597,14.15,133,9270,194
871598,15.25,133,9340,194
871599,15.85,133,8989,194
871600,12.3,133,9059,194
871601,14.25,133,9261,194
871602,15.25,133,9306,194
871603,12,133,8995,194
871604,15.65,133,9047,194
871605,17.75,133,9183,194
871606,12.35,133,9273,194
871607,17.85,133,9179,194
871608,15.55,133,9136,194
871609,19.25,133,9289,194
871610,15.6,133,9143,194
871611,18.45,133,9138,194
871612,18.2,133,9177,194
871613,13.45,133,9302,194
871614,16.8,133,8999,194
871615,13.1,133,9290,194
871616,17.1,133,9146,194
871617,15.85,133,9055,194
871618,15.85,133,8998,194
871619,17.35,133,9070,194
871620,14,133,9076,194
871621,17.1,133,9096,194
871622,14.9,133,9150,194
871623,16.95,133,9304,194
871624,14,133,9189,194
871625,15,133,9188,194
871626,15.75,133,9120,194
871627,16.2,133,9008,194
871628,15.85,133,9107,194
871629,17.2,133,9192,194
871630,14.6,133,9017,194
871631,17.6,133,9206,194
871632,14.6,133,9252,194
871633,15.85,133,9279,194
871634,18.65,133,9203,194
871635,15.85,133,9092,194
871636,15.15,133,9278,194
871637,17,133,9158,194
871638,17,133,9185,194
871639,17,133,8980,194
871640,16.6,133,9020,194
871641,15.25,133,9247,194
871642,16.25,133,9061,194
871643,15.85,133,9007,194
871644,19.2,133,9331,194
871645,11.95,133,9293,194
871646,17.5,133,9322,194
871647,18.05,133,9175,194
871648,15.9,133,9025,194
871649,15.85,133,9016,194
871650,11.8,133,9035,194
871651,16.85,133,9275,194
871652,15.25,133,9113,194
871653,13.35,133,9271,194
871654,15.55,133,9012,194
871655,17.25,133,9028,194
871656,18.25,133,9317,194
871657,16.5,133,9197,194
871658,15.7,133,9328,194
871659,16.45,133,9330,194
871660,16.4,133,9202,194
871661,15.8,133,8990,194
871662,14.45,133,9000,194
871663,16.85,133,9133,194
871664,16.95,133,9311,194
871665,13.85,133,8968,194
871666,11,133,8949,194
871667,18.1,133,9258,194
871668,15.6,133,9110,194
871669,12.2,133,9226,194
871670,15.65,133,9264,194
871671,16.1,133,9269,194
871672,17.4,133,9079,194
871673,12.25,133,8985,194
871674,17.75,133,9246,194
871675,16.6,133,9050,194
871676,11.35,133,9141,194
871677,14.2,133,9142,194
871678,10.85,133,9049,194
871679,17,133,9266,194
871680,14.6,133,9095,194
871681,17.75,133,9255,194
871682,16,133,9077,194
871683,11.55,133,9004,194
871684,15.75,133,9042,194
871685,16.05,133,9114,194
871686,14.35,133,9091,194
871687,16.15,133,9196,194
871688,11.4,133,8954,194
871689,16.5,133,8946,194
871690,13.25,133,9075,194
871691,16.25,133,8942,194
871692,14.3,133,9307,194
871693,15.85,133,9126,194
871694,16.85,133,9242,194
871695,19.25,133,9326,194
871696,18.6,133,9051,194
871697,16.6,133,9068,194
871698,17.95,133,9034,194
871699,16.9,133,9228,194
871700,17.85,133,9200,194
871701,18.2,133,9285,194
871702,17.6,133,8986,194
871703,17.25,133,9054,194
871704,12.5,133,9281,194
871705,16.75,133,8961,194
871706,16.2,133,9099,194
871707,15.2,133,9013,194
871708,18.85,133,9105,194
871709,13.25,133,9038,194
871710,12.5,133,8966,194
871711,17.85,133,9121,194
871712,14.2,133,9139,194
871713,18.65,133,9335,194
871714,17.85,133,9243,194
871715,16.9,133,9213,194
871716,12.25,133,9267,194
871717,16.9,133,8987,194
871718,14.35,133,9236,194
871719,18.8,133,9037,194
871720,17.2,133,9239,194
871721,17.35,133,9036,194
871722,14.45,133,9087,194
871723,16.2,133,8948,194
871724,14.85,133,9201,194
871725,15.95,133,9083,194
871726,17,133,9057,194
871727,14.5,134,9204,194
871728,17.2,134,8970,194
871729,16.25,134,8981,194
871730,15.2,134,8973,194
871731,10.1,134,9116,194
871732,15.5,134,8977,194
871733,16.6,134,9160,194
871734,16.1,134,9170,194
871735,11.9,134,9216,194
871736,15,134,9316,194
871737,15.85,134,9241,194
871738,17.8,134,9056,194
871739,13.35,134,9073,194
871740,18.05,134,9230,194
871741,16.25,134,9015,194
871742,17.7,134,8945,194
871743,16.1,134,9310,194
871744,15.95,134,9224,194
871745,16.2,134,9010,194
871746,15.6,134,9280,194
871747,12,134,9030,194
871748,16.4,134,9284,194
871749,12.8,134,9147,194
871750,17.25,134,9153,194
871751,16.85,134,8962,194
871752,18.25,134,9262,194
871753,13.6,134,9027,194
871754,13.65,134,8992,194
871755,10.6,134,9097,194
871756,16.1,134,9217,194
871757,18.7,134,9171,194
871758,18.25,134,9134,194
871759,16.3,134,9333,194
871760,16.15,134,9011,194
871761,15.6,134,8993,194
871762,16.8,134,9327,194
871763,15.1,134,9292,194
871764,13.55,134,9168,194
871765,17.3,134,8943,194
871766,15.35,134,9305,194
871767,14,134,9063,194
871768,17.2,134,9093,194
871769,18.15,134,9166,194
871770,15.85,134,9018,194
871771,14.1,134,9214,194
871772,16.15,134,9288,194
871773,16.45,134,9151,194
871774,13.9,134,9250,194
871775,13.65,134,9231,194
871776,17.2,134,8944,194
871777,17,134,8952,194
871778,12.85,134,8969,194
871779,16.65,134,9131,194
871780,15.5,134,8976,194
871781,16.85,134,9256,194
871782,15.9,134,9080,194
871783,17,134,9321,194
871784,16.1,134,9195,194
871785,16,134,9155,194
871786,13.25,134,9084,194
871787,15.65,134,9235,194
871788,15.35,134,9052,194
871789,18,134,8964,194
871790,18,134,9128,194
871791,11.6,134,9104,194
871792,12.85,134,9315,194
871793,17.45,134,9169,194
871794,16.6,134,9199,194
871795,16.95,134,9324,194
871796,15.45,134,9023,194
871797,15,134,9044,194
871798,15.45,134,9154,194
871799,16.35,134,9039,194
871800,17.4,134,9086,194
871801,16.3,134,9148,194
871802,17.2,134,9287,194
871803,15.45,134,9312,194
871804,17.15,134,9162,194
871805,17.35,134,9338,194
871806,15.3,134,8947,194
871807,17.2,134,9277,194
871808,14.1,134,9014,194
871809,13.5,134,9065,194
871810,14.65,134,8967,194
871811,14.6,134,9212,194
871812,14.8,134,9046,194
871813,14.85,134,9163,194
871814,17.35,134,9248,194
871815,17.35,134,9263,194
871816,16.95,134,9276,194
871817,10.9,134,9140,194
871818,17.25,134,9211,194
871819,15.5,134,9223,194
871820,15.15,134,9156,194
871821,17,134,8957,194
871822,15.9,134,9005,194
871823,16.95,134,9198,194
871824,16.2,134,9149,194
871825,11.6,134,9165,194
871826,15.85,134,9309,194
871827,16.15,134,9193,194
871828,16,134,8941,194
871829,14.7,134,9174,194
871830,13.05,134,9062,194
871831,15.25,134,9295,194
871832,17.6,134,9082,194
871833,15.6,134,9233,194
871834,12.1,134,9283,194
871835,17.85,134,9219,194
871836,14,134,9300,194
871837,16.75,134,9191,194
871838,17.45,134,9002,194
871839,15.9,134,9040,194
871840,17.95,134,9132,194
871841,16,134,9115,194
871842,16.5,134,9187,194
871843,13.75,134,9238,194
871844,16.45,134,9072,194
871845,11.55,134,9102,194
871846,16.6,134,8994,194
871847,17.6,134,9164,194
871848,18.1,134,9218,194
871849,13.25,134,9257,194
871850,19.6,134,9041,194
871851,14.3,134,9006,194
871852,13.2,134,9031,194
871853,12.65,134,9122,194
871854,17.25,134,9085,194
871855,16.65,134,9314,194
871856,16.15,134,9001,194
871857,17.2,134,9303,194
871858,15.4,134,9144,194
871859,11.85,134,9103,194
871860,17.25,134,9254,194
871861,15.95,134,9060,194
871862,17.25,134,9118,194
871863,17.2,134,9229,194
871864,17.35,134,9294,194
871865,10.6,134,9337,194
871866,16.75,134,9172,194
871867,15.6,134,9111,194
871868,16.25,134,9299,194
871869,16.45,134,9088,194
871870,17.85,134,9032,194
871871,13.85,134,8956,194
871872,17.6,134,9320,194
871873,16.2,134,9026,194
871874,18.25,134,8971,194
871875,12.75,134,9078,194
871876,14.25,134,8983,194
871877,18.35,134,9232,194
871878,17.9,134,9313,194
871879,17.75,134,9253,194
871880,15.6,134,9176,194
871881,14.25,134,9221,194
871882,16.85,134,8972,194
871883,15.35,134,9336,194
871884,17.3,134,9215,194
871885,15,134,9167,194
871886,16.55,134,9298,194
871887,15.25,134,8996,194
871888,15.15,134,9098,194
871889,16.65,134,9286,194
871890,13.85,134,9112,194
871891,18.65,134,9260,194
871892,16.85,134,9145,194
871893,11.75,134,9123,194
871894,15.6,134,8979,194
871895,16.75,134,9045,194
871896,16.55,134,9240,194
871897,14.25,134,9019,194
871898,15.25,134,8984,194
871899,18,134,9274,194
871900,18.25,134,8965,194
871901,16.25,134,9100,194
871902,14.75,134,9237,194
871903,13.25,134,9259,194
871904,16.6,134,9058,194
871905,14,134,9069,194
871906,16.15,134,9245,194
871907,15.35,134,9323,194
871908,13.5,134,9089,194
871909,13.25,134,9225,194
871910,16.35,134,9319,194
871911,13.75,134,8991,194
871912,17.9,134,9053,194
871913,18.5,134,9227,194
871914,15.55,134,9249,194
871915,13.6,134,8978,194
871916,15.25,134,8951,194
871917,11.85,134,9234,194
871918,12.95,134,9268,194
871919,12.9,134,9071,194
871920,15.75,134,9130,194
871921,15.45,134,8982,194
871922,16.9,134,9119,194
871923,17.7,134,9272,194
871924,15.6,134,9074,194
871925,11.9,134,9194,194
871926,16.25,134,9064,194
871927,15.9,134,9124,194
871928,16.35,134,8950,194
871929,11.8,134,9067,194
871930,13.6,134,8955,194
871931,14.2,134,9207,194
871932,15.75,134,9137,194
871933,17.85,134,9127,194
871934,13.6,134,9282,194
871935,12.6,134,9181,194
871936,17.1,134,9332,194
871937,17.5,134,9325,194
871938,15.6,134,8953,194
871939,16,134,9186,194
871940,16.35,134,9108,194
871941,16.85,134,8960,194
871942,11.05,134,9117,194
871943,16.95,134,9173,194
871944,17.1,134,9022,194
871945,14.5,134,9291,194
871946,17.15,134,9125,194
871947,15.25,134,9178,194
871948,14.5,134,9208,194
871949,16.6,134,8963,194
871950,14.5,134,9033,194
871951,15.35,134,9024,194
871952,15.6,134,9270,194
871953,15,134,9340,194
871954,15.95,134,8989,194
871955,11.55,134,9059,194
871956,15.5,134,9261,194
871957,16.25,134,9306,194
871958,10.4,134,8995,194
871959,16.4,134,9047,194
871960,17.45,134,9183,194
871961,13,134,9273,194
871962,17.7,134,9179,194
871963,15,134,9136,194
871964,18.5,134,9289,194
871965,14.1,134,9143,194
871966,17.45,134,9138,194
871967,16.3,134,9177,194
871968,12.85,134,9302,194
871969,17.4,134,8999,194
871970,13.7,134,9290,194
871971,16.1,134,9146,194
871972,16.05,134,9055,194
871973,15.55,134,8998,194
871974,16.1,134,9070,194
871975,14.1,134,9076,194
871976,16.45,134,9096,194
871977,14,134,9150,194
871978,17.5,134,9304,194
871979,14.6,134,9189,194
871980,13.2,134,9188,194
871981,14.65,134,9120,194
871982,15.1,134,9008,194
871983,14.6,134,9107,194
871984,16.6,134,9192,194
871985,16.75,134,9017,194
871986,17,134,9206,194
871987,15.6,134,9252,194
871988,16.25,134,9279,194
871989,17.45,134,9203,194
871990,15.25,134,9092,194
871991,13.6,134,9278,194
871992,15.5,134,9158,194
871993,17.5,134,9185,194
871994,18.4,134,8980,194
871995,18.05,134,9020,194
871996,15,134,9247,194
871997,16.25,134,9061,194
871998,16.25,134,9007,194
871999,17.45,134,9331,194
872000,10.3,134,9293,194
872001,16.5,134,9322,194
872002,17.85,134,9175,194
872003,16,134,9025,194
872004,14.45,134,9016,194
872005,10.15,134,9035,194
872006,16.35,134,9275,194
872007,17.5,134,9113,194
872008,12.25,134,9271,194
872009,15.2,134,9012,194
872010,16.85,134,9028,194
872011,16.8,134,9317,194
872012,16.35,134,9197,194
872013,16.3,134,9328,194
872014,16.6,134,9330,194
872015,16.85,134,9202,194
872016,16.75,134,8990,194
872017,13.55,134,9000,194
872018,18.4,134,9133,194
872019,16.65,134,9311,194
872020,14.25,134,8968,194
872021,11.35,134,8949,194
872022,17.2,134,9258,194
872023,14.95,134,9110,194
872024,10.8,134,9226,194
872025,14.6,134,9264,194
872026,16.6,134,9269,194
872027,15.1,134,9079,194
872028,12.85,134,8985,194
872029,17.35,134,9246,194
872030,15.5,134,9050,194
872031,11.85,134,9141,194
872032,13.05,134,9142,194
872033,10.2,134,9049,194
872034,17.1,134,9266,194
872035,14.85,134,9095,194
872036,17.05,134,9255,194
872037,14.85,134,9077,194
872038,13.25,134,9004,194
872039,15.4,134,9042,194
872040,16.6,134,9114,194
872041,14.6,134,9091,194
872042,15.5,134,9196,194
872043,11.55,134,8954,194
872044,16.2,134,8946,194
872045,11.2,134,9075,194
872046,15.35,134,8942,194
872047,14.75,134,9307,194
872048,14.65,134,9126,194
872049,17.2,134,9242,194
872050,18.1,134,9326,194
872051,18.2,134,9051,194
872052,15.95,134,9068,194
872053,17.25,134,9034,194
872054,16.45,134,9228,194
872055,17.35,134,9200,194
872056,15.85,134,9285,194
872057,17.45,134,8986,194
872058,15.85,134,9054,194
872059,11.35,134,9281,194
872060,15,134,8961,194
872061,17.25,134,9099,194
872062,14.15,134,9013,194
872063,16.85,134,9105,194
872064,13.25,134,9038,194
872065,11.45,134,8966,194
872066,17.35,134,9121,194
872067,12.5,134,9139,194
872068,17.75,134,9335,194
872069,18,134,9243,194
872070,16.65,134,9213,194
872071,11.7,134,9267,194
872072,16.85,134,8987,194
872073,13.65,134,9236,194
872074,17.2,134,9037,194
872075,15.6,134,9239,194
872076,16.9,134,9036,194
872077,16.35,134,9087,194
872078,15.85,134,8948,194
872079,16,134,9201,194
872080,16.3,134,9083,194
872081,16.35,134,9057,194
872082,16.6,135,9204,194
872083,16.6,135,8970,194
872084,15.3,135,8981,194
872085,16.6,135,8973,194
872086,11.45,135,9116,194
872087,17.2,135,8977,194
872088,16.2,135,9160,194
872089,16.6,135,9170,194
872090,13.15,135,9216,194
872091,14.95,135,9316,194
872092,15.6,135,9241,194
872093,17.45,135,9056,194
872094,13.6,135,9073,194
872095,19,135,9230,194
872096,17.2,135,9015,194
872097,17.45,135,8945,194
872098,15.85,135,9310,194
872099,17.8,135,9224,194
872100,16.25,135,9010,194
872101,16.35,135,9280,194
872102,11,135,9030,194
872103,16.25,135,9284,194
872104,14.25,135,9147,194
872105,16,135,9153,194
872106,19.25,135,8962,194
872107,18.2,135,9262,194
872108,13.85,135,9027,194
872109,16.25,135,8992,194
872110,12.35,135,9097,194
872111,17.5,135,9217,194
872112,18.95,135,9171,194
872113,19.2,135,9134,194
872114,16.5,135,9333,194
872115,16.2,135,9011,194
872116,15.6,135,8993,194
872117,17.85,135,9327,194
872118,17,135,9292,194
872119,15,135,9168,194
872120,18,135,8943,194
872121,17.2,135,9305,194
872122,13.7,135,9063,194
872123,18.95,135,9093,194
872124,19,135,9166,194
872125,15.85,135,9018,194
872126,16,135,9214,194
872127,17.45,135,9288,194
872128,17.85,135,9151,194
872129,14.55,135,9250,194
872130,15.25,135,9231,194
872131,18.65,135,8944,194
872132,17.95,135,8952,194
872133,12.65,135,8969,194
872134,17,135,9131,194
872135,16,135,8976,194
872136,16.25,135,9256,194
872137,16.25,135,9080,194
872138,18.1,135,9321,194
872139,15.85,135,9195,194
872140,17.6,135,9155,194
872141,13.5,135,9084,194
872142,15.35,135,9235,194
872143,16.35,135,9052,194
872144,18.6,135,8964,194
872145,16.95,135,9128,194
872146,12.25,135,9104,194
872147,14.6,135,9315,194
872148,17.4,135,9169,194
872149,18,135,9199,194
872150,18.2,135,9324,194
872151,16.25,135,9023,194
872152,15.25,135,9044,194
872153,17.6,135,9154,194
872154,15.85,135,9039,194
872155,16.9,135,9086,194
872156,18.25,135,9148,194
872157,18.25,135,9287,194
872158,15.95,135,9312,194
872159,18.55,135,9162,194
872160,18.3,135,9338,194
872161,15.65,135,8947,194
872162,16.9,135,9277,194
872163,16.25,135,9014,194
872164,15.1,135,9065,194
872165,15.85,135,8967,194
872166,14.6,135,9212,194
872167,16.65,135,9046,194
872168,16.25,135,9163,194
872169,19,135,9248,194
872170,16.25,135,9263,194
872171,16.45,135,9276,194
872172,11.85,135,9140,194
872173,19.35,135,9211,194
872174,15.95,135,9223,194
872175,15.6,135,9156,194
872176,16.05,135,8957,194
872177,17.25,135,9005,194
872178,17,135,9198,194
872179,15.25,135,9149,194
872180,13.6,135,9165,194
872181,16.85,135,9309,194
872182,16.25,135,9193,194
872183,18,135,8941,194
872184,15.6,135,9174,194
872185,13,135,9062,194
872186,15.85,135,9295,194
872187,18.2,135,9082,194
872188,17.2,135,9233,194
872189,13.05,135,9283,194
872190,17.95,135,9219,194
872191,15.6,135,9300,194
872192,18,135,9191,194
872193,17.7,135,9002,194
872194,17.85,135,9040,194
872195,19.2,135,9132,194
872196,15.85,135,9115,194
872197,16.6,135,9187,194
872198,14,135,9238,194
872199,18.5,135,9072,194
872200,11.9,135,9102,194
872201,18,135,8994,194
872202,19.25,135,9164,194
872203,18.25,135,9218,194
872204,14.1,135,9257,194
872205,19.25,135,9041,194
872206,15.45,135,9006,194
872207,13.95,135,9031,194
872208,11.85,135,9122,194
872209,17.25,135,9085,194
872210,16.2,135,9314,194
872211,17.25,135,9001,194
872212,16.25,135,9303,194
872213,15.6,135,9144,194
872214,11.25,135,9103,194
872215,17.85,135,9254,194
872216,18.25,135,9060,194
872217,17,135,9118,194
872218,17.1,135,9229,194
872219,19.6,135,9294,194
872220,11.7,135,9337,194
872221,16.5,135,9172,194
872222,15.35,135,9111,194
872223,15.8,135,9299,194
872224,16.85,135,9088,194
872225,18.2,135,9032,194
872226,15.6,135,8956,194
872227,18.6,135,9320,194
872228,16.1,135,9026,194
872229,18.9,135,8971,194
872230,13.2,135,9078,194
872231,15.25,135,8983,194
872232,19,135,9232,194
872233,18.2,135,9313,194
872234,17.5,135,9253,194
872235,16.15,135,9176,194
872236,15,135,9221,194
872237,16.5,135,8972,194
872238,16.95,135,9336,194
872239,18.25,135,9215,194
872240,14.65,135,9167,194
872241,17.8,135,9298,194
872242,16.65,135,8996,194
872243,17,135,9098,194
872244,16.2,135,9286,194
872245,15,135,9112,194
872246,18.9,135,9260,194
872247,16.5,135,9145,194
872248,13.65,135,9123,194
872249,14.25,135,8979,194
872250,17.6,135,9045,194
872251,15.85,135,9240,194
872252,14.2,135,9019,194
872253,14.8,135,8984,194
872254,17.65,135,9274,194
872255,17.25,135,8965,194
872256,17.25,135,9100,194
872257,14.85,135,9237,194
872258,13.65,135,9259,194
872259,17.25,135,9058,194
872260,14.2,135,9069,194
872261,16.85,135,9245,194
872262,15.2,135,9323,194
872263,15.1,135,9089,194
872264,14.05,135,9225,194
872265,16.6,135,9319,194
872266,14,135,8991,194
872267,18.1,135,9053,194
872268,17.6,135,9227,194
872269,15.85,135,9249,194
872270,16,135,8978,194
872271,15.1,135,8951,194
872272,11.9,135,9234,194
872273,14.45,135,9268,194
872274,14.5,135,9071,194
872275,17.25,135,9130,194
872276,15,135,8982,194
872277,15.6,135,9119,194
872278,16.95,135,9272,194
872279,17.9,135,9074,194
872280,13.35,135,9194,194
872281,16.6,135,9064,194
872282,16.75,135,9124,194
872283,16.2,135,8950,194
872284,13,135,9067,194
872285,13.6,135,8955,194
872286,13.2,135,9207,194
872287,15.75,135,9137,194
872288,18.85,135,9127,194
872289,13.1,135,9282,194
872290,12.85,135,9181,194
872291,16.6,135,9332,194
872292,18.2,135,9325,194
872293,15.6,135,8953,194
872294,17.2,135,9186,194
872295,18.6,135,9108,194
872296,17.85,135,8960,194
872297,13,135,9117,194
872298,17.85,135,9173,194
872299,19,135,9022,194
872300,16.55,135,9291,194
872301,16.9,135,9125,194
872302,15.6,135,9178,194
872303,15.85,135,9208,194
872304,17,135,8963,194
872305,15.6,135,9033,194
872306,17.6,135,9024,194
872307,16.2,135,9270,194
872308,16.5,135,9340,194
872309,17.6,135,8989,194
872310,13.25,135,9059,194
872311,17.6,135,9261,194
872312,16.85,135,9306,194
872313,10.8,135,8995,194
872314,15.6,135,9047,194
872315,17.6,135,9183,194
872316,13.25,135,9273,194
872317,19.65,135,9179,194
872318,16.6,135,9136,194
872319,17.85,135,9289,194
872320,15.5,135,9143,194
872321,16.1,135,9138,194
872322,17.6,135,9177,194
872323,13.85,135,9302,194
872324,19,135,8999,194
872325,15,135,9290,194
872326,15.6,135,9146,194
872327,17.25,135,9055,194
872328,15.65,135,8998,194
872329,17.85,135,9070,194
872330,12.6,135,9076,194
872331,18.25,135,9096,194
872332,14.85,135,9150,194
872333,18.6,135,9304,194
872334,15.2,135,9189,194
872335,15.85,135,9188,194
872336,16.65,135,9120,194
872337,14.5,135,9008,194
872338,15.6,135,9107,194
872339,18.55,135,9192,194
872340,15.65,135,9017,194
872341,18.65,135,9206,194
872342,16.6,135,9252,194
872343,16.65,135,9279,194
872344,18.25,135,9203,194
872345,17.3,135,9092,194
872346,14.95,135,9278,194
872347,16.45,135,9158,194
872348,17.3,135,9185,194
872349,16.85,135,8980,194
872350,18.65,135,9020,194
872351,15.85,135,9247,194
872352,16.65,135,9061,194
872353,16.2,135,9007,194
872354,18.95,135,9331,194
872355,11.6,135,9293,194
872356,18,135,9322,194
872357,17.6,135,9175,194
872358,17,135,9025,194
872359,15.85,135,9016,194
872360,11.25,135,9035,194
872361,15.85,135,9275,194
872362,15.6,135,9113,194
872363,13.35,135,9271,194
872364,15.85,135,9012,194
872365,16.65,135,9028,194
872366,18.25,135,9317,194
872367,16.85,135,9197,194
872368,15.6,135,9328,194
872369,16.65,135,9330,194
872370,16.6,135,9202,194
872371,15.75,135,8990,194
872372,13.85,135,9000,194
872373,18.25,135,9133,194
872374,18,135,9311,194
872375,15.85,135,8968,194
872376,12.25,135,8949,194
872377,18.1,135,9258,194
872378,16.85,135,9110,194
872379,11.9,135,9226,194
872380,14,135,9264,194
872381,16.95,135,9269,194
872382,16.5,135,9079,194
872383,13.25,135,8985,194
872384,17.25,135,9246,194
872385,15.95,135,9050,194
872386,12.2,135,9141,194
872387,15.2,135,9142,194
872388,10.6,135,9049,194
872389,18,135,9266,194
872390,14.85,135,9095,194
872391,19,135,9255,194
872392,15.85,135,9077,194
872393,12.85,135,9004,194
872394,15.9,135,9042,194
872395,17,135,9114,194
872396,15.6,135,9091,194
872397,16.5,135,9196,194
872398,12.25,135,8954,194
872399,17,135,8946,194
872400,13.1,135,9075,194
872401,16.25,135,8942,194
872402,16,135,9307,194
872403,15.85,135,9126,194
872404,16.25,135,9242,194
872405,18.45,135,9326,194
872406,18.5,135,9051,194
872407,16.35,135,9068,194
872408,18.85,135,9034,194
872409,16.6,135,9228,194
872410,17.3,135,9200,194
872411,17,135,9285,194
872412,18.25,135,8986,194
872413,17.25,135,9054,194
872414,11.6,135,9281,194
872415,16.6,135,8961,194
872416,17.5,135,9099,194
872417,15.5,135,9013,194
872418,18.25,135,9105,194
872419,12.1,135,9038,194
872420,12.2,135,8966,194
872421,19.25,135,9121,194
872422,13.6,135,9139,194
872423,18.75,135,9335,194
872424,19.05,135,9243,194
872425,17.85,135,9213,194
872426,13.6,135,9267,194
872427,16.85,135,8987,194
872428,15,135,9236,194
872429,19.35,135,9037,194
872430,17.25,135,9239,194
872431,18.35,135,9036,194
872432,15.25,135,9087,194
872433,15.5,135,8948,194
872434,15.25,135,9201,194
872435,17.4,135,9083,194
872436,16.6,135,9057,194
872437,14.8,136,9204,194
872438,16.1,136,8970,194
872439,15,136,8981,194
872440,15.3,136,8973,194
872441,10.15,136,9116,194
872442,15.5,136,8977,194
872443,17.6,136,9160,194
872444,15.45,136,9170,194
872445,12.75,136,9216,194
872446,15.35,136,9316,194
872447,14.1,136,9241,194
872448,17.35,136,9056,194
872449,13.9,136,9073,194
872450,17.95,136,9230,194
872451,15.6,136,9015,194
872452,15.25,136,8945,194
872453,17,136,9310,194
872454,16.35,136,9224,194
872455,14.65,136,9010,194
872456,14.95,136,9280,194
872457,10.55,136,9030,194
872458,14.7,136,9284,194
872459,11,136,9147,194
872460,13.85,136,9153,194
872461,16.2,136,8962,194
872462,17.45,136,9262,194
872463,12.7,136,9027,194
872464,15.7,136,8992,194
872465,10.85,136,9097,194
872466,15.25,136,9217,194
872467,16.9,136,9171,194
872468,17.2,136,9134,194
872469,15.6,136,9333,194
872470,14,136,9011,194
872471,13.95,136,8993,194
872472,16.75,136,9327,194
872473,16.6,136,9292,194
872474,12.6,136,9168,194
872475,16.45,136,8943,194
872476,15.6,136,9305,194
872477,14.6,136,9063,194
872478,17,136,9093,194
872479,18.45,136,9166,194
872480,16.6,136,9018,194
872481,15.85,136,9214,194
872482,16.25,136,9288,194
872483,15.95,136,9151,194
872484,14.35,136,9250,194
872485,13.6,136,9231,194
872486,16.85,136,8944,194
872487,17.6,136,8952,194
872488,12.7,136,8969,194
872489,15.6,136,9131,194
872490,15,136,8976,194
872491,16.8,136,9256,194
872492,15.4,136,9080,194
872493,17.85,136,9321,194
872494,16,136,9195,194
872495,16.25,136,9155,194
872496,13.35,136,9084,194
872497,14.45,136,9235,194
872498,14.95,136,9052,194
872499,15.7,136,8964,194
872500,17.2,136,9128,194
872501,11.6,136,9104,194
872502,12.6,136,9315,194
872503,16.45,136,9169,194
872504,17.1,136,9199,194
872505,15.5,136,9324,194
872506,16.85,136,9023,194
872507,14.25,136,9044,194
872508,16.9,136,9154,194
872509,14.85,136,9039,194
872510,15.6,136,9086,194
872511,16.6,136,9148,194
872512,18.65,136,9287,194
872513,13.85,136,9312,194
872514,16.25,136,9162,194
872515,16.75,136,9338,194
872516,14,136,8947,194
872517,14.85,136,9277,194
872518,15.35,136,9014,194
872519,14.25,136,9065,194
872520,15.4,136,8967,194
872521,14.6,136,9212,194
872522,16.35,136,9046,194
872523,15.45,136,9163,194
872524,17.35,136,9248,194
872525,15.9,136,9263,194
872526,16.25,136,9276,194
872527,11,136,9140,194
872528,16.85,136,9211,194
872529,15.4,136,9223,194
872530,14.85,136,9156,194
872531,16.2,136,8957,194
872532,16.5,136,9005,194
872533,17.75,136,9198,194
872534,15.95,136,9149,194
872535,11.9,136,9165,194
872536,15.6,136,9309,194
872537,15.5,136,9193,194
872538,14.95,136,8941,194
872539,14.75,136,9174,194
872540,12,136,9062,194
872541,15.6,136,9295,194
872542,17.25,136,9082,194
872543,17.05,136,9233,194
872544,10.85,136,9283,194
872545,17.25,136,9219,194
872546,12.95,136,9300,194
872547,16.45,136,9191,194
872548,16.85,136,9002,194
872549,17,136,9040,194
872550,17.6,136,9132,194
872551,15.8,136,9115,194
872552,16.3,136,9187,194
872553,11.65,136,9238,194
872554,17.3,136,9072,194
872555,11.35,136,9102,194
872556,15.85,136,8994,194
872557,17.45,136,9164,194
872558,16.55,136,9218,194
872559,13.45,136,9257,194
872560,16.95,136,9041,194
872561,13.45,136,9006,194
872562,12.9,136,9031,194
872563,11.65,136,9122,194
872564,16,136,9085,194
872565,16.6,136,9314,194
872566,16.1,136,9001,194
872567,16.5,136,9303,194
872568,16.8,136,9144,194
872569,11.85,136,9103,194
872570,15.85,136,9254,194
872571,16.45,136,9060,194
872572,15.1,136,9118,194
872573,15.75,136,9229,194
872574,18.05,136,9294,194
872575,11.45,136,9337,194
872576,15.15,136,9172,194
872577,13.85,136,9111,194
872578,14.85,136,9299,194
872579,15.5,136,9088,194
872580,16.6,136,9032,194
872581,15.65,136,8956,194
872582,17.9,136,9320,194
872583,15.85,136,9026,194
872584,17.65,136,8971,194
872585,12.6,136,9078,194
872586,15.25,136,8983,194
872587,17.25,136,9232,194
872588,17.2,136,9313,194
872589,18,136,9253,194
872590,15.25,136,9176,194
872591,14.8,136,9221,194
872592,16.3,136,8972,194
872593,16.2,136,9336,194
872594,18.95,136,9215,194
872595,14.25,136,9167,194
872596,17,136,9298,194
872597,15.6,136,8996,194
872598,16.75,136,9098,194
872599,15.6,136,9286,194
872600,14.6,136,9112,194
872601,18.4,136,9260,194
872602,15.85,136,9145,194
872603,10.85,136,9123,194
872604,15,136,8979,194
872605,15.5,136,9045,194
872606,15.85,136,9240,194
872607,14.6,136,9019,194
872608,13.6,136,8984,194
872609,16.9,136,9274,194
872610,17,136,8965,194
872611,15.2,136,9100,194
872612,13.2,136,9237,194
872613,13.5,136,9259,194
872614,15.65,136,9058,194
872615,15.35,136,9069,194
872616,14.6,136,9245,194
872617,16.1,136,9323,194
872618,13.25,136,9089,194
872619,12.45,136,9225,194
872620,15.45,136,9319,194
872621,13.2,136,8991,194
872622,17.25,136,9053,194
872623,16.8,136,9227,194
872624,16.1,136,9249,194
872625,14.2,136,8978,194
872626,15.65,136,8951,194
872627,11.8,136,9234,194
872628,13.5,136,9268,194
872629,12.85,136,9071,194
872630,17.1,136,9130,194
872631,16,136,8982,194
872632,15.95,136,9119,194
872633,15.6,136,9272,194
872634,17,136,9074,194
872635,12.6,136,9194,194
872636,15.9,136,9064,194
872637,15.05,136,9124,194
872638,16.25,136,8950,194
872639,11.55,136,9067,194
872640,13.2,136,8955,194
872641,13.3,136,9207,194
872642,14.6,136,9137,194
872643,17.25,136,9127,194
872644,14.9,136,9282,194
872645,11.25,136,9181,194
872646,17.35,136,9332,194
872647,16,136,9325,194
872648,16.6,136,8953,194
872649,15.25,136,9186,194
872650,16.35,136,9108,194
872651,18.1,136,8960,194
872652,11.25,136,9117,194
872653,18.2,136,9173,194
872654,17.5,136,9022,194
872655,14.55,136,9291,194
872656,16.85,136,9125,194
872657,14.2,136,9178,194
872658,14.85,136,9208,194
872659,15.85,136,8963,194
872660,13.85,136,9033,194
872661,16,136,9024,194
872662,14.6,136,9270,194
872663,15.6,136,9340,194
872664,15,136,8989,194
872665,11.1,136,9059,194
872666,15.6,136,9261,194
872667,15.35,136,9306,194
872668,11.25,136,8995,194
872669,14.85,136,9047,194
872670,16.6,136,9183,194
872671,11.7,136,9273,194
872672,18.4,136,9179,194
872673,15.6,136,9136,194
872674,18.85,136,9289,194
872675,13.85,136,9143,194
872676,18.6,136,9138,194
872677,15.25,136,9177,194
872678,13.95,136,9302,194
872679,17.6,136,8999,194
872680,12.3,136,9290,194
872681,15.45,136,9146,194
872682,16,136,9055,194
872683,14.1,136,8998,194
872684,17.25,136,9070,194
872685,12.2,136,9076,194
872686,16.2,136,9096,194
872687,14.5,136,9150,194
872688,16.9,136,9304,194
872689,15.25,136,9189,194
872690,13.9,136,9188,194
872691,15.75,136,9120,194
872692,15.2,136,9008,194
872693,14.2,136,9107,194
872694,17.1,136,9192,194
872695,15.25,136,9017,194
872696,17.85,136,9206,194
872697,14.45,136,9252,194
872698,15.6,136,9279,194
872699,16.5,136,9203,194
872700,15.2,136,9092,194
872701,14.5,136,9278,194
872702,15.6,136,9158,194
872703,16.95,136,9185,194
872704,17.7,136,8980,194
872705,15.85,136,9020,194
872706,13.15,136,9247,194
872707,15.7,136,9061,194
872708,15.5,136,9007,194
872709,16.6,136,9331,194
872710,10.4,136,9293,194
872711,17.25,136,9322,194
872712,19.25,136,9175,194
872713,15.9,136,9025,194
872714,15.35,136,9016,194
872715,10.85,136,9035,194
872716,16.55,136,9275,194
872717,17.65,136,9113,194
872718,12,136,9271,194
872719,15.65,136,9012,194
872720,15.35,136,9028,194
872721,17.2,136,9317,194
872722,16.85,136,9197,194
872723,15.15,136,9328,194
872724,16.25,136,9330,194
872725,14.2,136,9202,194
872726,16.35,136,8990,194
872727,13.25,136,9000,194
872728,16.85,136,9133,194
872729,17.35,136,9311,194
872730,14.3,136,8968,194
872731,11.65,136,8949,194
872732,17.45,136,9258,194
872733,14.85,136,9110,194
872734,10.6,136,9226,194
872735,13.6,136,9264,194
872736,16.8,136,9269,194
872737,16.55,136,9079,194
872738,12.35,136,8985,194
872739,17.5,136,9246,194
872740,15.25,136,9050,194
872741,11.25,136,9141,194
872742,13.6,136,9142,194
872743,11.25,136,9049,194
872744,17,136,9266,194
872745,15.15,136,9095,194
872746,16.1,136,9255,194
872747,15.6,136,9077,194
872748,13.55,136,9004,194
872749,14.2,136,9042,194
872750,15.65,136,9114,194
872751,14.5,136,9091,194
872752,15.75,136,9196,194
872753,9.85,136,8954,194
872754,15.85,136,8946,194
872755,12.05,136,9075,194
872756,16.35,136,8942,194
872757,12.85,136,9307,194
872758,15.7,136,9126,194
872759,15.25,136,9242,194
872760,18.6,136,9326,194
872761,16.6,136,9051,194
872762,15.15,136,9068,194
872763,17.1,136,9034,194
872764,15.6,136,9228,194
872765,17.7,136,9200,194
872766,17,136,9285,194
872767,16.15,136,8986,194
872768,16.1,136,9054,194
872769,11.2,136,9281,194
872770,16.6,136,8961,194
872771,16.7,136,9099,194
872772,14.2,136,9013,194
872773,17.2,136,9105,194
872774,12.1,136,9038,194
872775,11.7,136,8966,194
872776,18.1,136,9121,194
872777,12.8,136,9139,194
872778,16.25,136,9335,194
872779,19,136,9243,194
872780,16.2,136,9213,194
872781,12.15,136,9267,194
872782,16.15,136,8987,194
872783,13.8,136,9236,194
872784,18.55,136,9037,194
872785,14.2,136,9239,194
872786,16.55,136,9036,194
872787,14.6,136,9087,194
872788,15,136,8948,194
872789,15.45,136,9201,194
872790,14.5,136,9083,194
872791,15.6,136,9057,194
872792,17.6,137,9204,194
872793,18.6,137,8970,194
872794,17.85,137,8981,194
872795,16.85,137,8973,194
872796,14.25,137,9116,194
872797,18.6,137,8977,194
872798,19.25,137,9160,194
872799,17.85,137,9170,194
872800,14,137,9216,194
872801,16.85,137,9316,194
872802,17.25,137,9241,194
872803,18.45,137,9056,194
872804,15.25,137,9073,194
872805,20,137,9230,194
872806,18.8,137,9015,194
872807,18.85,137,8945,194
872808,18,137,9310,194
872809,18.6,137,9224,194
872810,17.65,137,9010,194
872811,17.6,137,9280,194
872812,11.95,137,9030,194
872813,17.25,137,9284,194
872814,14.85,137,9147,194
872815,17.4,137,9153,194
872816,20,137,8962,194
872817,19.25,137,9262,194
872818,14.65,137,9027,194
872819,17.2,137,8992,194
872820,12.9,137,9097,194
872821,18.5,137,9217,194
872822,19.6,137,9171,194
872823,20,137,9134,194
872824,18.6,137,9333,194
872825,18.25,137,9011,194
872826,16.85,137,8993,194
872827,18.6,137,9327,194
872828,17.85,137,9292,194
872829,16.25,137,9168,194
872830,19.2,137,8943,194
872831,18.6,137,9305,194
872832,15.85,137,9063,194
872833,18.95,137,9093,194
872834,19.6,137,9166,194
872835,17.6,137,9018,194
872836,17.5,137,9214,194
872837,18.85,137,9288,194
872838,19,137,9151,194
872839,16.25,137,9250,194
872840,15.25,137,9231,194
872841,19,137,8944,194
872842,18.6,137,8952,194
872843,16,137,8969,194
872844,19,137,9131,194
872845,16.85,137,8976,194
872846,17.85,137,9256,194
872847,17.2,137,9080,194
872848,19.25,137,9321,194
872849,16.85,137,9195,194
872850,17.85,137,9155,194
872851,15.85,137,9084,194
872852,17.25,137,9235,194
872853,18,137,9052,194
872854,19.25,137,8964,194
872855,17.85,137,9128,194
872856,14.85,137,9104,194
872857,15.85,137,9315,194
872858,19.6,137,9169,194
872859,19.2,137,9199,194
872860,19.6,137,9324,194
872861,18,137,9023,194
872862,16.35,137,9044,194
872863,19,137,9154,194
872864,17.6,137,9039,194
872865,19.25,137,9086,194
872866,20,137,9148,194
872867,20,137,9287,194
872868,16.85,137,9312,194
872869,18.6,137,9162,194
872870,19.6,137,9338,194
872871,18.25,137,8947,194
872872,18.25,137,9277,194
872873,17,137,9014,194
872874,15,137,9065,194
872875,17.85,137,8967,194
872876,16.85,137,9212,194
872877,17.85,137,9046,194
872878,18.25,137,9163,194
872879,19.6,137,9248,194
872880,18.25,137,9263,194
872881,19,137,9276,194
872882,13.25,137,9140,194
872883,20,137,9211,194
872884,17.25,137,9223,194
872885,17.25,137,9156,194
872886,19.2,137,8957,194
872887,17.35,137,9005,194
872888,18.25,137,9198,194
872889,17.6,137,9149,194
872890,14.6,137,9165,194
872891,18.65,137,9309,194
872892,16.85,137,9193,194
872893,18.5,137,8941,194
872894,16.6,137,9174,194
872895,15,137,9062,194
872896,17.25,137,9295,194
872897,20,137,9082,194
872898,17.85,137,9233,194
872899,14.6,137,9283,194
872900,19.6,137,9219,194
872901,16.6,137,9300,194
872902,19.25,137,9191,194
872903,18.6,137,9002,194
872904,19.65,137,9040,194
872905,19.6,137,9132,194
872906,16.85,137,9115,194
872907,18.25,137,9187,194
872908,16.6,137,9238,194
872909,20,137,9072,194
872910,12.6,137,9102,194
872911,19.6,137,8994,194
872912,19.35,137,9164,194
872913,18.85,137,9218,194
872914,15.85,137,9257,194
872915,20,137,9041,194
872916,16.85,137,9006,194
872917,14.85,137,9031,194
872918,14.2,137,9122,194
872919,17.6,137,9085,194
872920,19.6,137,9314,194
872921,18.6,137,9001,194
872922,18.6,137,9303,194
872923,18.25,137,9144,194
872924,13.25,137,9103,194
872925,18.85,137,9254,194
872926,18,137,9060,194
872927,19,137,9118,194
872928,18.2,137,9229,194
872929,20,137,9294,194
872930,12.85,137,9337,194
872931,18.1,137,9172,194
872932,17.25,137,9111,194
872933,18.2,137,9299,194
872934,17.6,137,9088,194
872935,19.6,137,9032,194
872936,17.85,137,8956,194
872937,19.75,137,9320,194
872938,17.85,137,9026,194
872939,19.6,137,8971,194
872940,14.6,137,9078,194
872941,17.1,137,8983,194
872942,20,137,9232,194
872943,19.6,137,9313,194
872944,20,137,9253,194
872945,18.25,137,9176,194
872946,17.5,137,9221,194
872947,18.85,137,8972,194
872948,18,137,9336,194
872949,18.85,137,9215,194
872950,16.5,137,9167,194
872951,19.25,137,9298,194
872952,19.25,137,8996,194
872953,18,137,9098,194
872954,18,137,9286,194
872955,17,137,9112,194
872956,20,137,9260,194
872957,18.45,137,9145,194
872958,14.6,137,9123,194
872959,17.6,137,8979,194
872960,19.25,137,9045,194
872961,17.2,137,9240,194
872962,16,137,9019,194
872963,17.6,137,8984,194
872964,18.85,137,9274,194
872965,19.6,137,8965,194
872966,18.6,137,9100,194
872967,15.85,137,9237,194
872968,15,137,9259,194
872969,18.85,137,9058,194
872970,17.25,137,9069,194
872971,17.85,137,9245,194
872972,17.6,137,9323,194
872973,16,137,9089,194
872974,16.5,137,9225,194
872975,16.85,137,9319,194
872976,16,137,8991,194
872977,19.2,137,9053,194
872978,19.25,137,9227,194
872979,19,137,9249,194
872980,16.5,137,8978,194
872981,18.6,137,8951,194
872982,12.85,137,9234,194
872983,15.85,137,9268,194
872984,16.35,137,9071,194
872985,18.85,137,9130,194
872986,18,137,8982,194
872987,17.95,137,9119,194
872988,18.5,137,9272,194
872989,19.35,137,9074,194
872990,14.6,137,9194,194
872991,17.85,137,9064,194
872992,16.85,137,9124,194
872993,19.25,137,8950,194
872994,13.85,137,9067,194
872995,15.95,137,8955,194
872996,16,137,9207,194
872997,18.2,137,9137,194
872998,20,137,9127,194
872999,16.1,137,9282,194
873000,13.6,137,9181,194
873001,18.2,137,9332,194
873002,19.6,137,9325,194
873003,18,137,8953,194
873004,18.85,137,9186,194
873005,18.6,137,9108,194
873006,18.6,137,8960,194
873007,15.5,137,9117,194
873008,19.65,137,9173,194
873009,19.6,137,9022,194
873010,17.85,137,9291,194
873011,17.25,137,9125,194
873012,16.35,137,9178,194
873013,17.6,137,9208,194
873014,17.65,137,8963,194
873015,17.85,137,9033,194
873016,18.25,137,9024,194
873017,17.6,137,9270,194
873018,17.25,137,9340,194
873019,17.85,137,8989,194
873020,13.95,137,9059,194
873021,18.65,137,9261,194
873022,18.6,137,9306,194
873023,13.2,137,8995,194
873024,17.35,137,9047,194
873025,20,137,9183,194
873026,13.85,137,9273,194
873027,19.6,137,9179,194
873028,17.6,137,9136,194
873029,19.75,137,9289,194
873030,17.25,137,9143,194
873031,19.25,137,9138,194
873032,19.6,137,9177,194
873033,15.25,137,9302,194
873034,20,137,8999,194
873035,15.85,137,9290,194
873036,18.85,137,9146,194
873037,18.25,137,9055,194
873038,16.8,137,8998,194
873039,18.85,137,9070,194
873040,15.35,137,9076,194
873041,20,137,9096,194
873042,17.65,137,9150,194
873043,19.6,137,9304,194
873044,15.5,137,9189,194
873045,15.6,137,9188,194
873046,17.25,137,9120,194
873047,16.6,137,9008,194
873048,16.85,137,9107,194
873049,20,137,9192,194
873050,17.25,137,9017,194
873051,19.25,137,9206,194
873052,17.25,137,9252,194
873053,17.25,137,9279,194
873054,20,137,9203,194
873055,18,137,9092,194
873056,17.25,137,9278,194
873057,19,137,9158,194
873058,18.75,137,9185,194
873059,19.6,137,8980,194
873060,19.6,137,9020,194
873061,16.2,137,9247,194
873062,16.6,137,9061,194
873063,17.35,137,9007,194
873064,19.6,137,9331,194
873065,12.85,137,9293,194
873066,19.35,137,9322,194
873067,19.65,137,9175,194
873068,18.25,137,9025,194
873069,17.6,137,9016,194
873070,13.85,137,9035,194
873071,18,137,9275,194
873072,18.6,137,9113,194
873073,15.2,137,9271,194
873074,18.25,137,9012,194
873075,18.25,137,9028,194
873076,20,137,9317,194
873077,18,137,9197,194
873078,18.6,137,9328,194
873079,17.5,137,9330,194
873080,18.6,137,9202,194
873081,18.25,137,8990,194
873082,15.2,137,9000,194
873083,19.6,137,9133,194
873084,18.25,137,9311,194
873085,17.25,137,8968,194
873086,13.2,137,8949,194
873087,20,137,9258,194
873088,17.2,137,9110,194
873089,14,137,9226,194
873090,15.85,137,9264,194
873091,18.35,137,9269,194
873092,19,137,9079,194
873093,14.6,137,8985,194
873094,19.6,137,9246,194
873095,16.6,137,9050,194
873096,14.25,137,9141,194
873097,15.85,137,9142,194
873098,13.85,137,9049,194
873099,18.6,137,9266,194
873100,18,137,9095,194
873101,20,137,9255,194
873102,17.6,137,9077,194
873103,15.35,137,9004,194
873104,17.6,137,9042,194
873105,17.85,137,9114,194
873106,17.6,137,9091,194
873107,18.6,137,9196,194
873108,11.85,137,8954,194
873109,18.2,137,8946,194
873110,14.6,137,9075,194
873111,17.25,137,8942,194
873112,15.25,137,9307,194
873113,18,137,9126,194
873114,19.25,137,9242,194
873115,19.25,137,9326,194
873116,19.2,137,9051,194
873117,17.85,137,9068,194
873118,19.6,137,9034,194
873119,18.6,137,9228,194
873120,18.45,137,9200,194
873121,19.6,137,9285,194
873122,18.25,137,8986,194
873123,17.25,137,9054,194
873124,14.25,137,9281,194
873125,19.25,137,8961,194
873126,19.25,137,9099,194
873127,15.85,137,9013,194
873128,20,137,9105,194
873129,14.6,137,9038,194
873130,13.6,137,8966,194
873131,19.6,137,9121,194
873132,14.85,137,9139,194
873133,19.6,137,9335,194
873134,19.6,137,9243,194
873135,18.95,137,9213,194
873136,13.85,137,9267,194
873137,19.25,137,8987,194
873138,16.6,137,9236,194
873139,19.25,137,9037,194
873140,19.35,137,9239,194
873141,18.45,137,9036,194
873142,18.35,137,9087,194
873143,18.9,137,8948,194
873144,18.6,137,9201,194
873145,18.85,137,9083,194
873146,17,137,9057,194
873147,16.6,138,9204,194
873148,18,138,8970,194
873149,17.6,138,8981,194
873150,18.6,138,8973,194
873151,12.25,138,9116,194
873152,16.5,138,8977,194
873153,18.85,138,9160,194
873154,18.2,138,9170,194
873155,13.85,138,9216,194
873156,17.45,138,9316,194
873157,17.25,138,9241,194
873158,18.2,138,9056,194
873159,15.6,138,9073,194
873160,19.25,138,9230,194
873161,18.6,138,9015,194
873162,19.25,138,8945,194
873163,18.25,138,9310,194
873164,17.6,138,9224,194
873165,16.6,138,9010,194
873166,16.6,138,9280,194
873167,13.25,138,9030,194
873168,16.5,138,9284,194
873169,14.6,138,9147,194
873170,17.6,138,9153,194
873171,19.6,138,8962,194
873172,18.85,138,9262,194
873173,13.6,138,9027,194
873174,17.6,138,8992,194
873175,13.6,138,9097,194
873176,17.6,138,9217,194
873177,19.25,138,9171,194
873178,19.25,138,9134,194
873179,18,138,9333,194
873180,17.25,138,9011,194
873181,16.6,138,8993,194
873182,18.95,138,9327,194
873183,17.85,138,9292,194
873184,15.25,138,9168,194
873185,17.6,138,8943,194
873186,17.85,138,9305,194
873187,15.2,138,9063,194
873188,18.2,138,9093,194
873189,18.6,138,9166,194
873190,16.85,138,9018,194
873191,17.2,138,9214,194
873192,18.25,138,9288,194
873193,18.85,138,9151,194
873194,17,138,9250,194
873195,15.6,138,9231,194
873196,18.85,138,8944,194
873197,18.25,138,8952,194
873198,15,138,8969,194
873199,18.6,138,9131,194
873200,16.85,138,8976,194
873201,18.85,138,9256,194
873202,16.5,138,9080,194
873203,18.85,138,9321,194
873204,17.6,138,9195,194
873205,17.2,138,9155,194
873206,14.6,138,9084,194
873207,17.85,138,9235,194
873208,17.6,138,9052,194
873209,18.25,138,8964,194
873210,18.25,138,9128,194
873211,13,138,9104,194
873212,15.35,138,9315,194
873213,19.35,138,9169,194
873214,17.6,138,9199,194
873215,19,138,9324,194
873216,18.6,138,9023,194
873217,15.55,138,9044,194
873218,18.85,138,9154,194
873219,17.85,138,9039,194
873220,18.25,138,9086,194
873221,18.2,138,9148,194
873222,19.25,138,9287,194
873223,15.65,138,9312,194
873224,19,138,9162,194
873225,18.6,138,9338,194
873226,16.2,138,8947,194
873227,17.6,138,9277,194
873228,16.2,138,9014,194
873229,14.95,138,9065,194
873230,17.5,138,8967,194
873231,16,138,9212,194
873232,18.4,138,9046,194
873233,17.65,138,9163,194
873234,19.2,138,9248,194
873235,17.6,138,9263,194
873236,17.85,138,9276,194
873237,13.95,138,9140,194
873238,19.75,138,9211,194
873239,17.6,138,9223,194
873240,17.25,138,9156,194
873241,18.2,138,8957,194
873242,18,138,9005,194
873243,18.9,138,9198,194
873244,15.85,138,9149,194
873245,13.35,138,9165,194
873246,16.5,138,9309,194
873247,18,138,9193,194
873248,18.35,138,8941,194
873249,16.6,138,9174,194
873250,14.25,138,9062,194
873251,17.25,138,9295,194
873252,19.35,138,9082,194
873253,17.85,138,9233,194
873254,14.6,138,9283,194
873255,19.25,138,9219,194
873256,15.85,138,9300,194
873257,18.95,138,9191,194
873258,18.9,138,9002,194
873259,18.6,138,9040,194
873260,19.6,138,9132,194
873261,17.2,138,9115,194
873262,18.6,138,9187,194
873263,14.45,138,9238,194
873264,19.6,138,9072,194
873265,12.9,138,9102,194
873266,18.6,138,8994,194
873267,19.25,138,9164,194
873268,18.45,138,9218,194
873269,15.9,138,9257,194
873270,19.6,138,9041,194
873271,15.85,138,9006,194
873272,14.5,138,9031,194
873273,12.65,138,9122,194
873274,18.2,138,9085,194
873275,18.25,138,9314,194
873276,17.05,138,9001,194
873277,17.85,138,9303,194
873278,17.85,138,9144,194
873279,14.6,138,9103,194
873280,18.35,138,9254,194
873281,17.6,138,9060,194
873282,17.25,138,9118,194
873283,17.6,138,9229,194
873284,19.2,138,9294,194
873285,11.85,138,9337,194
873286,18.4,138,9172,194
873287,15.85,138,9111,194
873288,18.1,138,9299,194
873289,17.6,138,9088,194
873290,18,138,9032,194
873291,16.85,138,8956,194
873292,18.9,138,9320,194
873293,17.65,138,9026,194
873294,19.25,138,8971,194
873295,14.6,138,9078,194
873296,17.2,138,8983,194
873297,19,138,9232,194
873298,18.85,138,9313,194
873299,19.6,138,9253,194
873300,17.6,138,9176,194
873301,17.25,138,9221,194
873302,18.85,138,8972,194
873303,17.6,138,9336,194
873304,18.5,138,9215,194
873305,15.85,138,9167,194
873306,18.85,138,9298,194
873307,18,138,8996,194
873308,17.85,138,9098,194
873309,17.35,138,9286,194
873310,16.25,138,9112,194
873311,20,138,9260,194
873312,17.25,138,9145,194
873313,13.6,138,9123,194
873314,14.95,138,8979,194
873315,19.6,138,9045,194
873316,17.1,138,9240,194
873317,15.6,138,9019,194
873318,14.5,138,8984,194
873319,18,138,9274,194
873320,18.25,138,8965,194
873321,17.85,138,9100,194
873322,15.95,138,9237,194
873323,14.6,138,9259,194
873324,17.65,138,9058,194
873325,16.85,138,9069,194
873326,17,138,9245,194
873327,16.85,138,9323,194
873328,15.25,138,9089,194
873329,16.85,138,9225,194
873330,17.85,138,9319,194
873331,15.25,138,8991,194
873332,18.6,138,9053,194
873333,19,138,9227,194
873334,17.5,138,9249,194
873335,16,138,8978,194
873336,17.6,138,8951,194
873337,13.25,138,9234,194
873338,14.85,138,9268,194
873339,15.6,138,9071,194
873340,18.6,138,9130,194
873341,17.25,138,8982,194
873342,17.6,138,9119,194
873343,17.25,138,9272,194
873344,18.6,138,9074,194
873345,14.35,138,9194,194
873346,18.25,138,9064,194
873347,17.6,138,9124,194
873348,17.6,138,8950,194
873349,14.6,138,9067,194
873350,15.6,138,8955,194
873351,15,138,9207,194
873352,17.5,138,9137,194
873353,20,138,9127,194
873354,15.6,138,9282,194
873355,13.5,138,9181,194
873356,17.6,138,9332,194
873357,17.65,138,9325,194
873358,18.25,138,8953,194
873359,18,138,9186,194
873360,18.85,138,9108,194
873361,18.85,138,8960,194
873362,14.6,138,9117,194
873363,18.7,138,9173,194
873364,19.25,138,9022,194
873365,17.6,138,9291,194
873366,17,138,9125,194
873367,16.2,138,9178,194
873368,16.85,138,9208,194
873369,17.9,138,8963,194
873370,17.95,138,9033,194
873371,17.85,138,9024,194
873372,16.6,138,9270,194
873373,16.85,138,9340,194
873374,17.6,138,8989,194
873375,14.25,138,9059,194
873376,17.6,138,9261,194
873377,18.95,138,9306,194
873378,11.25,138,8995,194
873379,17.85,138,9047,194
873380,18.6,138,9183,194
873381,14.25,138,9273,194
873382,20,138,9179,194
873383,17.25,138,9136,194
873384,20,138,9289,194
873385,15.2,138,9143,194
873386,18.95,138,9138,194
873387,18.25,138,9177,194
873388,15.25,138,9302,194
873389,20,138,8999,194
873390,15.6,138,9290,194
873391,17.9,138,9146,194
873392,17.6,138,9055,194
873393,16.4,138,8998,194
873394,17.6,138,9070,194
873395,14.25,138,9076,194
873396,18.65,138,9096,194
873397,15.6,138,9150,194
873398,19.6,138,9304,194
873399,16.75,138,9189,194
873400,17,138,9188,194
873401,16.5,138,9120,194
873402,15.75,138,9008,194
873403,16.25,138,9107,194
873404,18.6,138,9192,194
873405,16.6,138,9017,194
873406,19.6,138,9206,194
873407,16.6,138,9252,194
873408,16.55,138,9279,194
873409,19.25,138,9203,194
873410,17.35,138,9092,194
873411,16.6,138,9278,194
873412,18.25,138,9158,194
873413,18.65,138,9185,194
873414,19.25,138,8980,194
873415,18.35,138,9020,194
873416,16.2,138,9247,194
873417,18.2,138,9061,194
873418,16.6,138,9007,194
873419,19.75,138,9331,194
873420,12.6,138,9293,194
873421,18.85,138,9322,194
873422,18.85,138,9175,194
873423,16.85,138,9025,194
873424,16.8,138,9016,194
873425,13.6,138,9035,194
873426,16.6,138,9275,194
873427,17.25,138,9113,194
873428,13.85,138,9271,194
873429,18.2,138,9012,194
873430,19.25,138,9028,194
873431,20,138,9317,194
873432,18.25,138,9197,194
873433,17.25,138,9328,194
873434,18,138,9330,194
873435,16.6,138,9202,194
873436,17.45,138,8990,194
873437,15.25,138,9000,194
873438,19.25,138,9133,194
873439,19.6,138,9311,194
873440,16.65,138,8968,194
873441,12.25,138,8949,194
873442,19.2,138,9258,194
873443,17.85,138,9110,194
873444,12.2,138,9226,194
873445,15.25,138,9264,194
873446,16.85,138,9269,194
873447,16.85,138,9079,194
873448,12.95,138,8985,194
873449,18.85,138,9246,194
873450,15.25,138,9050,194
873451,13.1,138,9141,194
873452,14.85,138,9142,194
873453,12,138,9049,194
873454,17.95,138,9266,194
873455,18,138,9095,194
873456,19.6,138,9255,194
873457,16.6,138,9077,194
873458,13.85,138,9004,194
873459,17.75,138,9042,194
873460,16.6,138,9114,194
873461,17.6,138,9091,194
873462,18,138,9196,194
873463,13.1,138,8954,194
873464,19.25,138,8946,194
873465,14.25,138,9075,194
873466,17.5,138,8942,194
873467,15.2,138,9307,194
873468,17.85,138,9126,194
873469,17.85,138,9242,194
873470,19.6,138,9326,194
873471,18.85,138,9051,194
873472,18.85,138,9068,194
873473,19.6,138,9034,194
873474,17,138,9228,194
873475,17.6,138,9200,194
873476,18.45,138,9285,194
873477,18.85,138,8986,194
873478,16.85,138,9054,194
873479,14.25,138,9281,194
873480,17.85,138,8961,194
873481,17.5,138,9099,194
873482,17.2,138,9013,194
873483,20,138,9105,194
873484,13.6,138,9038,194
873485,14,138,8966,194
873486,19.2,138,9121,194
873487,13.45,138,9139,194
873488,19.6,138,9335,194
873489,20,138,9243,194
873490,20,138,9213,194
873491,13.25,138,9267,194
873492,18.25,138,8987,194
873493,14.85,138,9236,194
873494,19.6,138,9037,194
873495,18.25,138,9239,194
873496,18.6,138,9036,194
873497,17.9,138,9087,194
873498,18.85,138,8948,194
873499,17.1,138,9201,194
873500,17.6,138,9083,194
873501,17.25,138,9057,194
873502,16.2,139,9204,194
873503,17.9,139,8970,194
873504,17.25,139,8981,194
873505,15.1,139,8973,194
873506,11.85,139,9116,194
873507,16.25,139,8977,194
873508,17.6,139,9160,194
873509,17.2,139,9170,194
873510,11.85,139,9216,194
873511,16.25,139,9316,194
873512,15.25,139,9241,194
873513,17.6,139,9056,194
873514,15.25,139,9073,194
873515,20,139,9230,194
873516,17,139,9015,194
873517,18,139,8945,194
873518,16.85,139,9310,194
873519,18.25,139,9224,194
873520,16,139,9010,194
873521,16.25,139,9280,194
873522,12.35,139,9030,194
873523,17,139,9284,194
873524,13.2,139,9147,194
873525,16.6,139,9153,194
873526,19.2,139,8962,194
873527,18.25,139,9262,194
873528,13.4,139,9027,194
873529,17.6,139,8992,194
873530,11.6,139,9097,194
873531,18.1,139,9217,194
873532,19.35,139,9171,194
873533,19.4,139,9134,194
873534,17.1,139,9333,194
873535,16.6,139,9011,194
873536,15.15,139,8993,194
873537,17.45,139,9327,194
873538,17.85,139,9292,194
873539,14.6,139,9168,194
873540,18.35,139,8943,194
873541,16.25,139,9305,194
873542,15.2,139,9063,194
873543,19,139,9093,194
873544,20,139,9166,194
873545,17.6,139,9018,194
873546,18.35,139,9214,194
873547,18,139,9288,194
873548,17.6,139,9151,194
873549,15.5,139,9250,194
873550,14.25,139,9231,194
873551,19,139,8944,194
873552,17.1,139,8952,194
873553,14.65,139,8969,194
873554,16.85,139,9131,194
873555,15.7,139,8976,194
873556,17.6,139,9256,194
873557,16.25,139,9080,194
873558,18.25,139,9321,194
873559,16.35,139,9195,194
873560,18.25,139,9155,194
873561,15.6,139,9084,194
873562,16.1,139,9235,194
873563,16.2,139,9052,194
873564,18.55,139,8964,194
873565,18.35,139,9128,194
873566,13.65,139,9104,194
873567,13.95,139,9315,194
873568,18.85,139,9169,194
873569,17.9,139,9199,194
873570,18.25,139,9324,194
873571,17.6,139,9023,194
873572,16.7,139,9044,194
873573,18.9,139,9154,194
873574,16.9,139,9039,194
873575,17.85,139,9086,194
873576,18.1,139,9148,194
873577,20,139,9287,194
873578,14.25,139,9312,194
873579,16.9,139,9162,194
873580,18.25,139,9338,194
873581,18,139,8947,194
873582,17.75,139,9277,194
873583,16.85,139,9014,194
873584,13.3,139,9065,194
873585,17.35,139,8967,194
873586,16.5,139,9212,194
873587,17.1,139,9046,194
873588,17,139,9163,194
873589,19,139,9248,194
873590,17.85,139,9263,194
873591,17.6,139,9276,194
873592,13.75,139,9140,194
873593,19.6,139,9211,194
873594,16,139,9223,194
873595,15.9,139,9156,194
873596,16.65,139,8957,194
873597,17.2,139,9005,194
873598,18,139,9198,194
873599,16.25,139,9149,194
873600,13.6,139,9165,194
873601,16.25,139,9309,194
873602,16.6,139,9193,194
873603,19.25,139,8941,194
873604,15.1,139,9174,194
873605,15,139,9062,194
873606,16.25,139,9295,194
873607,18.35,139,9082,194
873608,17.25,139,9233,194
873609,13.6,139,9283,194
873610,19.65,139,9219,194
873611,15.9,139,9300,194
873612,17.1,139,9191,194
873613,17.25,139,9002,194
873614,18,139,9040,194
873615,19.25,139,9132,194
873616,17.35,139,9115,194
873617,17.95,139,9187,194
873618,15,139,9238,194
873619,18.6,139,9072,194
873620,12.95,139,9102,194
873621,17.9,139,8994,194
873622,19.25,139,9164,194
873623,18.45,139,9218,194
873624,14.25,139,9257,194
873625,18.85,139,9041,194
873626,16,139,9006,194
873627,15.2,139,9031,194
873628,12.95,139,9122,194
873629,16.4,139,9085,194
873630,18.45,139,9314,194
873631,17.2,139,9001,194
873632,17.6,139,9303,194
873633,18.25,139,9144,194
873634,12.85,139,9103,194
873635,18.85,139,9254,194
873636,17,139,9060,194
873637,16.9,139,9118,194
873638,16.95,139,9229,194
873639,20,139,9294,194
873640,12.1,139,9337,194
873641,16.85,139,9172,194
873642,15.35,139,9111,194
873643,16.6,139,9299,194
873644,16.9,139,9088,194
873645,20,139,9032,194
873646,17.6,139,8956,194
873647,18.2,139,9320,194
873648,17.2,139,9026,194
873649,18.6,139,8971,194
873650,13.6,139,9078,194
873651,17.4,139,8983,194
873652,19.65,139,9232,194
873653,18.6,139,9313,194
873654,19,139,9253,194
873655,16.7,139,9176,194
873656,16,139,9221,194
873657,17.5,139,8972,194
873658,17.9,139,9336,194
873659,17.85,139,9215,194
873660,14.65,139,9167,194
873661,17.85,139,9298,194
873662,17.35,139,8996,194
873663,17.35,139,9098,194
873664,17.45,139,9286,194
873665,15.6,139,9112,194
873666,19,139,9260,194
873667,16.2,139,9145,194
873668,13.5,139,9123,194
873669,15.85,139,8979,194
873670,17.6,139,9045,194
873671,16.6,139,9240,194
873672,15.5,139,9019,194
873673,16.35,139,8984,194
873674,18,139,9274,194
873675,17.5,139,8965,194
873676,16.65,139,9100,194
873677,16.5,139,9237,194
873678,12.95,139,9259,194
873679,18.6,139,9058,194
873680,16.9,139,9069,194
873681,16.2,139,9245,194
873682,17.6,139,9323,194
873683,15.65,139,9089,194
873684,14.6,139,9225,194
873685,16,139,9319,194
873686,14.65,139,8991,194
873687,18.6,139,9053,194
873688,19.25,139,9227,194
873689,18,139,9249,194
873690,16.25,139,8978,194
873691,16.1,139,8951,194
873692,13.25,139,9234,194
873693,15,139,9268,194
873694,15.45,139,9071,194
873695,18.35,139,9130,194
873696,16.5,139,8982,194
873697,16.65,139,9119,194
873698,17.2,139,9272,194
873699,18.45,139,9074,194
873700,12.6,139,9194,194
873701,17.75,139,9064,194
873702,15.7,139,9124,194
873703,18,139,8950,194
873704,14,139,9067,194
873705,14.95,139,8955,194
873706,14.85,139,9207,194
873707,15.6,139,9137,194
873708,19.65,139,9127,194
873709,14.25,139,9282,194
873710,12.6,139,9181,194
873711,17.95,139,9332,194
873712,18,139,9325,194
873713,17.25,139,8953,194
873714,16.25,139,9186,194
873715,19.6,139,9108,194
873716,18.35,139,8960,194
873717,13.25,139,9117,194
873718,19.6,139,9173,194
873719,18.6,139,9022,194
873720,17.65,139,9291,194
873721,16.2,139,9125,194
873722,16.65,139,9178,194
873723,17,139,9208,194
873724,17.55,139,8963,194
873725,16.45,139,9033,194
873726,16.85,139,9024,194
873727,16.6,139,9270,194
873728,16.6,139,9340,194
873729,16.25,139,8989,194
873730,12.25,139,9059,194
873731,15.6,139,9261,194
873732,18.7,139,9306,194
873733,11.6,139,8995,194
873734,17.65,139,9047,194
873735,18.2,139,9183,194
873736,13.95,139,9273,194
873737,18.25,139,9179,194
873738,16.65,139,9136,194
873739,19.4,139,9289,194
873740,15.9,139,9143,194
873741,18.6,139,9138,194
873742,19,139,9177,194
873743,14.25,139,9302,194
873744,19.25,139,8999,194
873745,14.45,139,9290,194
873746,17.5,139,9146,194
873747,18,139,9055,194
873748,16.25,139,8998,194
873749,17.85,139,9070,194
873750,15.6,139,9076,194
873751,18.8,139,9096,194
873752,15.5,139,9150,194
873753,19.35,139,9304,194
873754,14.6,139,9189,194
873755,15.8,139,9188,194
873756,16.6,139,9120,194
873757,16.1,139,9008,194
873758,16.35,139,9107,194
873759,19,139,9192,194
873760,16,139,9017,194
873761,16.85,139,9206,194
873762,16.2,139,9252,194
873763,17.6,139,9279,194
873764,18.2,139,9203,194
873765,17.9,139,9092,194
873766,15.1,139,9278,194
873767,16.1,139,9158,194
873768,18.1,139,9185,194
873769,17.85,139,8980,194
873770,17.6,139,9020,194
873771,15.05,139,9247,194
873772,15.9,139,9061,194
873773,17.85,139,9007,194
873774,17.2,139,9331,194
873775,12.2,139,9293,194
873776,17.25,139,9322,194
873777,18.25,139,9175,194
873778,17.7,139,9025,194
873779,16.2,139,9016,194
873780,13.25,139,9035,194
873781,17.75,139,9275,194
873782,15.6,139,9113,194
873783,13.5,139,9271,194
873784,16.75,139,9012,194
873785,18.25,139,9028,194
873786,18.95,139,9317,194
873787,18.85,139,9197,194
873788,18.5,139,9328,194
873789,17.9,139,9330,194
873790,16.6,139,9202,194
873791,18,139,8990,194
873792,15.25,139,9000,194
873793,18.5,139,9133,194
873794,17.9,139,9311,194
873795,17.25,139,8968,194
873796,11.2,139,8949,194
873797,19.25,139,9258,194
873798,17.85,139,9110,194
873799,13.25,139,9226,194
873800,14.6,139,9264,194
873801,16.6,139,9269,194
873802,16.85,139,9079,194
873803,12.25,139,8985,194
873804,18.5,139,9246,194
873805,16.45,139,9050,194
873806,12.85,139,9141,194
873807,15.25,139,9142,194
873808,12.85,139,9049,194
873809,17.6,139,9266,194
873810,16.85,139,9095,194
873811,18.75,139,9255,194
873812,17.5,139,9077,194
873813,13.6,139,9004,194
873814,17.1,139,9042,194
873815,17.25,139,9114,194
873816,15.25,139,9091,194
873817,17.25,139,9196,194
873818,12.9,139,8954,194
873819,16.85,139,8946,194
873820,13.75,139,9075,194
873821,15.75,139,8942,194
873822,15.25,139,9307,194
873823,17,139,9126,194
873824,16.1,139,9242,194
873825,17.85,139,9326,194
873826,19.35,139,9051,194
873827,16.95,139,9068,194
873828,19,139,9034,194
873829,17.5,139,9228,194
873830,18.85,139,9200,194
873831,18.2,139,9285,194
873832,17.35,139,8986,194
873833,17.2,139,9054,194
873834,13.75,139,9281,194
873835,16.8,139,8961,194
873836,17.85,139,9099,194
873837,15.35,139,9013,194
873838,19.6,139,9105,194
873839,12.25,139,9038,194
873840,13.25,139,8966,194
873841,18.85,139,9121,194
873842,12.6,139,9139,194
873843,19.25,139,9335,194
873844,20,139,9243,194
873845,18.1,139,9213,194
873846,12,139,9267,194
873847,17.75,139,8987,194
873848,14.6,139,9236,194
873849,18.5,139,9037,194
873850,16.6,139,9239,194
873851,17.9,139,9036,194
873852,16.35,139,9087,194
873853,16.45,139,8948,194
873854,17.85,139,9201,194
873855,17.9,139,9083,194
873856,18.25,139,9057,194
873857,14,132,8967,195
873858,15.9,132,9305,195
873859,15.8,132,9277,195
873860,11.6,132,8995,195
873861,17.15,132,9056,195
873862,16.5,132,8994,195
873863,16.8,132,9255,195
873864,15.15,132,8982,195
873865,16.5,132,9294,195
873866,15.45,132,8998,195
873867,15.2,132,9080,195
873868,15.85,132,9028,195
873869,17.45,132,9177,195
873870,14.15,132,9332,195
873871,16.85,132,9187,195
873872,17.75,132,9034,195
873873,13.5,132,9031,195
873874,13.5,132,9282,195
873875,13.7,132,8979,195
873876,15,132,8977,195
873877,15.75,132,9252,195
873878,15.35,132,9125,195
873879,16.6,132,9246,195
873880,11.25,132,9075,195
873881,13.95,132,9223,195
873882,10.75,132,9122,195
873883,15.2,132,9064,195
873884,17.1,132,9314,195
873885,14.3,132,9275,195
873886,12.6,132,9004,195
873887,10.85,132,9293,195
873888,17.25,132,9206,195
873889,15.7,132,9079,195
873890,14.65,132,9333,195
873891,15.1,132,9309,195
873892,13.6,132,9156,195
873893,13.85,132,9201,195
873894,17.2,132,9173,195
873895,16.45,132,9086,195
873896,9.85,132,9038,195
873897,14.95,132,8965,195
873898,15,132,9238,195
873899,16.6,132,9313,195
873900,15.6,132,9199,195
873901,14.85,132,8956,195
873902,14.35,132,9054,195
873903,16.5,132,9098,195
873904,15.65,132,9306,195
873905,14.55,132,9310,195
873906,16.2,132,9020,195
873907,17.45,132,9171,195
873908,17.7,132,9164,195
873909,16.25,132,9317,195
873910,12.25,132,9181,195
873911,16.1,132,9158,195
873912,12.7,132,8991,195
873913,16.25,132,9159,195
873914,15.35,132,8964,195
873915,15.75,132,9162,195
873916,12.2,132,9302,195
873917,16.25,132,9060,195
873918,12.35,132,9165,195
873919,12.2,132,9089,195
873920,11.85,132,9071,195
873921,15.3,132,9316,195
873922,16.3,132,9325,195
873923,15.25,132,9110,195
873924,14.6,132,9042,195
873925,13.8,132,8947,195
873926,15,132,9311,195
873927,15.6,132,8981,195
873928,16.35,132,9229,195
873929,14.25,132,9208,195
873930,13.25,132,9027,195
873931,15.1,132,9288,195
873932,13.25,132,9109,195
873933,10.2,132,9030,195
873934,11.25,132,9234,195
873935,13.5,132,9084,195
873936,15.85,132,9070,195
873937,17.85,132,9132,195
873938,17.2,132,9209,195
873939,14.6,132,9330,195
873940,15,132,9202,195
873941,15.6,132,9012,195
873942,15.85,132,9023,195
873943,14.65,132,9013,195
873944,17.6,132,9053,195
873945,15.2,132,9130,195
873946,10.35,132,9216,195
873947,18.25,132,9287,195
873948,14.65,132,8987,195
873949,14.5,132,9111,195
873950,12.7,132,9147,195
873951,15.1,132,9336,195
873952,17.6,132,9131,195
873953,15.25,132,9163,195
873954,15.75,132,9200,195
873955,15.35,132,9118,195
873956,14.6,132,9284,195
873957,14.7,132,9214,195
873958,13.45,132,9268,195
873959,18.2,132,9326,195
873960,15.85,132,8944,195
873961,15.3,132,8988,195
873962,17.45,132,9003,195
873963,13.55,132,9044,195
873964,16.1,132,9254,195
873965,17.95,132,9289,195
873966,14.5,132,9272,195
873967,15.45,132,9174,195
873968,16.85,132,9262,195
873969,14.6,132,9261,195
873970,14.6,132,8963,195
873971,17.1,132,9151,195
873972,15.2,132,9085,195
873973,15.35,132,9186,195
873974,16.5,132,9239,195
873975,15.5,132,9137,195
873976,15.75,132,9285,195
873977,15.25,132,9155,195
873978,16.85,132,9051,195
873979,17.2,132,9192,195
873980,15.4,132,9057,195
873981,16,132,9324,195
873982,16.25,132,9335,195
873983,15.05,132,9136,195
873984,14.4,132,8974,195
873985,9.75,132,9337,195
873986,16.45,132,9093,195
873987,14.3,132,8989,195
873988,11.65,132,8985,195
873989,14.25,132,9247,195
873990,12,132,9271,195
873991,14.85,132,9193,195
873992,13.85,132,9231,195
873993,13.1,132,9264,195
873994,13.1,132,9318,195
873995,14.2,132,9087,195
873996,13.6,132,8969,195
873997,15.6,132,8942,195
873998,16,132,9260,195
873999,14.85,132,9149,195
874000,15.85,132,9327,195
874001,13.65,132,8993,195
874002,16.85,132,9320,195
874003,13.65,132,9014,195
874004,17.2,132,9304,195
874005,16.3,132,9001,195
874006,13.55,132,9241,195
874007,15.35,132,9018,195
874008,10.65,132,9059,195
874009,10.5,132,9035,195
874010,16.6,132,9036,195
874011,13.9,132,9142,195
874012,17,132,9166,195
874013,11.6,132,9102,195
874014,15.2,132,9276,195
874015,15.55,132,9298,195
874016,16.1,132,9263,195
874017,10.75,132,9076,195
874018,16.85,132,9198,195
874019,10.85,132,9116,195
874020,14.45,132,8984,195
874021,16.5,132,9211,195
874022,17.9,132,8980,195
874023,14.7,132,9182,195
874024,15.85,132,9154,195
874025,15,132,9052,195
874026,16.05,132,9100,195
874027,16.35,132,8952,195
874028,15.95,132,9270,195
874029,15.3,132,9088,195
874030,15.15,132,9176,195
874031,15.5,132,8996,195
874032,14.85,132,9242,195
874033,15.55,132,9115,195
874034,13.8,132,9236,195
874035,11,132,9123,195
874036,15.5,132,9114,195
874037,15.3,132,9269,195
874038,13.2,132,9000,195
874039,14.35,132,9144,195
874040,16.25,132,8953,195
874041,14.6,132,9286,195
874042,17.85,132,9213,195
874043,17.6,132,9248,195
874044,14.65,132,9009,195
874045,15.6,132,9048,195
874046,17.35,132,9210,195
874047,16.9,132,9005,195
874048,15.2,132,9297,195
874049,11.65,132,9152,195
874050,15.8,132,9016,195
874051,15.45,132,9094,195
874052,16.35,132,9074,195
874053,14.55,132,9250,195
874054,14.5,132,9119,195
874055,13.2,132,9019,195
874056,16.35,132,9249,195
874057,9.85,132,9283,195
874058,13.9,132,9221,195
874059,14,132,9278,195
874060,16.35,132,9183,195
874061,10.1,132,8954,195
874062,13.45,132,9107,195
874063,13.65,132,8968,195
874064,16.6,132,9133,195
874065,17.4,132,9218,195
874066,15.1,132,9113,195
874067,15.85,132,9058,195
874068,16.6,132,9148,195
874069,17.15,132,9232,195
874070,16.2,132,9323,195
874071,14.2,132,9237,195
874072,10.3,132,8949,195
874073,14.2,132,9153,195
874074,16.05,132,9170,195
874075,15.25,132,8970,195
874076,16.95,132,9138,195
874077,17.5,132,9082,195
874078,17.25,132,8999,195
874079,13.2,132,8978,195
874080,15.8,132,9025,195
874081,16.75,132,9128,195
874082,14.95,132,9069,195
874083,10.85,132,9117,195
874084,11.85,132,8966,195
874085,17.8,132,9032,195
874086,14.6,132,9222,195
874087,14.85,132,9011,195
874088,16.85,132,9243,195
874089,13.45,132,9225,195
874090,9.95,132,9106,195
874091,18.35,132,9215,195
874092,15.85,132,9134,195
874093,16.85,132,9096,195
874094,15.5,132,9296,195
874095,13.6,132,9295,195
874096,17.2,132,9227,195
874097,14.2,132,9280,195
874098,14.35,132,9240,195
874099,16.55,132,8960,195
874100,17,132,9185,195
874101,15.95,132,9037,195
874102,14.1,132,9120,195
874103,14.2,132,9050,195
874104,13.5,132,8946,195
874105,14.95,132,9312,195
874106,17.55,132,9179,195
874107,13.95,132,9195,195
874108,15.3,132,9077,195
874109,16,132,9160,195
874110,16.7,132,9334,195
874111,15.85,132,9092,195
874112,15.2,132,9319,195
874113,15.05,132,8983,195
874114,11.1,132,9194,195
874115,9.75,132,9140,195
874116,14.35,132,8992,195
874117,17.4,132,9253,195
874118,11.7,132,9273,195
874119,14.7,132,9061,195
874120,14.2,132,9340,195
874121,12.25,132,9078,195
874122,16.6,132,8972,195
874123,14.45,132,9299,195
874124,9.55,132,9281,195
874125,16.75,132,9002,195
874126,13.85,132,9189,195
874127,12.95,132,9290,195
874128,12.9,132,9315,195
874129,15.6,132,8950,195
874130,16.35,132,9129,195
874131,12.8,132,9008,195
874132,15.7,132,9095,195
874133,14.2,132,9307,195
874134,16.45,132,9338,195
874135,11.5,132,9267,195
874136,12.1,132,9073,195
874137,17.6,132,9041,195
874138,9.85,132,9097,195
874139,16,132,8976,195
874140,12.6,132,9143,195
874141,14.6,132,8961,195
874142,16.8,132,9331,195
874143,15.65,132,9026,195
874144,15.95,132,9322,195
874145,16.25,132,9039,195
874146,16,132,9279,195
874147,15.5,132,9197,195
874148,14.35,132,9145,195
874149,14.35,132,9010,195
874150,17.45,132,8945,195
874151,15.2,132,9329,195
874152,13.5,132,8975,195
874153,15.6,132,9135,195
874154,15.3,132,9204,195
874155,16.65,132,9172,195
874156,14.2,132,9292,195
874157,14.3,132,9063,195
874158,14.4,132,9150,195
874159,11.85,132,9300,195
874160,17.55,132,9121,195
874161,13.65,132,9212,195
874162,15.65,132,8971,195
874163,12.9,132,9081,195
874164,17.65,132,9219,195
874165,16.5,132,8962,195
874166,14.45,132,9328,195
874167,12.85,132,9257,195
874168,16.1,132,9191,195
874169,13.6,132,9228,195
874170,15.25,132,8948,195
874171,16.6,132,8990,195
874172,13.75,132,9006,195
874173,12.15,132,9207,195
874174,14.2,132,9168,195
874175,16.2,132,9235,195
874176,15.05,132,8959,195
874177,15.6,132,9047,195
874178,16,132,9291,195
874179,15.25,132,9099,195
874180,15.65,132,9112,195
874181,13.3,132,9178,195
874182,11.35,132,9062,195
874183,16.65,132,9256,195
874184,14.5,132,9033,195
874185,11.5,132,9067,195
874186,14.95,132,9303,195
874187,16.4,132,9090,195
874188,15.25,132,9017,195
874189,11,132,9104,195
874190,9.5,132,9103,195
874191,15.1,132,9083,195
874192,15.25,132,9245,195
874193,15.6,132,9274,195
874194,15.6,132,9024,195
874195,17.6,132,9321,195
874196,15.85,132,9266,195
874197,15.35,132,9040,195
874198,18.35,132,9127,195
874199,17.3,132,9175,195
874200,15.2,132,9167,195
874201,10.35,132,9049,195
874202,12.5,132,8955,195
874203,10.85,132,9226,195
874204,17.95,132,9230,195
874205,16.75,132,8941,195
874206,16.05,132,9022,195
874207,16.45,132,9203,195
874208,14.1,132,9055,195
874209,16.35,132,9217,195
874210,14.8,132,9196,195
874211,14.65,132,9126,195
874212,13.8,132,9007,195
874213,14.95,132,9188,195
874214,17.6,132,9072,195
874215,16.65,132,9233,195
874216,14.85,132,9091,195
874217,15.45,132,8986,195
874218,15.65,132,8957,195
874219,16.95,132,9169,195
874220,10.05,132,9139,195
874221,18.1,132,9258,195
874222,15.6,133,8967,195
874223,17.25,133,9305,195
874224,16.35,133,9277,195
874225,10.55,133,8995,195
874226,17.85,133,9056,195
874227,17.1,133,8994,195
874228,17.7,133,9255,195
874229,15.1,133,8982,195
874230,18.75,133,9294,195
874231,14.7,133,8998,195
874232,16.6,133,9080,195
874233,16.85,133,9028,195
874234,18.45,133,9177,195
874235,15.75,133,9332,195
874236,17.85,133,9187,195
874237,18.5,133,9034,195
874238,13.85,133,9031,195
874239,14.4,133,9282,195
874240,14.6,133,8979,195
874241,16.6,133,8977,195
874242,16,133,9252,195
874243,16.65,133,9125,195
874244,16.55,133,9246,195
874245,13.25,133,9075,195
874246,16.45,133,9223,195
874247,12.7,133,9122,195
874248,16.2,133,9064,195
874249,17.95,133,9314,195
874250,15.1,133,9275,195
874251,14,133,9004,195
874252,11.85,133,9293,195
874253,18.25,133,9206,195
874254,15.95,133,9079,195
874255,17.35,133,9333,195
874256,15.95,133,9309,195
874257,15.85,133,9156,195
874258,16.9,133,9201,195
874259,17.7,133,9173,195
874260,15.6,133,9086,195
874261,13.95,133,9038,195
874262,18.7,133,8965,195
874263,13.7,133,9238,195
874264,18,133,9313,195
874265,15.75,133,9199,195
874266,16.2,133,8956,195
874267,16,133,9054,195
874268,16.4,133,9098,195
874269,16.9,133,9306,195
874270,16.25,133,9310,195
874271,16.1,133,9020,195
874272,17.85,133,9171,195
874273,18.45,133,9164,195
874274,17.85,133,9317,195
874275,13.9,133,9181,195
874276,16.2,133,9158,195
874277,14.6,133,8991,195
874278,18.4,133,9159,195
874279,16.35,133,8964,195
874280,16.85,133,9162,195
874281,13,133,9302,195
874282,16.15,133,9060,195
874283,13.5,133,9165,195
874284,13.85,133,9089,195
874285,13.7,133,9071,195
874286,15.8,133,9316,195
874287,17.25,133,9325,195
874288,16.2,133,9110,195
874289,15.25,133,9042,195
874290,17.2,133,8947,195
874291,18.45,133,9311,195
874292,15.25,133,8981,195
874293,15.5,133,9229,195
874294,15.6,133,9208,195
874295,13.35,133,9027,195
874296,16.2,133,9288,195
874297,13.35,133,9109,195
874298,10.5,133,9030,195
874299,10.85,133,9234,195
874300,14.2,133,9084,195
874301,16.25,133,9070,195
874302,18.5,133,9132,195
874303,17.25,133,9209,195
874304,17.95,133,9330,195
874305,15.9,133,9202,195
874306,15.95,133,9012,195
874307,15.45,133,9023,195
874308,13.95,133,9013,195
874309,18.6,133,9053,195
874310,16.95,133,9130,195
874311,12.45,133,9216,195
874312,17.65,133,9287,195
874313,16.5,133,8987,195
874314,14.9,133,9111,195
874315,12.25,133,9147,195
874316,17.35,133,9336,195
874317,16.25,133,9131,195
874318,16.9,133,9163,195
874319,16.85,133,9200,195
874320,16.6,133,9118,195
874321,15.8,133,9284,195
874322,17,133,9214,195
874323,14.85,133,9268,195
874324,18,133,9326,195
874325,17.75,133,8944,195
874326,16.95,133,8988,195
874327,18.85,133,9003,195
874328,15.35,133,9044,195
874329,16.6,133,9254,195
874330,17.45,133,9289,195
874331,17.1,133,9272,195
874332,15.15,133,9174,195
874333,17.5,133,9262,195
874334,15.25,133,9261,195
874335,16.6,133,8963,195
874336,17.3,133,9151,195
874337,17.25,133,9085,195
874338,16.2,133,9186,195
874339,17,133,9239,195
874340,16,133,9137,195
874341,17.35,133,9285,195
874342,17.05,133,9155,195
874343,18.7,133,9051,195
874344,18,133,9192,195
874345,16,133,9057,195
874346,16.6,133,9324,195
874347,18.05,133,9335,195
874348,16.4,133,9136,195
874349,15.95,133,8974,195
874350,10.85,133,9337,195
874351,17.2,133,9093,195
874352,15.25,133,8989,195
874353,11.85,133,8985,195
874354,15.35,133,9247,195
874355,13.85,133,9271,195
874356,16.25,133,9193,195
874357,14.2,133,9231,195
874358,14.5,133,9264,195
874359,15,133,9318,195
874360,15.6,133,9087,195
874361,14.5,133,8969,195
874362,16.2,133,8942,195
874363,18.5,133,9260,195
874364,15.85,133,9149,195
874365,17.25,133,9327,195
874366,15,133,8993,195
874367,19,133,9320,195
874368,15.45,133,9014,195
874369,17.35,133,9304,195
874370,17.2,133,9001,195
874371,15.85,133,9241,195
874372,16.45,133,9018,195
874373,13.1,133,9059,195
874374,12.35,133,9035,195
874375,16.6,133,9036,195
874376,15.5,133,9142,195
874377,17.45,133,9166,195
874378,11.5,133,9102,195
874379,17.1,133,9276,195
874380,17.85,133,9298,195
874381,16,133,9263,195
874382,13.1,133,9076,195
874383,17.35,133,9198,195
874384,11.2,133,9116,195
874385,15.75,133,8984,195
874386,17.7,133,9211,195
874387,17.85,133,8980,195
874388,14.6,133,9182,195
874389,17.6,133,9154,195
874390,15,133,9052,195
874391,16.2,133,9100,195
874392,17.1,133,8952,195
874393,15,133,9270,195
874394,16.6,133,9088,195
874395,16,133,9176,195
874396,16.6,133,8996,195
874397,16.65,133,9242,195
874398,17.6,133,9115,195
874399,14.25,133,9236,195
874400,13.35,133,9123,195
874401,16,133,9114,195
874402,17.25,133,9269,195
874403,14.6,133,9000,195
874404,15.75,133,9144,195
874405,16.95,133,8953,195
874406,15.25,133,9286,195
874407,18.25,133,9213,195
874408,17.55,133,9248,195
874409,16,133,9009,195
874410,16.6,133,9048,195
874411,17.55,133,9210,195
874412,16.6,133,9005,195
874413,16.55,133,9297,195
874414,13.6,133,9152,195
874415,16.2,133,9016,195
874416,17.45,133,9094,195
874417,16.7,133,9074,195
874418,14.1,133,9250,195
874419,15.6,133,9119,195
874420,14,133,9019,195
874421,16.9,133,9249,195
874422,12.25,133,9283,195
874423,15.7,133,9221,195
874424,14.25,133,9278,195
874425,18.65,133,9183,195
874426,10.5,133,8954,195
874427,15.35,133,9107,195
874428,15,133,8968,195
874429,18.6,133,9133,195
874430,18.2,133,9218,195
874431,16,133,9113,195
874432,16.6,133,9058,195
874433,16.8,133,9148,195
874434,17.35,133,9232,195
874435,16.4,133,9323,195
874436,15.35,133,9237,195
874437,11.9,133,8949,195
874438,15.8,133,9153,195
874439,15.75,133,9170,195
874440,17.85,133,8970,195
874441,18.05,133,9138,195
874442,17.85,133,9082,195
874443,17.4,133,8999,195
874444,13.45,133,8978,195
874445,15.7,133,9025,195
874446,17.25,133,9128,195
874447,14.65,133,9069,195
874448,11.85,133,9117,195
874449,12.6,133,8966,195
874450,17.85,133,9032,195
874451,17.5,133,9222,195
874452,15.5,133,9011,195
874453,17.85,133,9243,195
874454,15.1,133,9225,195
874455,10.85,133,9106,195
874456,18.2,133,9215,195
874457,18,133,9134,195
874458,19,133,9096,195
874459,16.85,133,9296,195
874460,15.65,133,9295,195
874461,18.25,133,9227,195
874462,14.4,133,9280,195
874463,14.8,133,9240,195
874464,17.6,133,8960,195
874465,16.5,133,9185,195
874466,18.6,133,9037,195
874467,15.4,133,9120,195
874468,15.25,133,9050,195
874469,15.25,133,8946,195
874470,15.5,133,9312,195
874471,18.3,133,9179,195
874472,14.75,133,9195,195
874473,15.25,133,9077,195
874474,16,133,9160,195
874475,19,133,9334,195
874476,16.85,133,9092,195
874477,15.85,133,9319,195
874478,15.75,133,8983,195
874479,11.95,133,9194,195
874480,11.6,133,9140,195
874481,16.35,133,8992,195
874482,17.9,133,9253,195
874483,13.6,133,9273,195
874484,16.6,133,9061,195
874485,15.5,133,9340,195
874486,13.4,133,9078,195
874487,16.3,133,8972,195
874488,14.45,133,9299,195
874489,10.5,133,9281,195
874490,16.8,133,9002,195
874491,15.8,133,9189,195
874492,14.2,133,9290,195
874493,13.85,133,9315,195
874494,17.25,133,8950,195
874495,18.05,133,9129,195
874496,15,133,9008,195
874497,15.5,133,9095,195
874498,13.6,133,9307,195
874499,18.55,133,9338,195
874500,12.4,133,9267,195
874501,13.1,133,9073,195
874502,18.6,133,9041,195
874503,10.4,133,9097,195
874504,15.95,133,8976,195
874505,14.6,133,9143,195
874506,15.95,133,8961,195
874507,18,133,9331,195
874508,16.6,133,9026,195
874509,17.6,133,9322,195
874510,16.5,133,9039,195
874511,16.45,133,9279,195
874512,17.25,133,9197,195
874513,17,133,9145,195
874514,16.6,133,9010,195
874515,17.25,133,8945,195
874516,16,133,9329,195
874517,13.6,133,8975,195
874518,18,133,9135,195
874519,15.75,133,9204,195
874520,16.1,133,9172,195
874521,16,133,9292,195
874522,14.25,133,9063,195
874523,14.2,133,9150,195
874524,14.75,133,9300,195
874525,18.35,133,9121,195
874526,14.85,133,9212,195
874527,17.6,133,8971,195
874528,12.9,133,9081,195
874529,17.25,133,9219,195
874530,17.8,133,8962,195
874531,16.35,133,9328,195
874532,14.45,133,9257,195
874533,17.75,133,9191,195
874534,16.2,133,9228,195
874535,15.6,133,8948,195
874536,16.05,133,8990,195
874537,15.65,133,9006,195
874538,13.95,133,9207,195
874539,13,133,9168,195
874540,15.85,133,9235,195
874541,17.5,133,8959,195
874542,15.1,133,9047,195
874543,16.5,133,9291,195
874544,16.75,133,9099,195
874545,15.95,133,9112,195
874546,15.6,133,9178,195
874547,12.85,133,9062,195
874548,16.5,133,9256,195
874549,15.85,133,9033,195
874550,11.9,133,9067,195
874551,16.85,133,9303,195
874552,17.4,133,9090,195
874553,15.7,133,9017,195
874554,12.35,133,9104,195
874555,12.35,133,9103,195
874556,16.35,133,9083,195
874557,16.25,133,9245,195
874558,17.6,133,9274,195
874559,15.45,133,9024,195
874560,19.25,133,9321,195
874561,15.45,133,9266,195
874562,17.85,133,9040,195
874563,19.6,133,9127,195
874564,18.6,133,9175,195
874565,13.75,133,9167,195
874566,11.6,133,9049,195
874567,12.35,133,8955,195
874568,11,133,9226,195
874569,19,133,9230,195
874570,17.75,133,8941,195
874571,17.7,133,9022,195
874572,18.45,133,9203,195
874573,17.3,133,9055,195
874574,17.25,133,9217,195
874575,16.2,133,9196,195
874576,15.95,133,9126,195
874577,16.85,133,9007,195
874578,13.75,133,9188,195
874579,17.85,133,9072,195
874580,17.6,133,9233,195
874581,17,133,9091,195
874582,17,133,8986,195
874583,16.6,133,8957,195
874584,18,133,9169,195
874585,13.2,133,9139,195
874586,19.3,133,9258,195
874587,14.85,134,8967,195
874588,16.25,134,9305,195
874589,16.75,134,9277,195
874590,12,134,8995,195
874591,16.4,134,9056,195
874592,18,134,8994,195
874593,17.1,134,9255,195
874594,15.9,134,8982,195
874595,16.7,134,9294,195
874596,15.6,134,8998,195
874597,15.6,134,9080,195
874598,17,134,9028,195
874599,16.35,134,9177,195
874600,15.85,134,9332,195
874601,16.45,134,9187,195
874602,18.5,134,9034,195
874603,13.7,134,9031,195
874604,13.2,134,9282,195
874605,14.35,134,8979,195
874606,16.35,134,8977,195
874607,14.7,134,9252,195
874608,16.2,134,9125,195
874609,16.5,134,9246,195
874610,12.2,134,9075,195
874611,15.5,134,9223,195
874612,12.45,134,9122,195
874613,15.6,134,9064,195
874614,17.5,134,9314,195
874615,15.35,134,9275,195
874616,12.85,134,9004,195
874617,11.85,134,9293,195
874618,16.5,134,9206,195
874619,16.5,134,9079,195
874620,17,134,9333,195
874621,15.25,134,9309,195
874622,15.25,134,9156,195
874623,15.25,134,9201,195
874624,17.35,134,9173,195
874625,15.35,134,9086,195
874626,11.75,134,9038,195
874627,16.25,134,8965,195
874628,13.25,134,9238,195
874629,17.25,134,9313,195
874630,16.35,134,9199,195
874631,15.2,134,8956,195
874632,16.9,134,9054,195
874633,15.55,134,9098,195
874634,15.55,134,9306,195
874635,16.25,134,9310,195
874636,17.75,134,9020,195
874637,16.25,134,9171,195
874638,18.35,134,9164,195
874639,18,134,9317,195
874640,13.35,134,9181,195
874641,15.35,134,9158,195
874642,13.2,134,8991,195
874643,17.85,134,9159,195
874644,17.1,134,8964,195
874645,16.85,134,9162,195
874646,13.65,134,9302,195
874647,15.2,134,9060,195
874648,11.95,134,9165,195
874649,13.2,134,9089,195
874650,12.85,134,9071,195
874651,15.05,134,9316,195
874652,17.05,134,9325,195
874653,15.05,134,9110,195
874654,14.85,134,9042,195
874655,14.8,134,8947,195
874656,16.75,134,9311,195
874657,14.1,134,8981,195
874658,16.15,134,9229,195
874659,14.85,134,9208,195
874660,11.95,134,9027,195
874661,16.9,134,9288,195
874662,13.6,134,9109,195
874663,10.85,134,9030,195
874664,11.85,134,9234,195
874665,11.95,134,9084,195
874666,15.45,134,9070,195
874667,17.95,134,9132,195
874668,18.6,134,9209,195
874669,16.6,134,9330,195
874670,15.3,134,9202,195
874671,15.85,134,9012,195
874672,16.25,134,9023,195
874673,13.85,134,9013,195
874674,17,134,9053,195
874675,16.9,134,9130,195
874676,12.5,134,9216,195
874677,17.7,134,9287,195
874678,15.85,134,8987,195
874679,15.35,134,9111,195
874680,12.85,134,9147,195
874681,17.35,134,9336,195
874682,16.15,134,9131,195
874683,16,134,9163,195
874684,16.85,134,9200,195
874685,15.8,134,9118,195
874686,14.85,134,9284,195
874687,16.6,134,9214,195
874688,13.35,134,9268,195
874689,17.8,134,9326,195
874690,17.85,134,8944,195
874691,16.95,134,8988,195
874692,17.4,134,9003,195
874693,15.6,134,9044,195
874694,17.5,134,9254,195
874695,18.6,134,9289,195
874696,15.85,134,9272,195
874697,13.95,134,9174,195
874698,18.45,134,9262,195
874699,16.75,134,9261,195
874700,16.65,134,8963,195
874701,15.8,134,9151,195
874702,15.35,134,9085,195
874703,15.45,134,9186,195
874704,16.35,134,9239,195
874705,15.65,134,9137,195
874706,15.95,134,9285,195
874707,15.45,134,9155,195
874708,17.75,134,9051,195
874709,18.65,134,9192,195
874710,15.25,134,9057,195
874711,16.2,134,9324,195
874712,16.95,134,9335,195
874713,14.35,134,9136,195
874714,14.65,134,8974,195
874715,10.95,134,9337,195
874716,17,134,9093,195
874717,14.5,134,8989,195
874718,12.85,134,8985,195
874719,14.6,134,9247,195
874720,12.6,134,9271,195
874721,14.85,134,9193,195
874722,13.75,134,9231,195
874723,13.45,134,9264,195
874724,12.75,134,9318,195
874725,13.6,134,9087,195
874726,12.6,134,8969,195
874727,15.6,134,8942,195
874728,17.6,134,9260,195
874729,15.35,134,9149,195
874730,15.85,134,9327,195
874731,15,134,8993,195
874732,19,134,9320,195
874733,14.6,134,9014,195
874734,16.3,134,9304,195
874735,16.7,134,9001,195
874736,15.75,134,9241,195
874737,16.25,134,9018,195
874738,10.95,134,9059,195
874739,12.2,134,9035,195
874740,16.85,134,9036,195
874741,14.2,134,9142,195
874742,18.1,134,9166,195
874743,10.95,134,9102,195
874744,17.5,134,9276,195
874745,16.2,134,9298,195
874746,17.6,134,9263,195
874747,12.95,134,9076,195
874748,16.65,134,9198,195
874749,10.75,134,9116,195
874750,14.9,134,8984,195
874751,17.9,134,9211,195
874752,17.65,134,8980,195
874753,15.45,134,9182,195
874754,17.65,134,9154,195
874755,16.1,134,9052,195
874756,16.9,134,9100,195
874757,16.75,134,8952,195
874758,14,134,9270,195
874759,16.25,134,9088,195
874760,14.95,134,9176,195
874761,16.35,134,8996,195
874762,16.8,134,9242,195
874763,15.95,134,9115,195
874764,14.65,134,9236,195
874765,11.85,134,9123,195
874766,15.95,134,9114,195
874767,15.45,134,9269,195
874768,14.45,134,9000,195
874769,15.6,134,9144,195
874770,15.5,134,8953,195
874771,16,134,9286,195
874772,17.65,134,9213,195
874773,16.1,134,9248,195
874774,14.95,134,9009,195
874775,15.75,134,9048,195
874776,18.85,134,9210,195
874777,16.8,134,9005,195
874778,15.45,134,9297,195
874779,12.3,134,9152,195
874780,15.35,134,9016,195
874781,16.45,134,9094,195
874782,17,134,9074,195
874783,14.35,134,9250,195
874784,14.4,134,9119,195
874785,13.45,134,9019,195
874786,16,134,9249,195
874787,12.25,134,9283,195
874788,14.05,134,9221,195
874789,15.35,134,9278,195
874790,16.2,134,9183,195
874791,10.5,134,8954,195
874792,13.85,134,9107,195
874793,16.35,134,8968,195
874794,15.6,134,9133,195
874795,17.1,134,9218,195
874796,15.2,134,9113,195
874797,17,134,9058,195
874798,15.85,134,9148,195
874799,18,134,9232,195
874800,13.95,134,9323,195
874801,14.25,134,9237,195
874802,10.6,134,8949,195
874803,17.25,134,9153,195
874804,16.1,134,9170,195
874805,15.6,134,8970,195
874806,16.35,134,9138,195
874807,16.6,134,9082,195
874808,18.55,134,8999,195
874809,13.95,134,8978,195
874810,15.55,134,9025,195
874811,16.9,134,9128,195
874812,13.6,134,9069,195
874813,13.5,134,9117,195
874814,11.6,134,8966,195
874815,18.6,134,9032,195
874816,14.5,134,9222,195
874817,14.85,134,9011,195
874818,18.7,134,9243,195
874819,14.2,134,9225,195
874820,10.85,134,9106,195
874821,18,134,9215,195
874822,17.4,134,9134,195
874823,17.85,134,9096,195
874824,16.5,134,9296,195
874825,15.15,134,9295,195
874826,16.2,134,9227,195
874827,15.65,134,9280,195
874828,16.85,134,9240,195
874829,16.45,134,8960,195
874830,16.5,134,9185,195
874831,17.25,134,9037,195
874832,14.1,134,9120,195
874833,15.05,134,9050,195
874834,15.5,134,8946,195
874835,14.85,134,9312,195
874836,17.6,134,9179,195
874837,15.75,134,9195,195
874838,15.5,134,9077,195
874839,17.6,134,9160,195
874840,17.25,134,9334,195
874841,17,134,9092,195
874842,15.25,134,9319,195
874843,15.6,134,8983,195
874844,12.4,134,9194,195
874845,10.9,134,9140,195
874846,15.95,134,8992,195
874847,18.45,134,9253,195
874848,11.2,134,9273,195
874849,15.6,134,9061,195
874850,14.95,134,9340,195
874851,10.95,134,9078,195
874852,16.85,134,8972,195
874853,16.5,134,9299,195
874854,12.05,134,9281,195
874855,15.6,134,9002,195
874856,13.25,134,9189,195
874857,13.85,134,9290,195
874858,13.2,134,9315,195
874859,15.75,134,8950,195
874860,18.25,134,9129,195
874861,15.8,134,9008,195
874862,16.35,134,9095,195
874863,14.45,134,9307,195
874864,17.25,134,9338,195
874865,12.1,134,9267,195
874866,12.9,134,9073,195
874867,18.1,134,9041,195
874868,9.6,134,9097,195
874869,15.25,134,8976,195
874870,14.6,134,9143,195
874871,14.95,134,8961,195
874872,17.2,134,9331,195
874873,16.4,134,9026,195
874874,16.5,134,9322,195
874875,16.25,134,9039,195
874876,15.5,134,9279,195
874877,16.1,134,9197,195
874878,15.1,134,9145,195
874879,14.8,134,9010,195
874880,17,134,8945,195
874881,14.85,134,9329,195
874882,13.65,134,8975,195
874883,16.35,134,9135,195
874884,14.85,134,9204,195
874885,16.3,134,9172,195
874886,15.25,134,9292,195
874887,13.3,134,9063,195
874888,14.6,134,9150,195
874889,12.95,134,9300,195
874890,17.2,134,9121,195
874891,14.65,134,9212,195
874892,17.35,134,8971,195
874893,12.75,134,9081,195
874894,19.2,134,9219,195
874895,17,134,8962,195
874896,15.6,134,9328,195
874897,13.95,134,9257,195
874898,15.35,134,9191,195
874899,15.85,134,9228,195
874900,16.45,134,8948,195
874901,16.25,134,8990,195
874902,14.3,134,9006,195
874903,14.65,134,9207,195
874904,14.95,134,9168,195
874905,15.95,134,9235,195
874906,15.25,134,8959,195
874907,14.5,134,9047,195
874908,15.3,134,9291,195
874909,17.3,134,9099,195
874910,14.65,134,9112,195
874911,14.2,134,9178,195
874912,14.3,134,9062,195
874913,15.7,134,9256,195
874914,15.85,134,9033,195
874915,12.45,134,9067,195
874916,15.55,134,9303,195
874917,16.9,134,9090,195
874918,15.6,134,9017,195
874919,10.7,134,9104,195
874920,10.95,134,9103,195
874921,15.2,134,9083,195
874922,16.65,134,9245,195
874923,17.65,134,9274,195
874924,17,134,9024,195
874925,17.25,134,9321,195
874926,17.6,134,9266,195
874927,17.25,134,9040,195
874928,17.9,134,9127,195
874929,17.6,134,9175,195
874930,14.75,134,9167,195
874931,10.65,134,9049,195
874932,13.25,134,8955,195
874933,11.65,134,9226,195
874934,17.75,134,9230,195
874935,16.05,134,8941,195
874936,17.2,134,9022,195
874937,19,134,9203,195
874938,15.2,134,9055,195
874939,16.5,134,9217,195
874940,15.75,134,9196,195
874941,15.25,134,9126,195
874942,14.5,134,9007,195
874943,14.25,134,9188,195
874944,18.65,134,9072,195
874945,16.2,134,9233,195
874946,15.05,134,9091,195
874947,16.45,134,8986,195
874948,15.25,134,8957,195
874949,16.5,134,9169,195
874950,13,134,9139,195
874951,17.85,134,9258,195
874952,16.65,135,8967,195
874953,16.95,135,9305,195
874954,18.2,135,9277,195
874955,11.25,135,8995,195
874956,18.2,135,9056,195
874957,17.25,135,8994,195
874958,17.8,135,9255,195
874959,14.85,135,8982,195
874960,17.6,135,9294,195
874961,14.85,135,8998,195
874962,16.1,135,9080,195
874963,16.45,135,9028,195
874964,18.25,135,9177,195
874965,17.6,135,9332,195
874966,16.85,135,9187,195
874967,17.6,135,9034,195
874968,14.35,135,9031,195
874969,14.6,135,9282,195
874970,14.9,135,8979,195
874971,15.35,135,8977,195
874972,16.6,135,9252,195
874973,16.85,135,9125,195
874974,18.2,135,9246,195
874975,14.25,135,9075,195
874976,14.85,135,9223,195
874977,12.25,135,9122,195
874978,16.2,135,9064,195
874979,17.1,135,9314,195
874980,15.85,135,9275,195
874981,13.45,135,9004,195
874982,10.6,135,9293,195
874983,17.2,135,9206,195
874984,17,135,9079,195
874985,17.15,135,9333,195
874986,17.1,135,9309,195
874987,15.2,135,9156,195
874988,16.6,135,9201,195
874989,19,135,9173,195
874990,16.2,135,9086,195
874991,12.55,135,9038,195
874992,18.25,135,8965,195
874993,14.85,135,9238,195
874994,19.05,135,9313,195
874995,17.1,135,9199,195
874996,16.2,135,8956,195
874997,16.75,135,9054,195
874998,17.35,135,9098,195
874999,16.2,135,9306,195
875000,16.45,135,9310,195
875001,19,135,9020,195
875002,18.85,135,9171,195
875003,17.8,135,9164,195
875004,18.1,135,9317,195
875005,13,135,9181,195
875006,16.65,135,9158,195
875007,14.35,135,8991,195
875008,17.85,135,9159,195
875009,18.1,135,8964,195
875010,16.65,135,9162,195
875011,13.75,135,9302,195
875012,17.6,135,9060,195
875013,12.85,135,9165,195
875014,15.45,135,9089,195
875015,13.1,135,9071,195
875016,14.65,135,9316,195
875017,17.85,135,9325,195
875018,15.65,135,9110,195
875019,15.6,135,9042,195
875020,15.6,135,8947,195
875021,17.6,135,9311,195
875022,16,135,8981,195
875023,17.2,135,9229,195
875024,16.65,135,9208,195
875025,13.25,135,9027,195
875026,17.25,135,9288,195
875027,15.2,135,9109,195
875028,10.35,135,9030,195
875029,13,135,9234,195
875030,14.5,135,9084,195
875031,16.25,135,9070,195
875032,18.5,135,9132,195
875033,19.25,135,9209,195
875034,17.2,135,9330,195
875035,16.35,135,9202,195
875036,14.7,135,9012,195
875037,18,135,9023,195
875038,15.6,135,9013,195
875039,16.6,135,9053,195
875040,17.6,135,9130,195
875041,12.6,135,9216,195
875042,17.85,135,9287,195
875043,17,135,8987,195
875044,14.85,135,9111,195
875045,13.5,135,9147,195
875046,16.9,135,9336,195
875047,16.6,135,9131,195
875048,16.6,135,9163,195
875049,18.25,135,9200,195
875050,16.6,135,9118,195
875051,16,135,9284,195
875052,17.35,135,9214,195
875053,13.6,135,9268,195
875054,18.95,135,9326,195
875055,18,135,8944,195
875056,17.25,135,8988,195
875057,19.6,135,9003,195
875058,16.35,135,9044,195
875059,16.6,135,9254,195
875060,19.25,135,9289,195
875061,16.95,135,9272,195
875062,16.5,135,9174,195
875063,17,135,9262,195
875064,16.6,135,9261,195
875065,17,135,8963,195
875066,18.05,135,9151,195
875067,16.7,135,9085,195
875068,16.25,135,9186,195
875069,17,135,9239,195
875070,16.7,135,9137,195
875071,17.85,135,9285,195
875072,16.6,135,9155,195
875073,19,135,9051,195
875074,17.6,135,9192,195
875075,15.6,135,9057,195
875076,18.2,135,9324,195
875077,17.75,135,9335,195
875078,16.85,135,9136,195
875079,15.5,135,8974,195
875080,11.25,135,9337,195
875081,18.5,135,9093,195
875082,15.85,135,8989,195
875083,12.85,135,8985,195
875084,15.8,135,9247,195
875085,13.25,135,9271,195
875086,17.1,135,9193,195
875087,14.85,135,9231,195
875088,14.6,135,9264,195
875089,13.3,135,9318,195
875090,14.85,135,9087,195
875091,13.85,135,8969,195
875092,17.25,135,8942,195
875093,17.85,135,9260,195
875094,17.25,135,9149,195
875095,16.2,135,9327,195
875096,16.85,135,8993,195
875097,18.6,135,9320,195
875098,15.1,135,9014,195
875099,18.6,135,9304,195
875100,17.6,135,9001,195
875101,16.6,135,9241,195
875102,16.6,135,9018,195
875103,12.1,135,9059,195
875104,10.6,135,9035,195
875105,17.6,135,9036,195
875106,14.65,135,9142,195
875107,18.35,135,9166,195
875108,11.35,135,9102,195
875109,16.25,135,9276,195
875110,18.25,135,9298,195
875111,16.65,135,9263,195
875112,13.2,135,9076,195
875113,18.85,135,9198,195
875114,12.2,135,9116,195
875115,15.1,135,8984,195
875116,18,135,9211,195
875117,17.9,135,8980,195
875118,16.2,135,9182,195
875119,17.6,135,9154,195
875120,15.5,135,9052,195
875121,17,135,9100,195
875122,18.5,135,8952,195
875123,14.5,135,9270,195
875124,16.85,135,9088,195
875125,16.2,135,9176,195
875126,15.85,135,8996,195
875127,16.85,135,9242,195
875128,16.2,135,9115,195
875129,15.6,135,9236,195
875130,13.25,135,9123,195
875131,16.25,135,9114,195
875132,16.25,135,9269,195
875133,15.35,135,9000,195
875134,16,135,9144,195
875135,16.25,135,8953,195
875136,17.6,135,9286,195
875137,17.85,135,9213,195
875138,18.6,135,9248,195
875139,16.95,135,9009,195
875140,16.5,135,9048,195
875141,19.25,135,9210,195
875142,18,135,9005,195
875143,16.65,135,9297,195
875144,12.2,135,9152,195
875145,16.3,135,9016,195
875146,17.65,135,9094,195
875147,17.6,135,9074,195
875148,15,135,9250,195
875149,16.35,135,9119,195
875150,14.6,135,9019,195
875151,17.25,135,9249,195
875152,12.5,135,9283,195
875153,15.85,135,9221,195
875154,15.2,135,9278,195
875155,17.35,135,9183,195
875156,12,135,8954,195
875157,15.15,135,9107,195
875158,15.9,135,8968,195
875159,18.7,135,9133,195
875160,18.85,135,9218,195
875161,16.85,135,9113,195
875162,17.55,135,9058,195
875163,18.2,135,9148,195
875164,18.85,135,9232,195
875165,16.6,135,9323,195
875166,15.1,135,9237,195
875167,10.95,135,8949,195
875168,16.85,135,9153,195
875169,16.5,135,9170,195
875170,16.6,135,8970,195
875171,17.85,135,9138,195
875172,19.25,135,9082,195
875173,17.25,135,8999,195
875174,14.25,135,8978,195
875175,16,135,9025,195
875176,18.95,135,9128,195
875177,15,135,9069,195
875178,13,135,9117,195
875179,13.1,135,8966,195
875180,18.65,135,9032,195
875181,16.6,135,9222,195
875182,17.35,135,9011,195
875183,18.6,135,9243,195
875184,15.15,135,9225,195
875185,12.2,135,9106,195
875186,18.85,135,9215,195
875187,20,135,9134,195
875188,16.85,135,9096,195
875189,17.85,135,9296,195
875190,16.6,135,9295,195
875191,17.5,135,9227,195
875192,16.65,135,9280,195
875193,15.9,135,9240,195
875194,19.2,135,8960,195
875195,16.65,135,9185,195
875196,19.25,135,9037,195
875197,15.85,135,9120,195
875198,16.6,135,9050,195
875199,17.25,135,8946,195
875200,15.35,135,9312,195
875201,19.6,135,9179,195
875202,16.25,135,9195,195
875203,16,135,9077,195
875204,17.6,135,9160,195
875205,18.85,135,9334,195
875206,16.6,135,9092,195
875207,15.85,135,9319,195
875208,16.35,135,8983,195
875209,13.9,135,9194,195
875210,11.75,135,9140,195
875211,16.7,135,8992,195
875212,18.25,135,9253,195
875213,12.95,135,9273,195
875214,17.2,135,9061,195
875215,15.25,135,9340,195
875216,13.6,135,9078,195
875217,18.15,135,8972,195
875218,16.5,135,9299,195
875219,11.25,135,9281,195
875220,17.45,135,9002,195
875221,13.85,135,9189,195
875222,13.9,135,9290,195
875223,14.65,135,9315,195
875224,16.75,135,8950,195
875225,17.5,135,9129,195
875226,16.2,135,9008,195
875227,15.95,135,9095,195
875228,14.85,135,9307,195
875229,18.2,135,9338,195
875230,11.85,135,9267,195
875231,13.6,135,9073,195
875232,17.85,135,9041,195
875233,12.6,135,9097,195
875234,16.25,135,8976,195
875235,15,135,9143,195
875236,17.25,135,8961,195
875237,18.95,135,9331,195
875238,16.25,135,9026,195
875239,17.75,135,9322,195
875240,16.35,135,9039,195
875241,17,135,9279,195
875242,16.7,135,9197,195
875243,16.65,135,9145,195
875244,16.6,135,9010,195
875245,18.6,135,8945,195
875246,16.35,135,9329,195
875247,14.6,135,8975,195
875248,17.25,135,9135,195
875249,15.5,135,9204,195
875250,16.85,135,9172,195
875251,17.65,135,9292,195
875252,14.25,135,9063,195
875253,15.15,135,9150,195
875254,13.45,135,9300,195
875255,18.25,135,9121,195
875256,15.5,135,9212,195
875257,18.8,135,8971,195
875258,14.85,135,9081,195
875259,17.65,135,9219,195
875260,18.6,135,8962,195
875261,16.25,135,9328,195
875262,13.2,135,9257,195
875263,17.85,135,9191,195
875264,17.35,135,9228,195
875265,16.2,135,8948,195
875266,15,135,8990,195
875267,15.85,135,9006,195
875268,14.5,135,9207,195
875269,14.6,135,9168,195
875270,15.3,135,9235,195
875271,17.6,135,8959,195
875272,16.85,135,9047,195
875273,16.6,135,9291,195
875274,17.85,135,9099,195
875275,14.2,135,9112,195
875276,14.55,135,9178,195
875277,13.35,135,9062,195
875278,16.85,135,9256,195
875279,15.6,135,9033,195
875280,12.35,135,9067,195
875281,17.65,135,9303,195
875282,17.85,135,9090,195
875283,17.25,135,9017,195
875284,11.45,135,9104,195
875285,13.25,135,9103,195
875286,15.85,135,9083,195
875287,16.6,135,9245,195
875288,16.25,135,9274,195
875289,16.25,135,9024,195
875290,17.6,135,9321,195
875291,17.6,135,9266,195
875292,16.5,135,9040,195
875293,18.5,135,9127,195
875294,19.35,135,9175,195
875295,14.7,135,9167,195
875296,12.6,135,9049,195
875297,13.6,135,8955,195
875298,11.85,135,9226,195
875299,19.65,135,9230,195
875300,16.9,135,8941,195
875301,18.25,135,9022,195
875302,17.85,135,9203,195
875303,17.5,135,9055,195
875304,16.6,135,9217,195
875305,17.45,135,9196,195
875306,16.7,135,9126,195
875307,16.85,135,9007,195
875308,14.6,135,9188,195
875309,18.5,135,9072,195
875310,16.6,135,9233,195
875311,16.6,135,9091,195
875312,17.6,135,8986,195
875313,16.2,135,8957,195
875314,17.55,135,9169,195
875315,13.35,135,9139,195
875316,18.95,135,9258,195
875317,15,136,8967,195
875318,15.2,136,9305,195
875319,18.4,136,9277,195
875320,8.9,136,8995,195
875321,16.3,136,9056,195
875322,15.8,136,8994,195
875323,16.95,136,9255,195
875324,15,136,8982,195
875325,17.6,136,9294,195
875326,13.85,136,8998,195
875327,14.8,136,9080,195
875328,15.85,136,9028,195
875329,17.6,136,9177,195
875330,15.85,136,9332,195
875331,16.55,136,9187,195
875332,16.5,136,9034,195
875333,14.25,136,9031,195
875334,12.75,136,9282,195
875335,15.35,136,8979,195
875336,14.9,136,8977,195
875337,14.35,136,9252,195
875338,15.2,136,9125,195
875339,17.35,136,9246,195
875340,12.4,136,9075,195
875341,13.5,136,9223,195
875342,10.6,136,9122,195
875343,15.75,136,9064,195
875344,16,136,9314,195
875345,15.65,136,9275,195
875346,12.85,136,9004,195
875347,9.6,136,9293,195
875348,17.25,136,9206,195
875349,15.25,136,9079,195
875350,14.85,136,9333,195
875351,15.45,136,9309,195
875352,15.5,136,9156,195
875353,15.95,136,9201,195
875354,17.55,136,9173,195
875355,16.85,136,9086,195
875356,10.95,136,9038,195
875357,15.85,136,8965,195
875358,14,136,9238,195
875359,17.2,136,9313,195
875360,15.05,136,9199,195
875361,16.35,136,8956,195
875362,16.1,136,9054,195
875363,16.6,136,9098,195
875364,15.85,136,9306,195
875365,15.2,136,9310,195
875366,16.6,136,9020,195
875367,18.3,136,9171,195
875368,16.95,136,9164,195
875369,16.85,136,9317,195
875370,11.75,136,9181,195
875371,15.6,136,9158,195
875372,12.5,136,8991,195
875373,18.5,136,9159,195
875374,15.55,136,8964,195
875375,15.35,136,9162,195
875376,11.95,136,9302,195
875377,17,136,9060,195
875378,12.15,136,9165,195
875379,13.85,136,9089,195
875380,12.2,136,9071,195
875381,14.1,136,9316,195
875382,15.85,136,9325,195
875383,15.5,136,9110,195
875384,14.9,136,9042,195
875385,14.4,136,8947,195
875386,16.9,136,9311,195
875387,15.35,136,8981,195
875388,15.6,136,9229,195
875389,14.95,136,9208,195
875390,13,136,9027,195
875391,16.9,136,9288,195
875392,13.85,136,9109,195
875393,11.85,136,9030,195
875394,11.85,136,9234,195
875395,12.75,136,9084,195
875396,16.25,136,9070,195
875397,18.5,136,9132,195
875398,18.25,136,9209,195
875399,16.4,136,9330,195
875400,14.6,136,9202,195
875401,14.1,136,9012,195
875402,15.3,136,9023,195
875403,13,136,9013,195
875404,18.2,136,9053,195
875405,17.2,136,9130,195
875406,11.5,136,9216,195
875407,17.95,136,9287,195
875408,15.6,136,8987,195
875409,13.75,136,9111,195
875410,13,136,9147,195
875411,16,136,9336,195
875412,16.6,136,9131,195
875413,15.2,136,9163,195
875414,17.3,136,9200,195
875415,16.6,136,9118,195
875416,16.95,136,9284,195
875417,15.35,136,9214,195
875418,13.15,136,9268,195
875419,16.85,136,9326,195
875420,17.15,136,8944,195
875421,16.5,136,8988,195
875422,16.85,136,9003,195
875423,14.4,136,9044,195
875424,16.85,136,9254,195
875425,19.75,136,9289,195
875426,14.45,136,9272,195
875427,13.45,136,9174,195
875428,17.7,136,9262,195
875429,15.25,136,9261,195
875430,16.1,136,8963,195
875431,17.2,136,9151,195
875432,14.9,136,9085,195
875433,15.75,136,9186,195
875434,16.1,136,9239,195
875435,15.2,136,9137,195
875436,16.25,136,9285,195
875437,15.45,136,9155,195
875438,17.95,136,9051,195
875439,18.4,136,9192,195
875440,14.9,136,9057,195
875441,16.25,136,9324,195
875442,18,136,9335,195
875443,15,136,9136,195
875444,14.25,136,8974,195
875445,10.6,136,9337,195
875446,17.55,136,9093,195
875447,15.35,136,8989,195
875448,10.85,136,8985,195
875449,13.05,136,9247,195
875450,10.85,136,9271,195
875451,15.05,136,9193,195
875452,12.7,136,9231,195
875453,12.05,136,9264,195
875454,12.05,136,9318,195
875455,13.95,136,9087,195
875456,13.25,136,8969,195
875457,14.2,136,8942,195
875458,17.4,136,9260,195
875459,14.6,136,9149,195
875460,16.2,136,9327,195
875461,14,136,8993,195
875462,16.7,136,9320,195
875463,14.45,136,9014,195
875464,17.25,136,9304,195
875465,15.85,136,9001,195
875466,15.25,136,9241,195
875467,16.75,136,9018,195
875468,11.45,136,9059,195
875469,11.1,136,9035,195
875470,16.9,136,9036,195
875471,14.4,136,9142,195
875472,16.75,136,9166,195
875473,12.1,136,9102,195
875474,15.65,136,9276,195
875475,15.95,136,9298,195
875476,14.85,136,9263,195
875477,13,136,9076,195
875478,16.85,136,9198,195
875479,10.45,136,9116,195
875480,12.7,136,8984,195
875481,18.35,136,9211,195
875482,17,136,8980,195
875483,15.85,136,9182,195
875484,15.8,136,9154,195
875485,14.45,136,9052,195
875486,16,136,9100,195
875487,16.6,136,8952,195
875488,13.8,136,9270,195
875489,14.8,136,9088,195
875490,16.2,136,9176,195
875491,16.6,136,8996,195
875492,14.8,136,9242,195
875493,16.25,136,9115,195
875494,14.35,136,9236,195
875495,12.5,136,9123,195
875496,16.25,136,9114,195
875497,14.95,136,9269,195
875498,12.6,136,9000,195
875499,15.2,136,9144,195
875500,16.05,136,8953,195
875501,15.5,136,9286,195
875502,16.75,136,9213,195
875503,18.5,136,9248,195
875504,15.5,136,9009,195
875505,15.35,136,9048,195
875506,17.85,136,9210,195
875507,15.9,136,9005,195
875508,16.55,136,9297,195
875509,12.6,136,9152,195
875510,15.35,136,9016,195
875511,17.25,136,9094,195
875512,16,136,9074,195
875513,14.4,136,9250,195
875514,15.95,136,9119,195
875515,11.85,136,9019,195
875516,15.6,136,9249,195
875517,12.25,136,9283,195
875518,14.85,136,9221,195
875519,13.1,136,9278,195
875520,16.6,136,9183,195
875521,10.1,136,8954,195
875522,14.9,136,9107,195
875523,16,136,8968,195
875524,17.25,136,9133,195
875525,15.9,136,9218,195
875526,15.2,136,9113,195
875527,16.95,136,9058,195
875528,16.5,136,9148,195
875529,16.95,136,9232,195
875530,14.25,136,9323,195
875531,14.25,136,9237,195
875532,10.6,136,8949,195
875533,15.45,136,9153,195
875534,15.7,136,9170,195
875535,16.25,136,8970,195
875536,17.65,136,9138,195
875537,18.65,136,9082,195
875538,18.75,136,8999,195
875539,13.25,136,8978,195
875540,14.8,136,9025,195
875541,15.85,136,9128,195
875542,14,136,9069,195
875543,11,136,9117,195
875544,10.9,136,8966,195
875545,17.25,136,9032,195
875546,16.2,136,9222,195
875547,16.2,136,9011,195
875548,19,136,9243,195
875549,12.05,136,9225,195
875550,10.35,136,9106,195
875551,17.2,136,9215,195
875552,16.7,136,9134,195
875553,16.25,136,9096,195
875554,15.8,136,9296,195
875555,15.8,136,9295,195
875556,15.65,136,9227,195
875557,14.6,136,9280,195
875558,14.5,136,9240,195
875559,17.2,136,8960,195
875560,15.85,136,9185,195
875561,19.2,136,9037,195
875562,15.9,136,9120,195
875563,14.75,136,9050,195
875564,16.2,136,8946,195
875565,15,136,9312,195
875566,19.25,136,9179,195
875567,15.25,136,9195,195
875568,16,136,9077,195
875569,16.75,136,9160,195
875570,15.85,136,9334,195
875571,15.25,136,9092,195
875572,14.5,136,9319,195
875573,15.25,136,8983,195
875574,11.3,136,9194,195
875575,11.45,136,9140,195
875576,16.25,136,8992,195
875577,17.15,136,9253,195
875578,10.7,136,9273,195
875579,16.2,136,9061,195
875580,14,136,9340,195
875581,12.75,136,9078,195
875582,16.2,136,8972,195
875583,16,136,9299,195
875584,11.1,136,9281,195
875585,17.8,136,9002,195
875586,13.9,136,9189,195
875587,12.3,136,9290,195
875588,13,136,9315,195
875589,16.85,136,8950,195
875590,16.5,136,9129,195
875591,15,136,9008,195
875592,16.35,136,9095,195
875593,14.25,136,9307,195
875594,18.35,136,9338,195
875595,11.75,136,9267,195
875596,14,136,9073,195
875597,18.45,136,9041,195
875598,8.85,136,9097,195
875599,13.4,136,8976,195
875600,13.65,136,9143,195
875601,15.3,136,8961,195
875602,16.95,136,9331,195
875603,15.2,136,9026,195
875604,17.6,136,9322,195
875605,15.8,136,9039,195
875606,16.65,136,9279,195
875607,16.55,136,9197,195
875608,15.95,136,9145,195
875609,14.2,136,9010,195
875610,18,136,8945,195
875611,16,136,9329,195
875612,13.1,136,8975,195
875613,15.05,136,9135,195
875614,14.05,136,9204,195
875615,16.8,136,9172,195
875616,15.1,136,9292,195
875617,14.85,136,9063,195
875618,14,136,9150,195
875619,13.1,136,9300,195
875620,18,136,9121,195
875621,14.9,136,9212,195
875622,16.85,136,8971,195
875623,13.6,136,9081,195
875624,17.9,136,9219,195
875625,16.6,136,8962,195
875626,15.85,136,9328,195
875627,13.35,136,9257,195
875628,15.7,136,9191,195
875629,15.1,136,9228,195
875630,16.85,136,8948,195
875631,14.9,136,8990,195
875632,14.6,136,9006,195
875633,12.3,136,9207,195
875634,13.1,136,9168,195
875635,15.35,136,9235,195
875636,15.85,136,8959,195
875637,15.6,136,9047,195
875638,15.6,136,9291,195
875639,15.45,136,9099,195
875640,13.85,136,9112,195
875641,14.9,136,9178,195
875642,12.45,136,9062,195
875643,16.5,136,9256,195
875644,15,136,9033,195
875645,12.25,136,9067,195
875646,15.6,136,9303,195
875647,16.75,136,9090,195
875648,15.1,136,9017,195
875649,11.85,136,9104,195
875650,12.4,136,9103,195
875651,14.6,136,9083,195
875652,15.1,136,9245,195
875653,15.85,136,9274,195
875654,14.95,136,9024,195
875655,17.65,136,9321,195
875656,16.75,136,9266,195
875657,16,136,9040,195
875658,17.6,136,9127,195
875659,17.2,136,9175,195
875660,13.6,136,9167,195
875661,10.15,136,9049,195
875662,12.5,136,8955,195
875663,9.45,136,9226,195
875664,17.6,136,9230,195
875665,17.15,136,8941,195
875666,15.85,136,9022,195
875667,17.2,136,9203,195
875668,16.1,136,9055,195
875669,15.7,136,9217,195
875670,15.85,136,9196,195
875671,15.85,136,9126,195
875672,15,136,9007,195
875673,15,136,9188,195
875674,17.6,136,9072,195
875675,15.2,136,9233,195
875676,15.25,136,9091,195
875677,15.35,136,8986,195
875678,15.9,136,8957,195
875679,16.55,136,9169,195
875680,11.85,136,9139,195
875681,16.45,136,9258,195
875682,17.25,137,8967,195
875683,18.6,137,9305,195
875684,19.25,137,9277,195
875685,12.6,137,8995,195
875686,19.25,137,9056,195
875687,18.85,137,8994,195
875688,19.25,137,9255,195
875689,17.25,137,8982,195
875690,19.6,137,9294,195
875691,18.25,137,8998,195
875692,17.85,137,9080,195
875693,18.6,137,9028,195
875694,19.6,137,9177,195
875695,18.45,137,9332,195
875696,17.6,137,9187,195
875697,19.2,137,9034,195
875698,16.6,137,9031,195
875699,16.4,137,9282,195
875700,17.45,137,8979,195
875701,17,137,8977,195
875702,16.85,137,9252,195
875703,18.6,137,9125,195
875704,18.6,137,9246,195
875705,14.2,137,9075,195
875706,18,137,9223,195
875707,14.6,137,9122,195
875708,18.25,137,9064,195
875709,18.45,137,9314,195
875710,17.25,137,9275,195
875711,14.85,137,9004,195
875712,12.2,137,9293,195
875713,19,137,9206,195
875714,18.25,137,9079,195
875715,18.5,137,9333,195
875716,18.2,137,9309,195
875717,17,137,9156,195
875718,17.85,137,9201,195
875719,19.6,137,9173,195
875720,18.85,137,9086,195
875721,14.2,137,9038,195
875722,18.6,137,8965,195
875723,16.85,137,9238,195
875724,19.6,137,9313,195
875725,18.25,137,9199,195
875726,18.25,137,8956,195
875727,18.6,137,9054,195
875728,18,137,9098,195
875729,19.6,137,9306,195
875730,18.6,137,9310,195
875731,19.6,137,9020,195
875732,19.6,137,9171,195
875733,19.6,137,9164,195
875734,19.6,137,9317,195
875735,14.6,137,9181,195
875736,18.45,137,9158,195
875737,15.6,137,8991,195
875738,19.6,137,9159,195
875739,18.5,137,8964,195
875740,18.25,137,9162,195
875741,16.2,137,9302,195
875742,17.6,137,9060,195
875743,13.85,137,9165,195
875744,15.85,137,9089,195
875745,15,137,9071,195
875746,16.85,137,9316,195
875747,17.85,137,9325,195
875748,18,137,9110,195
875749,17.35,137,9042,195
875750,16.25,137,8947,195
875751,18.6,137,9311,195
875752,18.2,137,8981,195
875753,18.95,137,9229,195
875754,18.5,137,9208,195
875755,15.35,137,9027,195
875756,19.2,137,9288,195
875757,16.6,137,9109,195
875758,11.85,137,9030,195
875759,15.25,137,9234,195
875760,14.85,137,9084,195
875761,18.4,137,9070,195
875762,19.6,137,9132,195
875763,20,137,9209,195
875764,17.85,137,9330,195
875765,17.25,137,9202,195
875766,16.85,137,9012,195
875767,17.6,137,9023,195
875768,15.85,137,9013,195
875769,18.85,137,9053,195
875770,18.65,137,9130,195
875771,13.2,137,9216,195
875772,20,137,9287,195
875773,19,137,8987,195
875774,16.25,137,9111,195
875775,14.85,137,9147,195
875776,17.85,137,9336,195
875777,18.2,137,9131,195
875778,17.25,137,9163,195
875779,19.2,137,9200,195
875780,18.5,137,9118,195
875781,18.5,137,9284,195
875782,19.25,137,9214,195
875783,15.6,137,9268,195
875784,19.25,137,9326,195
875785,19.6,137,8944,195
875786,18.6,137,8988,195
875787,19.25,137,9003,195
875788,17.2,137,9044,195
875789,17.85,137,9254,195
875790,20,137,9289,195
875791,18.35,137,9272,195
875792,16.2,137,9174,195
875793,19.25,137,9262,195
875794,18.25,137,9261,195
875795,16.5,137,8963,195
875796,19.2,137,9151,195
875797,18.95,137,9085,195
875798,18.85,137,9186,195
875799,18.85,137,9239,195
875800,18.6,137,9137,195
875801,19.6,137,9285,195
875802,17.6,137,9155,195
875803,19.6,137,9051,195
875804,20,137,9192,195
875805,17.25,137,9057,195
875806,19,137,9324,195
875807,19,137,9335,195
875808,18.35,137,9136,195
875809,17.85,137,8974,195
875810,12.95,137,9337,195
875811,19.25,137,9093,195
875812,17.45,137,8989,195
875813,14.25,137,8985,195
875814,16.6,137,9247,195
875815,16.45,137,9271,195
875816,17.6,137,9193,195
875817,15.6,137,9231,195
875818,16.85,137,9264,195
875819,15.5,137,9318,195
875820,18.25,137,9087,195
875821,15.6,137,8969,195
875822,17.25,137,8942,195
875823,20,137,9260,195
875824,17.6,137,9149,195
875825,18.6,137,9327,195
875826,15.85,137,8993,195
875827,20,137,9320,195
875828,16.6,137,9014,195
875829,18.6,137,9304,195
875830,17.9,137,9001,195
875831,17.85,137,9241,195
875832,17.6,137,9018,195
875833,13.85,137,9059,195
875834,13.5,137,9035,195
875835,19.6,137,9036,195
875836,17.4,137,9142,195
875837,19.6,137,9166,195
875838,13.25,137,9102,195
875839,17.85,137,9276,195
875840,17.6,137,9298,195
875841,18.9,137,9263,195
875842,15.25,137,9076,195
875843,19.25,137,9198,195
875844,13.35,137,9116,195
875845,17.1,137,8984,195
875846,19.25,137,9211,195
875847,18.85,137,8980,195
875848,16.6,137,9182,195
875849,19.25,137,9154,195
875850,17,137,9052,195
875851,18.25,137,9100,195
875852,20,137,8952,195
875853,17.6,137,9270,195
875854,18,137,9088,195
875855,18.6,137,9176,195
875856,19,137,8996,195
875857,19.25,137,9242,195
875858,18.6,137,9115,195
875859,15.25,137,9236,195
875860,14.45,137,9123,195
875861,18.2,137,9114,195
875862,18.2,137,9269,195
875863,15.35,137,9000,195
875864,17.25,137,9144,195
875865,18.2,137,8953,195
875866,18.35,137,9286,195
875867,19.6,137,9213,195
875868,19.2,137,9248,195
875869,17.6,137,9009,195
875870,17.25,137,9048,195
875871,20,137,9210,195
875872,17.85,137,9005,195
875873,18.7,137,9297,195
875874,14.5,137,9152,195
875875,17.6,137,9016,195
875876,18.85,137,9094,195
875877,18.5,137,9074,195
875878,16.35,137,9250,195
875879,17.25,137,9119,195
875880,15.45,137,9019,195
875881,19.25,137,9249,195
875882,13.5,137,9283,195
875883,16.85,137,9221,195
875884,15.6,137,9278,195
875885,19.2,137,9183,195
875886,13.25,137,8954,195
875887,18,137,9107,195
875888,17.85,137,8968,195
875889,19.65,137,9133,195
875890,19.6,137,9218,195
875891,17.6,137,9113,195
875892,18.6,137,9058,195
875893,18.95,137,9148,195
875894,19.6,137,9232,195
875895,18.25,137,9323,195
875896,16.75,137,9237,195
875897,13.6,137,8949,195
875898,17.6,137,9153,195
875899,18.2,137,9170,195
875900,19.25,137,8970,195
875901,19.25,137,9138,195
875902,19.6,137,9082,195
875903,20,137,8999,195
875904,16.25,137,8978,195
875905,19.25,137,9025,195
875906,19.35,137,9128,195
875907,16.25,137,9069,195
875908,14.6,137,9117,195
875909,14.25,137,8966,195
875910,19,137,9032,195
875911,18.45,137,9222,195
875912,17.25,137,9011,195
875913,19.6,137,9243,195
875914,15.85,137,9225,195
875915,13.6,137,9106,195
875916,19.6,137,9215,195
875917,20,137,9134,195
875918,20,137,9096,195
875919,20,137,9296,195
875920,17.95,137,9295,195
875921,19.6,137,9227,195
875922,16.25,137,9280,195
875923,17.85,137,9240,195
875924,19.6,137,8960,195
875925,18.85,137,9185,195
875926,20,137,9037,195
875927,17.35,137,9120,195
875928,18,137,9050,195
875929,17.5,137,8946,195
875930,16.5,137,9312,195
875931,19.25,137,9179,195
875932,18.25,137,9195,195
875933,17.6,137,9077,195
875934,19,137,9160,195
875935,20,137,9334,195
875936,18.4,137,9092,195
875937,18,137,9319,195
875938,17.6,137,8983,195
875939,14.35,137,9194,195
875940,13.35,137,9140,195
875941,18.6,137,8992,195
875942,18.85,137,9253,195
875943,14.25,137,9273,195
875944,18.6,137,9061,195
875945,17.25,137,9340,195
875946,15.6,137,9078,195
875947,19,137,8972,195
875948,17.6,137,9299,195
875949,14.6,137,9281,195
875950,18.85,137,9002,195
875951,16.6,137,9189,195
875952,15,137,9290,195
875953,15.95,137,9315,195
875954,19.6,137,8950,195
875955,18.6,137,9129,195
875956,16.2,137,9008,195
875957,16.6,137,9095,195
875958,16.25,137,9307,195
875959,19.6,137,9338,195
875960,15,137,9267,195
875961,16.6,137,9073,195
875962,20,137,9041,195
875963,13.6,137,9097,195
875964,17.25,137,8976,195
875965,15.6,137,9143,195
875966,17.6,137,8961,195
875967,19,137,9331,195
875968,17.85,137,9026,195
875969,18.6,137,9322,195
875970,18.25,137,9039,195
875971,19,137,9279,195
875972,19.25,137,9197,195
875973,17.85,137,9145,195
875974,17.65,137,9010,195
875975,19.6,137,8945,195
875976,18.25,137,9329,195
875977,16.85,137,8975,195
875978,19.35,137,9135,195
875979,16.85,137,9204,195
875980,18.25,137,9172,195
875981,16.85,137,9292,195
875982,16.6,137,9063,195
875983,15.65,137,9150,195
875984,15.6,137,9300,195
875985,19.6,137,9121,195
875986,17,137,9212,195
875987,19.25,137,8971,195
875988,14.6,137,9081,195
875989,20,137,9219,195
875990,20,137,8962,195
875991,17.2,137,9328,195
875992,15.6,137,9257,195
875993,18.65,137,9191,195
875994,18,137,9228,195
875995,17.6,137,8948,195
875996,18.25,137,8990,195
875997,17.6,137,9006,195
875998,16,137,9207,195
875999,16.75,137,9168,195
876000,17.25,137,9235,195
876001,18.6,137,8959,195
876002,17.25,137,9047,195
876003,17.2,137,9291,195
876004,18.65,137,9099,195
876005,17.25,137,9112,195
876006,18,137,9178,195
876007,15.5,137,9062,195
876008,18.5,137,9256,195
876009,18,137,9033,195
876010,14.6,137,9067,195
876011,18.6,137,9303,195
876012,19.6,137,9090,195
876013,18.25,137,9017,195
876014,13.85,137,9104,195
876015,14.6,137,9103,195
876016,18.2,137,9083,195
876017,18,137,9245,195
876018,19,137,9274,195
876019,17.85,137,9024,195
876020,18.6,137,9321,195
876021,19.4,137,9266,195
876022,19.6,137,9040,195
876023,20,137,9127,195
876024,20,137,9175,195
876025,16.6,137,9167,195
876026,13.5,137,9049,195
876027,13.95,137,8955,195
876028,12.6,137,9226,195
876029,19.2,137,9230,195
876030,18.95,137,8941,195
876031,19.6,137,9022,195
876032,20,137,9203,195
876033,19,137,9055,195
876034,19.25,137,9217,195
876035,18.6,137,9196,195
876036,18,137,9126,195
876037,18.6,137,9007,195
876038,16.25,137,9188,195
876039,20,137,9072,195
876040,18.85,137,9233,195
876041,17.25,137,9091,195
876042,18.6,137,8986,195
876043,18,137,8957,195
876044,19.6,137,9169,195
876045,14.85,137,9139,195
876046,20,137,9258,195
876047,17.6,138,8967,195
876048,18.2,138,9305,195
876049,18,138,9277,195
876050,11.85,138,8995,195
876051,19.6,138,9056,195
876052,17.45,138,8994,195
876053,19.25,138,9255,195
876054,17,138,8982,195
876055,19.6,138,9294,195
876056,16.85,138,8998,195
876057,17.5,138,9080,195
876058,18.35,138,9028,195
876059,18.25,138,9177,195
876060,18,138,9332,195
876061,18.6,138,9187,195
876062,19.6,138,9034,195
876063,15.25,138,9031,195
876064,16,138,9282,195
876065,15.85,138,8979,195
876066,17.6,138,8977,195
876067,17.6,138,9252,195
876068,17.5,138,9125,195
876069,18.9,138,9246,195
876070,14.6,138,9075,195
876071,17.6,138,9223,195
876072,13.65,138,9122,195
876073,17.25,138,9064,195
876074,19.25,138,9314,195
876075,16.85,138,9275,195
876076,15.25,138,9004,195
876077,12.25,138,9293,195
876078,18.25,138,9206,195
876079,17.85,138,9079,195
876080,17.35,138,9333,195
876081,17.85,138,9309,195
876082,17.25,138,9156,195
876083,15.9,138,9201,195
876084,19.6,138,9173,195
876085,18.65,138,9086,195
876086,13,138,9038,195
876087,18.85,138,8965,195
876088,15.85,138,9238,195
876089,19.65,138,9313,195
876090,18.35,138,9199,195
876091,17.25,138,8956,195
876092,16.45,138,9054,195
876093,17.95,138,9098,195
876094,17.85,138,9306,195
876095,16.95,138,9310,195
876096,18.95,138,9020,195
876097,19.3,138,9171,195
876098,19.6,138,9164,195
876099,18.85,138,9317,195
876100,13.6,138,9181,195
876101,17.45,138,9158,195
876102,14.2,138,8991,195
876103,18.6,138,9159,195
876104,18.25,138,8964,195
876105,17.2,138,9162,195
876106,15.25,138,9302,195
876107,18.6,138,9060,195
876108,12.6,138,9165,195
876109,14.5,138,9089,195
876110,14.45,138,9071,195
876111,17,138,9316,195
876112,18.25,138,9325,195
876113,16.9,138,9110,195
876114,16.8,138,9042,195
876115,17.85,138,8947,195
876116,19.25,138,9311,195
876117,16.1,138,8981,195
876118,17.85,138,9229,195
876119,18.25,138,9208,195
876120,14,138,9027,195
876121,17.25,138,9288,195
876122,15.6,138,9109,195
876123,12.5,138,9030,195
876124,12.6,138,9234,195
876125,15.25,138,9084,195
876126,18.35,138,9070,195
876127,20,138,9132,195
876128,19.6,138,9209,195
876129,17.5,138,9330,195
876130,17.25,138,9202,195
876131,17.9,138,9012,195
876132,17.25,138,9023,195
876133,15.85,138,9013,195
876134,18.85,138,9053,195
876135,18,138,9130,195
876136,13.35,138,9216,195
876137,20,138,9287,195
876138,17.2,138,8987,195
876139,15.5,138,9111,195
876140,14.65,138,9147,195
876141,17.95,138,9336,195
876142,17.95,138,9131,195
876143,17.25,138,9163,195
876144,19.25,138,9200,195
876145,17.6,138,9118,195
876146,16.5,138,9284,195
876147,18.6,138,9214,195
876148,15.5,138,9268,195
876149,20,138,9326,195
876150,18.85,138,8944,195
876151,18.85,138,8988,195
876152,18.95,138,9003,195
876153,17.25,138,9044,195
876154,17.6,138,9254,195
876155,19.6,138,9289,195
876156,17.4,138,9272,195
876157,16.9,138,9174,195
876158,19.2,138,9262,195
876159,16.95,138,9261,195
876160,17.25,138,8963,195
876161,19.25,138,9151,195
876162,17.2,138,9085,195
876163,17.85,138,9186,195
876164,17.2,138,9239,195
876165,17.6,138,9137,195
876166,18.6,138,9285,195
876167,17.45,138,9155,195
876168,20,138,9051,195
876169,18.55,138,9192,195
876170,16.85,138,9057,195
876171,18.55,138,9324,195
876172,20,138,9335,195
876173,16.65,138,9136,195
876174,18.35,138,8974,195
876175,12.6,138,9337,195
876176,19.2,138,9093,195
876177,16.6,138,8989,195
876178,13.25,138,8985,195
876179,16.85,138,9247,195
876180,13.85,138,9271,195
876181,17.6,138,9193,195
876182,16.2,138,9231,195
876183,16.25,138,9264,195
876184,15.6,138,9318,195
876185,16.65,138,9087,195
876186,14.25,138,8969,195
876187,16.85,138,8942,195
876188,20,138,9260,195
876189,16.85,138,9149,195
876190,17.6,138,9327,195
876191,17.6,138,8993,195
876192,19,138,9320,195
876193,15.6,138,9014,195
876194,19.6,138,9304,195
876195,18.2,138,9001,195
876196,17,138,9241,195
876197,17.6,138,9018,195
876198,14.6,138,9059,195
876199,13.85,138,9035,195
876200,19,138,9036,195
876201,14.65,138,9142,195
876202,19.25,138,9166,195
876203,13.6,138,9102,195
876204,18.85,138,9276,195
876205,17.6,138,9298,195
876206,17.85,138,9263,195
876207,12.85,138,9076,195
876208,20,138,9198,195
876209,13.2,138,9116,195
876210,15.5,138,8984,195
876211,19.6,138,9211,195
876212,19.6,138,8980,195
876213,17.35,138,9182,195
876214,19.2,138,9154,195
876215,17.85,138,9052,195
876216,17.85,138,9100,195
876217,19.2,138,8952,195
876218,16.25,138,9270,195
876219,18.35,138,9088,195
876220,17.25,138,9176,195
876221,17.6,138,8996,195
876222,19.2,138,9242,195
876223,18.6,138,9115,195
876224,15.85,138,9236,195
876225,14.1,138,9123,195
876226,17.45,138,9114,195
876227,16.6,138,9269,195
876228,16.25,138,9000,195
876229,16.6,138,9144,195
876230,17.25,138,8953,195
876231,17.85,138,9286,195
876232,19.6,138,9213,195
876233,18.6,138,9248,195
876234,17.6,138,9009,195
876235,17.35,138,9048,195
876236,20,138,9210,195
876237,17,138,9005,195
876238,17.55,138,9297,195
876239,13.6,138,9152,195
876240,16.95,138,9016,195
876241,19.65,138,9094,195
876242,18.35,138,9074,195
876243,16.6,138,9250,195
876244,17.85,138,9119,195
876245,15.85,138,9019,195
876246,18.35,138,9249,195
876247,12.65,138,9283,195
876248,16.85,138,9221,195
876249,15.25,138,9278,195
876250,18.65,138,9183,195
876251,13.25,138,8954,195
876252,16.6,138,9107,195
876253,16.65,138,8968,195
876254,18.85,138,9133,195
876255,19,138,9218,195
876256,16.6,138,9113,195
876257,17.35,138,9058,195
876258,19,138,9148,195
876259,19.25,138,9232,195
876260,17.6,138,9323,195
876261,15.25,138,9237,195
876262,13.25,138,8949,195
876263,16.6,138,9153,195
876264,17.25,138,9170,195
876265,17.85,138,8970,195
876266,19,138,9138,195
876267,19,138,9082,195
876268,19.4,138,8999,195
876269,16,138,8978,195
876270,18,138,9025,195
876271,18,138,9128,195
876272,15.85,138,9069,195
876273,12.85,138,9117,195
876274,14.25,138,8966,195
876275,19.25,138,9032,195
876276,17.95,138,9222,195
876277,18.25,138,9011,195
876278,19.6,138,9243,195
876279,16.25,138,9225,195
876280,12.25,138,9106,195
876281,19.65,138,9215,195
876282,19.25,138,9134,195
876283,19.6,138,9096,195
876284,18.6,138,9296,195
876285,16.95,138,9295,195
876286,19,138,9227,195
876287,16.9,138,9280,195
876288,17.5,138,9240,195
876289,18.9,138,8960,195
876290,17.6,138,9185,195
876291,20,138,9037,195
876292,16.75,138,9120,195
876293,17.2,138,9050,195
876294,17.6,138,8946,195
876295,16.25,138,9312,195
876296,19.2,138,9179,195
876297,17.5,138,9195,195
876298,17.6,138,9077,195
876299,19.35,138,9160,195
876300,19.25,138,9334,195
876301,18.2,138,9092,195
876302,17.7,138,9319,195
876303,16.85,138,8983,195
876304,12.9,138,9194,195
876305,13.6,138,9140,195
876306,17,138,8992,195
876307,19.25,138,9253,195
876308,14.1,138,9273,195
876309,16.85,138,9061,195
876310,17.5,138,9340,195
876311,14.6,138,9078,195
876312,19.25,138,8972,195
876313,17,138,9299,195
876314,12.6,138,9281,195
876315,19.25,138,9002,195
876316,16,138,9189,195
876317,15.6,138,9290,195
876318,14.1,138,9315,195
876319,18.25,138,8950,195
876320,18.2,138,9129,195
876321,15.6,138,9008,195
876322,16.6,138,9095,195
876323,16.75,138,9307,195
876324,19.4,138,9338,195
876325,13.35,138,9267,195
876326,15.85,138,9073,195
876327,18.85,138,9041,195
876328,12.9,138,9097,195
876329,16.8,138,8976,195
876330,15.65,138,9143,195
876331,18.1,138,8961,195
876332,19.6,138,9331,195
876333,17.6,138,9026,195
876334,19.2,138,9322,195
876335,17.85,138,9039,195
876336,18.2,138,9279,195
876337,17.35,138,9197,195
876338,17,138,9145,195
876339,17.6,138,9010,195
876340,18.85,138,8945,195
876341,16.95,138,9329,195
876342,15.85,138,8975,195
876343,17.85,138,9135,195
876344,17.85,138,9204,195
876345,17.65,138,9172,195
876346,16.9,138,9292,195
876347,15.65,138,9063,195
876348,16.2,138,9150,195
876349,15.6,138,9300,195
876350,18.85,138,9121,195
876351,16.85,138,9212,195
876352,19.25,138,8971,195
876353,15.6,138,9081,195
876354,20,138,9219,195
876355,20,138,8962,195
876356,18.85,138,9328,195
876357,15.6,138,9257,195
876358,19.25,138,9191,195
876359,18.25,138,9228,195
876360,17.2,138,8948,195
876361,17.25,138,8990,195
876362,17.5,138,9006,195
876363,15.95,138,9207,195
876364,14.6,138,9168,195
876365,17.85,138,9235,195
876366,18,138,8959,195
876367,18.6,138,9047,195
876368,17.85,138,9291,195
876369,17.25,138,9099,195
876370,17.25,138,9112,195
876371,17.35,138,9178,195
876372,13.6,138,9062,195
876373,18.25,138,9256,195
876374,17.25,138,9033,195
876375,13.85,138,9067,195
876376,17.85,138,9303,195
876377,18.25,138,9090,195
876378,17,138,9017,195
876379,13.5,138,9104,195
876380,13.95,138,9103,195
876381,16.5,138,9083,195
876382,17.25,138,9245,195
876383,17.85,138,9274,195
876384,16.25,138,9024,195
876385,18.25,138,9321,195
876386,18.65,138,9266,195
876387,19.25,138,9040,195
876388,19.6,138,9127,195
876389,19.6,138,9175,195
876390,16.35,138,9167,195
876391,11.2,138,9049,195
876392,14.25,138,8955,195
876393,12,138,9226,195
876394,19.6,138,9230,195
876395,18.85,138,8941,195
876396,19.6,138,9022,195
876397,19,138,9203,195
876398,17.45,138,9055,195
876399,18.95,138,9217,195
876400,16.6,138,9196,195
876401,16.25,138,9126,195
876402,18.25,138,9007,195
876403,16.85,138,9188,195
876404,19.65,138,9072,195
876405,16.6,138,9233,195
876406,17,138,9091,195
876407,17.95,138,8986,195
876408,19,138,8957,195
876409,18.2,138,9169,195
876410,14.6,138,9139,195
876411,20,138,9258,195
876412,16.5,139,8967,195
876413,16.5,139,9305,195
876414,17.45,139,9277,195
876415,11.6,139,8995,195
876416,18.6,139,9056,195
876417,18.2,139,8994,195
876418,18,139,9255,195
876419,16.45,139,8982,195
876420,20,139,9294,195
876421,16.85,139,8998,195
876422,16.85,139,9080,195
876423,18.25,139,9028,195
876424,17.85,139,9177,195
876425,17.5,139,9332,195
876426,18.35,139,9187,195
876427,18.5,139,9034,195
876428,14.1,139,9031,195
876429,14.8,139,9282,195
876430,14.75,139,8979,195
876431,16.2,139,8977,195
876432,16,139,9252,195
876433,16.6,139,9125,195
876434,19.25,139,9246,195
876435,14.6,139,9075,195
876436,15.85,139,9223,195
876437,13.25,139,9122,195
876438,17.25,139,9064,195
876439,18.65,139,9314,195
876440,17.2,139,9275,195
876441,14.25,139,9004,195
876442,12,139,9293,195
876443,17.5,139,9206,195
876444,17.55,139,9079,195
876445,17.65,139,9333,195
876446,16.35,139,9309,195
876447,15.85,139,9156,195
876448,17.25,139,9201,195
876449,18.85,139,9173,195
876450,18.25,139,9086,195
876451,14.2,139,9038,195
876452,17.35,139,8965,195
876453,15.1,139,9238,195
876454,19.25,139,9313,195
876455,17.6,139,9199,195
876456,17.6,139,8956,195
876457,17.25,139,9054,195
876458,17.25,139,9098,195
876459,16.85,139,9306,195
876460,17.25,139,9310,195
876461,19,139,9020,195
876462,19.6,139,9171,195
876463,17.6,139,9164,195
876464,18.6,139,9317,195
876465,13.15,139,9181,195
876466,16.2,139,9158,195
876467,14.35,139,8991,195
876468,19.25,139,9159,195
876469,16.25,139,8964,195
876470,18.85,139,9162,195
876471,14.6,139,9302,195
876472,17.85,139,9060,195
876473,13.25,139,9165,195
876474,15.6,139,9089,195
876475,15.25,139,9071,195
876476,16.25,139,9316,195
876477,17.35,139,9325,195
876478,17.6,139,9110,195
876479,16.25,139,9042,195
876480,15.25,139,8947,195
876481,17.8,139,9311,195
876482,16.5,139,8981,195
876483,16.9,139,9229,195
876484,17.25,139,9208,195
876485,12.9,139,9027,195
876486,17.85,139,9288,195
876487,15.85,139,9109,195
876488,13.1,139,9030,195
876489,12.25,139,9234,195
876490,14.85,139,9084,195
876491,18.6,139,9070,195
876492,20,139,9132,195
876493,19.25,139,9209,195
876494,17.6,139,9330,195
876495,16.7,139,9202,195
876496,17,139,9012,195
876497,17.6,139,9023,195
876498,16.6,139,9013,195
876499,17.85,139,9053,195
876500,17.75,139,9130,195
876501,11.8,139,9216,195
876502,18.6,139,9287,195
876503,17.85,139,8987,195
876504,16.6,139,9111,195
876505,15.25,139,9147,195
876506,16.65,139,9336,195
876507,17.1,139,9131,195
876508,17,139,9163,195
876509,18.1,139,9200,195
876510,17.2,139,9118,195
876511,17.05,139,9284,195
876512,17.5,139,9214,195
876513,13.85,139,9268,195
876514,19,139,9326,195
876515,18.5,139,8944,195
876516,17.45,139,8988,195
876517,20,139,9003,195
876518,15.6,139,9044,195
876519,17.45,139,9254,195
876520,19.6,139,9289,195
876521,17.25,139,9272,195
876522,15.6,139,9174,195
876523,19.6,139,9262,195
876524,16.35,139,9261,195
876525,17,139,8963,195
876526,17.25,139,9151,195
876527,17.1,139,9085,195
876528,18,139,9186,195
876529,17.65,139,9239,195
876530,15.9,139,9137,195
876531,18.95,139,9285,195
876532,16.6,139,9155,195
876533,19.6,139,9051,195
876534,18.85,139,9192,195
876535,17.6,139,9057,195
876536,16.85,139,9324,195
876537,18.6,139,9335,195
876538,16.2,139,9136,195
876539,16.2,139,8974,195
876540,10.85,139,9337,195
876541,17.25,139,9093,195
876542,15.85,139,8989,195
876543,12.95,139,8985,195
876544,16.25,139,9247,195
876545,13.2,139,9271,195
876546,17.2,139,9193,195
876547,15.25,139,9231,195
876548,13.85,139,9264,195
876549,14.2,139,9318,195
876550,15.2,139,9087,195
876551,13.65,139,8969,195
876552,16.5,139,8942,195
876553,19.6,139,9260,195
876554,16.6,139,9149,195
876555,16.85,139,9327,195
876556,17.35,139,8993,195
876557,19.6,139,9320,195
876558,14.45,139,9014,195
876559,18.45,139,9304,195
876560,16.1,139,9001,195
876561,17,139,9241,195
876562,16.6,139,9018,195
876563,13.25,139,9059,195
876564,12,139,9035,195
876565,18.25,139,9036,195
876566,14.85,139,9142,195
876567,19.35,139,9166,195
876568,11.85,139,9102,195
876569,19.2,139,9276,195
876570,17.2,139,9298,195
876571,17,139,9263,195
876572,14.5,139,9076,195
876573,18.05,139,9198,195
876574,12.2,139,9116,195
876575,15.85,139,8984,195
876576,19.2,139,9211,195
876577,18.2,139,8980,195
876578,16.85,139,9182,195
876579,17.4,139,9154,195
876580,16.9,139,9052,195
876581,17.85,139,9100,195
876582,17.6,139,8952,195
876583,17.25,139,9270,195
876584,16.1,139,9088,195
876585,16.25,139,9176,195
876586,17.85,139,8996,195
876587,16.45,139,9242,195
876588,17.6,139,9115,195
876589,15.1,139,9236,195
876590,14.6,139,9123,195
876591,17,139,9114,195
876592,17.35,139,9269,195
876593,14.95,139,9000,195
876594,16,139,9144,195
876595,17.85,139,8953,195
876596,16.85,139,9286,195
876597,17.95,139,9213,195
876598,19.6,139,9248,195
876599,16.5,139,9009,195
876600,17.25,139,9048,195
876601,18.85,139,9210,195
876602,17.25,139,9005,195
876603,17.1,139,9297,195
876604,13.85,139,9152,195
876605,16.6,139,9016,195
876606,19.35,139,9094,195
876607,17.5,139,9074,195
876608,15.25,139,9250,195
876609,15.95,139,9119,195
876610,15.95,139,9019,195
876611,17.75,139,9249,195
876612,12.35,139,9283,195
876613,16.25,139,9221,195
876614,15.25,139,9278,195
876615,18.35,139,9183,195
876616,12.25,139,8954,195
876617,16,139,9107,195
876618,16.85,139,8968,195
876619,17.85,139,9133,195
876620,18.35,139,9218,195
876621,15.5,139,9113,195
876622,18.45,139,9058,195
876623,17.6,139,9148,195
876624,19.6,139,9232,195
876625,16,139,9323,195
876626,15.6,139,9237,195
876627,11.2,139,8949,195
876628,17.6,139,9153,195
876629,16.65,139,9170,195
876630,18.6,139,8970,195
876631,17.65,139,9138,195
876632,19,139,9082,195
876633,19.2,139,8999,195
876634,16.2,139,8978,195
876635,17.95,139,9025,195
876636,18.85,139,9128,195
876637,16.7,139,9069,195
876638,15.35,139,9117,195
876639,13.45,139,8966,195
876640,18.9,139,9032,195
876641,16.25,139,9222,195
876642,15.6,139,9011,195
876643,20,139,9243,195
876644,15.25,139,9225,195
876645,11.85,139,9106,195
876646,18.85,139,9215,195
876647,18.6,139,9134,195
876648,17.45,139,9096,195
876649,17.85,139,9296,195
876650,16.35,139,9295,195
876651,18.45,139,9227,195
876652,16.6,139,9280,195
876653,16.45,139,9240,195
876654,18.6,139,8960,195
876655,18.25,139,9185,195
876656,19.25,139,9037,195
876657,16,139,9120,195
876658,16.95,139,9050,195
876659,18,139,8946,195
876660,15.2,139,9312,195
876661,19,139,9179,195
876662,15.95,139,9195,195
876663,16.75,139,9077,195
876664,17.25,139,9160,195
876665,19.25,139,9334,195
876666,17,139,9092,195
876667,15.5,139,9319,195
876668,17.6,139,8983,195
876669,13.25,139,9194,195
876670,12.85,139,9140,195
876671,17.45,139,8992,195
876672,19.75,139,9253,195
876673,13,139,9273,195
876674,17.25,139,9061,195
876675,16.25,139,9340,195
876676,15,139,9078,195
876677,18.35,139,8972,195
876678,17.6,139,9299,195
876679,11.85,139,9281,195
876680,18.5,139,9002,195
876681,16.25,139,9189,195
876682,14.1,139,9290,195
876683,13.6,139,9315,195
876684,18.6,139,8950,195
876685,17.6,139,9129,195
876686,15.25,139,9008,195
876687,17.4,139,9095,195
876688,15.65,139,9307,195
876689,17.95,139,9338,195
876690,13.25,139,9267,195
876691,14.65,139,9073,195
876692,18.2,139,9041,195
876693,11.5,139,9097,195
876694,17.1,139,8976,195
876695,15.35,139,9143,195
876696,17.25,139,8961,195
876697,18.25,139,9331,195
876698,16.2,139,9026,195
876699,17,139,9322,195
876700,17.85,139,9039,195
876701,16,139,9279,195
876702,16.25,139,9197,195
876703,16.65,139,9145,195
876704,16.25,139,9010,195
876705,18,139,8945,195
876706,17.1,139,9329,195
876707,14.8,139,8975,195
876708,17.5,139,9135,195
876709,16.6,139,9204,195
876710,17.9,139,9172,195
876711,17.05,139,9292,195
876712,15.85,139,9063,195
876713,16.5,139,9150,195
876714,15,139,9300,195
876715,19.25,139,9121,195
876716,16.25,139,9212,195
876717,18.85,139,8971,195
876718,14.25,139,9081,195
876719,18.35,139,9219,195
876720,19.65,139,8962,195
876721,16.85,139,9328,195
876722,14.4,139,9257,195
876723,17.65,139,9191,195
876724,18.6,139,9228,195
876725,15.95,139,8948,195
876726,16.5,139,8990,195
876727,15.85,139,9006,195
876728,14.2,139,9207,195
876729,15.7,139,9168,195
876730,15.85,139,9235,195
876731,17.85,139,8959,195
876732,17.05,139,9047,195
876733,16.45,139,9291,195
876734,16.65,139,9099,195
876735,15.25,139,9112,195
876736,16.25,139,9178,195
876737,14.2,139,9062,195
876738,18.6,139,9256,195
876739,16.65,139,9033,195
876740,14.25,139,9067,195
876741,17.05,139,9303,195
876742,18.6,139,9090,195
876743,17,139,9017,195
876744,13.25,139,9104,195
876745,13.85,139,9103,195
876746,17.75,139,9083,195
876747,17.35,139,9245,195
876748,17.6,139,9274,195
876749,16.1,139,9024,195
876750,18.25,139,9321,195
876751,18.6,139,9266,195
876752,18,139,9040,195
876753,18.15,139,9127,195
876754,19.6,139,9175,195
876755,14.65,139,9167,195
876756,11.85,139,9049,195
876757,14.6,139,8955,195
876758,12.95,139,9226,195
876759,17.8,139,9230,195
876760,17.9,139,8941,195
876761,18.4,139,9022,195
876762,19.3,139,9203,195
876763,17.35,139,9055,195
876764,17.25,139,9217,195
876765,16.85,139,9196,195
876766,16.45,139,9126,195
876767,16.4,139,9007,195
876768,15.05,139,9188,195
876769,18,139,9072,195
876770,16.85,139,9233,195
876771,16.45,139,9091,195
876772,17.95,139,8986,195
876773,17.25,139,8957,195
876774,18.6,139,9169,195
876775,12.85,139,9139,195
876776,19.6,139,9258,195
876777,13.9,132,8967,196
876778,16.95,132,9305,196
876779,15.15,132,9277,196
876780,10.1,132,8995,196
876781,16.35,132,9056,196
876782,17.2,132,8994,196
876783,17.15,132,9255,196
876784,15.15,132,8982,196
876785,18.95,132,9294,196
876786,15.95,132,8998,196
876787,15.15,132,9080,196
876788,14.85,132,9028,196
876789,15.6,132,9177,196
876790,14.85,132,9332,196
876791,15.6,132,9187,196
876792,15.75,132,9034,196
876793,12.95,132,9031,196
876794,12.75,132,9282,196
876795,14.6,132,8979,196
876796,14.15,132,8977,196
876797,16.65,132,9252,196
876798,16,132,9125,196
876799,15.25,132,9246,196
876800,11.25,132,9075,196
876801,14.25,132,9223,196
876802,11,132,9122,196
876803,15.7,132,9064,196
876804,17.35,132,9314,196
876805,15,132,9275,196
876806,12.25,132,9004,196
876807,10.7,132,9293,196
876808,16.05,132,9206,196
876809,14.4,132,9079,196
876810,15.2,132,9333,196
876811,14.55,132,9309,196
876812,14.1,132,9156,196
876813,15.3,132,9201,196
876814,15.85,132,9173,196
876815,15.85,132,9086,196
876816,11.95,132,9038,196
876817,15.8,132,8965,196
876818,12.6,132,9238,196
876819,17.25,132,9313,196
876820,15.6,132,9199,196
876821,16.15,132,8956,196
876822,14.65,132,9054,196
876823,15.45,132,9098,196
876824,16.75,132,9306,196
876825,15.1,132,9310,196
876826,16.8,132,9020,196
876827,16.25,132,9171,196
876828,16.1,132,9164,196
876829,16.7,132,9317,196
876830,11.5,132,9181,196
876831,15.75,132,9158,196
876832,13.65,132,8991,196
876833,17.75,132,9159,196
876834,16.3,132,8964,196
876835,15.5,132,9162,196
876836,12.6,132,9302,196
876837,15.85,132,9060,196
876838,12.1,132,9165,196
876839,13.25,132,9089,196
876840,13.1,132,9071,196
876841,13.8,132,9316,196
876842,15.9,132,9325,196
876843,15.2,132,9110,196
876844,13.5,132,9042,196
876845,15.45,132,8947,196
876846,16.2,132,9311,196
876847,15.65,132,8981,196
876848,15.15,132,9229,196
876849,14.6,132,9208,196
876850,12.6,132,9027,196
876851,15.15,132,9288,196
876852,14,132,9109,196
876853,10.25,132,9030,196
876854,10.35,132,9234,196
876855,12.3,132,9084,196
876856,15.6,132,9070,196
876857,18,132,9132,196
876858,19,132,9209,196
876859,15.55,132,9330,196
876860,16.1,132,9202,196
876861,14.2,132,9012,196
876862,16.45,132,9023,196
876863,13.2,132,9013,196
876864,17,132,9053,196
876865,15.1,132,9130,196
876866,10.1,132,9216,196
876867,16.8,132,9287,196
876868,16.45,132,8987,196
876869,13.65,132,9111,196
876870,13,132,9147,196
876871,15.1,132,9336,196
876872,15.45,132,9131,196
876873,15.3,132,9163,196
876874,16.3,132,9200,196
876875,14.95,132,9118,196
876876,16.25,132,9284,196
876877,15.85,132,9214,196
876878,13.95,132,9268,196
876879,16.95,132,9326,196
876880,17.75,132,8944,196
876881,15.75,132,8988,196
876882,16.7,132,9003,196
876883,13.9,132,9044,196
876884,16.6,132,9254,196
876885,17.75,132,9289,196
876886,15.6,132,9272,196
876887,14.45,132,9174,196
876888,17.25,132,9262,196
876889,13.5,132,9261,196
876890,15.2,132,8963,196
876891,15,132,9151,196
876892,14.85,132,9085,196
876893,14.45,132,9186,196
876894,15.55,132,9239,196
876895,13.95,132,9137,196
876896,17.15,132,9285,196
876897,15.2,132,9155,196
876898,16.95,132,9051,196
876899,16.25,132,9192,196
876900,15.85,132,9057,196
876901,16.6,132,9324,196
876902,16.75,132,9335,196
876903,14.2,132,9136,196
876904,15.4,132,8974,196
876905,9.3,132,9337,196
876906,15.6,132,9093,196
876907,15.15,132,8989,196
876908,12.35,132,8985,196
876909,14,132,9247,196
876910,11.4,132,9271,196
876911,14.25,132,9193,196
876912,12.4,132,9231,196
876913,14.85,132,9264,196
876914,12.25,132,9318,196
876915,14.4,132,9087,196
876916,12.75,132,8969,196
876917,14.5,132,8942,196
876918,17,132,9260,196
876919,13.5,132,9149,196
876920,17.25,132,9327,196
876921,14.35,132,8993,196
876922,15.7,132,9320,196
876923,14.75,132,9014,196
876924,17.3,132,9304,196
876925,14.85,132,9001,196
876926,14.6,132,9241,196
876927,14.8,132,9018,196
876928,12.1,132,9059,196
876929,9.7,132,9035,196
876930,14.9,132,9036,196
876931,12.85,132,9142,196
876932,17.45,132,9166,196
876933,9.6,132,9102,196
876934,17,132,9276,196
876935,15.75,132,9298,196
876936,16.5,132,9263,196
876937,13,132,9076,196
876938,15.6,132,9198,196
876939,10.1,132,9116,196
876940,14,132,8984,196
876941,17.35,132,9211,196
876942,15.65,132,8980,196
876943,14,132,9182,196
876944,16.15,132,9154,196
876945,14.85,132,9052,196
876946,14.55,132,9100,196
876947,16.25,132,8952,196
876948,15.1,132,9270,196
876949,14.6,132,9088,196
876950,15.25,132,9176,196
876951,15.95,132,8996,196
876952,15.85,132,9242,196
876953,15.4,132,9115,196
876954,13.25,132,9236,196
876955,11.35,132,9123,196
876956,13.9,132,9114,196
876957,14.85,132,9269,196
876958,13.55,132,9000,196
876959,14.9,132,9144,196
876960,15.1,132,8953,196
876961,16.1,132,9286,196
876962,17.3,132,9213,196
876963,15.85,132,9248,196
876964,14.5,132,9009,196
876965,15.6,132,9048,196
876966,17.6,132,9210,196
876967,14.6,132,9005,196
876968,15.15,132,9297,196
876969,11.6,132,9152,196
876970,14.75,132,9016,196
876971,15.85,132,9094,196
876972,15.6,132,9074,196
876973,13.2,132,9250,196
876974,13.6,132,9119,196
876975,14.1,132,9019,196
876976,16,132,9249,196
876977,11.6,132,9283,196
876978,14.85,132,9221,196
876979,13.95,132,9278,196
876980,16.4,132,9183,196
876981,9.25,132,8954,196
876982,14.9,132,9107,196
876983,14.45,132,8968,196
876984,17,132,9133,196
876985,16.6,132,9218,196
876986,15.9,132,9113,196
876987,17.2,132,9058,196
876988,17.35,132,9148,196
876989,16.4,132,9232,196
876990,15.05,132,9323,196
876991,13.85,132,9237,196
876992,10.9,132,8949,196
876993,15.1,132,9153,196
876994,15.25,132,9170,196
876995,16.35,132,8970,196
876996,17.2,132,9138,196
876997,17.15,132,9082,196
876998,17.5,132,8999,196
876999,13.5,132,8978,196
877000,15.6,132,9025,196
877001,17.85,132,9128,196
877002,13.6,132,9069,196
877003,11.85,132,9117,196
877004,11.15,132,8966,196
877005,16.75,132,9032,196
877006,15.6,132,9222,196
877007,15.35,132,9011,196
877008,18.5,132,9243,196
877009,13.05,132,9225,196
877010,10.05,132,9106,196
877011,17.25,132,9215,196
877012,17.1,132,9134,196
877013,17.5,132,9096,196
877014,14.85,132,9296,196
877015,15.45,132,9295,196
877016,17,132,9227,196
877017,15.6,132,9280,196
877018,14.05,132,9240,196
877019,17,132,8960,196
877020,15.6,132,9185,196
877021,16.35,132,9037,196
877022,14,132,9120,196
877023,15,132,9050,196
877024,16.6,132,8946,196
877025,13.95,132,9312,196
877026,16.5,132,9179,196
877027,14.25,132,9195,196
877028,17.25,132,9077,196
877029,15.6,132,9160,196
877030,16.95,132,9334,196
877031,15.25,132,9092,196
877032,15.4,132,9319,196
877033,14.95,132,8983,196
877034,12.4,132,9194,196
877035,9.6,132,9140,196
877036,14.65,132,8992,196
877037,16.4,132,9253,196
877038,12,132,9273,196
877039,14.5,132,9061,196
877040,15.45,132,9340,196
877041,13.1,132,9078,196
877042,15.85,132,8972,196
877043,15.5,132,9299,196
877044,9.95,132,9281,196
877045,15.5,132,9002,196
877046,14.25,132,9189,196
877047,13.75,132,9290,196
877048,12.85,132,9315,196
877049,16.6,132,8950,196
877050,15.6,132,9129,196
877051,14.1,132,9008,196
877052,14.3,132,9095,196
877053,13.2,132,9307,196
877054,16.7,132,9338,196
877055,10.45,132,9267,196
877056,12.15,132,9073,196
877057,17.85,132,9041,196
877058,11.1,132,9097,196
877059,15.5,132,8976,196
877060,15.25,132,9143,196
877061,15.2,132,8961,196
877062,17.4,132,9331,196
877063,15.4,132,9026,196
877064,16.25,132,9322,196
877065,15.45,132,9039,196
877066,14.6,132,9279,196
877067,15.85,132,9197,196
877068,16.85,132,9145,196
877069,15.45,132,9010,196
877070,17.1,132,8945,196
877071,14.45,132,9329,196
877072,13.65,132,8975,196
877073,16.95,132,9135,196
877074,14.4,132,9204,196
877075,16.25,132,9172,196
877076,14.95,132,9292,196
877077,13.2,132,9063,196
877078,13.85,132,9150,196
877079,12.85,132,9300,196
877080,17.65,132,9121,196
877081,14.55,132,9212,196
877082,16.3,132,8971,196
877083,11.6,132,9081,196
877084,17.8,132,9219,196
877085,16.65,132,8962,196
877086,16.4,132,9328,196
877087,12.5,132,9257,196
877088,15.2,132,9191,196
877089,15.5,132,9228,196
877090,14.75,132,8948,196
877091,15,132,8990,196
877092,13.6,132,9006,196
877093,14.3,132,9207,196
877094,11.7,132,9168,196
877095,14.95,132,9235,196
877096,14.55,132,8959,196
877097,16.15,132,9047,196
877098,15.4,132,9291,196
877099,15,132,9099,196
877100,14.65,132,9112,196
877101,14.55,132,9178,196
877102,12.35,132,9062,196
877103,15.55,132,9256,196
877104,14.2,132,9033,196
877105,11.4,132,9067,196
877106,15.25,132,9303,196
877107,16.2,132,9090,196
877108,14.55,132,9017,196
877109,11.35,132,9104,196
877110,10.85,132,9103,196
877111,14.6,132,9083,196
877112,15.75,132,9245,196
877113,16.35,132,9274,196
877114,15.45,132,9024,196
877115,17,132,9321,196
877116,15.55,132,9266,196
877117,17,132,9040,196
877118,16.2,132,9127,196
877119,17.5,132,9175,196
877120,13.1,132,9167,196
877121,10.1,132,9049,196
877122,11.65,132,8955,196
877123,10.55,132,9226,196
877124,16.75,132,9230,196
877125,16.35,132,8941,196
877126,17.55,132,9022,196
877127,17.85,132,9203,196
877128,14.35,132,9055,196
877129,17,132,9217,196
877130,16,132,9196,196
877131,13.95,132,9126,196
877132,15.85,132,9007,196
877133,12.6,132,9188,196
877134,16.95,132,9072,196
877135,15.5,132,9233,196
877136,14.1,132,9091,196
877137,15.25,132,8986,196
877138,14.95,132,8957,196
877139,15.75,132,9169,196
877140,12.6,132,9139,196
877141,16.95,132,9258,196
877142,15.6,133,8967,196
877143,16.25,133,9305,196
877144,16.85,133,9277,196
877145,10.75,133,8995,196
877146,17,133,9056,196
877147,17.5,133,8994,196
877148,17,133,9255,196
877149,15.25,133,8982,196
877150,17.55,133,9294,196
877151,15.6,133,8998,196
877152,15.85,133,9080,196
877153,16.35,133,9028,196
877154,17.35,133,9177,196
877155,16.4,133,9332,196
877156,16.85,133,9187,196
877157,18.2,133,9034,196
877158,15.1,133,9031,196
877159,14.5,133,9282,196
877160,14.3,133,8979,196
877161,17.3,133,8977,196
877162,17.05,133,9252,196
877163,16.6,133,9125,196
877164,18,133,9246,196
877165,12.8,133,9075,196
877166,14.85,133,9223,196
877167,11.6,133,9122,196
877168,15.8,133,9064,196
877169,17.45,133,9314,196
877170,16.95,133,9275,196
877171,12.9,133,9004,196
877172,11.6,133,9293,196
877173,17.45,133,9206,196
877174,16.5,133,9079,196
877175,17.65,133,9333,196
877176,15.1,133,9309,196
877177,15.95,133,9156,196
877178,16.9,133,9201,196
877179,17.85,133,9173,196
877180,17.9,133,9086,196
877181,12.55,133,9038,196
877182,17.35,133,8965,196
877183,12.45,133,9238,196
877184,18,133,9313,196
877185,16.9,133,9199,196
877186,16.6,133,8956,196
877187,15.25,133,9054,196
877188,17.5,133,9098,196
877189,17.5,133,9306,196
877190,16.65,133,9310,196
877191,16.9,133,9020,196
877192,19.25,133,9171,196
877193,18.25,133,9164,196
877194,19.3,133,9317,196
877195,12.85,133,9181,196
877196,15.85,133,9158,196
877197,13.5,133,8991,196
877198,17.5,133,9159,196
877199,17,133,8964,196
877200,17.25,133,9162,196
877201,13.65,133,9302,196
877202,15.5,133,9060,196
877203,12.6,133,9165,196
877204,14.6,133,9089,196
877205,12.25,133,9071,196
877206,15.35,133,9316,196
877207,17.95,133,9325,196
877208,15.95,133,9110,196
877209,16.2,133,9042,196
877210,14.95,133,8947,196
877211,17.45,133,9311,196
877212,16.3,133,8981,196
877213,17.25,133,9229,196
877214,16,133,9208,196
877215,13.65,133,9027,196
877216,17.1,133,9288,196
877217,13.35,133,9109,196
877218,11.2,133,9030,196
877219,11.6,133,9234,196
877220,15,133,9084,196
877221,17.35,133,9070,196
877222,18.5,133,9132,196
877223,18.55,133,9209,196
877224,17,133,9330,196
877225,15.85,133,9202,196
877226,17,133,9012,196
877227,17.35,133,9023,196
877228,15.1,133,9013,196
877229,18.85,133,9053,196
877230,17.35,133,9130,196
877231,11.65,133,9216,196
877232,19.65,133,9287,196
877233,17,133,8987,196
877234,14.85,133,9111,196
877235,13.65,133,9147,196
877236,16.9,133,9336,196
877237,17.25,133,9131,196
877238,16.2,133,9163,196
877239,16.85,133,9200,196
877240,15.2,133,9118,196
877241,15.85,133,9284,196
877242,17,133,9214,196
877243,13.15,133,9268,196
877244,18.6,133,9326,196
877245,18.4,133,8944,196
877246,15.75,133,8988,196
877247,18.25,133,9003,196
877248,14.5,133,9044,196
877249,16.25,133,9254,196
877250,17,133,9289,196
877251,16.4,133,9272,196
877252,15.45,133,9174,196
877253,18.1,133,9262,196
877254,15.45,133,9261,196
877255,14.9,133,8963,196
877256,17.9,133,9151,196
877257,15.1,133,9085,196
877258,16.25,133,9186,196
877259,16.5,133,9239,196
877260,14.5,133,9137,196
877261,18,133,9285,196
877262,16.25,133,9155,196
877263,19.1,133,9051,196
877264,17,133,9192,196
877265,15.7,133,9057,196
877266,17.5,133,9324,196
877267,17.5,133,9335,196
877268,15.35,133,9136,196
877269,16,133,8974,196
877270,11.1,133,9337,196
877271,16.95,133,9093,196
877272,17.15,133,8989,196
877273,12.65,133,8985,196
877274,15,133,9247,196
877275,13.25,133,9271,196
877276,16.25,133,9193,196
877277,13.6,133,9231,196
877278,15.2,133,9264,196
877279,14.25,133,9318,196
877280,15.9,133,9087,196
877281,13.8,133,8969,196
877282,15.2,133,8942,196
877283,17.95,133,9260,196
877284,15.4,133,9149,196
877285,18.25,133,9327,196
877286,15.4,133,8993,196
877287,18,133,9320,196
877288,13.65,133,9014,196
877289,17.45,133,9304,196
877290,17.05,133,9001,196
877291,16.6,133,9241,196
877292,14.8,133,9018,196
877293,12.85,133,9059,196
877294,12.25,133,9035,196
877295,17.25,133,9036,196
877296,14.2,133,9142,196
877297,18.95,133,9166,196
877298,11.5,133,9102,196
877299,17.5,133,9276,196
877300,16.85,133,9298,196
877301,16,133,9263,196
877302,14.25,133,9076,196
877303,17.25,133,9198,196
877304,12.25,133,9116,196
877305,15.25,133,8984,196
877306,17.2,133,9211,196
877307,18.25,133,8980,196
877308,15.6,133,9182,196
877309,17,133,9154,196
877310,17,133,9052,196
877311,15.75,133,9100,196
877312,17.3,133,8952,196
877313,15.5,133,9270,196
877314,16.25,133,9088,196
877315,16.75,133,9176,196
877316,16.1,133,8996,196
877317,16.8,133,9242,196
877318,15.9,133,9115,196
877319,15.25,133,9236,196
877320,12.2,133,9123,196
877321,15.45,133,9114,196
877322,17.5,133,9269,196
877323,13.85,133,9000,196
877324,16.2,133,9144,196
877325,15.45,133,8953,196
877326,17.5,133,9286,196
877327,17.85,133,9213,196
877328,17.3,133,9248,196
877329,17,133,9009,196
877330,15.85,133,9048,196
877331,18.25,133,9210,196
877332,15.95,133,9005,196
877333,15.7,133,9297,196
877334,13.1,133,9152,196
877335,14.85,133,9016,196
877336,16.75,133,9094,196
877337,16.6,133,9074,196
877338,14.45,133,9250,196
877339,16.5,133,9119,196
877340,13.8,133,9019,196
877341,15.85,133,9249,196
877342,13.25,133,9283,196
877343,15.35,133,9221,196
877344,14.25,133,9278,196
877345,18.6,133,9183,196
877346,10.35,133,8954,196
877347,16.45,133,9107,196
877348,16,133,8968,196
877349,17.45,133,9133,196
877350,18.25,133,9218,196
877351,16.95,133,9113,196
877352,17.85,133,9058,196
877353,16.25,133,9148,196
877354,18.4,133,9232,196
877355,16.65,133,9323,196
877356,15.35,133,9237,196
877357,12.45,133,8949,196
877358,15.95,133,9153,196
877359,17.1,133,9170,196
877360,16.6,133,8970,196
877361,16.85,133,9138,196
877362,17.4,133,9082,196
877363,17.7,133,8999,196
877364,14.85,133,8978,196
877365,15.25,133,9025,196
877366,17.35,133,9128,196
877367,12.45,133,9069,196
877368,13.25,133,9117,196
877369,12.35,133,8966,196
877370,18.2,133,9032,196
877371,16.6,133,9222,196
877372,15.85,133,9011,196
877373,18.95,133,9243,196
877374,13.9,133,9225,196
877375,11.9,133,9106,196
877376,19.6,133,9215,196
877377,17.55,133,9134,196
877378,17.8,133,9096,196
877379,17.85,133,9296,196
877380,15.85,133,9295,196
877381,18.75,133,9227,196
877382,14.5,133,9280,196
877383,15.9,133,9240,196
877384,17.65,133,8960,196
877385,16.25,133,9185,196
877386,17.85,133,9037,196
877387,15.9,133,9120,196
877388,15.85,133,9050,196
877389,16.25,133,8946,196
877390,14.95,133,9312,196
877391,18,133,9179,196
877392,15.2,133,9195,196
877393,16.35,133,9077,196
877394,16.6,133,9160,196
877395,17.6,133,9334,196
877396,17.4,133,9092,196
877397,16.1,133,9319,196
877398,14.5,133,8983,196
877399,13.25,133,9194,196
877400,10.2,133,9140,196
877401,16.25,133,8992,196
877402,16.6,133,9253,196
877403,13,133,9273,196
877404,15.6,133,9061,196
877405,16.25,133,9340,196
877406,13.35,133,9078,196
877407,17.65,133,8972,196
877408,15,133,9299,196
877409,13,133,9281,196
877410,17.35,133,9002,196
877411,15.1,133,9189,196
877412,13.9,133,9290,196
877413,14.6,133,9315,196
877414,17.2,133,8950,196
877415,16.7,133,9129,196
877416,14.85,133,9008,196
877417,15.1,133,9095,196
877418,14.5,133,9307,196
877419,17.9,133,9338,196
877420,11.95,133,9267,196
877421,12.85,133,9073,196
877422,17.7,133,9041,196
877423,10.45,133,9097,196
877424,16.35,133,8976,196
877425,14.1,133,9143,196
877426,16.5,133,8961,196
877427,17.7,133,9331,196
877428,16.4,133,9026,196
877429,16.45,133,9322,196
877430,15.6,133,9039,196
877431,17,133,9279,196
877432,16.35,133,9197,196
877433,14.45,133,9145,196
877434,15.6,133,9010,196
877435,18.6,133,8945,196
877436,15.8,133,9329,196
877437,14.15,133,8975,196
877438,17.6,133,9135,196
877439,14.85,133,9204,196
877440,16.6,133,9172,196
877441,14.95,133,9292,196
877442,14.6,133,9063,196
877443,14.8,133,9150,196
877444,12.85,133,9300,196
877445,19.25,133,9121,196
877446,15.35,133,9212,196
877447,18.25,133,8971,196
877448,13.65,133,9081,196
877449,17.85,133,9219,196
877450,19.35,133,8962,196
877451,15.85,133,9328,196
877452,14.65,133,9257,196
877453,16.55,133,9191,196
877454,17.75,133,9228,196
877455,16,133,8948,196
877456,16.6,133,8990,196
877457,16.25,133,9006,196
877458,14.65,133,9207,196
877459,13.6,133,9168,196
877460,15.4,133,9235,196
877461,16.95,133,8959,196
877462,14.85,133,9047,196
877463,17.55,133,9291,196
877464,16.8,133,9099,196
877465,15.75,133,9112,196
877466,15.85,133,9178,196
877467,12.9,133,9062,196
877468,17.45,133,9256,196
877469,15.2,133,9033,196
877470,13.25,133,9067,196
877471,16.35,133,9303,196
877472,16.85,133,9090,196
877473,15.9,133,9017,196
877474,11.85,133,9104,196
877475,12.35,133,9103,196
877476,15.45,133,9083,196
877477,15.1,133,9245,196
877478,16.65,133,9274,196
877479,16.05,133,9024,196
877480,17.6,133,9321,196
877481,16.75,133,9266,196
877482,16.95,133,9040,196
877483,18.1,133,9127,196
877484,19.6,133,9175,196
877485,13.25,133,9167,196
877486,11.15,133,9049,196
877487,13.2,133,8955,196
877488,12.2,133,9226,196
877489,18.35,133,9230,196
877490,16.95,133,8941,196
877491,19.3,133,9022,196
877492,18,133,9203,196
877493,15.95,133,9055,196
877494,17.8,133,9217,196
877495,16.25,133,9196,196
877496,15.6,133,9126,196
877497,16.6,133,9007,196
877498,13.6,133,9188,196
877499,18.65,133,9072,196
877500,15.5,133,9233,196
877501,15.65,133,9091,196
877502,16,133,8986,196
877503,16.25,133,8957,196
877504,19,133,9169,196
877505,12.65,133,9139,196
877506,18.85,133,9258,196
877507,15.1,134,8967,196
877508,16.25,134,9305,196
877509,17.85,134,9277,196
877510,9.9,134,8995,196
877511,16.55,134,9056,196
877512,16.55,134,8994,196
877513,17.5,134,9255,196
877514,15.25,134,8982,196
877515,17.3,134,9294,196
877516,15.05,134,8998,196
877517,15.25,134,9080,196
877518,16.45,134,9028,196
877519,17.55,134,9177,196
877520,16.95,134,9332,196
877521,15.6,134,9187,196
877522,18.35,134,9034,196
877523,13.2,134,9031,196
877524,13,134,9282,196
877525,14.2,134,8979,196
877526,15,134,8977,196
877527,15.7,134,9252,196
877528,15.35,134,9125,196
877529,17.4,134,9246,196
877530,13.6,134,9075,196
877531,15.55,134,9223,196
877532,12.25,134,9122,196
877533,15.2,134,9064,196
877534,16.6,134,9314,196
877535,15,134,9275,196
877536,13.95,134,9004,196
877537,10.35,134,9293,196
877538,16.3,134,9206,196
877539,17.05,134,9079,196
877540,16.25,134,9333,196
877541,15.6,134,9309,196
877542,15.35,134,9156,196
877543,14.35,134,9201,196
877544,17.9,134,9173,196
877545,15.65,134,9086,196
877546,12.2,134,9038,196
877547,16.65,134,8965,196
877548,13.25,134,9238,196
877549,18.6,134,9313,196
877550,15.9,134,9199,196
877551,15.6,134,8956,196
877552,15.75,134,9054,196
877553,17.25,134,9098,196
877554,16.25,134,9306,196
877555,14.75,134,9310,196
877556,17.25,134,9020,196
877557,18.75,134,9171,196
877558,18,134,9164,196
877559,17.55,134,9317,196
877560,11.95,134,9181,196
877561,15.25,134,9158,196
877562,13.25,134,8991,196
877563,17.65,134,9159,196
877564,15.65,134,8964,196
877565,14.6,134,9162,196
877566,13.35,134,9302,196
877567,16.6,134,9060,196
877568,12.9,134,9165,196
877569,14.15,134,9089,196
877570,13.1,134,9071,196
877571,14.75,134,9316,196
877572,15.95,134,9325,196
877573,15.25,134,9110,196
877574,14.7,134,9042,196
877575,15.75,134,8947,196
877576,17.6,134,9311,196
877577,14.85,134,8981,196
877578,16,134,9229,196
877579,14.6,134,9208,196
877580,13,134,9027,196
877581,16.1,134,9288,196
877582,14.3,134,9109,196
877583,9.45,134,9030,196
877584,11.65,134,9234,196
877585,14.85,134,9084,196
877586,16.35,134,9070,196
877587,18.75,134,9132,196
877588,17,134,9209,196
877589,16.2,134,9330,196
877590,15,134,9202,196
877591,17.4,134,9012,196
877592,16.65,134,9023,196
877593,12.2,134,9013,196
877594,16.95,134,9053,196
877595,16.45,134,9130,196
877596,13.2,134,9216,196
877597,17.95,134,9287,196
877598,17.1,134,8987,196
877599,14,134,9111,196
877600,12.85,134,9147,196
877601,16.85,134,9336,196
877602,15.9,134,9131,196
877603,15.1,134,9163,196
877604,16.85,134,9200,196
877605,16.35,134,9118,196
877606,15.65,134,9284,196
877607,16.1,134,9214,196
877608,13.45,134,9268,196
877609,17.6,134,9326,196
877610,16.5,134,8944,196
877611,16.45,134,8988,196
877612,18.25,134,9003,196
877613,15.2,134,9044,196
877614,16.9,134,9254,196
877615,17.7,134,9289,196
877616,14.85,134,9272,196
877617,15.55,134,9174,196
877618,18.2,134,9262,196
877619,16.75,134,9261,196
877620,15.95,134,8963,196
877621,17.4,134,9151,196
877622,16.35,134,9085,196
877623,14.9,134,9186,196
877624,15.95,134,9239,196
877625,15.95,134,9137,196
877626,17.85,134,9285,196
877627,14.2,134,9155,196
877628,19.05,134,9051,196
877629,16.85,134,9192,196
877630,16.35,134,9057,196
877631,16.6,134,9324,196
877632,17.6,134,9335,196
877633,14.9,134,9136,196
877634,14.35,134,8974,196
877635,11.7,134,9337,196
877636,15.95,134,9093,196
877637,15.95,134,8989,196
877638,10.85,134,8985,196
877639,13.85,134,9247,196
877640,13,134,9271,196
877641,15.7,134,9193,196
877642,13.1,134,9231,196
877643,13.85,134,9264,196
877644,13.95,134,9318,196
877645,14.6,134,9087,196
877646,12.45,134,8969,196
877647,15.55,134,8942,196
877648,18.85,134,9260,196
877649,15.6,134,9149,196
877650,17,134,9327,196
877651,14.55,134,8993,196
877652,18.5,134,9320,196
877653,14.25,134,9014,196
877654,17,134,9304,196
877655,17.3,134,9001,196
877656,15.1,134,9241,196
877657,16.45,134,9018,196
877658,11.8,134,9059,196
877659,12,134,9035,196
877660,16.55,134,9036,196
877661,13.6,134,9142,196
877662,17.1,134,9166,196
877663,11,134,9102,196
877664,16.75,134,9276,196
877665,16.45,134,9298,196
877666,17.2,134,9263,196
877667,12.9,134,9076,196
877668,17.35,134,9198,196
877669,9.65,134,9116,196
877670,14,134,8984,196
877671,17.95,134,9211,196
877672,17.55,134,8980,196
877673,14.6,134,9182,196
877674,16.95,134,9154,196
877675,15,134,9052,196
877676,15,134,9100,196
877677,16.85,134,8952,196
877678,15.05,134,9270,196
877679,16.25,134,9088,196
877680,14.8,134,9176,196
877681,15.95,134,8996,196
877682,17,134,9242,196
877683,15.6,134,9115,196
877684,13.6,134,9236,196
877685,10.5,134,9123,196
877686,15.15,134,9114,196
877687,15.35,134,9269,196
877688,13.65,134,9000,196
877689,16.5,134,9144,196
877690,15.9,134,8953,196
877691,16.25,134,9286,196
877692,18.3,134,9213,196
877693,17.45,134,9248,196
877694,15.85,134,9009,196
877695,15,134,9048,196
877696,17.8,134,9210,196
877697,17.3,134,9005,196
877698,16.6,134,9297,196
877699,12.5,134,9152,196
877700,14.6,134,9016,196
877701,17,134,9094,196
877702,17.3,134,9074,196
877703,14.2,134,9250,196
877704,14.5,134,9119,196
877705,14.35,134,9019,196
877706,15.9,134,9249,196
877707,11.95,134,9283,196
877708,14.05,134,9221,196
877709,13.5,134,9278,196
877710,18.05,134,9183,196
877711,10.25,134,8954,196
877712,15.1,134,9107,196
877713,14.85,134,8968,196
877714,18,134,9133,196
877715,16.6,134,9218,196
877716,15.6,134,9113,196
877717,16.35,134,9058,196
877718,16.65,134,9148,196
877719,18.65,134,9232,196
877720,16.6,134,9323,196
877721,14.6,134,9237,196
877722,11.2,134,8949,196
877723,15.85,134,9153,196
877724,16.1,134,9170,196
877725,16.6,134,8970,196
877726,15.35,134,9138,196
877727,17,134,9082,196
877728,17.6,134,8999,196
877729,14.75,134,8978,196
877730,16.25,134,9025,196
877731,17.15,134,9128,196
877732,13.6,134,9069,196
877733,12.5,134,9117,196
877734,11.25,134,8966,196
877735,16.45,134,9032,196
877736,15.6,134,9222,196
877737,15.25,134,9011,196
877738,17.95,134,9243,196
877739,14.3,134,9225,196
877740,10.6,134,9106,196
877741,18.5,134,9215,196
877742,16.6,134,9134,196
877743,16.8,134,9096,196
877744,17,134,9296,196
877745,15.35,134,9295,196
877746,17.1,134,9227,196
877747,15.4,134,9280,196
877748,14.85,134,9240,196
877749,16.2,134,8960,196
877750,16.65,134,9185,196
877751,18.25,134,9037,196
877752,15,134,9120,196
877753,16.75,134,9050,196
877754,16.35,134,8946,196
877755,14.8,134,9312,196
877756,18.35,134,9179,196
877757,15,134,9195,196
877758,15.55,134,9077,196
877759,17.2,134,9160,196
877760,18.6,134,9334,196
877761,16.75,134,9092,196
877762,14.2,134,9319,196
877763,14.85,134,8983,196
877764,14.35,134,9194,196
877765,10.35,134,9140,196
877766,15.6,134,8992,196
877767,17.5,134,9253,196
877768,12.15,134,9273,196
877769,15.1,134,9061,196
877770,15.5,134,9340,196
877771,13,134,9078,196
877772,16.7,134,8972,196
877773,14.6,134,9299,196
877774,12.25,134,9281,196
877775,17,134,9002,196
877776,14.45,134,9189,196
877777,12.45,134,9290,196
877778,13.45,134,9315,196
877779,16.65,134,8950,196
877780,15.85,134,9129,196
877781,14.25,134,9008,196
877782,15.2,134,9095,196
877783,14.9,134,9307,196
877784,17.8,134,9338,196
877785,11.6,134,9267,196
877786,13.6,134,9073,196
877787,18.6,134,9041,196
877788,11.5,134,9097,196
877789,16.25,134,8976,196
877790,14,134,9143,196
877791,17.15,134,8961,196
877792,17.1,134,9331,196
877793,15.25,134,9026,196
877794,16.75,134,9322,196
877795,16.1,134,9039,196
877796,16.05,134,9279,196
877797,16.85,134,9197,196
877798,16.6,134,9145,196
877799,14.25,134,9010,196
877800,17.75,134,8945,196
877801,15.9,134,9329,196
877802,13.85,134,8975,196
877803,17.3,134,9135,196
877804,14.65,134,9204,196
877805,16.4,134,9172,196
877806,16.1,134,9292,196
877807,13.75,134,9063,196
877808,15.35,134,9150,196
877809,13.2,134,9300,196
877810,16.55,134,9121,196
877811,14.6,134,9212,196
877812,18.4,134,8971,196
877813,13.75,134,9081,196
877814,17.95,134,9219,196
877815,18.2,134,8962,196
877816,16.25,134,9328,196
877817,13.4,134,9257,196
877818,17,134,9191,196
877819,15,134,9228,196
877820,16.75,134,8948,196
877821,15.1,134,8990,196
877822,15.25,134,9006,196
877823,12.35,134,9207,196
877824,15.25,134,9168,196
877825,16.45,134,9235,196
877826,16.55,134,8959,196
877827,15.65,134,9047,196
877828,15,134,9291,196
877829,17.3,134,9099,196
877830,14,134,9112,196
877831,15.3,134,9178,196
877832,13.05,134,9062,196
877833,17.25,134,9256,196
877834,15.35,134,9033,196
877835,11.85,134,9067,196
877836,16,134,9303,196
877837,18,134,9090,196
877838,15,134,9017,196
877839,11.5,134,9104,196
877840,12.25,134,9103,196
877841,15.9,134,9083,196
877842,15.85,134,9245,196
877843,16,134,9274,196
877844,17.25,134,9024,196
877845,17.15,134,9321,196
877846,16.6,134,9266,196
877847,16.85,134,9040,196
877848,18.65,134,9127,196
877849,16.5,134,9175,196
877850,14.85,134,9167,196
877851,10.85,134,9049,196
877852,13.6,134,8955,196
877853,10.8,134,9226,196
877854,18.95,134,9230,196
877855,16.2,134,8941,196
877856,16.6,134,9022,196
877857,18.6,134,9203,196
877858,16.2,134,9055,196
877859,16.25,134,9217,196
877860,15.3,134,9196,196
877861,14.6,134,9126,196
877862,14.25,134,9007,196
877863,13.35,134,9188,196
877864,17.5,134,9072,196
877865,16.15,134,9233,196
877866,15,134,9091,196
877867,16.85,134,8986,196
877868,16.65,134,8957,196
877869,18.15,134,9169,196
877870,11.65,134,9139,196
877871,17.85,134,9258,196
877872,16.5,135,8967,196
877873,16.35,135,9305,196
877874,17.85,135,9277,196
877875,12.1,135,8995,196
877876,18.2,135,9056,196
877877,18,135,8994,196
877878,18.85,135,9255,196
877879,17,135,8982,196
877880,17.9,135,9294,196
877881,16.35,135,8998,196
877882,16.8,135,9080,196
877883,16.6,135,9028,196
877884,18.1,135,9177,196
877885,16.65,135,9332,196
877886,16.1,135,9187,196
877887,18.25,135,9034,196
877888,14,135,9031,196
877889,14.85,135,9282,196
877890,14.85,135,8979,196
877891,16.65,135,8977,196
877892,16.6,135,9252,196
877893,16.85,135,9125,196
877894,18.5,135,9246,196
877895,13.85,135,9075,196
877896,16,135,9223,196
877897,11.25,135,9122,196
877898,15.95,135,9064,196
877899,17.45,135,9314,196
877900,16.65,135,9275,196
877901,14.25,135,9004,196
877902,11.6,135,9293,196
877903,18.6,135,9206,196
877904,16.65,135,9079,196
877905,16.45,135,9333,196
877906,16.2,135,9309,196
877907,16.25,135,9156,196
877908,18,135,9201,196
877909,19,135,9173,196
877910,17.85,135,9086,196
877911,13.25,135,9038,196
877912,18.25,135,8965,196
877913,14.9,135,9238,196
877914,17.6,135,9313,196
877915,15.85,135,9199,196
877916,15.2,135,8956,196
877917,17.85,135,9054,196
877918,16.85,135,9098,196
877919,15.85,135,9306,196
877920,16.2,135,9310,196
877921,18.75,135,9020,196
877922,18.25,135,9171,196
877923,18,135,9164,196
877924,18.6,135,9317,196
877925,12.85,135,9181,196
877926,16.25,135,9158,196
877927,15,135,8991,196
877928,18.95,135,9159,196
877929,17.45,135,8964,196
877930,17.35,135,9162,196
877931,14.2,135,9302,196
877932,17.2,135,9060,196
877933,13,135,9165,196
877934,13.2,135,9089,196
877935,13.5,135,9071,196
877936,15.6,135,9316,196
877937,16.85,135,9325,196
877938,16.45,135,9110,196
877939,15.75,135,9042,196
877940,16.8,135,8947,196
877941,16.65,135,9311,196
877942,16.25,135,8981,196
877943,16.25,135,9229,196
877944,17,135,9208,196
877945,13.65,135,9027,196
877946,16.9,135,9288,196
877947,15.1,135,9109,196
877948,11.25,135,9030,196
877949,12.5,135,9234,196
877950,14.6,135,9084,196
877951,17.35,135,9070,196
877952,17.5,135,9132,196
877953,19.75,135,9209,196
877954,17.25,135,9330,196
877955,16.45,135,9202,196
877956,17.6,135,9012,196
877957,17.2,135,9023,196
877958,14.2,135,9013,196
877959,18,135,9053,196
877960,16.95,135,9130,196
877961,11.6,135,9216,196
877962,18.3,135,9287,196
877963,16.6,135,8987,196
877964,15.45,135,9111,196
877965,14,135,9147,196
877966,17,135,9336,196
877967,16.65,135,9131,196
877968,15.75,135,9163,196
877969,17.95,135,9200,196
877970,16.6,135,9118,196
877971,16.9,135,9284,196
877972,17.9,135,9214,196
877973,13.35,135,9268,196
877974,18.35,135,9326,196
877975,18.6,135,8944,196
877976,16.2,135,8988,196
877977,18.25,135,9003,196
877978,15.25,135,9044,196
877979,18.25,135,9254,196
877980,18.5,135,9289,196
877981,17.6,135,9272,196
877982,16.3,135,9174,196
877983,18.85,135,9262,196
877984,15.75,135,9261,196
877985,15.35,135,8963,196
877986,16.45,135,9151,196
877987,17.6,135,9085,196
877988,16.5,135,9186,196
877989,16.85,135,9239,196
877990,15.6,135,9137,196
877991,18.35,135,9285,196
877992,16.25,135,9155,196
877993,18.15,135,9051,196
877994,17.1,135,9192,196
877995,17,135,9057,196
877996,16.65,135,9324,196
877997,19.6,135,9335,196
877998,16.5,135,9136,196
877999,16.1,135,8974,196
878000,11.2,135,9337,196
878001,17.6,135,9093,196
878002,17.2,135,8989,196
878003,12.25,135,8985,196
878004,14.85,135,9247,196
878005,13.7,135,9271,196
878006,16.7,135,9193,196
878007,14.6,135,9231,196
878008,13.45,135,9264,196
878009,13.2,135,9318,196
878010,14.25,135,9087,196
878011,14.25,135,8969,196
878012,15.85,135,8942,196
878013,18.75,135,9260,196
878014,16,135,9149,196
878015,17.25,135,9327,196
878016,15.6,135,8993,196
878017,18.5,135,9320,196
878018,15.2,135,9014,196
878019,17.25,135,9304,196
878020,18.35,135,9001,196
878021,16.6,135,9241,196
878022,15.75,135,9018,196
878023,12.6,135,9059,196
878024,11.6,135,9035,196
878025,18.6,135,9036,196
878026,14.25,135,9142,196
878027,18.85,135,9166,196
878028,13.2,135,9102,196
878029,18.6,135,9276,196
878030,16.85,135,9298,196
878031,15.6,135,9263,196
878032,14.65,135,9076,196
878033,18.1,135,9198,196
878034,11.6,135,9116,196
878035,15.2,135,8984,196
878036,19.35,135,9211,196
878037,18.4,135,8980,196
878038,15.8,135,9182,196
878039,17.75,135,9154,196
878040,15,135,9052,196
878041,15.5,135,9100,196
878042,17.2,135,8952,196
878043,16.5,135,9270,196
878044,17.35,135,9088,196
878045,16.5,135,9176,196
878046,16.1,135,8996,196
878047,18.1,135,9242,196
878048,17.45,135,9115,196
878049,14,135,9236,196
878050,12.35,135,9123,196
878051,16.35,135,9114,196
878052,16,135,9269,196
878053,14.6,135,9000,196
878054,16.6,135,9144,196
878055,16.85,135,8953,196
878056,16.95,135,9286,196
878057,17.6,135,9213,196
878058,17.2,135,9248,196
878059,15.6,135,9009,196
878060,17.25,135,9048,196
878061,19,135,9210,196
878062,16.25,135,9005,196
878063,16.9,135,9297,196
878064,14.6,135,9152,196
878065,16,135,9016,196
878066,17,135,9094,196
878067,17.2,135,9074,196
878068,15.6,135,9250,196
878069,16.7,135,9119,196
878070,15,135,9019,196
878071,16.85,135,9249,196
878072,12.85,135,9283,196
878073,16,135,9221,196
878074,14.85,135,9278,196
878075,18.2,135,9183,196
878076,10.5,135,8954,196
878077,15.85,135,9107,196
878078,15.6,135,8968,196
878079,18.85,135,9133,196
878080,18.6,135,9218,196
878081,16.2,135,9113,196
878082,17.5,135,9058,196
878083,17.9,135,9148,196
878084,17.95,135,9232,196
878085,15.75,135,9323,196
878086,15.2,135,9237,196
878087,11.2,135,8949,196
878088,15.85,135,9153,196
878089,17.1,135,9170,196
878090,16.2,135,8970,196
878091,17.9,135,9138,196
878092,17.85,135,9082,196
878093,18.6,135,8999,196
878094,14.85,135,8978,196
878095,17.05,135,9025,196
878096,19,135,9128,196
878097,14,135,9069,196
878098,12.5,135,9117,196
878099,13.6,135,8966,196
878100,17.85,135,9032,196
878101,16.6,135,9222,196
878102,15.85,135,9011,196
878103,18.85,135,9243,196
878104,14.1,135,9225,196
878105,12.25,135,9106,196
878106,19,135,9215,196
878107,19.35,135,9134,196
878108,17.2,135,9096,196
878109,17.95,135,9296,196
878110,15.25,135,9295,196
878111,18.45,135,9227,196
878112,15.85,135,9280,196
878113,16,135,9240,196
878114,16.85,135,8960,196
878115,17.2,135,9185,196
878116,19.6,135,9037,196
878117,15.6,135,9120,196
878118,14.6,135,9050,196
878119,15.45,135,8946,196
878120,14.85,135,9312,196
878121,17.85,135,9179,196
878122,16.65,135,9195,196
878123,15.95,135,9077,196
878124,17.85,135,9160,196
878125,18.25,135,9334,196
878126,16.6,135,9092,196
878127,15.5,135,9319,196
878128,16.3,135,8983,196
878129,13.65,135,9194,196
878130,11.85,135,9140,196
878131,16.35,135,8992,196
878132,18.65,135,9253,196
878133,13.35,135,9273,196
878134,15.65,135,9061,196
878135,16.2,135,9340,196
878136,13.9,135,9078,196
878137,17.7,135,8972,196
878138,16.25,135,9299,196
878139,11.9,135,9281,196
878140,18.55,135,9002,196
878141,13.5,135,9189,196
878142,14.85,135,9290,196
878143,14.85,135,9315,196
878144,17.2,135,8950,196
878145,18.2,135,9129,196
878146,15.5,135,9008,196
878147,15.85,135,9095,196
878148,13.6,135,9307,196
878149,18.5,135,9338,196
878150,11.85,135,9267,196
878151,15.05,135,9073,196
878152,19.2,135,9041,196
878153,11.25,135,9097,196
878154,15.55,135,8976,196
878155,14.45,135,9143,196
878156,16.5,135,8961,196
878157,18.6,135,9331,196
878158,15.6,135,9026,196
878159,17.85,135,9322,196
878160,16.5,135,9039,196
878161,15.6,135,9279,196
878162,16.85,135,9197,196
878163,16.25,135,9145,196
878164,15.5,135,9010,196
878165,17.8,135,8945,196
878166,15.85,135,9329,196
878167,15.6,135,8975,196
878168,16.6,135,9135,196
878169,16.75,135,9204,196
878170,17.6,135,9172,196
878171,16.35,135,9292,196
878172,15.85,135,9063,196
878173,15.25,135,9150,196
878174,13.6,135,9300,196
878175,18.85,135,9121,196
878176,16,135,9212,196
878177,17.7,135,8971,196
878178,13.25,135,9081,196
878179,18,135,9219,196
878180,18,135,8962,196
878181,17.6,135,9328,196
878182,15.4,135,9257,196
878183,17,135,9191,196
878184,17.2,135,9228,196
878185,17.25,135,8948,196
878186,16.6,135,8990,196
878187,16.45,135,9006,196
878188,14.15,135,9207,196
878189,14.1,135,9168,196
878190,16.7,135,9235,196
878191,17,135,8959,196
878192,16.25,135,9047,196
878193,15.85,135,9291,196
878194,17.5,135,9099,196
878195,14.85,135,9112,196
878196,14.6,135,9178,196
878197,12.6,135,9062,196
878198,17.65,135,9256,196
878199,16.6,135,9033,196
878200,13,135,9067,196
878201,15.45,135,9303,196
878202,18.55,135,9090,196
878203,16.2,135,9017,196
878204,11.2,135,9104,196
878205,12.7,135,9103,196
878206,16,135,9083,196
878207,15.85,135,9245,196
878208,16.55,135,9274,196
878209,17.4,135,9024,196
878210,17.45,135,9321,196
878211,17.25,135,9266,196
878212,18.25,135,9040,196
878213,19.25,135,9127,196
878214,18.6,135,9175,196
878215,14.1,135,9167,196
878216,12,135,9049,196
878217,14.6,135,8955,196
878218,11.6,135,9226,196
878219,19.3,135,9230,196
878220,17.85,135,8941,196
878221,17.95,135,9022,196
878222,18.95,135,9203,196
878223,17.25,135,9055,196
878224,16.9,135,9217,196
878225,16.85,135,9196,196
878226,16,135,9126,196
878227,16.5,135,9007,196
878228,15.35,135,9188,196
878229,18.25,135,9072,196
878230,16.45,135,9233,196
878231,16,135,9091,196
878232,17.85,135,8986,196
878233,16.45,135,8957,196
878234,18.2,135,9169,196
878235,13.6,135,9139,196
878236,18.4,135,9258,196
878237,13.65,136,8967,196
878238,15.8,136,9305,196
878239,16.2,136,9277,196
878240,9.6,136,8995,196
878241,16.35,136,9056,196
878242,14.7,136,8994,196
878243,18.2,136,9255,196
878244,15.35,136,8982,196
878245,17.7,136,9294,196
878246,14.45,136,8998,196
878247,15.85,136,9080,196
878248,16.65,136,9028,196
878249,16.35,136,9177,196
878250,17,136,9332,196
878251,17,136,9187,196
878252,18.1,136,9034,196
878253,12.45,136,9031,196
878254,13,136,9282,196
878255,13.9,136,8979,196
878256,14.1,136,8977,196
878257,15.05,136,9252,196
878258,15.55,136,9125,196
878259,16.6,136,9246,196
878260,12.35,136,9075,196
878261,14.25,136,9223,196
878262,11.25,136,9122,196
878263,15.7,136,9064,196
878264,15.9,136,9314,196
878265,15.7,136,9275,196
878266,13.25,136,9004,196
878267,10.2,136,9293,196
878268,16.35,136,9206,196
878269,16.15,136,9079,196
878270,15.85,136,9333,196
878271,15.25,136,9309,196
878272,15.1,136,9156,196
878273,14.85,136,9201,196
878274,15.9,136,9173,196
878275,15.6,136,9086,196
878276,13,136,9038,196
878277,17.2,136,8965,196
878278,12.6,136,9238,196
878279,17.2,136,9313,196
878280,14.6,136,9199,196
878281,15.7,136,8956,196
878282,15.85,136,9054,196
878283,16.85,136,9098,196
878284,16,136,9306,196
878285,15.4,136,9310,196
878286,16.85,136,9020,196
878287,18.95,136,9171,196
878288,16.65,136,9164,196
878289,17,136,9317,196
878290,12.25,136,9181,196
878291,14.8,136,9158,196
878292,13.95,136,8991,196
878293,18,136,9159,196
878294,16.45,136,8964,196
878295,16.35,136,9162,196
878296,14,136,9302,196
878297,15.2,136,9060,196
878298,12.35,136,9165,196
878299,15.35,136,9089,196
878300,12.85,136,9071,196
878301,14.2,136,9316,196
878302,17.6,136,9325,196
878303,16.2,136,9110,196
878304,14.8,136,9042,196
878305,15.35,136,8947,196
878306,17.6,136,9311,196
878307,16.1,136,8981,196
878308,17,136,9229,196
878309,14.95,136,9208,196
878310,11.65,136,9027,196
878311,15.75,136,9288,196
878312,14.1,136,9109,196
878313,10.2,136,9030,196
878314,11,136,9234,196
878315,12.85,136,9084,196
878316,15.6,136,9070,196
878317,17.9,136,9132,196
878318,17.6,136,9209,196
878319,16.85,136,9330,196
878320,15.25,136,9202,196
878321,16.45,136,9012,196
878322,16.2,136,9023,196
878323,14.55,136,9013,196
878324,16.5,136,9053,196
878325,16.7,136,9130,196
878326,11.05,136,9216,196
878327,17.1,136,9287,196
878328,16.2,136,8987,196
878329,14.1,136,9111,196
878330,12,136,9147,196
878331,16.25,136,9336,196
878332,16.1,136,9131,196
878333,16.25,136,9163,196
878334,16.1,136,9200,196
878335,17.05,136,9118,196
878336,15.05,136,9284,196
878337,15.6,136,9214,196
878338,13.35,136,9268,196
878339,17,136,9326,196
878340,17.9,136,8944,196
878341,17,136,8988,196
878342,17.25,136,9003,196
878343,12.85,136,9044,196
878344,16.9,136,9254,196
878345,16.85,136,9289,196
878346,15.95,136,9272,196
878347,14.2,136,9174,196
878348,17.35,136,9262,196
878349,14.9,136,9261,196
878350,14.85,136,8963,196
878351,16.3,136,9151,196
878352,15.25,136,9085,196
878353,15.95,136,9186,196
878354,16,136,9239,196
878355,15,136,9137,196
878356,17.5,136,9285,196
878357,14.6,136,9155,196
878358,19,136,9051,196
878359,17.55,136,9192,196
878360,15.25,136,9057,196
878361,16.05,136,9324,196
878362,17.45,136,9335,196
878363,14.35,136,9136,196
878364,14.55,136,8974,196
878365,10.5,136,9337,196
878366,17.35,136,9093,196
878367,14.85,136,8989,196
878368,12,136,8985,196
878369,14.35,136,9247,196
878370,13.25,136,9271,196
878371,16.6,136,9193,196
878372,13.35,136,9231,196
878373,12.85,136,9264,196
878374,15.25,136,9318,196
878375,14.8,136,9087,196
878376,12.35,136,8969,196
878377,15.7,136,8942,196
878378,17.7,136,9260,196
878379,16.1,136,9149,196
878380,16,136,9327,196
878381,14,136,8993,196
878382,16.9,136,9320,196
878383,14.4,136,9014,196
878384,17.25,136,9304,196
878385,16.65,136,9001,196
878386,15.2,136,9241,196
878387,14.05,136,9018,196
878388,10.95,136,9059,196
878389,11.35,136,9035,196
878390,16.35,136,9036,196
878391,14.6,136,9142,196
878392,17.6,136,9166,196
878393,11.35,136,9102,196
878394,16.35,136,9276,196
878395,17.7,136,9298,196
878396,15.25,136,9263,196
878397,12.5,136,9076,196
878398,16.25,136,9198,196
878399,9.5,136,9116,196
878400,16,136,8984,196
878401,18.15,136,9211,196
878402,16.2,136,8980,196
878403,16.1,136,9182,196
878404,16.6,136,9154,196
878405,15.1,136,9052,196
878406,15.6,136,9100,196
878407,16.25,136,8952,196
878408,14.25,136,9270,196
878409,16.6,136,9088,196
878410,15.55,136,9176,196
878411,16.6,136,8996,196
878412,15.2,136,9242,196
878413,15.35,136,9115,196
878414,13.6,136,9236,196
878415,11.6,136,9123,196
878416,14.6,136,9114,196
878417,15.45,136,9269,196
878418,14.35,136,9000,196
878419,13.75,136,9144,196
878420,16.1,136,8953,196
878421,15.4,136,9286,196
878422,17.6,136,9213,196
878423,16.95,136,9248,196
878424,15.7,136,9009,196
878425,15.6,136,9048,196
878426,17.15,136,9210,196
878427,15.35,136,9005,196
878428,15.4,136,9297,196
878429,12.25,136,9152,196
878430,15,136,9016,196
878431,16.85,136,9094,196
878432,17.6,136,9074,196
878433,14.9,136,9250,196
878434,15.2,136,9119,196
878435,14.55,136,9019,196
878436,16.75,136,9249,196
878437,11.25,136,9283,196
878438,14.65,136,9221,196
878439,14.15,136,9278,196
878440,17.5,136,9183,196
878441,9.5,136,8954,196
878442,15.85,136,9107,196
878443,14.45,136,8968,196
878444,16.65,136,9133,196
878445,17.9,136,9218,196
878446,15.7,136,9113,196
878447,16.6,136,9058,196
878448,17.25,136,9148,196
878449,18.1,136,9232,196
878450,15,136,9323,196
878451,13.45,136,9237,196
878452,11.2,136,8949,196
878453,15.35,136,9153,196
878454,14.6,136,9170,196
878455,17.2,136,8970,196
878456,15.1,136,9138,196
878457,17.75,136,9082,196
878458,16.1,136,8999,196
878459,12.9,136,8978,196
878460,15.95,136,9025,196
878461,17.85,136,9128,196
878462,14.8,136,9069,196
878463,12.1,136,9117,196
878464,12,136,8966,196
878465,17.5,136,9032,196
878466,16.4,136,9222,196
878467,14.45,136,9011,196
878468,17.55,136,9243,196
878469,12.7,136,9225,196
878470,9.95,136,9106,196
878471,17.45,136,9215,196
878472,18.5,136,9134,196
878473,16.75,136,9096,196
878474,16.9,136,9296,196
878475,15.6,136,9295,196
878476,16.5,136,9227,196
878477,14.8,136,9280,196
878478,16.1,136,9240,196
878479,16.6,136,8960,196
878480,17.25,136,9185,196
878481,17.95,136,9037,196
878482,15.9,136,9120,196
878483,14.25,136,9050,196
878484,16.05,136,8946,196
878485,14.1,136,9312,196
878486,18.45,136,9179,196
878487,13.85,136,9195,196
878488,15.85,136,9077,196
878489,16.35,136,9160,196
878490,18,136,9334,196
878491,16.45,136,9092,196
878492,14.6,136,9319,196
878493,15.5,136,8983,196
878494,12.95,136,9194,196
878495,10.95,136,9140,196
878496,15.6,136,8992,196
878497,16.95,136,9253,196
878498,12.1,136,9273,196
878499,13.6,136,9061,196
878500,14.6,136,9340,196
878501,11.85,136,9078,196
878502,16.45,136,8972,196
878503,15.85,136,9299,196
878504,11.1,136,9281,196
878505,17.35,136,9002,196
878506,14.6,136,9189,196
878507,12.3,136,9290,196
878508,12.1,136,9315,196
878509,16.65,136,8950,196
878510,17,136,9129,196
878511,14,136,9008,196
878512,15.2,136,9095,196
878513,13,136,9307,196
878514,17.1,136,9338,196
878515,11.15,136,9267,196
878516,12.9,136,9073,196
878517,16.6,136,9041,196
878518,10.25,136,9097,196
878519,15.85,136,8976,196
878520,14.1,136,9143,196
878521,16.55,136,8961,196
878522,16.6,136,9331,196
878523,16,136,9026,196
878524,17,136,9322,196
878525,14.85,136,9039,196
878526,14.25,136,9279,196
878527,15.85,136,9197,196
878528,14.85,136,9145,196
878529,16.35,136,9010,196
878530,18,136,8945,196
878531,14.5,136,9329,196
878532,13.6,136,8975,196
878533,15.65,136,9135,196
878534,15.1,136,9204,196
878535,16.35,136,9172,196
878536,15.25,136,9292,196
878537,12.05,136,9063,196
878538,13.2,136,9150,196
878539,12.25,136,9300,196
878540,17.1,136,9121,196
878541,15.6,136,9212,196
878542,17.85,136,8971,196
878543,12.8,136,9081,196
878544,18.1,136,9219,196
878545,17.85,136,8962,196
878546,15.2,136,9328,196
878547,13.85,136,9257,196
878548,15.85,136,9191,196
878549,16.15,136,9228,196
878550,14.4,136,8948,196
878551,15.1,136,8990,196
878552,14.85,136,9006,196
878553,13.45,136,9207,196
878554,13.1,136,9168,196
878555,14.75,136,9235,196
878556,15,136,8959,196
878557,16,136,9047,196
878558,15.95,136,9291,196
878559,14.2,136,9099,196
878560,13.85,136,9112,196
878561,15.35,136,9178,196
878562,11.8,136,9062,196
878563,17.6,136,9256,196
878564,15.2,136,9033,196
878565,11.65,136,9067,196
878566,14.25,136,9303,196
878567,16,136,9090,196
878568,15.2,136,9017,196
878569,11.15,136,9104,196
878570,11.35,136,9103,196
878571,16.35,136,9083,196
878572,15.95,136,9245,196
878573,16.5,136,9274,196
878574,15.75,136,9024,196
878575,18,136,9321,196
878576,17.35,136,9266,196
878577,17.8,136,9040,196
878578,16.5,136,9127,196
878579,17.35,136,9175,196
878580,13.5,136,9167,196
878581,11.5,136,9049,196
878582,13.55,136,8955,196
878583,12,136,9226,196
878584,17.9,136,9230,196
878585,16.85,136,8941,196
878586,16.85,136,9022,196
878587,18.6,136,9203,196
878588,15.85,136,9055,196
878589,16.35,136,9217,196
878590,15.95,136,9196,196
878591,14.6,136,9126,196
878592,16.6,136,9007,196
878593,14.95,136,9188,196
878594,17.25,136,9072,196
878595,17.85,136,9233,196
878596,15.4,136,9091,196
878597,16.45,136,8986,196
878598,14.75,136,8957,196
878599,17.35,136,9169,196
878600,12,136,9139,196
878601,18.35,136,9258,196
878602,16.6,137,8967,196
878603,17.6,137,9305,196
878604,19.6,137,9277,196
878605,13.2,137,8995,196
878606,19.25,137,9056,196
878607,19.25,137,8994,196
878608,20,137,9255,196
878609,17.85,137,8982,196
878610,20,137,9294,196
878611,17,137,8998,196
878612,17.6,137,9080,196
878613,18.85,137,9028,196
878614,19.6,137,9177,196
878615,18.85,137,9332,196
878616,18.45,137,9187,196
878617,20,137,9034,196
878618,15.25,137,9031,196
878619,14.95,137,9282,196
878620,17.6,137,8979,196
878621,18.25,137,8977,196
878622,18.6,137,9252,196
878623,18.25,137,9125,196
878624,19.25,137,9246,196
878625,15.25,137,9075,196
878626,18.25,137,9223,196
878627,13.25,137,9122,196
878628,18.4,137,9064,196
878629,19.2,137,9314,196
878630,18.6,137,9275,196
878631,14.25,137,9004,196
878632,13.5,137,9293,196
878633,19,137,9206,196
878634,19.25,137,9079,196
878635,17.95,137,9333,196
878636,18.1,137,9309,196
878637,17.25,137,9156,196
878638,17.6,137,9201,196
878639,19.6,137,9173,196
878640,18.6,137,9086,196
878641,13.6,137,9038,196
878642,18.25,137,8965,196
878643,15,137,9238,196
878644,20,137,9313,196
878645,18.45,137,9199,196
878646,17.2,137,8956,196
878647,16.85,137,9054,196
878648,19,137,9098,196
878649,18.85,137,9306,196
878650,17.5,137,9310,196
878651,19.25,137,9020,196
878652,19.6,137,9171,196
878653,19.6,137,9164,196
878654,20,137,9317,196
878655,14.6,137,9181,196
878656,18,137,9158,196
878657,16.25,137,8991,196
878658,19.25,137,9159,196
878659,19.6,137,8964,196
878660,18.6,137,9162,196
878661,15.85,137,9302,196
878662,17.6,137,9060,196
878663,14.6,137,9165,196
878664,16.25,137,9089,196
878665,16,137,9071,196
878666,16.85,137,9316,196
878667,19.25,137,9325,196
878668,19.25,137,9110,196
878669,17.25,137,9042,196
878670,17.2,137,8947,196
878671,19.2,137,9311,196
878672,17.1,137,8981,196
878673,18.95,137,9229,196
878674,17.25,137,9208,196
878675,14.6,137,9027,196
878676,18.25,137,9288,196
878677,15.5,137,9109,196
878678,14,137,9030,196
878679,14.6,137,9234,196
878680,15.85,137,9084,196
878681,18.85,137,9070,196
878682,20,137,9132,196
878683,20,137,9209,196
878684,19.25,137,9330,196
878685,16.6,137,9202,196
878686,17.85,137,9012,196
878687,18.45,137,9023,196
878688,16,137,9013,196
878689,19.25,137,9053,196
878690,19.6,137,9130,196
878691,13.85,137,9216,196
878692,19.6,137,9287,196
878693,18.6,137,8987,196
878694,17.6,137,9111,196
878695,15.2,137,9147,196
878696,18.85,137,9336,196
878697,18.25,137,9131,196
878698,18,137,9163,196
878699,18.85,137,9200,196
878700,18,137,9118,196
878701,18.6,137,9284,196
878702,18,137,9214,196
878703,16.85,137,9268,196
878704,19.6,137,9326,196
878705,19.6,137,8944,196
878706,18.85,137,8988,196
878707,19.65,137,9003,196
878708,15.85,137,9044,196
878709,18.6,137,9254,196
878710,20,137,9289,196
878711,18.85,137,9272,196
878712,16.85,137,9174,196
878713,19.25,137,9262,196
878714,18.6,137,9261,196
878715,17.5,137,8963,196
878716,18.85,137,9151,196
878717,17.6,137,9085,196
878718,17.6,137,9186,196
878719,18.4,137,9239,196
878720,17.85,137,9137,196
878721,19.6,137,9285,196
878722,18.25,137,9155,196
878723,20,137,9051,196
878724,19.6,137,9192,196
878725,17.2,137,9057,196
878726,19.25,137,9324,196
878727,20,137,9335,196
878728,17.6,137,9136,196
878729,18.25,137,8974,196
878730,12.6,137,9337,196
878731,20,137,9093,196
878732,18,137,8989,196
878733,14.25,137,8985,196
878734,17.5,137,9247,196
878735,14.5,137,9271,196
878736,18,137,9193,196
878737,16.25,137,9231,196
878738,16.1,137,9264,196
878739,16.25,137,9318,196
878740,17.2,137,9087,196
878741,14.85,137,8969,196
878742,17.6,137,8942,196
878743,20,137,9260,196
878744,18.2,137,9149,196
878745,18.6,137,9327,196
878746,15.25,137,8993,196
878747,20,137,9320,196
878748,16.2,137,9014,196
878749,19.2,137,9304,196
878750,17.6,137,9001,196
878751,16.6,137,9241,196
878752,17.85,137,9018,196
878753,13.2,137,9059,196
878754,14.6,137,9035,196
878755,19.2,137,9036,196
878756,17,137,9142,196
878757,19.6,137,9166,196
878758,13.35,137,9102,196
878759,19.25,137,9276,196
878760,18.85,137,9298,196
878761,18.85,137,9263,196
878762,15,137,9076,196
878763,18.25,137,9198,196
878764,14,137,9116,196
878765,17.35,137,8984,196
878766,20,137,9211,196
878767,19.6,137,8980,196
878768,17.5,137,9182,196
878769,18.6,137,9154,196
878770,18.25,137,9052,196
878771,18.6,137,9100,196
878772,18.6,137,8952,196
878773,17,137,9270,196
878774,17.6,137,9088,196
878775,17.6,137,9176,196
878776,18.6,137,8996,196
878777,19.75,137,9242,196
878778,18.25,137,9115,196
878779,15.85,137,9236,196
878780,14,137,9123,196
878781,18.85,137,9114,196
878782,17.25,137,9269,196
878783,15.6,137,9000,196
878784,17.6,137,9144,196
878785,18.85,137,8953,196
878786,17.5,137,9286,196
878787,19.6,137,9213,196
878788,20,137,9248,196
878789,18.2,137,9009,196
878790,17.6,137,9048,196
878791,20,137,9210,196
878792,18,137,9005,196
878793,18.25,137,9297,196
878794,14.85,137,9152,196
878795,18.25,137,9016,196
878796,18.85,137,9094,196
878797,19.2,137,9074,196
878798,16.5,137,9250,196
878799,17.6,137,9119,196
878800,16.45,137,9019,196
878801,19.35,137,9249,196
878802,14.25,137,9283,196
878803,17.6,137,9221,196
878804,16.5,137,9278,196
878805,19.6,137,9183,196
878806,13,137,8954,196
878807,17.25,137,9107,196
878808,17,137,8968,196
878809,19.2,137,9133,196
878810,20,137,9218,196
878811,17.6,137,9113,196
878812,19,137,9058,196
878813,19.6,137,9148,196
878814,20,137,9232,196
878815,18,137,9323,196
878816,16.65,137,9237,196
878817,12.6,137,8949,196
878818,17.2,137,9153,196
878819,17.85,137,9170,196
878820,18,137,8970,196
878821,18.6,137,9138,196
878822,19.2,137,9082,196
878823,19.6,137,8999,196
878824,17.1,137,8978,196
878825,18.85,137,9025,196
878826,19.6,137,9128,196
878827,17.5,137,9069,196
878828,14.85,137,9117,196
878829,14.25,137,8966,196
878830,19.35,137,9032,196
878831,17.95,137,9222,196
878832,17.65,137,9011,196
878833,19.6,137,9243,196
878834,15.6,137,9225,196
878835,12.85,137,9106,196
878836,19.6,137,9215,196
878837,20,137,9134,196
878838,18.5,137,9096,196
878839,19.6,137,9296,196
878840,17.85,137,9295,196
878841,20,137,9227,196
878842,17.5,137,9280,196
878843,17.1,137,9240,196
878844,19.65,137,8960,196
878845,18.95,137,9185,196
878846,19,137,9037,196
878847,17,137,9120,196
878848,17.6,137,9050,196
878849,18.25,137,8946,196
878850,17,137,9312,196
878851,20,137,9179,196
878852,17.6,137,9195,196
878853,17.85,137,9077,196
878854,18.25,137,9160,196
878855,19.6,137,9334,196
878856,19,137,9092,196
878857,17.85,137,9319,196
878858,17.85,137,8983,196
878859,14.6,137,9194,196
878860,14.25,137,9140,196
878861,17.1,137,8992,196
878862,18.85,137,9253,196
878863,15,137,9273,196
878864,17.25,137,9061,196
878865,17.25,137,9340,196
878866,15.25,137,9078,196
878867,19.6,137,8972,196
878868,18.25,137,9299,196
878869,13.9,137,9281,196
878870,18.85,137,9002,196
878871,17.25,137,9189,196
878872,16.25,137,9290,196
878873,16.25,137,9315,196
878874,18.65,137,8950,196
878875,19.25,137,9129,196
878876,17.2,137,9008,196
878877,17.25,137,9095,196
878878,15.85,137,9307,196
878879,19.35,137,9338,196
878880,13.6,137,9267,196
878881,16.25,137,9073,196
878882,19.6,137,9041,196
878883,14,137,9097,196
878884,16.25,137,8976,196
878885,17.85,137,9143,196
878886,18.85,137,8961,196
878887,19.6,137,9331,196
878888,17.85,137,9026,196
878889,20,137,9322,196
878890,18.85,137,9039,196
878891,17.25,137,9279,196
878892,19,137,9197,196
878893,17.6,137,9145,196
878894,16.85,137,9010,196
878895,19.25,137,8945,196
878896,17.85,137,9329,196
878897,15.6,137,8975,196
878898,18.5,137,9135,196
878899,16.85,137,9204,196
878900,17.5,137,9172,196
878901,17.85,137,9292,196
878902,14.85,137,9063,196
878903,17.6,137,9150,196
878904,15.6,137,9300,196
878905,19.6,137,9121,196
878906,16.6,137,9212,196
878907,19.6,137,8971,196
878908,15.6,137,9081,196
878909,19.6,137,9219,196
878910,19.2,137,8962,196
878911,18.25,137,9328,196
878912,16.25,137,9257,196
878913,18.85,137,9191,196
878914,18.85,137,9228,196
878915,16.85,137,8948,196
878916,17,137,8990,196
878917,16.2,137,9006,196
878918,16.25,137,9207,196
878919,16.2,137,9168,196
878920,16.85,137,9235,196
878921,18,137,8959,196
878922,18,137,9047,196
878923,18.25,137,9291,196
878924,17.85,137,9099,196
878925,16.6,137,9112,196
878926,16.45,137,9178,196
878927,15.65,137,9062,196
878928,19.6,137,9256,196
878929,17.6,137,9033,196
878930,14,137,9067,196
878931,18.9,137,9303,196
878932,19.25,137,9090,196
878933,17.95,137,9017,196
878934,14.2,137,9104,196
878935,15.65,137,9103,196
878936,18.6,137,9083,196
878937,18.25,137,9245,196
878938,18.5,137,9274,196
878939,17,137,9024,196
878940,19.25,137,9321,196
878941,18.2,137,9266,196
878942,18.35,137,9040,196
878943,20,137,9127,196
878944,20,137,9175,196
878945,15.95,137,9167,196
878946,12.25,137,9049,196
878947,15.6,137,8955,196
878948,12.5,137,9226,196
878949,20,137,9230,196
878950,19.6,137,8941,196
878951,18.9,137,9022,196
878952,20,137,9203,196
878953,18.2,137,9055,196
878954,19,137,9217,196
878955,18.25,137,9196,196
878956,17.6,137,9126,196
878957,18.2,137,9007,196
878958,15.85,137,9188,196
878959,20,137,9072,196
878960,17.85,137,9233,196
878961,17,137,9091,196
878962,18.85,137,8986,196
878963,19,137,8957,196
878964,20,137,9169,196
878965,14.6,137,9139,196
878966,19.6,137,9258,196
878967,16.95,138,8967,196
878968,17.2,138,9305,196
878969,18.8,138,9277,196
878970,12.6,138,8995,196
878971,18.85,138,9056,196
878972,18,138,8994,196
878973,18.85,138,9255,196
878974,17.6,138,8982,196
878975,20,138,9294,196
878976,15.95,138,8998,196
878977,16.85,138,9080,196
878978,18.6,138,9028,196
878979,19,138,9177,196
878980,18.6,138,9332,196
878981,17.6,138,9187,196
878982,19.6,138,9034,196
878983,15.9,138,9031,196
878984,16,138,9282,196
878985,15.9,138,8979,196
878986,16.85,138,8977,196
878987,17.9,138,9252,196
878988,18.1,138,9125,196
878989,19,138,9246,196
878990,13.45,138,9075,196
878991,16.35,138,9223,196
878992,13.6,138,9122,196
878993,17,138,9064,196
878994,18.25,138,9314,196
878995,17.35,138,9275,196
878996,13.2,138,9004,196
878997,13.25,138,9293,196
878998,19.6,138,9206,196
878999,17.2,138,9079,196
879000,18.6,138,9333,196
879001,17.6,138,9309,196
879002,16.5,138,9156,196
879003,16.6,138,9201,196
879004,19.6,138,9173,196
879005,18.6,138,9086,196
879006,14.25,138,9038,196
879007,18.9,138,8965,196
879008,14.85,138,9238,196
879009,20,138,9313,196
879010,17.85,138,9199,196
879011,16.85,138,8956,196
879012,17.6,138,9054,196
879013,17.2,138,9098,196
879014,18.75,138,9306,196
879015,17.85,138,9310,196
879016,18.25,138,9020,196
879017,20,138,9171,196
879018,19,138,9164,196
879019,18.95,138,9317,196
879020,13.6,138,9181,196
879021,17.85,138,9158,196
879022,14.6,138,8991,196
879023,18.85,138,9159,196
879024,17.85,138,8964,196
879025,18.25,138,9162,196
879026,15.25,138,9302,196
879027,17.2,138,9060,196
879028,14,138,9165,196
879029,16.2,138,9089,196
879030,14.2,138,9071,196
879031,15.6,138,9316,196
879032,18.65,138,9325,196
879033,16.6,138,9110,196
879034,16.5,138,9042,196
879035,17.2,138,8947,196
879036,18.25,138,9311,196
879037,16.85,138,8981,196
879038,18.25,138,9229,196
879039,17.1,138,9208,196
879040,14.6,138,9027,196
879041,18.25,138,9288,196
879042,15.2,138,9109,196
879043,11.85,138,9030,196
879044,13.6,138,9234,196
879045,15.6,138,9084,196
879046,18.85,138,9070,196
879047,20,138,9132,196
879048,19.6,138,9209,196
879049,18.6,138,9330,196
879050,16.85,138,9202,196
879051,16.6,138,9012,196
879052,18.25,138,9023,196
879053,15.25,138,9013,196
879054,19.6,138,9053,196
879055,18.6,138,9130,196
879056,13.45,138,9216,196
879057,19.6,138,9287,196
879058,18,138,8987,196
879059,16.2,138,9111,196
879060,14,138,9147,196
879061,17.65,138,9336,196
879062,17,138,9131,196
879063,18.25,138,9163,196
879064,19.2,138,9200,196
879065,16.6,138,9118,196
879066,17.6,138,9284,196
879067,17.2,138,9214,196
879068,15.2,138,9268,196
879069,19.2,138,9326,196
879070,19.6,138,8944,196
879071,18.35,138,8988,196
879072,19.2,138,9003,196
879073,15.85,138,9044,196
879074,17.25,138,9254,196
879075,19.2,138,9289,196
879076,17.25,138,9272,196
879077,15.6,138,9174,196
879078,19.6,138,9262,196
879079,17.2,138,9261,196
879080,17.45,138,8963,196
879081,19.25,138,9151,196
879082,17.4,138,9085,196
879083,17.35,138,9186,196
879084,17.25,138,9239,196
879085,16.2,138,9137,196
879086,19.2,138,9285,196
879087,17.4,138,9155,196
879088,18.85,138,9051,196
879089,19,138,9192,196
879090,17.35,138,9057,196
879091,17.25,138,9324,196
879092,19.25,138,9335,196
879093,17.25,138,9136,196
879094,16.85,138,8974,196
879095,12.2,138,9337,196
879096,19.25,138,9093,196
879097,17.25,138,8989,196
879098,14,138,8985,196
879099,17.2,138,9247,196
879100,14.85,138,9271,196
879101,16.85,138,9193,196
879102,15.85,138,9231,196
879103,16.25,138,9264,196
879104,14.6,138,9318,196
879105,16.95,138,9087,196
879106,14.2,138,8969,196
879107,16,138,8942,196
879108,20,138,9260,196
879109,16.25,138,9149,196
879110,18.6,138,9327,196
879111,16.35,138,8993,196
879112,20,138,9320,196
879113,16.25,138,9014,196
879114,18.85,138,9304,196
879115,17.65,138,9001,196
879116,17,138,9241,196
879117,17.25,138,9018,196
879118,14.6,138,9059,196
879119,14,138,9035,196
879120,18.2,138,9036,196
879121,15.2,138,9142,196
879122,20,138,9166,196
879123,13.25,138,9102,196
879124,18.6,138,9276,196
879125,19.25,138,9298,196
879126,18,138,9263,196
879127,14.65,138,9076,196
879128,19.35,138,9198,196
879129,12.25,138,9116,196
879130,16,138,8984,196
879131,19.6,138,9211,196
879132,19,138,8980,196
879133,16.8,138,9182,196
879134,19.6,138,9154,196
879135,16.85,138,9052,196
879136,17.1,138,9100,196
879137,19.25,138,8952,196
879138,16.7,138,9270,196
879139,17.7,138,9088,196
879140,17.9,138,9176,196
879141,18.25,138,8996,196
879142,17.35,138,9242,196
879143,17.4,138,9115,196
879144,15.6,138,9236,196
879145,14.1,138,9123,196
879146,17.55,138,9114,196
879147,17,138,9269,196
879148,14.6,138,9000,196
879149,17.6,138,9144,196
879150,17.8,138,8953,196
879151,16.85,138,9286,196
879152,20,138,9213,196
879153,18.85,138,9248,196
879154,17.95,138,9009,196
879155,17.6,138,9048,196
879156,20,138,9210,196
879157,16.7,138,9005,196
879158,18,138,9297,196
879159,13.6,138,9152,196
879160,17.25,138,9016,196
879161,17.5,138,9094,196
879162,17.6,138,9074,196
879163,15.85,138,9250,196
879164,17.65,138,9119,196
879165,16.25,138,9019,196
879166,17.85,138,9249,196
879167,12.45,138,9283,196
879168,15.95,138,9221,196
879169,16.6,138,9278,196
879170,18.85,138,9183,196
879171,12.85,138,8954,196
879172,16.35,138,9107,196
879173,16.45,138,8968,196
879174,19.65,138,9133,196
879175,19.2,138,9218,196
879176,17.5,138,9113,196
879177,17.85,138,9058,196
879178,19.25,138,9148,196
879179,20,138,9232,196
879180,17.6,138,9323,196
879181,16.85,138,9237,196
879182,13.85,138,8949,196
879183,18.85,138,9153,196
879184,17.2,138,9170,196
879185,18,138,8970,196
879186,18.65,138,9138,196
879187,19.35,138,9082,196
879188,19.25,138,8999,196
879189,15.2,138,8978,196
879190,16.85,138,9025,196
879191,18.1,138,9128,196
879192,17,138,9069,196
879193,13.35,138,9117,196
879194,13.85,138,8966,196
879195,18.6,138,9032,196
879196,17.25,138,9222,196
879197,17.6,138,9011,196
879198,20,138,9243,196
879199,15.6,138,9225,196
879200,13.25,138,9106,196
879201,19.25,138,9215,196
879202,19.6,138,9134,196
879203,17.85,138,9096,196
879204,17.6,138,9296,196
879205,17.1,138,9295,196
879206,19.6,138,9227,196
879207,17.35,138,9280,196
879208,16.5,138,9240,196
879209,19.6,138,8960,196
879210,18.35,138,9185,196
879211,19.6,138,9037,196
879212,16.6,138,9120,196
879213,16.6,138,9050,196
879214,17.65,138,8946,196
879215,17.25,138,9312,196
879216,20,138,9179,196
879217,18,138,9195,196
879218,17.5,138,9077,196
879219,18.25,138,9160,196
879220,19.35,138,9334,196
879221,18.6,138,9092,196
879222,16.85,138,9319,196
879223,17.6,138,8983,196
879224,14.85,138,9194,196
879225,12.65,138,9140,196
879226,18.25,138,8992,196
879227,18.85,138,9253,196
879228,13.6,138,9273,196
879229,16.6,138,9061,196
879230,17.25,138,9340,196
879231,14.5,138,9078,196
879232,18.85,138,8972,196
879233,17.25,138,9299,196
879234,13.6,138,9281,196
879235,18.35,138,9002,196
879236,15.45,138,9189,196
879237,14.95,138,9290,196
879238,14.25,138,9315,196
879239,18.65,138,8950,196
879240,18.35,138,9129,196
879241,16.25,138,9008,196
879242,16.25,138,9095,196
879243,16.45,138,9307,196
879244,19.35,138,9338,196
879245,14.6,138,9267,196
879246,15,138,9073,196
879247,19.25,138,9041,196
879248,12.6,138,9097,196
879249,17.3,138,8976,196
879250,16.2,138,9143,196
879251,17.6,138,8961,196
879252,19.2,138,9331,196
879253,17.5,138,9026,196
879254,17.85,138,9322,196
879255,17.6,138,9039,196
879256,17.2,138,9279,196
879257,17.85,138,9197,196
879258,17.5,138,9145,196
879259,18.25,138,9010,196
879260,19.65,138,8945,196
879261,17.95,138,9329,196
879262,16.5,138,8975,196
879263,18.85,138,9135,196
879264,16.85,138,9204,196
879265,17.2,138,9172,196
879266,18.25,138,9292,196
879267,14.85,138,9063,196
879268,16.7,138,9150,196
879269,15,138,9300,196
879270,20,138,9121,196
879271,16.25,138,9212,196
879272,18.6,138,8971,196
879273,13.85,138,9081,196
879274,19.6,138,9219,196
879275,19.65,138,8962,196
879276,17.5,138,9328,196
879277,15.25,138,9257,196
879278,18.25,138,9191,196
879279,17.15,138,9228,196
879280,18.25,138,8948,196
879281,18.25,138,8990,196
879282,16,138,9006,196
879283,14.85,138,9207,196
879284,15.2,138,9168,196
879285,17.6,138,9235,196
879286,19,138,8959,196
879287,18.35,138,9047,196
879288,16.6,138,9291,196
879289,18.85,138,9099,196
879290,16.45,138,9112,196
879291,15.5,138,9178,196
879292,15.9,138,9062,196
879293,18.35,138,9256,196
879294,16.45,138,9033,196
879295,14.45,138,9067,196
879296,18.35,138,9303,196
879297,18.5,138,9090,196
879298,18,138,9017,196
879299,13.6,138,9104,196
879300,13.45,138,9103,196
879301,16.25,138,9083,196
879302,18,138,9245,196
879303,18.6,138,9274,196
879304,18.2,138,9024,196
879305,19.25,138,9321,196
879306,18.6,138,9266,196
879307,19.2,138,9040,196
879308,20,138,9127,196
879309,19.65,138,9175,196
879310,16.25,138,9167,196
879311,13.25,138,9049,196
879312,14.6,138,8955,196
879313,12.85,138,9226,196
879314,19.6,138,9230,196
879315,19.2,138,8941,196
879316,19.2,138,9022,196
879317,19.6,138,9203,196
879318,17.6,138,9055,196
879319,18.65,138,9217,196
879320,17.6,138,9196,196
879321,17.2,138,9126,196
879322,18,138,9007,196
879323,16.25,138,9188,196
879324,19,138,9072,196
879325,18.25,138,9233,196
879326,16.85,138,9091,196
879327,18.1,138,8986,196
879328,17.2,138,8957,196
879329,18.35,138,9169,196
879330,14.6,138,9139,196
879331,19.35,138,9258,196
879332,15.85,139,8967,196
879333,17.65,139,9305,196
879334,18,139,9277,196
879335,12.2,139,8995,196
879336,18.25,139,9056,196
879337,17.5,139,8994,196
879338,17.65,139,9255,196
879339,15.6,139,8982,196
879340,19.6,139,9294,196
879341,16.65,139,8998,196
879342,16.35,139,9080,196
879343,18.25,139,9028,196
879344,19.2,139,9177,196
879345,18,139,9332,196
879346,17.55,139,9187,196
879347,18.25,139,9034,196
879348,14.5,139,9031,196
879349,15.2,139,9282,196
879350,14.95,139,8979,196
879351,16.6,139,8977,196
879352,16.6,139,9252,196
879353,17.2,139,9125,196
879354,19,139,9246,196
879355,12.6,139,9075,196
879356,17.35,139,9223,196
879357,13.6,139,9122,196
879358,15.5,139,9064,196
879359,17.85,139,9314,196
879360,15.45,139,9275,196
879361,14.35,139,9004,196
879362,11.85,139,9293,196
879363,18.45,139,9206,196
879364,18,139,9079,196
879365,17.5,139,9333,196
879366,17.2,139,9309,196
879367,15.85,139,9156,196
879368,16.85,139,9201,196
879369,19,139,9173,196
879370,17.9,139,9086,196
879371,13.5,139,9038,196
879372,17.6,139,8965,196
879373,14.6,139,9238,196
879374,18.6,139,9313,196
879375,17.6,139,9199,196
879376,16.5,139,8956,196
879377,16.85,139,9054,196
879378,18.2,139,9098,196
879379,17.1,139,9306,196
879380,16.85,139,9310,196
879381,17.6,139,9020,196
879382,19.2,139,9171,196
879383,19.65,139,9164,196
879384,20,139,9317,196
879385,13.35,139,9181,196
879386,18.25,139,9158,196
879387,15.5,139,8991,196
879388,18.85,139,9159,196
879389,17.9,139,8964,196
879390,18,139,9162,196
879391,14.85,139,9302,196
879392,18.15,139,9060,196
879393,12.15,139,9165,196
879394,15.2,139,9089,196
879395,14.2,139,9071,196
879396,15.85,139,9316,196
879397,17.15,139,9325,196
879398,16.2,139,9110,196
879399,15.35,139,9042,196
879400,16.5,139,8947,196
879401,17.25,139,9311,196
879402,16.55,139,8981,196
879403,17.45,139,9229,196
879404,16.35,139,9208,196
879405,13.8,139,9027,196
879406,16.2,139,9288,196
879407,13.85,139,9109,196
879408,12.45,139,9030,196
879409,12.25,139,9234,196
879410,14.6,139,9084,196
879411,18.35,139,9070,196
879412,19,139,9132,196
879413,18.45,139,9209,196
879414,17.6,139,9330,196
879415,16.55,139,9202,196
879416,16.6,139,9012,196
879417,17.85,139,9023,196
879418,16.6,139,9013,196
879419,17.75,139,9053,196
879420,18.2,139,9130,196
879421,13.25,139,9216,196
879422,19.6,139,9287,196
879423,18.2,139,8987,196
879424,16.2,139,9111,196
879425,13.25,139,9147,196
879426,16.6,139,9336,196
879427,16.85,139,9131,196
879428,16.2,139,9163,196
879429,18.85,139,9200,196
879430,17.65,139,9118,196
879431,15.85,139,9284,196
879432,16.6,139,9214,196
879433,14.85,139,9268,196
879434,18.85,139,9326,196
879435,17.25,139,8944,196
879436,16.85,139,8988,196
879437,18.85,139,9003,196
879438,15.95,139,9044,196
879439,18.6,139,9254,196
879440,19.25,139,9289,196
879441,17.1,139,9272,196
879442,15.2,139,9174,196
879443,19.65,139,9262,196
879444,18,139,9261,196
879445,16.25,139,8963,196
879446,17.85,139,9151,196
879447,17.25,139,9085,196
879448,17.3,139,9186,196
879449,17.65,139,9239,196
879450,15.45,139,9137,196
879451,18.5,139,9285,196
879452,17.05,139,9155,196
879453,18.1,139,9051,196
879454,18.85,139,9192,196
879455,17.6,139,9057,196
879456,18.6,139,9324,196
879457,19.65,139,9335,196
879458,15.85,139,9136,196
879459,16.05,139,8974,196
879460,12,139,9337,196
879461,17.6,139,9093,196
879462,17.25,139,8989,196
879463,14.25,139,8985,196
879464,15.7,139,9247,196
879465,13.85,139,9271,196
879466,17.15,139,9193,196
879467,13.6,139,9231,196
879468,16.25,139,9264,196
879469,14.6,139,9318,196
879470,15.85,139,9087,196
879471,14.2,139,8969,196
879472,17.5,139,8942,196
879473,19.25,139,9260,196
879474,17,139,9149,196
879475,18.2,139,9327,196
879476,16,139,8993,196
879477,19.25,139,9320,196
879478,15.15,139,9014,196
879479,18.35,139,9304,196
879480,17.25,139,9001,196
879481,17.6,139,9241,196
879482,17.45,139,9018,196
879483,14.35,139,9059,196
879484,12.75,139,9035,196
879485,18.25,139,9036,196
879486,14.8,139,9142,196
879487,20,139,9166,196
879488,12.95,139,9102,196
879489,18,139,9276,196
879490,17.85,139,9298,196
879491,17.1,139,9263,196
879492,13.6,139,9076,196
879493,18.65,139,9198,196
879494,12.35,139,9116,196
879495,16.45,139,8984,196
879496,19.25,139,9211,196
879497,18.45,139,8980,196
879498,17.25,139,9182,196
879499,19.4,139,9154,196
879500,16,139,9052,196
879501,17.6,139,9100,196
879502,18.85,139,8952,196
879503,16.2,139,9270,196
879504,18.85,139,9088,196
879505,16.25,139,9176,196
879506,17.75,139,8996,196
879507,18,139,9242,196
879508,17.25,139,9115,196
879509,15.85,139,9236,196
879510,13.2,139,9123,196
879511,17.25,139,9114,196
879512,17.5,139,9269,196
879513,15.45,139,9000,196
879514,18.25,139,9144,196
879515,17.6,139,8953,196
879516,17.25,139,9286,196
879517,18.75,139,9213,196
879518,18.25,139,9248,196
879519,17,139,9009,196
879520,17.25,139,9048,196
879521,19.25,139,9210,196
879522,16.85,139,9005,196
879523,16.5,139,9297,196
879524,14.25,139,9152,196
879525,15.35,139,9016,196
879526,16.8,139,9094,196
879527,17.5,139,9074,196
879528,16.4,139,9250,196
879529,16.25,139,9119,196
879530,14.85,139,9019,196
879531,17.25,139,9249,196
879532,12.75,139,9283,196
879533,16.25,139,9221,196
879534,15.25,139,9278,196
879535,17.75,139,9183,196
879536,11.25,139,8954,196
879537,16.85,139,9107,196
879538,16.2,139,8968,196
879539,18.95,139,9133,196
879540,18.9,139,9218,196
879541,16.9,139,9113,196
879542,16.85,139,9058,196
879543,18.3,139,9148,196
879544,19.2,139,9232,196
879545,16.2,139,9323,196
879546,15.6,139,9237,196
879547,13,139,8949,196
879548,15.6,139,9153,196
879549,18,139,9170,196
879550,16.85,139,8970,196
879551,19,139,9138,196
879552,17.85,139,9082,196
879553,19.6,139,8999,196
879554,15.6,139,8978,196
879555,17.2,139,9025,196
879556,17.95,139,9128,196
879557,15.95,139,9069,196
879558,13.55,139,9117,196
879559,13.25,139,8966,196
879560,18.1,139,9032,196
879561,16.4,139,9222,196
879562,17.05,139,9011,196
879563,19.6,139,9243,196
879564,15.55,139,9225,196
879565,11.6,139,9106,196
879566,19.65,139,9215,196
879567,17.55,139,9134,196
879568,19.4,139,9096,196
879569,17.2,139,9296,196
879570,16.85,139,9295,196
879571,19.2,139,9227,196
879572,16.75,139,9280,196
879573,16.95,139,9240,196
879574,18.55,139,8960,196
879575,17.5,139,9185,196
879576,19.6,139,9037,196
879577,16.85,139,9120,196
879578,15.05,139,9050,196
879579,16.6,139,8946,196
879580,15.25,139,9312,196
879581,19.6,139,9179,196
879582,16.25,139,9195,196
879583,16.95,139,9077,196
879584,16.95,139,9160,196
879585,19.2,139,9334,196
879586,16.85,139,9092,196
879587,17.6,139,9319,196
879588,16,139,8983,196
879589,13.35,139,9194,196
879590,12.85,139,9140,196
879591,16.25,139,8992,196
879592,18.85,139,9253,196
879593,14.35,139,9273,196
879594,17.5,139,9061,196
879595,14.45,139,9340,196
879596,13.65,139,9078,196
879597,17.85,139,8972,196
879598,16.65,139,9299,196
879599,13.6,139,9281,196
879600,18.25,139,9002,196
879601,14.25,139,9189,196
879602,14,139,9290,196
879603,15,139,9315,196
879604,17,139,8950,196
879605,17.25,139,9129,196
879606,15.1,139,9008,196
879607,16.65,139,9095,196
879608,14.2,139,9307,196
879609,18.6,139,9338,196
879610,13.5,139,9267,196
879611,15.35,139,9073,196
879612,18.5,139,9041,196
879613,11.45,139,9097,196
879614,16.1,139,8976,196
879615,14.95,139,9143,196
879616,16.85,139,8961,196
879617,19.6,139,9331,196
879618,17.25,139,9026,196
879619,17.1,139,9322,196
879620,16.5,139,9039,196
879621,17,139,9279,196
879622,18.25,139,9197,196
879623,16.9,139,9145,196
879624,17.4,139,9010,196
879625,18.9,139,8945,196
879626,17.4,139,9329,196
879627,14.4,139,8975,196
879628,17.45,139,9135,196
879629,16.85,139,9204,196
879630,16.95,139,9172,196
879631,16.6,139,9292,196
879632,14.95,139,9063,196
879633,16.35,139,9150,196
879634,14,139,9300,196
879635,19.25,139,9121,196
879636,15.4,139,9212,196
879637,18.85,139,8971,196
879638,13.6,139,9081,196
879639,19.6,139,9219,196
879640,20,139,8962,196
879641,17.25,139,9328,196
879642,15.85,139,9257,196
879643,16.95,139,9191,196
879644,18,139,9228,196
879645,15.85,139,8948,196
879646,17.25,139,8990,196
879647,16.25,139,9006,196
879648,14.65,139,9207,196
879649,14.85,139,9168,196
879650,16.75,139,9235,196
879651,18.6,139,8959,196
879652,16.7,139,9047,196
879653,17.65,139,9291,196
879654,18.6,139,9099,196
879655,15.6,139,9112,196
879656,16.4,139,9178,196
879657,14.6,139,9062,196
879658,17.6,139,9256,196
879659,16.15,139,9033,196
879660,14.15,139,9067,196
879661,18.25,139,9303,196
879662,19.05,139,9090,196
879663,15.9,139,9017,196
879664,12.25,139,9104,196
879665,12.6,139,9103,196
879666,16.85,139,9083,196
879667,16.5,139,9245,196
879668,17.85,139,9274,196
879669,18,139,9024,196
879670,18.6,139,9321,196
879671,17.15,139,9266,196
879672,17.6,139,9040,196
879673,18.25,139,9127,196
879674,19.2,139,9175,196
879675,14.05,139,9167,196
879676,11.6,139,9049,196
879677,14.95,139,8955,196
879678,12.6,139,9226,196
879679,20,139,9230,196
879680,18.7,139,8941,196
879681,19.6,139,9022,196
879682,18.85,139,9203,196
879683,17.6,139,9055,196
879684,17.85,139,9217,196
879685,16.85,139,9196,196
879686,16.1,139,9126,196
879687,17,139,9007,196
879688,16.1,139,9188,196
879689,18.5,139,9072,196
879690,17.5,139,9233,196
879691,17.6,139,9091,196
879692,18.6,139,8986,196
879693,18.25,139,8957,196
879694,18.95,139,9169,196
879695,13.85,139,9139,196
879696,19,139,9258,196
879697,15.2,132,8967,197
879698,15.9,132,9305,197
879699,15.35,132,9277,197
879700,9.1,132,8995,197
879701,16.85,132,9056,197
879702,16.15,132,8994,197
879703,17.1,132,9255,197
879704,14.35,132,8982,197
879705,17.75,132,9294,197
879706,16.35,132,8998,197
879707,14.45,132,9080,197
879708,15.7,132,9028,197
879709,16.35,132,9177,197
879710,13.95,132,9332,197
879711,15.35,132,9187,197
879712,18.3,132,9034,197
879713,13,132,9031,197
879714,14.75,132,9282,197
879715,13.85,132,8979,197
879716,15.5,132,8977,197
879717,15.35,132,9252,197
879718,15.25,132,9125,197
879719,15.9,132,9246,197
879720,12.6,132,9075,197
879721,14.85,132,9223,197
879722,11.1,132,9122,197
879723,15.9,132,9064,197
879724,16.4,132,9314,197
879725,14.35,132,9275,197
879726,13.1,132,9004,197
879727,9.9,132,9293,197
879728,15.35,132,9206,197
879729,14.45,132,9079,197
879730,17.2,132,9333,197
879731,14.6,132,9309,197
879732,14.1,132,9156,197
879733,14.85,132,9201,197
879734,18.15,132,9173,197
879735,15.85,132,9086,197
879736,11.85,132,9038,197
879737,15.65,132,8965,197
879738,13.4,132,9238,197
879739,15.65,132,9313,197
879740,16.25,132,9199,197
879741,15.55,132,8956,197
879742,14.7,132,9054,197
879743,15.85,132,9098,197
879744,16.1,132,9306,197
879745,15.4,132,9310,197
879746,15.9,132,9020,197
879747,18.2,132,9171,197
879748,17.3,132,9164,197
879749,16.6,132,9317,197
879750,11.25,132,9181,197
879751,16,132,9158,197
879752,12.5,132,8991,197
879753,17.1,132,9159,197
879754,17.1,132,8964,197
879755,15.85,132,9162,197
879756,12.65,132,9302,197
879757,15.1,132,9060,197
879758,13.2,132,9165,197
879759,11.85,132,9089,197
879760,11.95,132,9071,197
879761,14.9,132,9316,197
879762,16.65,132,9325,197
879763,15.6,132,9110,197
879764,14.2,132,9042,197
879765,15.55,132,8947,197
879766,16.6,132,9311,197
879767,14.45,132,8981,197
879768,16.35,132,9229,197
879769,14.15,132,9208,197
879770,12.35,132,9027,197
879771,16,132,9288,197
879772,12.1,132,9109,197
879773,10,132,9030,197
879774,10.6,132,9234,197
879775,12.4,132,9084,197
879776,16.25,132,9070,197
879777,18.25,132,9132,197
879778,17.35,132,9209,197
879779,16.7,132,9330,197
879780,15.85,132,9202,197
879781,16.6,132,9012,197
879782,15.2,132,9023,197
879783,14.35,132,9013,197
879784,16.2,132,9053,197
879785,16.6,132,9130,197
879786,11.5,132,9216,197
879787,17,132,9287,197
879788,15.25,132,8987,197
879789,13.9,132,9111,197
879790,13.6,132,9147,197
879791,15.5,132,9336,197
879792,16,132,9131,197
879793,14.2,132,9163,197
879794,15.85,132,9200,197
879795,15.4,132,9118,197
879796,15.15,132,9284,197
879797,15.7,132,9214,197
879798,13.25,132,9268,197
879799,16.85,132,9326,197
879800,15.9,132,8944,197
879801,15.35,132,8988,197
879802,16.9,132,9003,197
879803,13.35,132,9044,197
879804,16.95,132,9254,197
879805,16.6,132,9289,197
879806,16.25,132,9272,197
879807,15.35,132,9174,197
879808,17.8,132,9262,197
879809,14.75,132,9261,197
879810,15.6,132,8963,197
879811,16.1,132,9151,197
879812,15.25,132,9085,197
879813,16,132,9186,197
879814,16.25,132,9239,197
879815,13.85,132,9137,197
879816,16.9,132,9285,197
879817,13.7,132,9155,197
879818,17.85,132,9051,197
879819,16.6,132,9192,197
879820,15,132,9057,197
879821,16.95,132,9324,197
879822,16.1,132,9335,197
879823,13.95,132,9136,197
879824,13.6,132,8974,197
879825,11.6,132,9337,197
879826,17.85,132,9093,197
879827,13.8,132,8989,197
879828,10.95,132,8985,197
879829,13.85,132,9247,197
879830,12.5,132,9271,197
879831,14.6,132,9193,197
879832,14,132,9231,197
879833,13.85,132,9264,197
879834,12.45,132,9318,197
879835,14,132,9087,197
879836,12.6,132,8969,197
879837,15.95,132,8942,197
879838,18.25,132,9260,197
879839,14.5,132,9149,197
879840,16.9,132,9327,197
879841,13.2,132,8993,197
879842,17.25,132,9320,197
879843,13.6,132,9014,197
879844,15.85,132,9304,197
879845,15.35,132,9001,197
879846,15.55,132,9241,197
879847,15.05,132,9018,197
879848,11.25,132,9059,197
879849,9.85,132,9035,197
879850,15.75,132,9036,197
879851,13.6,132,9142,197
879852,16.55,132,9166,197
879853,10.85,132,9102,197
879854,16.6,132,9276,197
879855,15.8,132,9298,197
879856,16.2,132,9263,197
879857,13.05,132,9076,197
879858,16.95,132,9198,197
879859,10.25,132,9116,197
879860,14.6,132,8984,197
879861,16.75,132,9211,197
879862,16.05,132,8980,197
879863,14.9,132,9182,197
879864,16.6,132,9154,197
879865,14.05,132,9052,197
879866,15.3,132,9100,197
879867,16.05,132,8952,197
879868,15.35,132,9270,197
879869,15.65,132,9088,197
879870,15.2,132,9176,197
879871,15.6,132,8996,197
879872,15.85,132,9242,197
879873,16.5,132,9115,197
879874,13.2,132,9236,197
879875,11.2,132,9123,197
879876,15.45,132,9114,197
879877,14.35,132,9269,197
879878,14.45,132,9000,197
879879,15.45,132,9144,197
879880,14.9,132,8953,197
879881,15.25,132,9286,197
879882,15.6,132,9213,197
879883,17.95,132,9248,197
879884,15.25,132,9009,197
879885,14.15,132,9048,197
879886,17,132,9210,197
879887,15.6,132,9005,197
879888,14.8,132,9297,197
879889,12.6,132,9152,197
879890,13.95,132,9016,197
879891,16.5,132,9094,197
879892,16,132,9074,197
879893,13.75,132,9250,197
879894,14.55,132,9119,197
879895,12,132,9019,197
879896,14.85,132,9249,197
879897,11.05,132,9283,197
879898,14,132,9221,197
879899,13.55,132,9278,197
879900,16.75,132,9183,197
879901,11.1,132,8954,197
879902,13.85,132,9107,197
879903,14.35,132,8968,197
879904,17.35,132,9133,197
879905,16.55,132,9218,197
879906,15.9,132,9113,197
879907,14.85,132,9058,197
879908,15.15,132,9148,197
879909,17.2,132,9232,197
879910,16.1,132,9323,197
879911,14.2,132,9237,197
879912,10.85,132,8949,197
879913,15.05,132,9153,197
879914,15.6,132,9170,197
879915,15.15,132,8970,197
879916,15.9,132,9138,197
879917,17.05,132,9082,197
879918,16.3,132,8999,197
879919,15.25,132,8978,197
879920,15,132,9025,197
879921,16.3,132,9128,197
879922,13.35,132,9069,197
879923,11.5,132,9117,197
879924,11.6,132,8966,197
879925,16.85,132,9032,197
879926,16.1,132,9222,197
879927,16,132,9011,197
879928,17.9,132,9243,197
879929,12.9,132,9225,197
879930,10.6,132,9106,197
879931,17.65,132,9215,197
879932,17.9,132,9134,197
879933,16.85,132,9096,197
879934,15.9,132,9296,197
879935,14.6,132,9295,197
879936,16.15,132,9227,197
879937,14.85,132,9280,197
879938,13.75,132,9240,197
879939,17.1,132,8960,197
879940,16.05,132,9185,197
879941,16.85,132,9037,197
879942,15.6,132,9120,197
879943,15.15,132,9050,197
879944,15,132,8946,197
879945,13.65,132,9312,197
879946,16.95,132,9179,197
879947,14.25,132,9195,197
879948,15.6,132,9077,197
879949,16.2,132,9160,197
879950,17.15,132,9334,197
879951,15.9,132,9092,197
879952,14.6,132,9319,197
879953,13.7,132,8983,197
879954,11.75,132,9194,197
879955,10.75,132,9140,197
879956,15.25,132,8992,197
879957,15.95,132,9253,197
879958,11.95,132,9273,197
879959,15.65,132,9061,197
879960,12.85,132,9340,197
879961,11.75,132,9078,197
879962,14.65,132,8972,197
879963,16.75,132,9299,197
879964,11.75,132,9281,197
879965,16.6,132,9002,197
879966,13.2,132,9189,197
879967,13.1,132,9290,197
879968,12.6,132,9315,197
879969,16.25,132,8950,197
879970,15.85,132,9129,197
879971,13.6,132,9008,197
879972,15.3,132,9095,197
879973,12.75,132,9307,197
879974,18.05,132,9338,197
879975,12.45,132,9267,197
879976,11.95,132,9073,197
879977,16.6,132,9041,197
879978,9.95,132,9097,197
879979,13.85,132,8976,197
879980,14.2,132,9143,197
879981,16.25,132,8961,197
879982,17.1,132,9331,197
879983,15.65,132,9026,197
879984,15.65,132,9322,197
879985,15.6,132,9039,197
879986,14.85,132,9279,197
879987,15.35,132,9197,197
879988,16.65,132,9145,197
879989,14.15,132,9010,197
879990,15.75,132,8945,197
879991,15.35,132,9329,197
879992,14.2,132,8975,197
879993,15.55,132,9135,197
879994,15.85,132,9204,197
879995,15.5,132,9172,197
879996,15.1,132,9292,197
879997,12.7,132,9063,197
879998,15.05,132,9150,197
879999,12.3,132,9300,197
880000,18.05,132,9121,197
880001,14.85,132,9212,197
880002,17.75,132,8971,197
880003,12,132,9081,197
880004,17.4,132,9219,197
880005,17.7,132,8962,197
880006,15.25,132,9328,197
880007,13.1,132,9257,197
880008,15.8,132,9191,197
880009,15.15,132,9228,197
880010,14.6,132,8948,197
880011,14.05,132,8990,197
880012,15.35,132,9006,197
880013,13.6,132,9207,197
880014,14.25,132,9168,197
880015,15.95,132,9235,197
880016,16.5,132,8959,197
880017,14.75,132,9047,197
880018,15.95,132,9291,197
880019,16.35,132,9099,197
880020,13.85,132,9112,197
880021,15.9,132,9178,197
880022,12.7,132,9062,197
880023,16,132,9256,197
880024,16.1,132,9033,197
880025,10.2,132,9067,197
880026,15.1,132,9303,197
880027,16.35,132,9090,197
880028,14.1,132,9017,197
880029,10.55,132,9104,197
880030,11.35,132,9103,197
880031,13.7,132,9083,197
880032,15.95,132,9245,197
880033,16.6,132,9274,197
880034,14.65,132,9024,197
880035,17.1,132,9321,197
880036,15.35,132,9266,197
880037,16,132,9040,197
880038,16.3,132,9127,197
880039,19.25,132,9175,197
880040,12.95,132,9167,197
880041,11,132,9049,197
880042,12.6,132,8955,197
880043,11.85,132,9226,197
880044,17.75,132,9230,197
880045,16.25,132,8941,197
880046,16.7,132,9022,197
880047,17.6,132,9203,197
880048,14.8,132,9055,197
880049,16.35,132,9217,197
880050,16.35,132,9196,197
880051,15.25,132,9126,197
880052,15.9,132,9007,197
880053,14.25,132,9188,197
880054,17.25,132,9072,197
880055,15.85,132,9233,197
880056,14.85,132,9091,197
880057,16.1,132,8986,197
880058,15.85,132,8957,197
880059,17.5,132,9169,197
880060,11.35,132,9139,197
880061,16.25,132,9258,197
880062,15.6,133,8967,197
880063,16.95,133,9305,197
880064,18.1,133,9277,197
880065,11.65,133,8995,197
880066,16.8,133,9056,197
880067,16.75,133,8994,197
880068,16.8,133,9255,197
880069,16.6,133,8982,197
880070,17.9,133,9294,197
880071,15.6,133,8998,197
880072,15.45,133,9080,197
880073,16.35,133,9028,197
880074,18.5,133,9177,197
880075,15.95,133,9332,197
880076,18.45,133,9187,197
880077,19.25,133,9034,197
880078,14.6,133,9031,197
880079,13.5,133,9282,197
880080,14.85,133,8979,197
880081,15.1,133,8977,197
880082,17.35,133,9252,197
880083,17.2,133,9125,197
880084,17.1,133,9246,197
880085,13.75,133,9075,197
880086,15.5,133,9223,197
880087,11.2,133,9122,197
880088,16.6,133,9064,197
880089,17.5,133,9314,197
880090,15.8,133,9275,197
880091,12.25,133,9004,197
880092,11.6,133,9293,197
880093,18.25,133,9206,197
880094,16.9,133,9079,197
880095,15.55,133,9333,197
880096,17.35,133,9309,197
880097,15,133,9156,197
880098,17,133,9201,197
880099,17.15,133,9173,197
880100,17.35,133,9086,197
880101,12.85,133,9038,197
880102,16.55,133,8965,197
880103,13.2,133,9238,197
880104,17.6,133,9313,197
880105,17.1,133,9199,197
880106,17.2,133,8956,197
880107,16.15,133,9054,197
880108,16.45,133,9098,197
880109,16.1,133,9306,197
880110,16.4,133,9310,197
880111,17.6,133,9020,197
880112,19.65,133,9171,197
880113,18,133,9164,197
880114,18.6,133,9317,197
880115,12.35,133,9181,197
880116,15.35,133,9158,197
880117,12.75,133,8991,197
880118,18.2,133,9159,197
880119,17.6,133,8964,197
880120,16.25,133,9162,197
880121,14.1,133,9302,197
880122,17.65,133,9060,197
880123,12.8,133,9165,197
880124,14.1,133,9089,197
880125,14,133,9071,197
880126,16.25,133,9316,197
880127,17.25,133,9325,197
880128,17.35,133,9110,197
880129,16.05,133,9042,197
880130,15.6,133,8947,197
880131,17.35,133,9311,197
880132,15.15,133,8981,197
880133,15.6,133,9229,197
880134,15.85,133,9208,197
880135,13.1,133,9027,197
880136,16.85,133,9288,197
880137,13.85,133,9109,197
880138,10.6,133,9030,197
880139,11.6,133,9234,197
880140,13.6,133,9084,197
880141,17.4,133,9070,197
880142,17.6,133,9132,197
880143,18.85,133,9209,197
880144,15.7,133,9330,197
880145,16.45,133,9202,197
880146,16.35,133,9012,197
880147,15.85,133,9023,197
880148,14.25,133,9013,197
880149,17.6,133,9053,197
880150,15.5,133,9130,197
880151,12.2,133,9216,197
880152,17.75,133,9287,197
880153,16.5,133,8987,197
880154,14.95,133,9111,197
880155,12.85,133,9147,197
880156,16.8,133,9336,197
880157,17.2,133,9131,197
880158,15.25,133,9163,197
880159,18.1,133,9200,197
880160,16.55,133,9118,197
880161,16,133,9284,197
880162,15.9,133,9214,197
880163,15.25,133,9268,197
880164,18.55,133,9326,197
880165,19.6,133,8944,197
880166,17.25,133,8988,197
880167,17.85,133,9003,197
880168,15.9,133,9044,197
880169,17.65,133,9254,197
880170,19,133,9289,197
880171,16.5,133,9272,197
880172,14.9,133,9174,197
880173,17.6,133,9262,197
880174,17,133,9261,197
880175,15.45,133,8963,197
880176,16.45,133,9151,197
880177,16,133,9085,197
880178,16.9,133,9186,197
880179,17.5,133,9239,197
880180,15.6,133,9137,197
880181,17.35,133,9285,197
880182,16.6,133,9155,197
880183,17.6,133,9051,197
880184,18,133,9192,197
880185,16.1,133,9057,197
880186,16.05,133,9324,197
880187,17.5,133,9335,197
880188,15.2,133,9136,197
880189,15.95,133,8974,197
880190,10.85,133,9337,197
880191,18.6,133,9093,197
880192,16.35,133,8989,197
880193,11.85,133,8985,197
880194,14.25,133,9247,197
880195,12.2,133,9271,197
880196,16.6,133,9193,197
880197,12.65,133,9231,197
880198,14.85,133,9264,197
880199,15,133,9318,197
880200,15,133,9087,197
880201,13.45,133,8969,197
880202,16.2,133,8942,197
880203,17.85,133,9260,197
880204,14.45,133,9149,197
880205,18.6,133,9327,197
880206,15.4,133,8993,197
880207,18.35,133,9320,197
880208,15.6,133,9014,197
880209,17.2,133,9304,197
880210,16,133,9001,197
880211,14.9,133,9241,197
880212,16.6,133,9018,197
880213,11.85,133,9059,197
880214,11.7,133,9035,197
880215,17.5,133,9036,197
880216,14.25,133,9142,197
880217,18.25,133,9166,197
880218,11.75,133,9102,197
880219,16.45,133,9276,197
880220,16.95,133,9298,197
880221,16.6,133,9263,197
880222,13.65,133,9076,197
880223,17.2,133,9198,197
880224,12.25,133,9116,197
880225,15.6,133,8984,197
880226,17.35,133,9211,197
880227,17.5,133,8980,197
880228,15.25,133,9182,197
880229,18.6,133,9154,197
880230,16.85,133,9052,197
880231,17.25,133,9100,197
880232,17.9,133,8952,197
880233,14.75,133,9270,197
880234,16.65,133,9088,197
880235,17,133,9176,197
880236,16.35,133,8996,197
880237,17.25,133,9242,197
880238,15.9,133,9115,197
880239,14.1,133,9236,197
880240,12,133,9123,197
880241,16.85,133,9114,197
880242,15.55,133,9269,197
880243,13.35,133,9000,197
880244,14.65,133,9144,197
880245,14.85,133,8953,197
880246,15.9,133,9286,197
880247,16.95,133,9213,197
880248,16.95,133,9248,197
880249,17.25,133,9009,197
880250,16.05,133,9048,197
880251,18.85,133,9210,197
880252,17.5,133,9005,197
880253,16.3,133,9297,197
880254,13.75,133,9152,197
880255,16,133,9016,197
880256,17.05,133,9094,197
880257,18.25,133,9074,197
880258,14.95,133,9250,197
880259,15.6,133,9119,197
880260,14.5,133,9019,197
880261,16.85,133,9249,197
880262,12.8,133,9283,197
880263,15.1,133,9221,197
880264,14.8,133,9278,197
880265,17.95,133,9183,197
880266,11.9,133,8954,197
880267,15.85,133,9107,197
880268,16,133,8968,197
880269,16.85,133,9133,197
880270,17.6,133,9218,197
880271,15.85,133,9113,197
880272,16,133,9058,197
880273,16.6,133,9148,197
880274,17.9,133,9232,197
880275,14.85,133,9323,197
880276,15.4,133,9237,197
880277,13.05,133,8949,197
880278,16.6,133,9153,197
880279,15.85,133,9170,197
880280,16.25,133,8970,197
880281,16.25,133,9138,197
880282,17.8,133,9082,197
880283,18.85,133,8999,197
880284,14.8,133,8978,197
880285,16.1,133,9025,197
880286,16.85,133,9128,197
880287,14.35,133,9069,197
880288,12.65,133,9117,197
880289,12.1,133,8966,197
880290,16.7,133,9032,197
880291,16.25,133,9222,197
880292,16.25,133,9011,197
880293,19.4,133,9243,197
880294,15.6,133,9225,197
880295,12.6,133,9106,197
880296,17.7,133,9215,197
880297,17.75,133,9134,197
880298,17.2,133,9096,197
880299,18.75,133,9296,197
880300,16.2,133,9295,197
880301,17.85,133,9227,197
880302,15.95,133,9280,197
880303,15.2,133,9240,197
880304,17.85,133,8960,197
880305,16.25,133,9185,197
880306,18.85,133,9037,197
880307,15.85,133,9120,197
880308,16.2,133,9050,197
880309,16.1,133,8946,197
880310,15.8,133,9312,197
880311,18.95,133,9179,197
880312,16.05,133,9195,197
880313,16,133,9077,197
880314,16.5,133,9160,197
880315,17.2,133,9334,197
880316,16.75,133,9092,197
880317,15.9,133,9319,197
880318,15.05,133,8983,197
880319,12,133,9194,197
880320,10.6,133,9140,197
880321,16,133,8992,197
880322,17.25,133,9253,197
880323,11.95,133,9273,197
880324,15.8,133,9061,197
880325,16.2,133,9340,197
880326,13.95,133,9078,197
880327,16.2,133,8972,197
880328,15.4,133,9299,197
880329,12.65,133,9281,197
880330,18.2,133,9002,197
880331,13.65,133,9189,197
880332,14.1,133,9290,197
880333,14.25,133,9315,197
880334,16.35,133,8950,197
880335,18.6,133,9129,197
880336,12.9,133,9008,197
880337,16.85,133,9095,197
880338,14.85,133,9307,197
880339,17.95,133,9338,197
880340,11.6,133,9267,197
880341,12.95,133,9073,197
880342,18.05,133,9041,197
880343,12.4,133,9097,197
880344,16.1,133,8976,197
880345,14.9,133,9143,197
880346,16.25,133,8961,197
880347,17.6,133,9331,197
880348,16.55,133,9026,197
880349,16.6,133,9322,197
880350,16.2,133,9039,197
880351,16.1,133,9279,197
880352,17.1,133,9197,197
880353,15.6,133,9145,197
880354,15.85,133,9010,197
880355,17.6,133,8945,197
880356,15.6,133,9329,197
880357,14.95,133,8975,197
880358,16.85,133,9135,197
880359,15,133,9204,197
880360,16.95,133,9172,197
880361,14.25,133,9292,197
880362,14.25,133,9063,197
880363,16.25,133,9150,197
880364,14.2,133,9300,197
880365,19.25,133,9121,197
880366,17,133,9212,197
880367,17.2,133,8971,197
880368,12.8,133,9081,197
880369,18.85,133,9219,197
880370,17.45,133,8962,197
880371,16,133,9328,197
880372,11.85,133,9257,197
880373,17.35,133,9191,197
880374,16,133,9228,197
880375,16.6,133,8948,197
880376,16.35,133,8990,197
880377,16.6,133,9006,197
880378,13.9,133,9207,197
880379,13.5,133,9168,197
880380,14.85,133,9235,197
880381,16.85,133,8959,197
880382,16.3,133,9047,197
880383,16.95,133,9291,197
880384,17.15,133,9099,197
880385,15.5,133,9112,197
880386,16,133,9178,197
880387,13.35,133,9062,197
880388,17.6,133,9256,197
880389,16.85,133,9033,197
880390,12.25,133,9067,197
880391,16.4,133,9303,197
880392,16.35,133,9090,197
880393,16.9,133,9017,197
880394,11.85,133,9104,197
880395,12.2,133,9103,197
880396,15.55,133,9083,197
880397,15.75,133,9245,197
880398,16.85,133,9274,197
880399,16.35,133,9024,197
880400,16.6,133,9321,197
880401,17.6,133,9266,197
880402,18.85,133,9040,197
880403,19,133,9127,197
880404,18.3,133,9175,197
880405,14,133,9167,197
880406,11.1,133,9049,197
880407,12.95,133,8955,197
880408,11.2,133,9226,197
880409,17.85,133,9230,197
880410,18.5,133,8941,197
880411,18.9,133,9022,197
880412,17.55,133,9203,197
880413,16.65,133,9055,197
880414,16.45,133,9217,197
880415,16.1,133,9196,197
880416,15.5,133,9126,197
880417,16.9,133,9007,197
880418,15.5,133,9188,197
880419,17.1,133,9072,197
880420,15.5,133,9233,197
880421,15.2,133,9091,197
880422,16.2,133,8986,197
880423,16.45,133,8957,197
880424,19.25,133,9169,197
880425,13.25,133,9139,197
880426,17.5,133,9258,197
880427,16.7,134,8967,197
880428,15.35,134,9305,197
880429,16.1,134,9277,197
880430,10.25,134,8995,197
880431,17.05,134,9056,197
880432,16.5,134,8994,197
880433,18.25,134,9255,197
880434,15.4,134,8982,197
880435,16.65,134,9294,197
880436,15.1,134,8998,197
880437,15.5,134,9080,197
880438,16.55,134,9028,197
880439,17.6,134,9177,197
880440,16.65,134,9332,197
880441,17,134,9187,197
880442,17.2,134,9034,197
880443,14.2,134,9031,197
880444,13.25,134,9282,197
880445,13.75,134,8979,197
880446,16.35,134,8977,197
880447,14.65,134,9252,197
880448,14.75,134,9125,197
880449,17.6,134,9246,197
880450,12.45,134,9075,197
880451,16,134,9223,197
880452,12,134,9122,197
880453,15.1,134,9064,197
880454,17.25,134,9314,197
880455,16.15,134,9275,197
880456,12.65,134,9004,197
880457,9.5,134,9293,197
880458,17.25,134,9206,197
880459,16.35,134,9079,197
880460,16.35,134,9333,197
880461,16.85,134,9309,197
880462,14.5,134,9156,197
880463,16.5,134,9201,197
880464,18.9,134,9173,197
880465,17.4,134,9086,197
880466,12.45,134,9038,197
880467,15.45,134,8965,197
880468,13.2,134,9238,197
880469,17.2,134,9313,197
880470,16.25,134,9199,197
880471,15.5,134,8956,197
880472,16.7,134,9054,197
880473,16.95,134,9098,197
880474,16.85,134,9306,197
880475,15.6,134,9310,197
880476,16.85,134,9020,197
880477,17.35,134,9171,197
880478,17.6,134,9164,197
880479,18.2,134,9317,197
880480,11.45,134,9181,197
880481,16.65,134,9158,197
880482,13.25,134,8991,197
880483,17.6,134,9159,197
880484,17.35,134,8964,197
880485,16.55,134,9162,197
880486,12.85,134,9302,197
880487,16.1,134,9060,197
880488,11.7,134,9165,197
880489,13,134,9089,197
880490,13.35,134,9071,197
880491,15.05,134,9316,197
880492,16.5,134,9325,197
880493,16.25,134,9110,197
880494,16.45,134,9042,197
880495,16.45,134,8947,197
880496,16.85,134,9311,197
880497,14.75,134,8981,197
880498,15.25,134,9229,197
880499,15.45,134,9208,197
880500,13.4,134,9027,197
880501,16.25,134,9288,197
880502,14.5,134,9109,197
880503,11.7,134,9030,197
880504,13.1,134,9234,197
880505,13.65,134,9084,197
880506,16.25,134,9070,197
880507,18.2,134,9132,197
880508,16.8,134,9209,197
880509,17.35,134,9330,197
880510,16.45,134,9202,197
880511,16.25,134,9012,197
880512,16.65,134,9023,197
880513,14,134,9013,197
880514,17.4,134,9053,197
880515,16.65,134,9130,197
880516,11.25,134,9216,197
880517,17.45,134,9287,197
880518,15.85,134,8987,197
880519,14.2,134,9111,197
880520,11.85,134,9147,197
880521,16.25,134,9336,197
880522,16.65,134,9131,197
880523,17.1,134,9163,197
880524,17.3,134,9200,197
880525,14.9,134,9118,197
880526,15.1,134,9284,197
880527,17.25,134,9214,197
880528,13.25,134,9268,197
880529,17.2,134,9326,197
880530,16.8,134,8944,197
880531,16.55,134,8988,197
880532,17.4,134,9003,197
880533,15.9,134,9044,197
880534,17.6,134,9254,197
880535,18.1,134,9289,197
880536,15.7,134,9272,197
880537,14.35,134,9174,197
880538,16.85,134,9262,197
880539,16.25,134,9261,197
880540,15.45,134,8963,197
880541,16.25,134,9151,197
880542,16.35,134,9085,197
880543,16.75,134,9186,197
880544,16.6,134,9239,197
880545,14.75,134,9137,197
880546,17.7,134,9285,197
880547,15.6,134,9155,197
880548,18.5,134,9051,197
880549,17.3,134,9192,197
880550,14.8,134,9057,197
880551,16.2,134,9324,197
880552,16.75,134,9335,197
880553,14.95,134,9136,197
880554,13.85,134,8974,197
880555,11.25,134,9337,197
880556,17.25,134,9093,197
880557,16.6,134,8989,197
880558,11.65,134,8985,197
880559,15,134,9247,197
880560,13.2,134,9271,197
880561,14.9,134,9193,197
880562,13.55,134,9231,197
880563,12.8,134,9264,197
880564,13.25,134,9318,197
880565,14.85,134,9087,197
880566,13.5,134,8969,197
880567,14.95,134,8942,197
880568,18,134,9260,197
880569,15.95,134,9149,197
880570,17.1,134,9327,197
880571,15.35,134,8993,197
880572,17.8,134,9320,197
880573,14,134,9014,197
880574,16.45,134,9304,197
880575,15.7,134,9001,197
880576,14.05,134,9241,197
880577,16,134,9018,197
880578,12.2,134,9059,197
880579,10.35,134,9035,197
880580,15.95,134,9036,197
880581,14.5,134,9142,197
880582,17.9,134,9166,197
880583,11.85,134,9102,197
880584,15.5,134,9276,197
880585,15.6,134,9298,197
880586,17.35,134,9263,197
880587,14,134,9076,197
880588,15.45,134,9198,197
880589,11.2,134,9116,197
880590,14.15,134,8984,197
880591,18.6,134,9211,197
880592,17.4,134,8980,197
880593,14.95,134,9182,197
880594,16.5,134,9154,197
880595,16.2,134,9052,197
880596,16.6,134,9100,197
880597,17.15,134,8952,197
880598,15.2,134,9270,197
880599,16.85,134,9088,197
880600,15.35,134,9176,197
880601,16.65,134,8996,197
880602,16.6,134,9242,197
880603,16.95,134,9115,197
880604,13.6,134,9236,197
880605,12,134,9123,197
880606,15.5,134,9114,197
880607,16.1,134,9269,197
880608,13.25,134,9000,197
880609,15.85,134,9144,197
880610,15.55,134,8953,197
880611,15.7,134,9286,197
880612,16.95,134,9213,197
880613,17,134,9248,197
880614,16.25,134,9009,197
880615,15.15,134,9048,197
880616,16.6,134,9210,197
880617,15.85,134,9005,197
880618,15.85,134,9297,197
880619,12.05,134,9152,197
880620,15.1,134,9016,197
880621,16.6,134,9094,197
880622,16.5,134,9074,197
880623,13.65,134,9250,197
880624,15.05,134,9119,197
880625,14.55,134,9019,197
880626,16.35,134,9249,197
880627,11.6,134,9283,197
880628,14.1,134,9221,197
880629,14.35,134,9278,197
880630,17.25,134,9183,197
880631,11,134,8954,197
880632,14.9,134,9107,197
880633,14.25,134,8968,197
880634,17.65,134,9133,197
880635,18.25,134,9218,197
880636,16.6,134,9113,197
880637,17.2,134,9058,197
880638,16.9,134,9148,197
880639,18.6,134,9232,197
880640,15.1,134,9323,197
880641,14.1,134,9237,197
880642,10.9,134,8949,197
880643,15.1,134,9153,197
880644,14.95,134,9170,197
880645,16.35,134,8970,197
880646,16.85,134,9138,197
880647,17.05,134,9082,197
880648,17.2,134,8999,197
880649,14.05,134,8978,197
880650,16.85,134,9025,197
880651,15.6,134,9128,197
880652,16.05,134,9069,197
880653,13.95,134,9117,197
880654,12.75,134,8966,197
880655,17.15,134,9032,197
880656,17,134,9222,197
880657,15.25,134,9011,197
880658,18.3,134,9243,197
880659,13.75,134,9225,197
880660,10.8,134,9106,197
880661,17.95,134,9215,197
880662,16.8,134,9134,197
880663,16.35,134,9096,197
880664,16.85,134,9296,197
880665,14.9,134,9295,197
880666,17.25,134,9227,197
880667,16.65,134,9280,197
880668,15.6,134,9240,197
880669,16.2,134,8960,197
880670,16.65,134,9185,197
880671,18.7,134,9037,197
880672,14.65,134,9120,197
880673,16.25,134,9050,197
880674,15.6,134,8946,197
880675,15.1,134,9312,197
880676,18.05,134,9179,197
880677,16.25,134,9195,197
880678,15.1,134,9077,197
880679,17.2,134,9160,197
880680,18,134,9334,197
880681,17.35,134,9092,197
880682,15.9,134,9319,197
880683,15.25,134,8983,197
880684,12.5,134,9194,197
880685,10.9,134,9140,197
880686,14.55,134,8992,197
880687,17.75,134,9253,197
880688,12.25,134,9273,197
880689,15.25,134,9061,197
880690,15.5,134,9340,197
880691,13.65,134,9078,197
880692,16.95,134,8972,197
880693,15.5,134,9299,197
880694,11.7,134,9281,197
880695,16.45,134,9002,197
880696,14.6,134,9189,197
880697,13.5,134,9290,197
880698,13,134,9315,197
880699,16.5,134,8950,197
880700,17.6,134,9129,197
880701,14.45,134,9008,197
880702,14.85,134,9095,197
880703,14.5,134,9307,197
880704,17,134,9338,197
880705,12.85,134,9267,197
880706,13.3,134,9073,197
880707,16.95,134,9041,197
880708,11.25,134,9097,197
880709,14.6,134,8976,197
880710,14.55,134,9143,197
880711,14.85,134,8961,197
880712,15.85,134,9331,197
880713,16.65,134,9026,197
880714,18,134,9322,197
880715,17,134,9039,197
880716,15.3,134,9279,197
880717,15.6,134,9197,197
880718,15.25,134,9145,197
880719,14.3,134,9010,197
880720,18.2,134,8945,197
880721,15.75,134,9329,197
880722,13.85,134,8975,197
880723,16,134,9135,197
880724,14.2,134,9204,197
880725,16.4,134,9172,197
880726,14.1,134,9292,197
880727,13.45,134,9063,197
880728,14.6,134,9150,197
880729,14.25,134,9300,197
880730,18.1,134,9121,197
880731,16.55,134,9212,197
880732,17.9,134,8971,197
880733,12.5,134,9081,197
880734,17.55,134,9219,197
880735,17.45,134,8962,197
880736,16.3,134,9328,197
880737,14.1,134,9257,197
880738,15.95,134,9191,197
880739,16.75,134,9228,197
880740,16,134,8948,197
880741,15.25,134,8990,197
880742,15.85,134,9006,197
880743,12.75,134,9207,197
880744,13.45,134,9168,197
880745,15.2,134,9235,197
880746,17,134,8959,197
880747,15.9,134,9047,197
880748,15.6,134,9291,197
880749,16.5,134,9099,197
880750,13.8,134,9112,197
880751,15.2,134,9178,197
880752,12.25,134,9062,197
880753,17.5,134,9256,197
880754,14.75,134,9033,197
880755,13.35,134,9067,197
880756,15.85,134,9303,197
880757,17.25,134,9090,197
880758,15.25,134,9017,197
880759,11.25,134,9104,197
880760,12.5,134,9103,197
880761,16.35,134,9083,197
880762,15.2,134,9245,197
880763,16.6,134,9274,197
880764,15.3,134,9024,197
880765,16.95,134,9321,197
880766,18.35,134,9266,197
880767,16.6,134,9040,197
880768,16.5,134,9127,197
880769,18.05,134,9175,197
880770,14.25,134,9167,197
880771,11.6,134,9049,197
880772,12.85,134,8955,197
880773,11.25,134,9226,197
880774,17.85,134,9230,197
880775,16.1,134,8941,197
880776,16.25,134,9022,197
880777,16.85,134,9203,197
880778,16.3,134,9055,197
880779,16.65,134,9217,197
880780,15.6,134,9196,197
880781,14.7,134,9126,197
880782,15.15,134,9007,197
880783,14.1,134,9188,197
880784,18.25,134,9072,197
880785,15.65,134,9233,197
880786,15.55,134,9091,197
880787,15.85,134,8986,197
880788,16.4,134,8957,197
880789,17.35,134,9169,197
880790,12.9,134,9139,197
880791,17.85,134,9258,197
880792,15.6,135,8967,197
880793,16.85,135,9305,197
880794,17.25,135,9277,197
880795,11.55,135,8995,197
880796,17.25,135,9056,197
880797,17.9,135,8994,197
880798,18.4,135,9255,197
880799,15.5,135,8982,197
880800,19,135,9294,197
880801,16.65,135,8998,197
880802,16.4,135,9080,197
880803,18.25,135,9028,197
880804,17.25,135,9177,197
880805,17.25,135,9332,197
880806,16.6,135,9187,197
880807,19,135,9034,197
880808,13.25,135,9031,197
880809,14.25,135,9282,197
880810,14.25,135,8979,197
880811,16.25,135,8977,197
880812,15.5,135,9252,197
880813,17.6,135,9125,197
880814,18.25,135,9246,197
880815,13.9,135,9075,197
880816,15.6,135,9223,197
880817,12.6,135,9122,197
880818,17.25,135,9064,197
880819,17.9,135,9314,197
880820,17.6,135,9275,197
880821,12.85,135,9004,197
880822,11.85,135,9293,197
880823,17.5,135,9206,197
880824,17.6,135,9079,197
880825,17.6,135,9333,197
880826,16.45,135,9309,197
880827,16.25,135,9156,197
880828,15.6,135,9201,197
880829,17.5,135,9173,197
880830,17.4,135,9086,197
880831,12.6,135,9038,197
880832,18.4,135,8965,197
880833,14,135,9238,197
880834,18.6,135,9313,197
880835,16.25,135,9199,197
880836,15.25,135,8956,197
880837,17.25,135,9054,197
880838,16.85,135,9098,197
880839,17.1,135,9306,197
880840,16.65,135,9310,197
880841,18.25,135,9020,197
880842,19.6,135,9171,197
880843,17.1,135,9164,197
880844,16.6,135,9317,197
880845,12.35,135,9181,197
880846,17.65,135,9158,197
880847,15.25,135,8991,197
880848,18.25,135,9159,197
880849,17.6,135,8964,197
880850,18.2,135,9162,197
880851,14.3,135,9302,197
880852,16.85,135,9060,197
880853,12.85,135,9165,197
880854,15.25,135,9089,197
880855,13.6,135,9071,197
880856,16.35,135,9316,197
880857,16.6,135,9325,197
880858,16.95,135,9110,197
880859,15.5,135,9042,197
880860,15.9,135,8947,197
880861,18.6,135,9311,197
880862,15.6,135,8981,197
880863,17.5,135,9229,197
880864,15.45,135,9208,197
880865,14,135,9027,197
880866,17.1,135,9288,197
880867,14.6,135,9109,197
880868,12.35,135,9030,197
880869,12.5,135,9234,197
880870,13.1,135,9084,197
880871,16.6,135,9070,197
880872,18.1,135,9132,197
880873,19,135,9209,197
880874,17.5,135,9330,197
880875,17.6,135,9202,197
880876,16.25,135,9012,197
880877,16.95,135,9023,197
880878,15.6,135,9013,197
880879,18.85,135,9053,197
880880,19.1,135,9130,197
880881,12.6,135,9216,197
880882,18.6,135,9287,197
880883,16.5,135,8987,197
880884,15.1,135,9111,197
880885,14,135,9147,197
880886,16.35,135,9336,197
880887,16.25,135,9131,197
880888,16.25,135,9163,197
880889,18.25,135,9200,197
880890,15.85,135,9118,197
880891,16.75,135,9284,197
880892,17.6,135,9214,197
880893,13.6,135,9268,197
880894,18.1,135,9326,197
880895,17.8,135,8944,197
880896,17.65,135,8988,197
880897,17.65,135,9003,197
880898,14.85,135,9044,197
880899,17.2,135,9254,197
880900,18.6,135,9289,197
880901,16.6,135,9272,197
880902,14.95,135,9174,197
880903,18,135,9262,197
880904,16.65,135,9261,197
880905,16.2,135,8963,197
880906,18.35,135,9151,197
880907,15.95,135,9085,197
880908,17.2,135,9186,197
880909,16.9,135,9239,197
880910,15.25,135,9137,197
880911,17.85,135,9285,197
880912,15.4,135,9155,197
880913,18.2,135,9051,197
880914,18.25,135,9192,197
880915,16.35,135,9057,197
880916,18.25,135,9324,197
880917,18,135,9335,197
880918,15.95,135,9136,197
880919,17.1,135,8974,197
880920,10.2,135,9337,197
880921,18.85,135,9093,197
880922,17.1,135,8989,197
880923,12.9,135,8985,197
880924,15.35,135,9247,197
880925,13.85,135,9271,197
880926,17.35,135,9193,197
880927,14.6,135,9231,197
880928,13.45,135,9264,197
880929,13.95,135,9318,197
880930,15.6,135,9087,197
880931,14.6,135,8969,197
880932,16.1,135,8942,197
880933,19.25,135,9260,197
880934,16.2,135,9149,197
880935,17.9,135,9327,197
880936,14.65,135,8993,197
880937,18.2,135,9320,197
880938,15.75,135,9014,197
880939,17.85,135,9304,197
880940,16.6,135,9001,197
880941,15.5,135,9241,197
880942,17.65,135,9018,197
880943,13.2,135,9059,197
880944,10.55,135,9035,197
880945,17.6,135,9036,197
880946,14.55,135,9142,197
880947,18.25,135,9166,197
880948,11.85,135,9102,197
880949,17.6,135,9276,197
880950,17.8,135,9298,197
880951,17.35,135,9263,197
880952,13.95,135,9076,197
880953,18,135,9198,197
880954,10.45,135,9116,197
880955,15.25,135,8984,197
880956,18.1,135,9211,197
880957,18.85,135,8980,197
880958,15.85,135,9182,197
880959,17.2,135,9154,197
880960,17,135,9052,197
880961,16.9,135,9100,197
880962,16.85,135,8952,197
880963,15.5,135,9270,197
880964,17,135,9088,197
880965,17,135,9176,197
880966,16.85,135,8996,197
880967,16.8,135,9242,197
880968,16.5,135,9115,197
880969,14.35,135,9236,197
880970,12.1,135,9123,197
880971,16.65,135,9114,197
880972,15.95,135,9269,197
880973,14.25,135,9000,197
880974,16.85,135,9144,197
880975,17.35,135,8953,197
880976,15.95,135,9286,197
880977,18.9,135,9213,197
880978,17.55,135,9248,197
880979,16,135,9009,197
880980,16.85,135,9048,197
880981,17.45,135,9210,197
880982,16.6,135,9005,197
880983,16.45,135,9297,197
880984,13.1,135,9152,197
880985,16,135,9016,197
880986,16.95,135,9094,197
880987,17.2,135,9074,197
880988,14.35,135,9250,197
880989,16.45,135,9119,197
880990,14.5,135,9019,197
880991,16.5,135,9249,197
880992,12.25,135,9283,197
880993,15.65,135,9221,197
880994,15.2,135,9278,197
880995,18.45,135,9183,197
880996,12.1,135,8954,197
880997,15.6,135,9107,197
880998,15.25,135,8968,197
880999,19.05,135,9133,197
881000,19.25,135,9218,197
881001,17.35,135,9113,197
881002,17.95,135,9058,197
881003,18.6,135,9148,197
881004,18.6,135,9232,197
881005,16.35,135,9323,197
881006,15.6,135,9237,197
881007,12.35,135,8949,197
881008,16.85,135,9153,197
881009,16.65,135,9170,197
881010,17.5,135,8970,197
881011,18,135,9138,197
881012,18.6,135,9082,197
881013,18.85,135,8999,197
881014,16.25,135,8978,197
881015,16,135,9025,197
881016,17.85,135,9128,197
881017,17,135,9069,197
881018,12.85,135,9117,197
881019,13,135,8966,197
881020,18.6,135,9032,197
881021,16.65,135,9222,197
881022,17.85,135,9011,197
881023,19.2,135,9243,197
881024,14.9,135,9225,197
881025,11.45,135,9106,197
881026,17.5,135,9215,197
881027,19.2,135,9134,197
881028,18.2,135,9096,197
881029,17.95,135,9296,197
881030,16.25,135,9295,197
881031,18.35,135,9227,197
881032,15.6,135,9280,197
881033,14.95,135,9240,197
881034,18,135,8960,197
881035,17.25,135,9185,197
881036,17.75,135,9037,197
881037,15.85,135,9120,197
881038,15.1,135,9050,197
881039,15.85,135,8946,197
881040,14.2,135,9312,197
881041,19.6,135,9179,197
881042,16.25,135,9195,197
881043,16.6,135,9077,197
881044,17.5,135,9160,197
881045,18.35,135,9334,197
881046,16.85,135,9092,197
881047,15.5,135,9319,197
881048,15.2,135,8983,197
881049,12,135,9194,197
881050,12.2,135,9140,197
881051,16.75,135,8992,197
881052,17.95,135,9253,197
881053,12.6,135,9273,197
881054,16.45,135,9061,197
881055,14.45,135,9340,197
881056,13.5,135,9078,197
881057,17.2,135,8972,197
881058,15,135,9299,197
881059,12.45,135,9281,197
881060,19,135,9002,197
881061,14.3,135,9189,197
881062,14.2,135,9290,197
881063,14.65,135,9315,197
881064,16.5,135,8950,197
881065,17.7,135,9129,197
881066,15.25,135,9008,197
881067,15.8,135,9095,197
881068,14.25,135,9307,197
881069,17,135,9338,197
881070,13.85,135,9267,197
881071,14.1,135,9073,197
881072,18.25,135,9041,197
881073,11.6,135,9097,197
881074,17,135,8976,197
881075,13.5,135,9143,197
881076,16,135,8961,197
881077,18,135,9331,197
881078,16.85,135,9026,197
881079,18,135,9322,197
881080,15.8,135,9039,197
881081,16.25,135,9279,197
881082,17.2,135,9197,197
881083,16.6,135,9145,197
881084,16.45,135,9010,197
881085,18,135,8945,197
881086,17.25,135,9329,197
881087,14.4,135,8975,197
881088,17.25,135,9135,197
881089,17,135,9204,197
881090,18,135,9172,197
881091,16.85,135,9292,197
881092,14,135,9063,197
881093,14.4,135,9150,197
881094,14.45,135,9300,197
881095,19.2,135,9121,197
881096,15.85,135,9212,197
881097,17.85,135,8971,197
881098,12.6,135,9081,197
881099,17.6,135,9219,197
881100,18.6,135,8962,197
881101,15.85,135,9328,197
881102,14.6,135,9257,197
881103,17.9,135,9191,197
881104,16.2,135,9228,197
881105,17.6,135,8948,197
881106,16.6,135,8990,197
881107,15.5,135,9006,197
881108,14.25,135,9207,197
881109,14.5,135,9168,197
881110,15.85,135,9235,197
881111,16,135,8959,197
881112,15.45,135,9047,197
881113,16.6,135,9291,197
881114,16.85,135,9099,197
881115,16,135,9112,197
881116,15.25,135,9178,197
881117,14.35,135,9062,197
881118,17.5,135,9256,197
881119,16,135,9033,197
881120,13.25,135,9067,197
881121,17.45,135,9303,197
881122,17.2,135,9090,197
881123,15.1,135,9017,197
881124,11.6,135,9104,197
881125,11.85,135,9103,197
881126,16.5,135,9083,197
881127,15.85,135,9245,197
881128,17.6,135,9274,197
881129,15.2,135,9024,197
881130,17.65,135,9321,197
881131,16.25,135,9266,197
881132,17.95,135,9040,197
881133,19.25,135,9127,197
881134,18.6,135,9175,197
881135,14.6,135,9167,197
881136,11.2,135,9049,197
881137,15.25,135,8955,197
881138,11.35,135,9226,197
881139,18.25,135,9230,197
881140,18.65,135,8941,197
881141,17.1,135,9022,197
881142,18.6,135,9203,197
881143,15.6,135,9055,197
881144,16.85,135,9217,197
881145,17.85,135,9196,197
881146,16.25,135,9126,197
881147,15.85,135,9007,197
881148,15.25,135,9188,197
881149,17.35,135,9072,197
881150,18,135,9233,197
881151,16.6,135,9091,197
881152,18.35,135,8986,197
881153,16.85,135,8957,197
881154,18.95,135,9169,197
881155,13.2,135,9139,197
881156,18.25,135,9258,197
881157,14.9,136,8967,197
881158,17.2,136,9305,197
881159,17,136,9277,197
881160,10,136,8995,197
881161,17.4,136,9056,197
881162,16.5,136,8994,197
881163,16.7,136,9255,197
881164,15.45,136,8982,197
881165,17.6,136,9294,197
881166,16.2,136,8998,197
881167,16.1,136,9080,197
881168,15.85,136,9028,197
881169,15.6,136,9177,197
881170,16,136,9332,197
881171,16,136,9187,197
881172,18.3,136,9034,197
881173,13,136,9031,197
881174,13.7,136,9282,197
881175,15.5,136,8979,197
881176,14.85,136,8977,197
881177,15.2,136,9252,197
881178,15.85,136,9125,197
881179,16.65,136,9246,197
881180,12.6,136,9075,197
881181,14.85,136,9223,197
881182,10.45,136,9122,197
881183,15,136,9064,197
881184,16,136,9314,197
881185,14.05,136,9275,197
881186,12.85,136,9004,197
881187,9.55,136,9293,197
881188,16.55,136,9206,197
881189,16.65,136,9079,197
881190,16.15,136,9333,197
881191,15.3,136,9309,197
881192,14.6,136,9156,197
881193,16.35,136,9201,197
881194,17.85,136,9173,197
881195,15.55,136,9086,197
881196,11.2,136,9038,197
881197,16.85,136,8965,197
881198,13,136,9238,197
881199,17.6,136,9313,197
881200,17.05,136,9199,197
881201,15.7,136,8956,197
881202,15.6,136,9054,197
881203,17.6,136,9098,197
881204,15.8,136,9306,197
881205,14.45,136,9310,197
881206,16.95,136,9020,197
881207,16.2,136,9171,197
881208,19,136,9164,197
881209,17.6,136,9317,197
881210,12.55,136,9181,197
881211,15.85,136,9158,197
881212,12.85,136,8991,197
881213,17.55,136,9159,197
881214,16.6,136,8964,197
881215,17.55,136,9162,197
881216,13.75,136,9302,197
881217,17,136,9060,197
881218,11,136,9165,197
881219,13.35,136,9089,197
881220,14.4,136,9071,197
881221,14.3,136,9316,197
881222,16.2,136,9325,197
881223,14.85,136,9110,197
881224,14,136,9042,197
881225,14.6,136,8947,197
881226,17.25,136,9311,197
881227,15,136,8981,197
881228,14.25,136,9229,197
881229,15.4,136,9208,197
881230,11.7,136,9027,197
881231,16.5,136,9288,197
881232,13.5,136,9109,197
881233,10.6,136,9030,197
881234,12.65,136,9234,197
881235,11.2,136,9084,197
881236,16.55,136,9070,197
881237,19,136,9132,197
881238,16.95,136,9209,197
881239,16.35,136,9330,197
881240,14.65,136,9202,197
881241,16.6,136,9012,197
881242,16,136,9023,197
881243,13.05,136,9013,197
881244,16.25,136,9053,197
881245,16.25,136,9130,197
881246,11.95,136,9216,197
881247,18.65,136,9287,197
881248,16.85,136,8987,197
881249,13.95,136,9111,197
881250,11.6,136,9147,197
881251,17.3,136,9336,197
881252,16.85,136,9131,197
881253,15.45,136,9163,197
881254,16.35,136,9200,197
881255,16,136,9118,197
881256,15.45,136,9284,197
881257,15.3,136,9214,197
881258,14.75,136,9268,197
881259,17.2,136,9326,197
881260,16.75,136,8944,197
881261,17.95,136,8988,197
881262,16.25,136,9003,197
881263,13.7,136,9044,197
881264,15.7,136,9254,197
881265,17.75,136,9289,197
881266,16.9,136,9272,197
881267,15.45,136,9174,197
881268,18.25,136,9262,197
881269,15.55,136,9261,197
881270,15.95,136,8963,197
881271,18.1,136,9151,197
881272,16.45,136,9085,197
881273,16.4,136,9186,197
881274,15.25,136,9239,197
881275,14.6,136,9137,197
881276,17.65,136,9285,197
881277,17.15,136,9155,197
881278,17.85,136,9051,197
881279,17.55,136,9192,197
881280,16.35,136,9057,197
881281,17.2,136,9324,197
881282,17.25,136,9335,197
881283,14.45,136,9136,197
881284,14.45,136,8974,197
881285,11.1,136,9337,197
881286,16.6,136,9093,197
881287,16.2,136,8989,197
881288,11.45,136,8985,197
881289,13.65,136,9247,197
881290,11.6,136,9271,197
881291,15.5,136,9193,197
881292,13.05,136,9231,197
881293,14,136,9264,197
881294,13.5,136,9318,197
881295,15.15,136,9087,197
881296,12,136,8969,197
881297,14.85,136,8942,197
881298,17.85,136,9260,197
881299,15.2,136,9149,197
881300,16.45,136,9327,197
881301,13.45,136,8993,197
881302,18,136,9320,197
881303,14,136,9014,197
881304,17.35,136,9304,197
881305,16,136,9001,197
881306,15.1,136,9241,197
881307,16.6,136,9018,197
881308,10.25,136,9059,197
881309,11.2,136,9035,197
881310,16.95,136,9036,197
881311,13.85,136,9142,197
881312,16.85,136,9166,197
881313,9.55,136,9102,197
881314,15.6,136,9276,197
881315,17.25,136,9298,197
881316,15.65,136,9263,197
881317,13.6,136,9076,197
881318,16.4,136,9198,197
881319,10,136,9116,197
881320,14.6,136,8984,197
881321,16.95,136,9211,197
881322,16.65,136,8980,197
881323,15.6,136,9182,197
881324,15.6,136,9154,197
881325,17.2,136,9052,197
881326,15.65,136,9100,197
881327,17,136,8952,197
881328,15.15,136,9270,197
881329,15.9,136,9088,197
881330,16.7,136,9176,197
881331,15.5,136,8996,197
881332,16.85,136,9242,197
881333,15.6,136,9115,197
881334,13.25,136,9236,197
881335,10.65,136,9123,197
881336,16.5,136,9114,197
881337,15.65,136,9269,197
881338,13.6,136,9000,197
881339,14.65,136,9144,197
881340,15.3,136,8953,197
881341,16.25,136,9286,197
881342,17.05,136,9213,197
881343,17.9,136,9248,197
881344,15.25,136,9009,197
881345,16.35,136,9048,197
881346,19,136,9210,197
881347,14.15,136,9005,197
881348,16.25,136,9297,197
881349,11.5,136,9152,197
881350,15.25,136,9016,197
881351,16.45,136,9094,197
881352,16.85,136,9074,197
881353,14.95,136,9250,197
881354,14.65,136,9119,197
881355,14.6,136,9019,197
881356,16,136,9249,197
881357,11.85,136,9283,197
881358,13.9,136,9221,197
881359,14.6,136,9278,197
881360,16.75,136,9183,197
881361,9.1,136,8954,197
881362,14.15,136,9107,197
881363,15,136,8968,197
881364,16.55,136,9133,197
881365,16.6,136,9218,197
881366,15.65,136,9113,197
881367,14.65,136,9058,197
881368,17.25,136,9148,197
881369,18.25,136,9232,197
881370,14.95,136,9323,197
881371,14.65,136,9237,197
881372,10.5,136,8949,197
881373,14.95,136,9153,197
881374,15.2,136,9170,197
881375,17.05,136,8970,197
881376,16.45,136,9138,197
881377,16.6,136,9082,197
881378,16.8,136,8999,197
881379,12.5,136,8978,197
881380,15.7,136,9025,197
881381,16.5,136,9128,197
881382,14.25,136,9069,197
881383,12.65,136,9117,197
881384,12.35,136,8966,197
881385,17.45,136,9032,197
881386,15.6,136,9222,197
881387,15.2,136,9011,197
881388,17.6,136,9243,197
881389,14,136,9225,197
881390,11.2,136,9106,197
881391,18.15,136,9215,197
881392,16.95,136,9134,197
881393,16.85,136,9096,197
881394,16.25,136,9296,197
881395,14.55,136,9295,197
881396,16.95,136,9227,197
881397,15.15,136,9280,197
881398,15.1,136,9240,197
881399,17.85,136,8960,197
881400,16.2,136,9185,197
881401,17.5,136,9037,197
881402,15.45,136,9120,197
881403,14.3,136,9050,197
881404,15.4,136,8946,197
881405,14.3,136,9312,197
881406,17.65,136,9179,197
881407,15.6,136,9195,197
881408,15.75,136,9077,197
881409,16.65,136,9160,197
881410,17.6,136,9334,197
881411,16.95,136,9092,197
881412,15.75,136,9319,197
881413,14.55,136,8983,197
881414,12.25,136,9194,197
881415,9.95,136,9140,197
881416,15.6,136,8992,197
881417,17.25,136,9253,197
881418,12.25,136,9273,197
881419,14.95,136,9061,197
881420,14.1,136,9340,197
881421,12.7,136,9078,197
881422,15.1,136,8972,197
881423,14.55,136,9299,197
881424,11.85,136,9281,197
881425,18.2,136,9002,197
881426,13,136,9189,197
881427,13,136,9290,197
881428,13.95,136,9315,197
881429,15.7,136,8950,197
881430,16.25,136,9129,197
881431,14.4,136,9008,197
881432,14.8,136,9095,197
881433,12.6,136,9307,197
881434,17.2,136,9338,197
881435,12.2,136,9267,197
881436,12.6,136,9073,197
881437,16.45,136,9041,197
881438,10.9,136,9097,197
881439,15.75,136,8976,197
881440,15.7,136,9143,197
881441,15,136,8961,197
881442,18,136,9331,197
881443,14.9,136,9026,197
881444,14.45,136,9322,197
881445,16.6,136,9039,197
881446,16.25,136,9279,197
881447,15.95,136,9197,197
881448,14.5,136,9145,197
881449,15.25,136,9010,197
881450,17.35,136,8945,197
881451,14.25,136,9329,197
881452,13.6,136,8975,197
881453,15.25,136,9135,197
881454,15.6,136,9204,197
881455,16.25,136,9172,197
881456,14.6,136,9292,197
881457,13.15,136,9063,197
881458,14.15,136,9150,197
881459,13.9,136,9300,197
881460,18.25,136,9121,197
881461,14.25,136,9212,197
881462,17.45,136,8971,197
881463,13.85,136,9081,197
881464,17.45,136,9219,197
881465,18.25,136,8962,197
881466,14.85,136,9328,197
881467,13.55,136,9257,197
881468,15,136,9191,197
881469,16.35,136,9228,197
881470,16.25,136,8948,197
881471,15.55,136,8990,197
881472,14.6,136,9006,197
881473,14,136,9207,197
881474,13.85,136,9168,197
881475,15.2,136,9235,197
881476,15.6,136,8959,197
881477,15.55,136,9047,197
881478,15.95,136,9291,197
881479,14.85,136,9099,197
881480,13.9,136,9112,197
881481,14.85,136,9178,197
881482,13.1,136,9062,197
881483,15.75,136,9256,197
881484,15.1,136,9033,197
881485,11.75,136,9067,197
881486,15,136,9303,197
881487,16.8,136,9090,197
881488,14.75,136,9017,197
881489,11.85,136,9104,197
881490,11.5,136,9103,197
881491,15.55,136,9083,197
881492,15.25,136,9245,197
881493,15.25,136,9274,197
881494,14.75,136,9024,197
881495,17.25,136,9321,197
881496,16.45,136,9266,197
881497,16.6,136,9040,197
881498,16.75,136,9127,197
881499,17.85,136,9175,197
881500,13.95,136,9167,197
881501,10.7,136,9049,197
881502,12.15,136,8955,197
881503,11.25,136,9226,197
881504,17.85,136,9230,197
881505,17.35,136,8941,197
881506,17.85,136,9022,197
881507,18.2,136,9203,197
881508,16.05,136,9055,197
881509,17.1,136,9217,197
881510,14.95,136,9196,197
881511,15.25,136,9126,197
881512,15.2,136,9007,197
881513,13.45,136,9188,197
881514,17.6,136,9072,197
881515,15.8,136,9233,197
881516,16.3,136,9091,197
881517,15.8,136,8986,197
881518,16.75,136,8957,197
881519,16,136,9169,197
881520,12.5,136,9139,197
881521,16.95,136,9258,197
881522,17.6,137,8967,197
881523,18.65,137,9305,197
881524,18.6,137,9277,197
881525,12.25,137,8995,197
881526,19.6,137,9056,197
881527,18.85,137,8994,197
881528,19.6,137,9255,197
881529,17.45,137,8982,197
881530,20,137,9294,197
881531,17.6,137,8998,197
881532,16.8,137,9080,197
881533,19.65,137,9028,197
881534,18.6,137,9177,197
881535,18.85,137,9332,197
881536,19.2,137,9187,197
881537,20,137,9034,197
881538,15.85,137,9031,197
881539,15.95,137,9282,197
881540,15.85,137,8979,197
881541,17.25,137,8977,197
881542,17.95,137,9252,197
881543,18.35,137,9125,197
881544,19.25,137,9246,197
881545,15.25,137,9075,197
881546,18.2,137,9223,197
881547,13.6,137,9122,197
881548,17.6,137,9064,197
881549,19.25,137,9314,197
881550,18,137,9275,197
881551,15.25,137,9004,197
881552,13.6,137,9293,197
881553,18.85,137,9206,197
881554,17.25,137,9079,197
881555,19.2,137,9333,197
881556,18.35,137,9309,197
881557,17.9,137,9156,197
881558,17.85,137,9201,197
881559,20,137,9173,197
881560,19.25,137,9086,197
881561,14.85,137,9038,197
881562,19,137,8965,197
881563,15.6,137,9238,197
881564,19.6,137,9313,197
881565,18.85,137,9199,197
881566,17.85,137,8956,197
881567,18.6,137,9054,197
881568,18.25,137,9098,197
881569,18.85,137,9306,197
881570,17.9,137,9310,197
881571,19.6,137,9020,197
881572,20,137,9171,197
881573,20,137,9164,197
881574,18.45,137,9317,197
881575,13.6,137,9181,197
881576,17.35,137,9158,197
881577,15.2,137,8991,197
881578,19.25,137,9159,197
881579,19.25,137,8964,197
881580,18.6,137,9162,197
881581,15.25,137,9302,197
881582,19,137,9060,197
881583,13.9,137,9165,197
881584,15.6,137,9089,197
881585,15.6,137,9071,197
881586,17.75,137,9316,197
881587,18.6,137,9325,197
881588,18.85,137,9110,197
881589,16.6,137,9042,197
881590,18,137,8947,197
881591,18.85,137,9311,197
881592,17,137,8981,197
881593,17.85,137,9229,197
881594,18.2,137,9208,197
881595,14.25,137,9027,197
881596,18.35,137,9288,197
881597,16.6,137,9109,197
881598,13.6,137,9030,197
881599,13.25,137,9234,197
881600,16,137,9084,197
881601,19.25,137,9070,197
881602,20,137,9132,197
881603,19.6,137,9209,197
881604,18.6,137,9330,197
881605,17.2,137,9202,197
881606,17.95,137,9012,197
881607,18.6,137,9023,197
881608,15.6,137,9013,197
881609,20,137,9053,197
881610,18.6,137,9130,197
881611,13.25,137,9216,197
881612,19.6,137,9287,197
881613,19.2,137,8987,197
881614,16.85,137,9111,197
881615,15,137,9147,197
881616,19,137,9336,197
881617,18.6,137,9131,197
881618,18.25,137,9163,197
881619,19.2,137,9200,197
881620,18,137,9118,197
881621,17.6,137,9284,197
881622,18.2,137,9214,197
881623,16.25,137,9268,197
881624,19.25,137,9326,197
881625,19.25,137,8944,197
881626,18.6,137,8988,197
881627,20,137,9003,197
881628,16.25,137,9044,197
881629,18.25,137,9254,197
881630,20,137,9289,197
881631,18.25,137,9272,197
881632,16.2,137,9174,197
881633,20,137,9262,197
881634,18.25,137,9261,197
881635,18.9,137,8963,197
881636,18.6,137,9151,197
881637,18.25,137,9085,197
881638,17.6,137,9186,197
881639,19,137,9239,197
881640,18.25,137,9137,197
881641,19.25,137,9285,197
881642,18.25,137,9155,197
881643,20,137,9051,197
881644,20,137,9192,197
881645,17.25,137,9057,197
881646,18.85,137,9324,197
881647,20,137,9335,197
881648,19.35,137,9136,197
881649,16.6,137,8974,197
881650,13.6,137,9337,197
881651,18.9,137,9093,197
881652,17.6,137,8989,197
881653,13.85,137,8985,197
881654,16.6,137,9247,197
881655,14.85,137,9271,197
881656,17.6,137,9193,197
881657,15.2,137,9231,197
881658,15.35,137,9264,197
881659,14.5,137,9318,197
881660,15.55,137,9087,197
881661,15.6,137,8969,197
881662,16.6,137,8942,197
881663,19.6,137,9260,197
881664,17.8,137,9149,197
881665,18.95,137,9327,197
881666,17.25,137,8993,197
881667,19.25,137,9320,197
881668,17.6,137,9014,197
881669,19.6,137,9304,197
881670,18.85,137,9001,197
881671,17.6,137,9241,197
881672,17.6,137,9018,197
881673,15,137,9059,197
881674,14.25,137,9035,197
881675,18.35,137,9036,197
881676,16.25,137,9142,197
881677,20,137,9166,197
881678,13.85,137,9102,197
881679,19.6,137,9276,197
881680,18.85,137,9298,197
881681,19.2,137,9263,197
881682,14.95,137,9076,197
881683,18.85,137,9198,197
881684,14.6,137,9116,197
881685,16.6,137,8984,197
881686,20,137,9211,197
881687,19.2,137,8980,197
881688,17,137,9182,197
881689,18.85,137,9154,197
881690,16.9,137,9052,197
881691,17.25,137,9100,197
881692,19.6,137,8952,197
881693,17.2,137,9270,197
881694,17.85,137,9088,197
881695,17.95,137,9176,197
881696,18.35,137,8996,197
881697,18,137,9242,197
881698,17.6,137,9115,197
881699,17.6,137,9236,197
881700,14.6,137,9123,197
881701,17.85,137,9114,197
881702,18.65,137,9269,197
881703,15.75,137,9000,197
881704,19.25,137,9144,197
881705,18.85,137,8953,197
881706,17.85,137,9286,197
881707,18.6,137,9213,197
881708,20,137,9248,197
881709,17.6,137,9009,197
881710,17.25,137,9048,197
881711,20,137,9210,197
881712,18.6,137,9005,197
881713,18.25,137,9297,197
881714,15.35,137,9152,197
881715,17.2,137,9016,197
881716,18.6,137,9094,197
881717,19.65,137,9074,197
881718,17,137,9250,197
881719,18.25,137,9119,197
881720,15.6,137,9019,197
881721,18.25,137,9249,197
881722,14.1,137,9283,197
881723,17.25,137,9221,197
881724,15.45,137,9278,197
881725,19.25,137,9183,197
881726,12.6,137,8954,197
881727,16.85,137,9107,197
881728,16.6,137,8968,197
881729,19.25,137,9133,197
881730,18.6,137,9218,197
881731,17.6,137,9113,197
881732,18.25,137,9058,197
881733,20,137,9148,197
881734,20,137,9232,197
881735,17.2,137,9323,197
881736,17,137,9237,197
881737,13.95,137,8949,197
881738,16.85,137,9153,197
881739,18.85,137,9170,197
881740,19.2,137,8970,197
881741,19.6,137,9138,197
881742,19.6,137,9082,197
881743,19.6,137,8999,197
881744,16.85,137,8978,197
881745,18.6,137,9025,197
881746,18.85,137,9128,197
881747,16.5,137,9069,197
881748,15.25,137,9117,197
881749,14.85,137,8966,197
881750,18.85,137,9032,197
881751,17.25,137,9222,197
881752,17.85,137,9011,197
881753,20,137,9243,197
881754,16.6,137,9225,197
881755,13.6,137,9106,197
881756,19.65,137,9215,197
881757,19.6,137,9134,197
881758,18.6,137,9096,197
881759,18.85,137,9296,197
881760,17.35,137,9295,197
881761,19.6,137,9227,197
881762,18.25,137,9280,197
881763,18.6,137,9240,197
881764,19.25,137,8960,197
881765,19.25,137,9185,197
881766,20,137,9037,197
881767,16.85,137,9120,197
881768,17.6,137,9050,197
881769,18.85,137,8946,197
881770,17.6,137,9312,197
881771,20,137,9179,197
881772,18.6,137,9195,197
881773,17.6,137,9077,197
881774,18.25,137,9160,197
881775,19.6,137,9334,197
881776,18,137,9092,197
881777,16.6,137,9319,197
881778,16.85,137,8983,197
881779,14.85,137,9194,197
881780,12.6,137,9140,197
881781,18.45,137,8992,197
881782,18.85,137,9253,197
881783,14.85,137,9273,197
881784,18,137,9061,197
881785,16.85,137,9340,197
881786,14.25,137,9078,197
881787,18.6,137,8972,197
881788,17.5,137,9299,197
881789,13,137,9281,197
881790,19.25,137,9002,197
881791,15.6,137,9189,197
881792,16.6,137,9290,197
881793,15.6,137,9315,197
881794,20,137,8950,197
881795,17.95,137,9129,197
881796,17.6,137,9008,197
881797,18,137,9095,197
881798,16.25,137,9307,197
881799,19.6,137,9338,197
881800,14.85,137,9267,197
881801,15.85,137,9073,197
881802,19.6,137,9041,197
881803,13.25,137,9097,197
881804,18,137,8976,197
881805,17,137,9143,197
881806,17.85,137,8961,197
881807,19.25,137,9331,197
881808,17.6,137,9026,197
881809,19.6,137,9322,197
881810,18.25,137,9039,197
881811,17.2,137,9279,197
881812,17.25,137,9197,197
881813,18,137,9145,197
881814,16.6,137,9010,197
881815,19.6,137,8945,197
881816,17.2,137,9329,197
881817,16.25,137,8975,197
881818,18.85,137,9135,197
881819,17.6,137,9204,197
881820,17.6,137,9172,197
881821,17.6,137,9292,197
881822,16.25,137,9063,197
881823,16.25,137,9150,197
881824,15.85,137,9300,197
881825,20,137,9121,197
881826,17.85,137,9212,197
881827,19.25,137,8971,197
881828,15.2,137,9081,197
881829,19.2,137,9219,197
881830,19.6,137,8962,197
881831,18.25,137,9328,197
881832,15.6,137,9257,197
881833,19.2,137,9191,197
881834,18.2,137,9228,197
881835,17.6,137,8948,197
881836,18.25,137,8990,197
881837,17.6,137,9006,197
881838,14.85,137,9207,197
881839,15.6,137,9168,197
881840,17.9,137,9235,197
881841,19.25,137,8959,197
881842,16.85,137,9047,197
881843,17.65,137,9291,197
881844,19.65,137,9099,197
881845,17,137,9112,197
881846,16.25,137,9178,197
881847,15.25,137,9062,197
881848,18.6,137,9256,197
881849,17.95,137,9033,197
881850,15.2,137,9067,197
881851,17.6,137,9303,197
881852,19,137,9090,197
881853,16.25,137,9017,197
881854,13.35,137,9104,197
881855,14.2,137,9103,197
881856,18.2,137,9083,197
881857,17.6,137,9245,197
881858,18.6,137,9274,197
881859,17.5,137,9024,197
881860,19.6,137,9321,197
881861,19.25,137,9266,197
881862,18.85,137,9040,197
881863,20,137,9127,197
881864,20,137,9175,197
881865,15.65,137,9167,197
881866,12.35,137,9049,197
881867,14.85,137,8955,197
881868,12.85,137,9226,197
881869,20,137,9230,197
881870,19.2,137,8941,197
881871,20,137,9022,197
881872,20,137,9203,197
881873,18.65,137,9055,197
881874,19.35,137,9217,197
881875,18,137,9196,197
881876,18.25,137,9126,197
881877,17.95,137,9007,197
881878,16.85,137,9188,197
881879,19.2,137,9072,197
881880,19,137,9233,197
881881,18.55,137,9091,197
881882,18.6,137,8986,197
881883,18.85,137,8957,197
881884,18.85,137,9169,197
881885,14.25,137,9139,197
881886,19.6,137,9258,197
881887,18.25,138,8967,197
881888,16.6,138,9305,197
881889,17.85,138,9277,197
881890,12.85,138,8995,197
881891,19.6,138,9056,197
881892,19,138,8994,197
881893,19,138,9255,197
881894,16.1,138,8982,197
881895,19.25,138,9294,197
881896,16.25,138,8998,197
881897,16.6,138,9080,197
881898,18.25,138,9028,197
881899,18.85,138,9177,197
881900,17.95,138,9332,197
881901,17.85,138,9187,197
881902,19.2,138,9034,197
881903,14.25,138,9031,197
881904,15.6,138,9282,197
881905,16.6,138,8979,197
881906,16.2,138,8977,197
881907,17.25,138,9252,197
881908,16.85,138,9125,197
881909,18.95,138,9246,197
881910,15.25,138,9075,197
881911,17.85,138,9223,197
881912,12.6,138,9122,197
881913,17.6,138,9064,197
881914,18.6,138,9314,197
881915,16.95,138,9275,197
881916,14.2,138,9004,197
881917,12.6,138,9293,197
881918,18.85,138,9206,197
881919,18.6,138,9079,197
881920,18.45,138,9333,197
881921,16.6,138,9309,197
881922,16.6,138,9156,197
881923,18.6,138,9201,197
881924,19.2,138,9173,197
881925,18,138,9086,197
881926,13.85,138,9038,197
881927,18.2,138,8965,197
881928,15.1,138,9238,197
881929,19.25,138,9313,197
881930,18.2,138,9199,197
881931,16.6,138,8956,197
881932,17.85,138,9054,197
881933,17.5,138,9098,197
881934,18,138,9306,197
881935,17.6,138,9310,197
881936,19.25,138,9020,197
881937,19.6,138,9171,197
881938,19.2,138,9164,197
881939,19.6,138,9317,197
881940,13.6,138,9181,197
881941,17.95,138,9158,197
881942,15.6,138,8991,197
881943,19.6,138,9159,197
881944,18.6,138,8964,197
881945,18.35,138,9162,197
881946,15.35,138,9302,197
881947,18.6,138,9060,197
881948,13.6,138,9165,197
881949,16,138,9089,197
881950,14.85,138,9071,197
881951,16.6,138,9316,197
881952,18.2,138,9325,197
881953,18.6,138,9110,197
881954,17,138,9042,197
881955,16.85,138,8947,197
881956,18.1,138,9311,197
881957,17,138,8981,197
881958,17.2,138,9229,197
881959,15.95,138,9208,197
881960,14.2,138,9027,197
881961,18.4,138,9288,197
881962,15.6,138,9109,197
881963,11.85,138,9030,197
881964,14.25,138,9234,197
881965,16.2,138,9084,197
881966,18.45,138,9070,197
881967,20,138,9132,197
881968,19.75,138,9209,197
881969,17.85,138,9330,197
881970,16,138,9202,197
881971,18.25,138,9012,197
881972,18.25,138,9023,197
881973,15.2,138,9013,197
881974,19.25,138,9053,197
881975,18.2,138,9130,197
881976,13.2,138,9216,197
881977,19.2,138,9287,197
881978,17.25,138,8987,197
881979,15.6,138,9111,197
881980,13.6,138,9147,197
881981,18,138,9336,197
881982,18.95,138,9131,197
881983,17.5,138,9163,197
881984,19,138,9200,197
881985,18,138,9118,197
881986,16.6,138,9284,197
881987,17.25,138,9214,197
881988,15.6,138,9268,197
881989,18.25,138,9326,197
881990,19,138,8944,197
881991,18.25,138,8988,197
881992,19.65,138,9003,197
881993,15.45,138,9044,197
881994,17.85,138,9254,197
881995,20,138,9289,197
881996,17.6,138,9272,197
881997,16.25,138,9174,197
881998,18.95,138,9262,197
881999,18.25,138,9261,197
882000,17.5,138,8963,197
882001,19.6,138,9151,197
882002,18.25,138,9085,197
882003,17.6,138,9186,197
882004,17.5,138,9239,197
882005,16.85,138,9137,197
882006,19.6,138,9285,197
882007,16.6,138,9155,197
882008,20,138,9051,197
882009,18.95,138,9192,197
882010,16.85,138,9057,197
882011,18.25,138,9324,197
882012,19.25,138,9335,197
882013,17.25,138,9136,197
882014,16.25,138,8974,197
882015,11.85,138,9337,197
882016,18.25,138,9093,197
882017,16.6,138,8989,197
882018,14.25,138,8985,197
882019,16.25,138,9247,197
882020,14.85,138,9271,197
882021,18.2,138,9193,197
882022,15.85,138,9231,197
882023,15.6,138,9264,197
882024,15.85,138,9318,197
882025,16.85,138,9087,197
882026,14.85,138,8969,197
882027,16.85,138,8942,197
882028,19.6,138,9260,197
882029,16.85,138,9149,197
882030,18.25,138,9327,197
882031,16.6,138,8993,197
882032,19.6,138,9320,197
882033,16.9,138,9014,197
882034,18.2,138,9304,197
882035,18.35,138,9001,197
882036,18.6,138,9241,197
882037,18.25,138,9018,197
882038,14,138,9059,197
882039,12.6,138,9035,197
882040,17.25,138,9036,197
882041,16.25,138,9142,197
882042,18.95,138,9166,197
882043,13,138,9102,197
882044,18,138,9276,197
882045,19.25,138,9298,197
882046,17.6,138,9263,197
882047,14.85,138,9076,197
882048,19.25,138,9198,197
882049,13.25,138,9116,197
882050,16.65,138,8984,197
882051,20,138,9211,197
882052,19.25,138,8980,197
882053,17.6,138,9182,197
882054,18.6,138,9154,197
882055,17.5,138,9052,197
882056,17.75,138,9100,197
882057,18.25,138,8952,197
882058,17,138,9270,197
882059,16.6,138,9088,197
882060,17.65,138,9176,197
882061,17.95,138,8996,197
882062,18.65,138,9242,197
882063,17.95,138,9115,197
882064,14.5,138,9236,197
882065,14.25,138,9123,197
882066,17.55,138,9114,197
882067,17.2,138,9269,197
882068,15.25,138,9000,197
882069,18.25,138,9144,197
882070,16.85,138,8953,197
882071,17.85,138,9286,197
882072,19.25,138,9213,197
882073,19.35,138,9248,197
882074,16.25,138,9009,197
882075,17,138,9048,197
882076,20,138,9210,197
882077,18.6,138,9005,197
882078,17.5,138,9297,197
882079,13.6,138,9152,197
882080,17.85,138,9016,197
882081,17.85,138,9094,197
882082,18.85,138,9074,197
882083,16.45,138,9250,197
882084,17.35,138,9119,197
882085,16.25,138,9019,197
882086,17.95,138,9249,197
882087,13.6,138,9283,197
882088,17,138,9221,197
882089,16,138,9278,197
882090,19.65,138,9183,197
882091,12.5,138,8954,197
882092,16.6,138,9107,197
882093,17.25,138,8968,197
882094,18.85,138,9133,197
882095,19.6,138,9218,197
882096,18.25,138,9113,197
882097,18.35,138,9058,197
882098,19.25,138,9148,197
882099,20,138,9232,197
882100,16.95,138,9323,197
882101,16.6,138,9237,197
882102,12.65,138,8949,197
882103,16.85,138,9153,197
882104,17.6,138,9170,197
882105,18.6,138,8970,197
882106,18.6,138,9138,197
882107,19.35,138,9082,197
882108,18.25,138,8999,197
882109,16.35,138,8978,197
882110,18.25,138,9025,197
882111,18.2,138,9128,197
882112,17.2,138,9069,197
882113,12.85,138,9117,197
882114,14.25,138,8966,197
882115,19.25,138,9032,197
882116,18.5,138,9222,197
882117,17,138,9011,197
882118,20,138,9243,197
882119,15.35,138,9225,197
882120,11.85,138,9106,197
882121,19.65,138,9215,197
882122,19.6,138,9134,197
882123,17.6,138,9096,197
882124,17.85,138,9296,197
882125,17.45,138,9295,197
882126,19.6,138,9227,197
882127,16.6,138,9280,197
882128,16.2,138,9240,197
882129,19.25,138,8960,197
882130,19,138,9185,197
882131,19.6,138,9037,197
882132,16.65,138,9120,197
882133,17.6,138,9050,197
882134,17.25,138,8946,197
882135,16.6,138,9312,197
882136,19.15,138,9179,197
882137,16.95,138,9195,197
882138,17.6,138,9077,197
882139,18.6,138,9160,197
882140,18.6,138,9334,197
882141,18.85,138,9092,197
882142,16.6,138,9319,197
882143,18,138,8983,197
882144,13.95,138,9194,197
882145,12.9,138,9140,197
882146,16.35,138,8992,197
882147,19.6,138,9253,197
882148,12.85,138,9273,197
882149,17.85,138,9061,197
882150,16.85,138,9340,197
882151,14.6,138,9078,197
882152,19.2,138,8972,197
882153,16.5,138,9299,197
882154,13.85,138,9281,197
882155,18,138,9002,197
882156,15.6,138,9189,197
882157,15.35,138,9290,197
882158,16.35,138,9315,197
882159,18.85,138,8950,197
882160,17.5,138,9129,197
882161,16.85,138,9008,197
882162,16.95,138,9095,197
882163,15,138,9307,197
882164,19.2,138,9338,197
882165,14.2,138,9267,197
882166,15.6,138,9073,197
882167,19.25,138,9041,197
882168,12.6,138,9097,197
882169,16.25,138,8976,197
882170,16.25,138,9143,197
882171,18.6,138,8961,197
882172,18.6,138,9331,197
882173,17.6,138,9026,197
882174,19.25,138,9322,197
882175,17.95,138,9039,197
882176,17.25,138,9279,197
882177,17.25,138,9197,197
882178,18.65,138,9145,197
882179,17.6,138,9010,197
882180,19.65,138,8945,197
882181,16.8,138,9329,197
882182,15.25,138,8975,197
882183,19,138,9135,197
882184,16.95,138,9204,197
882185,18.85,138,9172,197
882186,16.55,138,9292,197
882187,15.6,138,9063,197
882188,16.5,138,9150,197
882189,15.75,138,9300,197
882190,19.6,138,9121,197
882191,16.25,138,9212,197
882192,19.25,138,8971,197
882193,15.65,138,9081,197
882194,18.85,138,9219,197
882195,18.2,138,8962,197
882196,16.85,138,9328,197
882197,15.95,138,9257,197
882198,17.25,138,9191,197
882199,17.85,138,9228,197
882200,17.85,138,8948,197
882201,16.85,138,8990,197
882202,17.25,138,9006,197
882203,14.95,138,9207,197
882204,14.95,138,9168,197
882205,17.85,138,9235,197
882206,17.85,138,8959,197
882207,18.1,138,9047,197
882208,16.5,138,9291,197
882209,17.85,138,9099,197
882210,17.6,138,9112,197
882211,15.6,138,9178,197
882212,14,138,9062,197
882213,17.6,138,9256,197
882214,17.25,138,9033,197
882215,13.85,138,9067,197
882216,17.85,138,9303,197
882217,17.85,138,9090,197
882218,16.65,138,9017,197
882219,13.2,138,9104,197
882220,14.2,138,9103,197
882221,17.2,138,9083,197
882222,15.85,138,9245,197
882223,18.6,138,9274,197
882224,18.6,138,9024,197
882225,18.45,138,9321,197
882226,18.6,138,9266,197
882227,18.6,138,9040,197
882228,20,138,9127,197
882229,19.2,138,9175,197
882230,15.35,138,9167,197
882231,12.6,138,9049,197
882232,15.25,138,8955,197
882233,12.85,138,9226,197
882234,19.6,138,9230,197
882235,17.85,138,8941,197
882236,18.85,138,9022,197
882237,19.25,138,9203,197
882238,17.85,138,9055,197
882239,18.6,138,9217,197
882240,18.6,138,9196,197
882241,16.45,138,9126,197
882242,17.95,138,9007,197
882243,15.6,138,9188,197
882244,19.6,138,9072,197
882245,17.6,138,9233,197
882246,15.95,138,9091,197
882247,18.6,138,8986,197
882248,17.85,138,8957,197
882249,19.25,138,9169,197
882250,13.35,138,9139,197
882251,19.6,138,9258,197
882252,15.95,139,8967,197
882253,16.85,139,9305,197
882254,17.6,139,9277,197
882255,10.85,139,8995,197
882256,18.6,139,9056,197
882257,17,139,8994,197
882258,19.25,139,9255,197
882259,16.85,139,8982,197
882260,19.35,139,9294,197
882261,16.5,139,8998,197
882262,16.45,139,9080,197
882263,17.65,139,9028,197
882264,19.75,139,9177,197
882265,18.25,139,9332,197
882266,17.5,139,9187,197
882267,18.25,139,9034,197
882268,15.35,139,9031,197
882269,13.8,139,9282,197
882270,16.1,139,8979,197
882271,15.85,139,8977,197
882272,15.85,139,9252,197
882273,17.1,139,9125,197
882274,18.65,139,9246,197
882275,13.4,139,9075,197
882276,17.6,139,9223,197
882277,11.85,139,9122,197
882278,17.45,139,9064,197
882279,18.85,139,9314,197
882280,15.25,139,9275,197
882281,14.2,139,9004,197
882282,12.65,139,9293,197
882283,18.5,139,9206,197
882284,18.6,139,9079,197
882285,16.65,139,9333,197
882286,16.25,139,9309,197
882287,14.85,139,9156,197
882288,16.2,139,9201,197
882289,18.9,139,9173,197
882290,17.2,139,9086,197
882291,13.5,139,9038,197
882292,18.6,139,8965,197
882293,15.95,139,9238,197
882294,18.7,139,9313,197
882295,17.1,139,9199,197
882296,15.85,139,8956,197
882297,17.25,139,9054,197
882298,16.4,139,9098,197
882299,16.85,139,9306,197
882300,16.25,139,9310,197
882301,19,139,9020,197
882302,19.2,139,9171,197
882303,19.1,139,9164,197
882304,19,139,9317,197
882305,13.25,139,9181,197
882306,17.35,139,9158,197
882307,14.4,139,8991,197
882308,18.1,139,9159,197
882309,18.9,139,8964,197
882310,17.75,139,9162,197
882311,14.85,139,9302,197
882312,17.6,139,9060,197
882313,13,139,9165,197
882314,15.6,139,9089,197
882315,13.55,139,9071,197
882316,15.85,139,9316,197
882317,19,139,9325,197
882318,16.7,139,9110,197
882319,17.35,139,9042,197
882320,15.85,139,8947,197
882321,18.45,139,9311,197
882322,17.6,139,8981,197
882323,17.45,139,9229,197
882324,16.45,139,9208,197
882325,13.6,139,9027,197
882326,18.2,139,9288,197
882327,15.65,139,9109,197
882328,11.85,139,9030,197
882329,13.85,139,9234,197
882330,14.25,139,9084,197
882331,18.25,139,9070,197
882332,19.15,139,9132,197
882333,19.25,139,9209,197
882334,16.9,139,9330,197
882335,16.25,139,9202,197
882336,16.75,139,9012,197
882337,17.45,139,9023,197
882338,14.25,139,9013,197
882339,19,139,9053,197
882340,16.7,139,9130,197
882341,12.85,139,9216,197
882342,19.65,139,9287,197
882343,18.85,139,8987,197
882344,15.85,139,9111,197
882345,15.35,139,9147,197
882346,18.6,139,9336,197
882347,17.35,139,9131,197
882348,17.5,139,9163,197
882349,17.35,139,9200,197
882350,18.2,139,9118,197
882351,16.95,139,9284,197
882352,17.6,139,9214,197
882353,14.65,139,9268,197
882354,17.65,139,9326,197
882355,18.65,139,8944,197
882356,16.85,139,8988,197
882357,19.25,139,9003,197
882358,16.75,139,9044,197
882359,18.35,139,9254,197
882360,19.25,139,9289,197
882361,17.5,139,9272,197
882362,15.75,139,9174,197
882363,19.2,139,9262,197
882364,16.85,139,9261,197
882365,16.8,139,8963,197
882366,17.85,139,9151,197
882367,16.6,139,9085,197
882368,17.2,139,9186,197
882369,16.85,139,9239,197
882370,16.9,139,9137,197
882371,17.1,139,9285,197
882372,17.6,139,9155,197
882373,18.25,139,9051,197
882374,18.35,139,9192,197
882375,16.55,139,9057,197
882376,18.25,139,9324,197
882377,18,139,9335,197
882378,16.6,139,9136,197
882379,16.25,139,8974,197
882380,12.75,139,9337,197
882381,17.25,139,9093,197
882382,17,139,8989,197
882383,12.65,139,8985,197
882384,15.35,139,9247,197
882385,13.9,139,9271,197
882386,16.6,139,9193,197
882387,15.2,139,9231,197
882388,15.45,139,9264,197
882389,15.85,139,9318,197
882390,16.15,139,9087,197
882391,14,139,8969,197
882392,16.6,139,8942,197
882393,19.6,139,9260,197
882394,17,139,9149,197
882395,17.1,139,9327,197
882396,15.85,139,8993,197
882397,20,139,9320,197
882398,15.85,139,9014,197
882399,18.85,139,9304,197
882400,16.85,139,9001,197
882401,16.75,139,9241,197
882402,16.45,139,9018,197
882403,12.1,139,9059,197
882404,11.85,139,9035,197
882405,17.95,139,9036,197
882406,14.5,139,9142,197
882407,19.6,139,9166,197
882408,13.85,139,9102,197
882409,17.85,139,9276,197
882410,17.85,139,9298,197
882411,17.6,139,9263,197
882412,14.35,139,9076,197
882413,18,139,9198,197
882414,12.2,139,9116,197
882415,16.2,139,8984,197
882416,18.45,139,9211,197
882417,18.45,139,8980,197
882418,16.5,139,9182,197
882419,18.85,139,9154,197
882420,16.2,139,9052,197
882421,16.25,139,9100,197
882422,19.25,139,8952,197
882423,16.2,139,9270,197
882424,16,139,9088,197
882425,17.5,139,9176,197
882426,16.6,139,8996,197
882427,17.45,139,9242,197
882428,17,139,9115,197
882429,15.3,139,9236,197
882430,13,139,9123,197
882431,15.85,139,9114,197
882432,16.6,139,9269,197
882433,14,139,9000,197
882434,18,139,9144,197
882435,16.85,139,8953,197
882436,17.5,139,9286,197
882437,19.15,139,9213,197
882438,17.35,139,9248,197
882439,17.4,139,9009,197
882440,15.5,139,9048,197
882441,19.6,139,9210,197
882442,17,139,9005,197
882443,18.25,139,9297,197
882444,13.85,139,9152,197
882445,16.75,139,9016,197
882446,18.6,139,9094,197
882447,19.25,139,9074,197
882448,15.85,139,9250,197
882449,16.95,139,9119,197
882450,16,139,9019,197
882451,16.6,139,9249,197
882452,12.9,139,9283,197
882453,15.65,139,9221,197
882454,15.6,139,9278,197
882455,18.25,139,9183,197
882456,13,139,8954,197
882457,15.6,139,9107,197
882458,16.2,139,8968,197
882459,18.85,139,9133,197
882460,18.5,139,9218,197
882461,17.6,139,9113,197
882462,17.6,139,9058,197
882463,17.6,139,9148,197
882464,19.25,139,9232,197
882465,17.55,139,9323,197
882466,15.6,139,9237,197
882467,12.35,139,8949,197
882468,16.6,139,9153,197
882469,17.2,139,9170,197
882470,17.15,139,8970,197
882471,18.85,139,9138,197
882472,18.25,139,9082,197
882473,20,139,8999,197
882474,14.85,139,8978,197
882475,16.95,139,9025,197
882476,18.6,139,9128,197
882477,15.75,139,9069,197
882478,13,139,9117,197
882479,12.9,139,8966,197
882480,18.4,139,9032,197
882481,16.55,139,9222,197
882482,17.7,139,9011,197
882483,19.6,139,9243,197
882484,14.2,139,9225,197
882485,12.5,139,9106,197
882486,17.85,139,9215,197
882487,19.35,139,9134,197
882488,17.75,139,9096,197
882489,17.85,139,9296,197
882490,17,139,9295,197
882491,19.2,139,9227,197
882492,15.65,139,9280,197
882493,15.25,139,9240,197
882494,17.5,139,8960,197
882495,19,139,9185,197
882496,20,139,9037,197
882497,16.5,139,9120,197
882498,15.85,139,9050,197
882499,16.95,139,8946,197
882500,15.6,139,9312,197
882501,18.5,139,9179,197
882502,16.35,139,9195,197
882503,16.45,139,9077,197
882504,18.25,139,9160,197
882505,19.65,139,9334,197
882506,16.85,139,9092,197
882507,16.6,139,9319,197
882508,16.4,139,8983,197
882509,14.25,139,9194,197
882510,13,139,9140,197
882511,16.25,139,8992,197
882512,17.2,139,9253,197
882513,12.6,139,9273,197
882514,15.85,139,9061,197
882515,16.6,139,9340,197
882516,14.85,139,9078,197
882517,17.1,139,8972,197
882518,16.95,139,9299,197
882519,11.35,139,9281,197
882520,17.5,139,9002,197
882521,15.25,139,9189,197
882522,14.2,139,9290,197
882523,14.35,139,9315,197
882524,17.7,139,8950,197
882525,16.45,139,9129,197
882526,14.6,139,9008,197
882527,16.75,139,9095,197
882528,14.65,139,9307,197
882529,17.8,139,9338,197
882530,12.95,139,9267,197
882531,14.85,139,9073,197
882532,19.25,139,9041,197
882533,12.95,139,9097,197
882534,16.6,139,8976,197
882535,14.85,139,9143,197
882536,17.6,139,8961,197
882537,18.2,139,9331,197
882538,16.8,139,9026,197
882539,19,139,9322,197
882540,16.6,139,9039,197
882541,17,139,9279,197
882542,18,139,9197,197
882543,17.6,139,9145,197
882544,17.35,139,9010,197
882545,18.85,139,8945,197
882546,16.25,139,9329,197
882547,14.25,139,8975,197
882548,17.2,139,9135,197
882549,15.7,139,9204,197
882550,18,139,9172,197
882551,17.6,139,9292,197
882552,15.25,139,9063,197
882553,15.45,139,9150,197
882554,16.25,139,9300,197
882555,18.3,139,9121,197
882556,16.2,139,9212,197
882557,18.75,139,8971,197
882558,13.25,139,9081,197
882559,18.05,139,9219,197
882560,19.2,139,8962,197
882561,16.6,139,9328,197
882562,14.6,139,9257,197
882563,17.15,139,9191,197
882564,17.25,139,9228,197
882565,17.35,139,8948,197
882566,16.4,139,8990,197
882567,16.55,139,9006,197
882568,15.2,139,9207,197
882569,14.2,139,9168,197
882570,16.6,139,9235,197
882571,18.45,139,8959,197
882572,17.6,139,9047,197
882573,16.85,139,9291,197
882574,16.85,139,9099,197
882575,15.6,139,9112,197
882576,15.6,139,9178,197
882577,14.6,139,9062,197
882578,17.6,139,9256,197
882579,15,139,9033,197
882580,13.25,139,9067,197
882581,16.6,139,9303,197
882582,17,139,9090,197
882583,16.6,139,9017,197
882584,12.85,139,9104,197
882585,12.6,139,9103,197
882586,16.6,139,9083,197
882587,17.6,139,9245,197
882588,17.25,139,9274,197
882589,17.2,139,9024,197
882590,18.1,139,9321,197
882591,18,139,9266,197
882592,17.95,139,9040,197
882593,18.45,139,9127,197
882594,18.6,139,9175,197
882595,15.75,139,9167,197
882596,10.95,139,9049,197
882597,15.65,139,8955,197
882598,12.5,139,9226,197
882599,19.6,139,9230,197
882600,17.6,139,8941,197
882601,18.4,139,9022,197
882602,19.25,139,9203,197
882603,17.9,139,9055,197
882604,19.25,139,9217,197
882605,16.85,139,9196,197
882606,17.75,139,9126,197
882607,17.5,139,9007,197
882608,16.5,139,9188,197
882609,18.6,139,9072,197
882610,17.25,139,9233,197
882611,16.2,139,9091,197
882612,17.95,139,8986,197
882613,18.2,139,8957,197
882614,17.9,139,9169,197
882615,12.85,139,9139,197
882616,17.85,139,9258,197
882617,13.35,132,8967,198
882618,15.2,132,9305,198
882619,16.1,132,9277,198
882620,10,132,8995,198
882621,15.9,132,9056,198
882622,15.65,132,8994,198
882623,16.1,132,9255,198
882624,15.6,132,8982,198
882625,16.65,132,9294,198
882626,15.1,132,8998,198
882627,14.1,132,9080,198
882628,16.85,132,9028,198
882629,16,132,9177,198
882630,16.25,132,9332,198
882631,16.2,132,9187,198
882632,17.25,132,9034,198
882633,13.75,132,9031,198
882634,13.8,132,9282,198
882635,13.85,132,8979,198
882636,14.85,132,8977,198
882637,14.95,132,9252,198
882638,14.25,132,9125,198
882639,16.15,132,9246,198
882640,12.5,132,9075,198
882641,13.6,132,9223,198
882642,10.45,132,9122,198
882643,15.5,132,9064,198
882644,17,132,9314,198
882645,14.9,132,9275,198
882646,11.75,132,9004,198
882647,10,132,9293,198
882648,16.9,132,9206,198
882649,16.5,132,9079,198
882650,15.6,132,9333,198
882651,14,132,9309,198
882652,14.1,132,9156,198
882653,15.2,132,9201,198
882654,16.75,132,9173,198
882655,15,132,9086,198
882656,12.6,132,9038,198
882657,16.35,132,8965,198
882658,12.05,132,9238,198
882659,17.4,132,9313,198
882660,15.85,132,9199,198
882661,15.25,132,8956,198
882662,14,132,9054,198
882663,16.2,132,9098,198
882664,15.75,132,9306,198
882665,14.2,132,9310,198
882666,15.6,132,9020,198
882667,16.55,132,9171,198
882668,18.2,132,9164,198
882669,17.1,132,9317,198
882670,11.5,132,9181,198
882671,15.9,132,9158,198
882672,13.4,132,8991,198
882673,16.35,132,9159,198
882674,16.6,132,8964,198
882675,16.6,132,9162,198
882676,12.5,132,9302,198
882677,15.2,132,9060,198
882678,10.75,132,9165,198
882679,13.25,132,9089,198
882680,12.25,132,9071,198
882681,13.2,132,9316,198
882682,15.85,132,9325,198
882683,14.95,132,9110,198
882684,15,132,9042,198
882685,13.3,132,8947,198
882686,16.2,132,9311,198
882687,15,132,8981,198
882688,14.85,132,9229,198
882689,15.35,132,9208,198
882690,12.5,132,9027,198
882691,15.2,132,9288,198
882692,12.6,132,9109,198
882693,9.95,132,9030,198
882694,10.85,132,9234,198
882695,12.5,132,9084,198
882696,16,132,9070,198
882697,17.15,132,9132,198
882698,18.95,132,9209,198
882699,16.3,132,9330,198
882700,14.95,132,9202,198
882701,15.75,132,9012,198
882702,16.1,132,9023,198
882703,13.45,132,9013,198
882704,17.75,132,9053,198
882705,16.35,132,9130,198
882706,10.5,132,9216,198
882707,18.2,132,9287,198
882708,15.25,132,8987,198
882709,13.6,132,9111,198
882710,11.9,132,9147,198
882711,16.15,132,9336,198
882712,16.25,132,9131,198
882713,14.95,132,9163,198
882714,16.65,132,9200,198
882715,14.7,132,9118,198
882716,14.85,132,9284,198
882717,16.45,132,9214,198
882718,12.8,132,9268,198
882719,17.6,132,9326,198
882720,17,132,8944,198
882721,14.35,132,8988,198
882722,17.45,132,9003,198
882723,13.85,132,9044,198
882724,15.8,132,9254,198
882725,17.2,132,9289,198
882726,16.45,132,9272,198
882727,13.6,132,9174,198
882728,16.05,132,9262,198
882729,13.75,132,9261,198
882730,15,132,8963,198
882731,14.45,132,9151,198
882732,15.2,132,9085,198
882733,14.5,132,9186,198
882734,14.6,132,9239,198
882735,13.6,132,9137,198
882736,16.85,132,9285,198
882737,15.15,132,9155,198
882738,18.2,132,9051,198
882739,16.2,132,9192,198
882740,16,132,9057,198
882741,17.5,132,9324,198
882742,16.6,132,9335,198
882743,15.25,132,9136,198
882744,14.65,132,8974,198
882745,10.4,132,9337,198
882746,17.35,132,9093,198
882747,13.85,132,8989,198
882748,11.85,132,8985,198
882749,14.1,132,9247,198
882750,10.75,132,9271,198
882751,15.6,132,9193,198
882752,11.45,132,9231,198
882753,13.7,132,9264,198
882754,13.75,132,9318,198
882755,13.9,132,9087,198
882756,12.4,132,8969,198
882757,14.8,132,8942,198
882758,16.6,132,9260,198
882759,15.1,132,9149,198
882760,16.3,132,9327,198
882761,14,132,8993,198
882762,17.95,132,9320,198
882763,15.6,132,9014,198
882764,16.6,132,9304,198
882765,15.15,132,9001,198
882766,15.6,132,9241,198
882767,15.85,132,9018,198
882768,10.2,132,9059,198
882769,10.9,132,9035,198
882770,15,132,9036,198
882771,14.85,132,9142,198
882772,17.25,132,9166,198
882773,10.5,132,9102,198
882774,16.05,132,9276,198
882775,14.85,132,9298,198
882776,15.3,132,9263,198
882777,12.65,132,9076,198
882778,16.75,132,9198,198
882779,10.25,132,9116,198
882780,14.75,132,8984,198
882781,17.35,132,9211,198
882782,15.7,132,8980,198
882783,14.7,132,9182,198
882784,15.25,132,9154,198
882785,15,132,9052,198
882786,14.95,132,9100,198
882787,15.1,132,8952,198
882788,16.15,132,9270,198
882789,15.25,132,9088,198
882790,15.1,132,9176,198
882791,15.9,132,8996,198
882792,17.25,132,9242,198
882793,15.35,132,9115,198
882794,14.3,132,9236,198
882795,11.5,132,9123,198
882796,14.55,132,9114,198
882797,15.2,132,9269,198
882798,12.55,132,9000,198
882799,14.5,132,9144,198
882800,16.95,132,8953,198
882801,15.1,132,9286,198
882802,17.6,132,9213,198
882803,16.75,132,9248,198
882804,14.25,132,9009,198
882805,15.6,132,9048,198
882806,17.25,132,9210,198
882807,16,132,9005,198
882808,14.7,132,9297,198
882809,11.95,132,9152,198
882810,14.1,132,9016,198
882811,15.15,132,9094,198
882812,15.75,132,9074,198
882813,14.5,132,9250,198
882814,15.6,132,9119,198
882815,14.6,132,9019,198
882816,14.65,132,9249,198
882817,11.1,132,9283,198
882818,13.7,132,9221,198
882819,12.75,132,9278,198
882820,15.05,132,9183,198
882821,10.6,132,8954,198
882822,15.1,132,9107,198
882823,15.25,132,8968,198
882824,17.25,132,9133,198
882825,18,132,9218,198
882826,14.2,132,9113,198
882827,14.95,132,9058,198
882828,16.85,132,9148,198
882829,17.4,132,9232,198
882830,14.2,132,9323,198
882831,14.25,132,9237,198
882832,11.3,132,8949,198
882833,16.45,132,9153,198
882834,14.9,132,9170,198
882835,15.1,132,8970,198
882836,15.5,132,9138,198
882837,16.6,132,9082,198
882838,18,132,8999,198
882839,14.25,132,8978,198
882840,14.7,132,9025,198
882841,16.65,132,9128,198
882842,14.35,132,9069,198
882843,12.45,132,9117,198
882844,13,132,8966,198
882845,18,132,9032,198
882846,15.4,132,9222,198
882847,14.6,132,9011,198
882848,18.25,132,9243,198
882849,13.35,132,9225,198
882850,9.85,132,9106,198
882851,17.75,132,9215,198
882852,17.55,132,9134,198
882853,17,132,9096,198
882854,16.6,132,9296,198
882855,14.6,132,9295,198
882856,16.3,132,9227,198
882857,15.15,132,9280,198
882858,13.15,132,9240,198
882859,16.25,132,8960,198
882860,15.25,132,9185,198
882861,17,132,9037,198
882862,15.45,132,9120,198
882863,16.25,132,9050,198
882864,14.65,132,8946,198
882865,14.35,132,9312,198
882866,16.2,132,9179,198
882867,14.45,132,9195,198
882868,15.25,132,9077,198
882869,16,132,9160,198
882870,16.85,132,9334,198
882871,15.5,132,9092,198
882872,14.75,132,9319,198
882873,14.05,132,8983,198
882874,12.3,132,9194,198
882875,10.6,132,9140,198
882876,16,132,8992,198
882877,17.1,132,9253,198
882878,12.3,132,9273,198
882879,15.1,132,9061,198
882880,13.95,132,9340,198
882881,11.9,132,9078,198
882882,16.2,132,8972,198
882883,15.95,132,9299,198
882884,11.15,132,9281,198
882885,16.45,132,9002,198
882886,14.4,132,9189,198
882887,12.6,132,9290,198
882888,14.5,132,9315,198
882889,17.35,132,8950,198
882890,15.6,132,9129,198
882891,14.5,132,9008,198
882892,15.05,132,9095,198
882893,12.25,132,9307,198
882894,17.65,132,9338,198
882895,10.2,132,9267,198
882896,14,132,9073,198
882897,17.15,132,9041,198
882898,9.9,132,9097,198
882899,14.55,132,8976,198
882900,14.35,132,9143,198
882901,15.6,132,8961,198
882902,17.95,132,9331,198
882903,14.95,132,9026,198
882904,16,132,9322,198
882905,16.35,132,9039,198
882906,14.5,132,9279,198
882907,15.85,132,9197,198
882908,14.65,132,9145,198
882909,14.4,132,9010,198
882910,16.85,132,8945,198
882911,15.25,132,9329,198
882912,14.65,132,8975,198
882913,16.35,132,9135,198
882914,15.6,132,9204,198
882915,15.75,132,9172,198
882916,13.95,132,9292,198
882917,12.95,132,9063,198
882918,14.5,132,9150,198
882919,12.6,132,9300,198
882920,17.25,132,9121,198
882921,14.25,132,9212,198
882922,17.35,132,8971,198
882923,12.8,132,9081,198
882924,18.35,132,9219,198
882925,16.75,132,8962,198
882926,16.3,132,9328,198
882927,13.85,132,9257,198
882928,16.2,132,9191,198
882929,15.6,132,9228,198
882930,13.4,132,8948,198
882931,15.2,132,8990,198
882932,13.95,132,9006,198
882933,11.9,132,9207,198
882934,13.35,132,9168,198
882935,13.65,132,9235,198
882936,14.65,132,8959,198
882937,15.2,132,9047,198
882938,15.1,132,9291,198
882939,15.3,132,9099,198
882940,13.6,132,9112,198
882941,14.6,132,9178,198
882942,12.4,132,9062,198
882943,16.6,132,9256,198
882944,14.85,132,9033,198
882945,10.55,132,9067,198
882946,16.05,132,9303,198
882947,15.9,132,9090,198
882948,15.05,132,9017,198
882949,9.95,132,9104,198
882950,10.5,132,9103,198
882951,13.85,132,9083,198
882952,14.6,132,9245,198
882953,15.35,132,9274,198
882954,14.5,132,9024,198
882955,16.95,132,9321,198
882956,17.15,132,9266,198
882957,16,132,9040,198
882958,17.8,132,9127,198
882959,16.75,132,9175,198
882960,13.6,132,9167,198
882961,10.1,132,9049,198
882962,13.65,132,8955,198
882963,10.85,132,9226,198
882964,15.9,132,9230,198
882965,17.25,132,8941,198
882966,17.15,132,9022,198
882967,17.1,132,9203,198
882968,16.25,132,9055,198
882969,16.2,132,9217,198
882970,16,132,9196,198
882971,15.6,132,9126,198
882972,14.75,132,9007,198
882973,13,132,9188,198
882974,16.2,132,9072,198
882975,15.2,132,9233,198
882976,13.85,132,9091,198
882977,14.6,132,8986,198
882978,15.85,132,8957,198
882979,17.6,132,9169,198
882980,10.45,132,9139,198
882981,16.6,132,9258,198
882982,15.9,133,8967,198
882983,16.4,133,9305,198
882984,16.95,133,9277,198
882985,10.85,133,8995,198
882986,18.3,133,9056,198
882987,17.6,133,8994,198
882988,18.75,133,9255,198
882989,16.85,133,8982,198
882990,17.6,133,9294,198
882991,16.95,133,8998,198
882992,15.6,133,9080,198
882993,16.25,133,9028,198
882994,17.95,133,9177,198
882995,16.65,133,9332,198
882996,16.65,133,9187,198
882997,19.1,133,9034,198
882998,13.85,133,9031,198
882999,14.95,133,9282,198
883000,15.1,133,8979,198
883001,15.85,133,8977,198
883002,16.5,133,9252,198
883003,16.25,133,9125,198
883004,17.9,133,9246,198
883005,13.2,133,9075,198
883006,15.85,133,9223,198
883007,10.6,133,9122,198
883008,16.85,133,9064,198
883009,17.85,133,9314,198
883010,15.2,133,9275,198
883011,12.85,133,9004,198
883012,11.2,133,9293,198
883013,17.65,133,9206,198
883014,17.65,133,9079,198
883015,16.4,133,9333,198
883016,15.6,133,9309,198
883017,15.1,133,9156,198
883018,16.6,133,9201,198
883019,17.85,133,9173,198
883020,16.2,133,9086,198
883021,12.5,133,9038,198
883022,17,133,8965,198
883023,12.85,133,9238,198
883024,17.75,133,9313,198
883025,15.95,133,9199,198
883026,16.25,133,8956,198
883027,16.35,133,9054,198
883028,16.95,133,9098,198
883029,17.25,133,9306,198
883030,16.6,133,9310,198
883031,18.85,133,9020,198
883032,17.85,133,9171,198
883033,17.3,133,9164,198
883034,18.6,133,9317,198
883035,13.2,133,9181,198
883036,15.9,133,9158,198
883037,13.25,133,8991,198
883038,17.6,133,9159,198
883039,17.2,133,8964,198
883040,17.7,133,9162,198
883041,14.6,133,9302,198
883042,16.2,133,9060,198
883043,12.35,133,9165,198
883044,14.85,133,9089,198
883045,14,133,9071,198
883046,14.05,133,9316,198
883047,17.85,133,9325,198
883048,16,133,9110,198
883049,16.35,133,9042,198
883050,14.85,133,8947,198
883051,17.65,133,9311,198
883052,16.35,133,8981,198
883053,16.85,133,9229,198
883054,15.2,133,9208,198
883055,12.95,133,9027,198
883056,17.8,133,9288,198
883057,15.35,133,9109,198
883058,10.6,133,9030,198
883059,12.25,133,9234,198
883060,13.6,133,9084,198
883061,17.6,133,9070,198
883062,18.2,133,9132,198
883063,19.6,133,9209,198
883064,16.6,133,9330,198
883065,16.6,133,9202,198
883066,16.55,133,9012,198
883067,17,133,9023,198
883068,14.3,133,9013,198
883069,17.6,133,9053,198
883070,16.2,133,9130,198
883071,12.2,133,9216,198
883072,19.25,133,9287,198
883073,16.4,133,8987,198
883074,15.5,133,9111,198
883075,11.6,133,9147,198
883076,16.6,133,9336,198
883077,16.2,133,9131,198
883078,17.6,133,9163,198
883079,17.1,133,9200,198
883080,18.65,133,9118,198
883081,16.75,133,9284,198
883082,16.2,133,9214,198
883083,13.9,133,9268,198
883084,19,133,9326,198
883085,17.35,133,8944,198
883086,17,133,8988,198
883087,17.75,133,9003,198
883088,15.95,133,9044,198
883089,16.75,133,9254,198
883090,18.65,133,9289,198
883091,16.8,133,9272,198
883092,14.85,133,9174,198
883093,17.85,133,9262,198
883094,16.9,133,9261,198
883095,15.65,133,8963,198
883096,16.45,133,9151,198
883097,14.65,133,9085,198
883098,16.2,133,9186,198
883099,17.35,133,9239,198
883100,16.25,133,9137,198
883101,17.2,133,9285,198
883102,16.45,133,9155,198
883103,18.95,133,9051,198
883104,18.65,133,9192,198
883105,15.2,133,9057,198
883106,17.2,133,9324,198
883107,18.1,133,9335,198
883108,17,133,9136,198
883109,16,133,8974,198
883110,11,133,9337,198
883111,17.6,133,9093,198
883112,16.2,133,8989,198
883113,13.4,133,8985,198
883114,14.2,133,9247,198
883115,14.2,133,9271,198
883116,15.6,133,9193,198
883117,15.25,133,9231,198
883118,15,133,9264,198
883119,14.25,133,9318,198
883120,15.6,133,9087,198
883121,13.05,133,8969,198
883122,16.1,133,8942,198
883123,17.95,133,9260,198
883124,16.25,133,9149,198
883125,16.6,133,9327,198
883126,14.35,133,8993,198
883127,18.2,133,9320,198
883128,15.6,133,9014,198
883129,17.9,133,9304,198
883130,15.55,133,9001,198
883131,15.85,133,9241,198
883132,16.2,133,9018,198
883133,13.6,133,9059,198
883134,11.85,133,9035,198
883135,16.3,133,9036,198
883136,14.95,133,9142,198
883137,18.6,133,9166,198
883138,10.85,133,9102,198
883139,16.85,133,9276,198
883140,16.8,133,9298,198
883141,17.5,133,9263,198
883142,12.6,133,9076,198
883143,16.25,133,9198,198
883144,11.35,133,9116,198
883145,15.1,133,8984,198
883146,17.6,133,9211,198
883147,16.85,133,8980,198
883148,15.6,133,9182,198
883149,17.6,133,9154,198
883150,16,133,9052,198
883151,15.45,133,9100,198
883152,17.65,133,8952,198
883153,17.2,133,9270,198
883154,16.2,133,9088,198
883155,15.6,133,9176,198
883156,16.45,133,8996,198
883157,17.85,133,9242,198
883158,17.25,133,9115,198
883159,15,133,9236,198
883160,12.45,133,9123,198
883161,15.65,133,9114,198
883162,17.1,133,9269,198
883163,14.2,133,9000,198
883164,15.85,133,9144,198
883165,17.85,133,8953,198
883166,16.8,133,9286,198
883167,16.85,133,9213,198
883168,18.25,133,9248,198
883169,16.6,133,9009,198
883170,15.7,133,9048,198
883171,18.85,133,9210,198
883172,15.9,133,9005,198
883173,15.2,133,9297,198
883174,12.4,133,9152,198
883175,15.6,133,9016,198
883176,17.75,133,9094,198
883177,17.95,133,9074,198
883178,15.4,133,9250,198
883179,16.6,133,9119,198
883180,14.75,133,9019,198
883181,16.7,133,9249,198
883182,12.25,133,9283,198
883183,15.5,133,9221,198
883184,14.6,133,9278,198
883185,17.5,133,9183,198
883186,10.85,133,8954,198
883187,15.9,133,9107,198
883188,15.15,133,8968,198
883189,17.6,133,9133,198
883190,18.6,133,9218,198
883191,16.7,133,9113,198
883192,17.05,133,9058,198
883193,17.25,133,9148,198
883194,17.3,133,9232,198
883195,17.15,133,9323,198
883196,15.45,133,9237,198
883197,10.6,133,8949,198
883198,16.6,133,9153,198
883199,16.2,133,9170,198
883200,16.6,133,8970,198
883201,16.85,133,9138,198
883202,18.85,133,9082,198
883203,17.6,133,8999,198
883204,13.25,133,8978,198
883205,16.35,133,9025,198
883206,16.95,133,9128,198
883207,14.95,133,9069,198
883208,12.25,133,9117,198
883209,12.85,133,8966,198
883210,17.8,133,9032,198
883211,14.85,133,9222,198
883212,14.6,133,9011,198
883213,18.75,133,9243,198
883214,14.75,133,9225,198
883215,12.35,133,9106,198
883216,18,133,9215,198
883217,18.55,133,9134,198
883218,17.85,133,9096,198
883219,16.95,133,9296,198
883220,15.65,133,9295,198
883221,18,133,9227,198
883222,15.65,133,9280,198
883223,15,133,9240,198
883224,18.25,133,8960,198
883225,16.6,133,9185,198
883226,19.2,133,9037,198
883227,15.25,133,9120,198
883228,16.35,133,9050,198
883229,15.95,133,8946,198
883230,15,133,9312,198
883231,18.15,133,9179,198
883232,16.7,133,9195,198
883233,14.85,133,9077,198
883234,17.6,133,9160,198
883235,18.85,133,9334,198
883236,16.95,133,9092,198
883237,16.1,133,9319,198
883238,15.35,133,8983,198
883239,12.7,133,9194,198
883240,10.65,133,9140,198
883241,16.7,133,8992,198
883242,18,133,9253,198
883243,12.85,133,9273,198
883244,16.85,133,9061,198
883245,15.85,133,9340,198
883246,13.85,133,9078,198
883247,18.2,133,8972,198
883248,15.9,133,9299,198
883249,12,133,9281,198
883250,17.2,133,9002,198
883251,14.5,133,9189,198
883252,14.2,133,9290,198
883253,13.95,133,9315,198
883254,17.85,133,8950,198
883255,17,133,9129,198
883256,15.35,133,9008,198
883257,15.35,133,9095,198
883258,12.85,133,9307,198
883259,17.2,133,9338,198
883260,13,133,9267,198
883261,14.35,133,9073,198
883262,19,133,9041,198
883263,12.15,133,9097,198
883264,16.35,133,8976,198
883265,15.7,133,9143,198
883266,16.2,133,8961,198
883267,17.8,133,9331,198
883268,16.85,133,9026,198
883269,16.85,133,9322,198
883270,15.6,133,9039,198
883271,16.25,133,9279,198
883272,15.3,133,9197,198
883273,16.4,133,9145,198
883274,15.5,133,9010,198
883275,17.95,133,8945,198
883276,16.3,133,9329,198
883277,14.85,133,8975,198
883278,17.8,133,9135,198
883279,15.6,133,9204,198
883280,16.2,133,9172,198
883281,17.15,133,9292,198
883282,15.1,133,9063,198
883283,14.65,133,9150,198
883284,14.6,133,9300,198
883285,18.55,133,9121,198
883286,16.2,133,9212,198
883287,18.1,133,8971,198
883288,14.25,133,9081,198
883289,17.15,133,9219,198
883290,17,133,8962,198
883291,15.6,133,9328,198
883292,14.35,133,9257,198
883293,17.9,133,9191,198
883294,16.25,133,9228,198
883295,15.2,133,8948,198
883296,14.85,133,8990,198
883297,15.3,133,9006,198
883298,13.45,133,9207,198
883299,15.25,133,9168,198
883300,15.85,133,9235,198
883301,18.35,133,8959,198
883302,14.6,133,9047,198
883303,15.3,133,9291,198
883304,17.65,133,9099,198
883305,13.6,133,9112,198
883306,15.25,133,9178,198
883307,12.95,133,9062,198
883308,17.2,133,9256,198
883309,15.5,133,9033,198
883310,11.6,133,9067,198
883311,15.95,133,9303,198
883312,16.25,133,9090,198
883313,14.2,133,9017,198
883314,11.6,133,9104,198
883315,12.85,133,9103,198
883316,15.55,133,9083,198
883317,16.75,133,9245,198
883318,17.25,133,9274,198
883319,16,133,9024,198
883320,17.2,133,9321,198
883321,16.9,133,9266,198
883322,17.75,133,9040,198
883323,18.9,133,9127,198
883324,17.9,133,9175,198
883325,15,133,9167,198
883326,11.65,133,9049,198
883327,13.2,133,8955,198
883328,12.2,133,9226,198
883329,18.6,133,9230,198
883330,16.5,133,8941,198
883331,18.2,133,9022,198
883332,19.6,133,9203,198
883333,16.7,133,9055,198
883334,16.5,133,9217,198
883335,17,133,9196,198
883336,16.6,133,9126,198
883337,16,133,9007,198
883338,14.25,133,9188,198
883339,18.2,133,9072,198
883340,16.85,133,9233,198
883341,16.15,133,9091,198
883342,16.3,133,8986,198
883343,16.1,133,8957,198
883344,17.35,133,9169,198
883345,13.45,133,9139,198
883346,19.25,133,9258,198
883347,15.6,134,8967,198
883348,14.95,134,9305,198
883349,16.2,134,9277,198
883350,11.65,134,8995,198
883351,17.2,134,9056,198
883352,15.7,134,8994,198
883353,18.4,134,9255,198
883354,15.75,134,8982,198
883355,17.6,134,9294,198
883356,14.8,134,8998,198
883357,15.15,134,9080,198
883358,15.9,134,9028,198
883359,17.75,134,9177,198
883360,16.75,134,9332,198
883361,16.65,134,9187,198
883362,18,134,9034,198
883363,14.2,134,9031,198
883364,11.85,134,9282,198
883365,14.25,134,8979,198
883366,16,134,8977,198
883367,14.85,134,9252,198
883368,15.65,134,9125,198
883369,16.75,134,9246,198
883370,12.6,134,9075,198
883371,14.7,134,9223,198
883372,11.75,134,9122,198
883373,16.35,134,9064,198
883374,17.5,134,9314,198
883375,15.25,134,9275,198
883376,12.6,134,9004,198
883377,10.25,134,9293,198
883378,16.6,134,9206,198
883379,16.75,134,9079,198
883380,16.85,134,9333,198
883381,16.2,134,9309,198
883382,16.5,134,9156,198
883383,15.95,134,9201,198
883384,17.75,134,9173,198
883385,15.8,134,9086,198
883386,12.3,134,9038,198
883387,17.65,134,8965,198
883388,13.4,134,9238,198
883389,17.2,134,9313,198
883390,17.9,134,9199,198
883391,16.25,134,8956,198
883392,15.35,134,9054,198
883393,17.25,134,9098,198
883394,15.6,134,9306,198
883395,15.8,134,9310,198
883396,16.85,134,9020,198
883397,17.95,134,9171,198
883398,18.25,134,9164,198
883399,18.3,134,9317,198
883400,12.8,134,9181,198
883401,15.5,134,9158,198
883402,13.1,134,8991,198
883403,16.35,134,9159,198
883404,17.6,134,8964,198
883405,17.25,134,9162,198
883406,12.85,134,9302,198
883407,15.6,134,9060,198
883408,11.95,134,9165,198
883409,12.85,134,9089,198
883410,13.8,134,9071,198
883411,15,134,9316,198
883412,17.25,134,9325,198
883413,15,134,9110,198
883414,14.65,134,9042,198
883415,14.6,134,8947,198
883416,16.85,134,9311,198
883417,15.2,134,8981,198
883418,17.9,134,9229,198
883419,15.5,134,9208,198
883420,13.35,134,9027,198
883421,15.5,134,9288,198
883422,13.4,134,9109,198
883423,9.75,134,9030,198
883424,10.6,134,9234,198
883425,13.85,134,9084,198
883426,17.2,134,9070,198
883427,18.3,134,9132,198
883428,18.2,134,9209,198
883429,16.25,134,9330,198
883430,16.35,134,9202,198
883431,15.45,134,9012,198
883432,14.65,134,9023,198
883433,13.75,134,9013,198
883434,18.1,134,9053,198
883435,16.5,134,9130,198
883436,13.6,134,9216,198
883437,18.1,134,9287,198
883438,16.65,134,8987,198
883439,13,134,9111,198
883440,12.5,134,9147,198
883441,15.6,134,9336,198
883442,16.7,134,9131,198
883443,15.85,134,9163,198
883444,17.75,134,9200,198
883445,16.2,134,9118,198
883446,15.85,134,9284,198
883447,16.3,134,9214,198
883448,13.4,134,9268,198
883449,18.4,134,9326,198
883450,17.7,134,8944,198
883451,17,134,8988,198
883452,17.6,134,9003,198
883453,12.95,134,9044,198
883454,16.85,134,9254,198
883455,18.25,134,9289,198
883456,15.25,134,9272,198
883457,15.45,134,9174,198
883458,16.9,134,9262,198
883459,16.25,134,9261,198
883460,15.5,134,8963,198
883461,17.3,134,9151,198
883462,16.15,134,9085,198
883463,15.9,134,9186,198
883464,16.9,134,9239,198
883465,14.15,134,9137,198
883466,17.25,134,9285,198
883467,15.6,134,9155,198
883468,17.35,134,9051,198
883469,18.5,134,9192,198
883470,15.75,134,9057,198
883471,15.75,134,9324,198
883472,17.9,134,9335,198
883473,16.75,134,9136,198
883474,15.55,134,8974,198
883475,9.95,134,9337,198
883476,16.55,134,9093,198
883477,15.9,134,8989,198
883478,11.85,134,8985,198
883479,14.25,134,9247,198
883480,13.75,134,9271,198
883481,16.35,134,9193,198
883482,13.1,134,9231,198
883483,14.2,134,9264,198
883484,13.85,134,9318,198
883485,13.9,134,9087,198
883486,13.35,134,8969,198
883487,14.5,134,8942,198
883488,17.65,134,9260,198
883489,15.5,134,9149,198
883490,16.25,134,9327,198
883491,14.35,134,8993,198
883492,18,134,9320,198
883493,15.4,134,9014,198
883494,17.85,134,9304,198
883495,15.6,134,9001,198
883496,15.6,134,9241,198
883497,16.9,134,9018,198
883498,11.6,134,9059,198
883499,12.25,134,9035,198
883500,16.6,134,9036,198
883501,14.95,134,9142,198
883502,17.6,134,9166,198
883503,10.5,134,9102,198
883504,16.25,134,9276,198
883505,17.25,134,9298,198
883506,15.6,134,9263,198
883507,12.75,134,9076,198
883508,17.5,134,9198,198
883509,11.6,134,9116,198
883510,14.15,134,8984,198
883511,18.25,134,9211,198
883512,17,134,8980,198
883513,14.2,134,9182,198
883514,17.2,134,9154,198
883515,14.8,134,9052,198
883516,15.65,134,9100,198
883517,16.25,134,8952,198
883518,14.5,134,9270,198
883519,17.05,134,9088,198
883520,15.8,134,9176,198
883521,15.95,134,8996,198
883522,17.2,134,9242,198
883523,15.55,134,9115,198
883524,13.45,134,9236,198
883525,11.25,134,9123,198
883526,15.1,134,9114,198
883527,15.65,134,9269,198
883528,13.85,134,9000,198
883529,14.6,134,9144,198
883530,15.95,134,8953,198
883531,17.25,134,9286,198
883532,16.85,134,9213,198
883533,17.2,134,9248,198
883534,14.6,134,9009,198
883535,16.25,134,9048,198
883536,18.25,134,9210,198
883537,14.85,134,9005,198
883538,14.8,134,9297,198
883539,11.25,134,9152,198
883540,15.75,134,9016,198
883541,16.85,134,9094,198
883542,16.6,134,9074,198
883543,13.35,134,9250,198
883544,15.25,134,9119,198
883545,14.1,134,9019,198
883546,15,134,9249,198
883547,11.6,134,9283,198
883548,15.75,134,9221,198
883549,14.1,134,9278,198
883550,17.45,134,9183,198
883551,10.5,134,8954,198
883552,15.25,134,9107,198
883553,14.4,134,8968,198
883554,16.25,134,9133,198
883555,15.65,134,9218,198
883556,17,134,9113,198
883557,16.85,134,9058,198
883558,16.3,134,9148,198
883559,18.85,134,9232,198
883560,15.3,134,9323,198
883561,16.35,134,9237,198
883562,11.25,134,8949,198
883563,15.75,134,9153,198
883564,16.15,134,9170,198
883565,16.9,134,8970,198
883566,16.8,134,9138,198
883567,18.85,134,9082,198
883568,17.7,134,8999,198
883569,15.05,134,8978,198
883570,16.75,134,9025,198
883571,17.85,134,9128,198
883572,15.25,134,9069,198
883573,12.35,134,9117,198
883574,13,134,8966,198
883575,17.25,134,9032,198
883576,16.25,134,9222,198
883577,15.5,134,9011,198
883578,16.8,134,9243,198
883579,14.2,134,9225,198
883580,11.6,134,9106,198
883581,17.65,134,9215,198
883582,18.15,134,9134,198
883583,16.85,134,9096,198
883584,16.85,134,9296,198
883585,15,134,9295,198
883586,17.05,134,9227,198
883587,14.2,134,9280,198
883588,14.85,134,9240,198
883589,17.5,134,8960,198
883590,17.1,134,9185,198
883591,18.5,134,9037,198
883592,15.6,134,9120,198
883593,15.2,134,9050,198
883594,15.7,134,8946,198
883595,13.05,134,9312,198
883596,16.5,134,9179,198
883597,14.85,134,9195,198
883598,14.55,134,9077,198
883599,16.6,134,9160,198
883600,18.4,134,9334,198
883601,16.25,134,9092,198
883602,15.45,134,9319,198
883603,15.55,134,8983,198
883604,11.7,134,9194,198
883605,11.15,134,9140,198
883606,14.6,134,8992,198
883607,17.6,134,9253,198
883608,12,134,9273,198
883609,15.75,134,9061,198
883610,15.2,134,9340,198
883611,14.5,134,9078,198
883612,16.6,134,8972,198
883613,15.7,134,9299,198
883614,10.55,134,9281,198
883615,17.4,134,9002,198
883616,13.45,134,9189,198
883617,13.5,134,9290,198
883618,13.7,134,9315,198
883619,15.6,134,8950,198
883620,16.25,134,9129,198
883621,14.65,134,9008,198
883622,13.85,134,9095,198
883623,13.95,134,9307,198
883624,16.65,134,9338,198
883625,11.95,134,9267,198
883626,13.85,134,9073,198
883627,19,134,9041,198
883628,10.05,134,9097,198
883629,13.85,134,8976,198
883630,14.25,134,9143,198
883631,16.05,134,8961,198
883632,17.1,134,9331,198
883633,14.6,134,9026,198
883634,17.45,134,9322,198
883635,16.65,134,9039,198
883636,14.65,134,9279,198
883637,15.65,134,9197,198
883638,14.85,134,9145,198
883639,15.05,134,9010,198
883640,17.35,134,8945,198
883641,14.85,134,9329,198
883642,13.85,134,8975,198
883643,16.5,134,9135,198
883644,15.75,134,9204,198
883645,16.4,134,9172,198
883646,15.9,134,9292,198
883647,13.3,134,9063,198
883648,14.9,134,9150,198
883649,14,134,9300,198
883650,18.6,134,9121,198
883651,15.3,134,9212,198
883652,18.55,134,8971,198
883653,12.6,134,9081,198
883654,15.8,134,9219,198
883655,17.7,134,8962,198
883656,16,134,9328,198
883657,14,134,9257,198
883658,15.85,134,9191,198
883659,16.05,134,9228,198
883660,15.25,134,8948,198
883661,16.2,134,8990,198
883662,15.9,134,9006,198
883663,12.95,134,9207,198
883664,13.7,134,9168,198
883665,15,134,9235,198
883666,15.85,134,8959,198
883667,14.1,134,9047,198
883668,15.8,134,9291,198
883669,16.95,134,9099,198
883670,16.25,134,9112,198
883671,14.45,134,9178,198
883672,12.95,134,9062,198
883673,15.6,134,9256,198
883674,14.85,134,9033,198
883675,13.2,134,9067,198
883676,15.5,134,9303,198
883677,17.1,134,9090,198
883678,15.65,134,9017,198
883679,12,134,9104,198
883680,12.25,134,9103,198
883681,16.25,134,9083,198
883682,15.25,134,9245,198
883683,17.75,134,9274,198
883684,15.6,134,9024,198
883685,16.35,134,9321,198
883686,15.95,134,9266,198
883687,16.95,134,9040,198
883688,17.5,134,9127,198
883689,17.1,134,9175,198
883690,15,134,9167,198
883691,11.1,134,9049,198
883692,13.2,134,8955,198
883693,12,134,9226,198
883694,17.5,134,9230,198
883695,17.35,134,8941,198
883696,17.85,134,9022,198
883697,18,134,9203,198
883698,16.25,134,9055,198
883699,16.85,134,9217,198
883700,16.2,134,9196,198
883701,16,134,9126,198
883702,17.1,134,9007,198
883703,15,134,9188,198
883704,18.2,134,9072,198
883705,15.8,134,9233,198
883706,14.25,134,9091,198
883707,17.15,134,8986,198
883708,15.6,134,8957,198
883709,17.5,134,9169,198
883710,11.9,134,9139,198
883711,18.2,134,9258,198
883712,15.85,135,8967,198
883713,17.45,135,9305,198
883714,17.6,135,9277,198
883715,11.1,135,8995,198
883716,17.65,135,9056,198
883717,17.5,135,8994,198
883718,18.6,135,9255,198
883719,15.45,135,8982,198
883720,18.2,135,9294,198
883721,15.2,135,8998,198
883722,15.2,135,9080,198
883723,16.25,135,9028,198
883724,18,135,9177,198
883725,16.9,135,9332,198
883726,16.85,135,9187,198
883727,17.85,135,9034,198
883728,13.45,135,9031,198
883729,15.1,135,9282,198
883730,14.6,135,8979,198
883731,16.85,135,8977,198
883732,15.85,135,9252,198
883733,17.65,135,9125,198
883734,17.6,135,9246,198
883735,13.95,135,9075,198
883736,16,135,9223,198
883737,11.5,135,9122,198
883738,16.25,135,9064,198
883739,17,135,9314,198
883740,17.25,135,9275,198
883741,13.85,135,9004,198
883742,10.95,135,9293,198
883743,17.6,135,9206,198
883744,17.25,135,9079,198
883745,17.35,135,9333,198
883746,15.95,135,9309,198
883747,16.25,135,9156,198
883748,17.2,135,9201,198
883749,18.35,135,9173,198
883750,16.65,135,9086,198
883751,12.6,135,9038,198
883752,16.95,135,8965,198
883753,13.7,135,9238,198
883754,17.95,135,9313,198
883755,16.85,135,9199,198
883756,16.25,135,8956,198
883757,16.25,135,9054,198
883758,16.85,135,9098,198
883759,16.75,135,9306,198
883760,16.35,135,9310,198
883761,18.35,135,9020,198
883762,18.45,135,9171,198
883763,18.1,135,9164,198
883764,17.6,135,9317,198
883765,12.1,135,9181,198
883766,15.4,135,9158,198
883767,14.6,135,8991,198
883768,18.35,135,9159,198
883769,17.6,135,8964,198
883770,17.2,135,9162,198
883771,12.85,135,9302,198
883772,16.6,135,9060,198
883773,13.25,135,9165,198
883774,13.95,135,9089,198
883775,15,135,9071,198
883776,14.85,135,9316,198
883777,17.6,135,9325,198
883778,16.35,135,9110,198
883779,16.85,135,9042,198
883780,16,135,8947,198
883781,17,135,9311,198
883782,17.45,135,8981,198
883783,16.2,135,9229,198
883784,16.35,135,9208,198
883785,13.6,135,9027,198
883786,17.35,135,9288,198
883787,15.25,135,9109,198
883788,11.2,135,9030,198
883789,11.25,135,9234,198
883790,13.45,135,9084,198
883791,17.25,135,9070,198
883792,18.95,135,9132,198
883793,19.2,135,9209,198
883794,17,135,9330,198
883795,16.5,135,9202,198
883796,16,135,9012,198
883797,17.65,135,9023,198
883798,15.65,135,9013,198
883799,18,135,9053,198
883800,17.85,135,9130,198
883801,12.5,135,9216,198
883802,18.55,135,9287,198
883803,17.6,135,8987,198
883804,15.25,135,9111,198
883805,13.1,135,9147,198
883806,17.6,135,9336,198
883807,17.15,135,9131,198
883808,16.25,135,9163,198
883809,18,135,9200,198
883810,17.25,135,9118,198
883811,17.5,135,9284,198
883812,16.25,135,9214,198
883813,14.25,135,9268,198
883814,19.35,135,9326,198
883815,18.6,135,8944,198
883816,17.25,135,8988,198
883817,19,135,9003,198
883818,16.2,135,9044,198
883819,17,135,9254,198
883820,19,135,9289,198
883821,18,135,9272,198
883822,15,135,9174,198
883823,18.25,135,9262,198
883824,16.25,135,9261,198
883825,16.2,135,8963,198
883826,17.8,135,9151,198
883827,16.25,135,9085,198
883828,15.95,135,9186,198
883829,16.7,135,9239,198
883830,16.65,135,9137,198
883831,18.25,135,9285,198
883832,16.95,135,9155,198
883833,18.95,135,9051,198
883834,17.6,135,9192,198
883835,16.35,135,9057,198
883836,16.85,135,9324,198
883837,18,135,9335,198
883838,17.25,135,9136,198
883839,16.5,135,8974,198
883840,11.6,135,9337,198
883841,17.25,135,9093,198
883842,16.5,135,8989,198
883843,13.1,135,8985,198
883844,14.25,135,9247,198
883845,13.9,135,9271,198
883846,16.25,135,9193,198
883847,14.6,135,9231,198
883848,15,135,9264,198
883849,13.9,135,9318,198
883850,15.25,135,9087,198
883851,13.45,135,8969,198
883852,16.85,135,8942,198
883853,18.85,135,9260,198
883854,15.2,135,9149,198
883855,17.6,135,9327,198
883856,14.85,135,8993,198
883857,18.85,135,9320,198
883858,15.85,135,9014,198
883859,18.1,135,9304,198
883860,16.85,135,9001,198
883861,16.55,135,9241,198
883862,16.45,135,9018,198
883863,13.1,135,9059,198
883864,12.6,135,9035,198
883865,17.15,135,9036,198
883866,13.85,135,9142,198
883867,18.35,135,9166,198
883868,11.2,135,9102,198
883869,16.6,135,9276,198
883870,17.5,135,9298,198
883871,16.6,135,9263,198
883872,14.35,135,9076,198
883873,17.65,135,9198,198
883874,11.6,135,9116,198
883875,15.85,135,8984,198
883876,18.85,135,9211,198
883877,17.85,135,8980,198
883878,15,135,9182,198
883879,17.1,135,9154,198
883880,16.2,135,9052,198
883881,16.95,135,9100,198
883882,16.85,135,8952,198
883883,16.6,135,9270,198
883884,17.25,135,9088,198
883885,17.4,135,9176,198
883886,17.35,135,8996,198
883887,17.6,135,9242,198
883888,16.85,135,9115,198
883889,15.2,135,9236,198
883890,12.85,135,9123,198
883891,16.65,135,9114,198
883892,16,135,9269,198
883893,14.6,135,9000,198
883894,16.45,135,9144,198
883895,16,135,8953,198
883896,16.85,135,9286,198
883897,17.6,135,9213,198
883898,19,135,9248,198
883899,17.5,135,9009,198
883900,16.6,135,9048,198
883901,19.6,135,9210,198
883902,17.5,135,9005,198
883903,16.25,135,9297,198
883904,13.35,135,9152,198
883905,15.25,135,9016,198
883906,17.3,135,9094,198
883907,18.2,135,9074,198
883908,15.75,135,9250,198
883909,15.25,135,9119,198
883910,15.2,135,9019,198
883911,17.75,135,9249,198
883912,12.85,135,9283,198
883913,15.45,135,9221,198
883914,14.9,135,9278,198
883915,19.65,135,9183,198
883916,10.85,135,8954,198
883917,16.95,135,9107,198
883918,16.45,135,8968,198
883919,17.85,135,9133,198
883920,19.2,135,9218,198
883921,15.95,135,9113,198
883922,17.2,135,9058,198
883923,18.25,135,9148,198
883924,18.6,135,9232,198
883925,15.95,135,9323,198
883926,14.2,135,9237,198
883927,11.25,135,8949,198
883928,16.65,135,9153,198
883929,15.95,135,9170,198
883930,17.45,135,8970,198
883931,17.6,135,9138,198
883932,18.75,135,9082,198
883933,18.65,135,8999,198
883934,14.9,135,8978,198
883935,16.25,135,9025,198
883936,17.95,135,9128,198
883937,15.25,135,9069,198
883938,12.25,135,9117,198
883939,13.85,135,8966,198
883940,18.85,135,9032,198
883941,15.85,135,9222,198
883942,17.35,135,9011,198
883943,18.85,135,9243,198
883944,15,135,9225,198
883945,11.25,135,9106,198
883946,18.45,135,9215,198
883947,19.25,135,9134,198
883948,18.2,135,9096,198
883949,16.25,135,9296,198
883950,15.35,135,9295,198
883951,18.2,135,9227,198
883952,15.6,135,9280,198
883953,15.6,135,9240,198
883954,17.2,135,8960,198
883955,17.6,135,9185,198
883956,18.45,135,9037,198
883957,15.85,135,9120,198
883958,15.85,135,9050,198
883959,16.6,135,8946,198
883960,15,135,9312,198
883961,19.25,135,9179,198
883962,16.65,135,9195,198
883963,14.95,135,9077,198
883964,17.2,135,9160,198
883965,18.25,135,9334,198
883966,18.65,135,9092,198
883967,15.05,135,9319,198
883968,16.6,135,8983,198
883969,12.25,135,9194,198
883970,11.6,135,9140,198
883971,16.25,135,8992,198
883972,18.35,135,9253,198
883973,13.6,135,9273,198
883974,15.85,135,9061,198
883975,15.6,135,9340,198
883976,13.6,135,9078,198
883977,16.65,135,8972,198
883978,17.25,135,9299,198
883979,12.25,135,9281,198
883980,17.45,135,9002,198
883981,13.6,135,9189,198
883982,14.35,135,9290,198
883983,14.1,135,9315,198
883984,17.2,135,8950,198
883985,16.85,135,9129,198
883986,16.25,135,9008,198
883987,16.1,135,9095,198
883988,13.6,135,9307,198
883989,18.25,135,9338,198
883990,12.85,135,9267,198
883991,14,135,9073,198
883992,18.85,135,9041,198
883993,11.95,135,9097,198
883994,16.2,135,8976,198
883995,14.85,135,9143,198
883996,17.15,135,8961,198
883997,18.2,135,9331,198
883998,16.85,135,9026,198
883999,16.25,135,9322,198
884000,15.85,135,9039,198
884001,16.5,135,9279,198
884002,17.65,135,9197,198
884003,16.25,135,9145,198
884004,15.85,135,9010,198
884005,18.25,135,8945,198
884006,17.25,135,9329,198
884007,14.45,135,8975,198
884008,17.25,135,9135,198
884009,16,135,9204,198
884010,17.35,135,9172,198
884011,16,135,9292,198
884012,14.35,135,9063,198
884013,15.95,135,9150,198
884014,14,135,9300,198
884015,18.15,135,9121,198
884016,15.25,135,9212,198
884017,17.7,135,8971,198
884018,14.25,135,9081,198
884019,17.7,135,9219,198
884020,17.95,135,8962,198
884021,16.35,135,9328,198
884022,14.25,135,9257,198
884023,17.6,135,9191,198
884024,16.6,135,9228,198
884025,15.65,135,8948,198
884026,15.85,135,8990,198
884027,16.05,135,9006,198
884028,14.5,135,9207,198
884029,14.5,135,9168,198
884030,15.85,135,9235,198
884031,15.85,135,8959,198
884032,15.4,135,9047,198
884033,15.85,135,9291,198
884034,17.1,135,9099,198
884035,14.85,135,9112,198
884036,16.25,135,9178,198
884037,13.85,135,9062,198
884038,16.6,135,9256,198
884039,17.3,135,9033,198
884040,13.25,135,9067,198
884041,17.5,135,9303,198
884042,17.95,135,9090,198
884043,16.6,135,9017,198
884044,13.6,135,9104,198
884045,12.85,135,9103,198
884046,16.25,135,9083,198
884047,16.35,135,9245,198
884048,17.1,135,9274,198
884049,16.95,135,9024,198
884050,18.25,135,9321,198
884051,18,135,9266,198
884052,15.85,135,9040,198
884053,18.8,135,9127,198
884054,17.55,135,9175,198
884055,13.25,135,9167,198
884056,11.9,135,9049,198
884057,13.45,135,8955,198
884058,11.8,135,9226,198
884059,19.2,135,9230,198
884060,18.25,135,8941,198
884061,18.45,135,9022,198
884062,18.85,135,9203,198
884063,16.95,135,9055,198
884064,17.65,135,9217,198
884065,17.25,135,9196,198
884066,17,135,9126,198
884067,16.85,135,9007,198
884068,14.2,135,9188,198
884069,18.2,135,9072,198
884070,17,135,9233,198
884071,16.65,135,9091,198
884072,16.5,135,8986,198
884073,15.6,135,8957,198
884074,17.5,135,9169,198
884075,14,135,9139,198
884076,18.6,135,9258,198
884077,15.35,136,8967,198
884078,16.3,136,9305,198
884079,15.65,136,9277,198
884080,9.2,136,8995,198
884081,16.5,136,9056,198
884082,17,136,8994,198
884083,17.9,136,9255,198
884084,14.25,136,8982,198
884085,17.45,136,9294,198
884086,14.05,136,8998,198
884087,15.8,136,9080,198
884088,16.6,136,9028,198
884089,16.25,136,9177,198
884090,15.9,136,9332,198
884091,17.25,136,9187,198
884092,17.9,136,9034,198
884093,13.3,136,9031,198
884094,13.3,136,9282,198
884095,13.25,136,8979,198
884096,14,136,8977,198
884097,15.5,136,9252,198
884098,16,136,9125,198
884099,17.2,136,9246,198
884100,11.85,136,9075,198
884101,14.35,136,9223,198
884102,11.3,136,9122,198
884103,15.55,136,9064,198
884104,16.4,136,9314,198
884105,14.55,136,9275,198
884106,12.8,136,9004,198
884107,9.85,136,9293,198
884108,16.9,136,9206,198
884109,17.55,136,9079,198
884110,15.5,136,9333,198
884111,14.45,136,9309,198
884112,14.65,136,9156,198
884113,15.6,136,9201,198
884114,17.65,136,9173,198
884115,15.75,136,9086,198
884116,12,136,9038,198
884117,15.85,136,8965,198
884118,12.7,136,9238,198
884119,17.65,136,9313,198
884120,14.6,136,9199,198
884121,14.5,136,8956,198
884122,14.55,136,9054,198
884123,17.35,136,9098,198
884124,15.15,136,9306,198
884125,15.85,136,9310,198
884126,17.6,136,9020,198
884127,16.95,136,9171,198
884128,18.45,136,9164,198
884129,18,136,9317,198
884130,11.6,136,9181,198
884131,15.25,136,9158,198
884132,12.6,136,8991,198
884133,16.75,136,9159,198
884134,17.3,136,8964,198
884135,15.6,136,9162,198
884136,13.45,136,9302,198
884137,15.2,136,9060,198
884138,13.4,136,9165,198
884139,13.9,136,9089,198
884140,14.5,136,9071,198
884141,14.35,136,9316,198
884142,14.95,136,9325,198
884143,14.9,136,9110,198
884144,14.8,136,9042,198
884145,15.75,136,8947,198
884146,16.5,136,9311,198
884147,15.45,136,8981,198
884148,15.25,136,9229,198
884149,15.35,136,9208,198
884150,12.4,136,9027,198
884151,16,136,9288,198
884152,13.9,136,9109,198
884153,11.55,136,9030,198
884154,11.45,136,9234,198
884155,11.95,136,9084,198
884156,15.5,136,9070,198
884157,17.1,136,9132,198
884158,18.45,136,9209,198
884159,15.6,136,9330,198
884160,16.3,136,9202,198
884161,15.1,136,9012,198
884162,15.9,136,9023,198
884163,13.35,136,9013,198
884164,16.3,136,9053,198
884165,16.85,136,9130,198
884166,11.85,136,9216,198
884167,17.1,136,9287,198
884168,17.4,136,8987,198
884169,13.15,136,9111,198
884170,11.85,136,9147,198
884171,15.6,136,9336,198
884172,17.6,136,9131,198
884173,15.6,136,9163,198
884174,16.1,136,9200,198
884175,15.35,136,9118,198
884176,14.5,136,9284,198
884177,15.6,136,9214,198
884178,13.45,136,9268,198
884179,16.9,136,9326,198
884180,15.8,136,8944,198
884181,16.5,136,8988,198
884182,16,136,9003,198
884183,12.8,136,9044,198
884184,16.75,136,9254,198
884185,18.25,136,9289,198
884186,16.35,136,9272,198
884187,14.35,136,9174,198
884188,17.5,136,9262,198
884189,16,136,9261,198
884190,14.85,136,8963,198
884191,16.55,136,9151,198
884192,15.9,136,9085,198
884193,15.5,136,9186,198
884194,14.9,136,9239,198
884195,14.85,136,9137,198
884196,16.6,136,9285,198
884197,15.7,136,9155,198
884198,17.45,136,9051,198
884199,16.45,136,9192,198
884200,14.75,136,9057,198
884201,16.35,136,9324,198
884202,17.05,136,9335,198
884203,15.05,136,9136,198
884204,14.35,136,8974,198
884205,10.75,136,9337,198
884206,17.25,136,9093,198
884207,14.95,136,8989,198
884208,13.2,136,8985,198
884209,15,136,9247,198
884210,12.65,136,9271,198
884211,17.25,136,9193,198
884212,12.3,136,9231,198
884213,14.5,136,9264,198
884214,14.95,136,9318,198
884215,14.6,136,9087,198
884216,12.55,136,8969,198
884217,14.95,136,8942,198
884218,17.5,136,9260,198
884219,15.65,136,9149,198
884220,15.95,136,9327,198
884221,13.2,136,8993,198
884222,17.85,136,9320,198
884223,14.65,136,9014,198
884224,16.55,136,9304,198
884225,15.3,136,9001,198
884226,15,136,9241,198
884227,16.2,136,9018,198
884228,12.2,136,9059,198
884229,11.25,136,9035,198
884230,15.7,136,9036,198
884231,13.2,136,9142,198
884232,17.85,136,9166,198
884233,11.4,136,9102,198
884234,16.75,136,9276,198
884235,16.6,136,9298,198
884236,15.5,136,9263,198
884237,13.1,136,9076,198
884238,18.25,136,9198,198
884239,10.6,136,9116,198
884240,14.25,136,8984,198
884241,17.4,136,9211,198
884242,16.6,136,8980,198
884243,14.6,136,9182,198
884244,17.25,136,9154,198
884245,15.1,136,9052,198
884246,14.6,136,9100,198
884247,16.55,136,8952,198
884248,13.85,136,9270,198
884249,16.25,136,9088,198
884250,14.55,136,9176,198
884251,16.6,136,8996,198
884252,15.85,136,9242,198
884253,16.4,136,9115,198
884254,13.2,136,9236,198
884255,11,136,9123,198
884256,15.15,136,9114,198
884257,14.6,136,9269,198
884258,13.1,136,9000,198
884259,14.3,136,9144,198
884260,15.25,136,8953,198
884261,14.85,136,9286,198
884262,16.25,136,9213,198
884263,16.45,136,9248,198
884264,16.25,136,9009,198
884265,16.55,136,9048,198
884266,17.35,136,9210,198
884267,15.8,136,9005,198
884268,15.5,136,9297,198
884269,12.15,136,9152,198
884270,15.35,136,9016,198
884271,16.75,136,9094,198
884272,16.65,136,9074,198
884273,13.95,136,9250,198
884274,15.05,136,9119,198
884275,14.6,136,9019,198
884276,16.45,136,9249,198
884277,12.05,136,9283,198
884278,14.65,136,9221,198
884279,12.55,136,9278,198
884280,17.85,136,9183,198
884281,10.4,136,8954,198
884282,15.15,136,9107,198
884283,15.5,136,8968,198
884284,16.9,136,9133,198
884285,17.35,136,9218,198
884286,13.85,136,9113,198
884287,15.65,136,9058,198
884288,17,136,9148,198
884289,17.15,136,9232,198
884290,14.9,136,9323,198
884291,15.5,136,9237,198
884292,11.2,136,8949,198
884293,15.45,136,9153,198
884294,15.1,136,9170,198
884295,16.25,136,8970,198
884296,16.65,136,9138,198
884297,16.1,136,9082,198
884298,17,136,8999,198
884299,13,136,8978,198
884300,17,136,9025,198
884301,16.8,136,9128,198
884302,15,136,9069,198
884303,11.75,136,9117,198
884304,12.25,136,8966,198
884305,16.85,136,9032,198
884306,14.85,136,9222,198
884307,14.95,136,9011,198
884308,16.85,136,9243,198
884309,14.1,136,9225,198
884310,10.7,136,9106,198
884311,16.6,136,9215,198
884312,18.15,136,9134,198
884313,17.6,136,9096,198
884314,17.6,136,9296,198
884315,14.95,136,9295,198
884316,16.85,136,9227,198
884317,14.85,136,9280,198
884318,14.7,136,9240,198
884319,17.85,136,8960,198
884320,15.95,136,9185,198
884321,16.35,136,9037,198
884322,14.65,136,9120,198
884323,14,136,9050,198
884324,15.65,136,8946,198
884325,14.15,136,9312,198
884326,18.6,136,9179,198
884327,15.45,136,9195,198
884328,15.7,136,9077,198
884329,16.25,136,9160,198
884330,17.75,136,9334,198
884331,16.3,136,9092,198
884332,15.5,136,9319,198
884333,15.6,136,8983,198
884334,12.95,136,9194,198
884335,10.95,136,9140,198
884336,14.5,136,8992,198
884337,17.1,136,9253,198
884338,11.8,136,9273,198
884339,15.6,136,9061,198
884340,14.95,136,9340,198
884341,11.9,136,9078,198
884342,17.2,136,8972,198
884343,14.9,136,9299,198
884344,12.5,136,9281,198
884345,15.85,136,9002,198
884346,13.9,136,9189,198
884347,12.6,136,9290,198
884348,13.6,136,9315,198
884349,15.5,136,8950,198
884350,16.2,136,9129,198
884351,14.95,136,9008,198
884352,16,136,9095,198
884353,14.85,136,9307,198
884354,15.95,136,9338,198
884355,11.6,136,9267,198
884356,14.5,136,9073,198
884357,17.25,136,9041,198
884358,10.7,136,9097,198
884359,15.5,136,8976,198
884360,14.95,136,9143,198
884361,16.85,136,8961,198
884362,17.35,136,9331,198
884363,16.25,136,9026,198
884364,15.6,136,9322,198
884365,14.5,136,9039,198
884366,15.25,136,9279,198
884367,15.35,136,9197,198
884368,16.45,136,9145,198
884369,14.8,136,9010,198
884370,16.1,136,8945,198
884371,15.9,136,9329,198
884372,13.05,136,8975,198
884373,16.4,136,9135,198
884374,14.6,136,9204,198
884375,16.6,136,9172,198
884376,16.2,136,9292,198
884377,12.65,136,9063,198
884378,13.2,136,9150,198
884379,13.5,136,9300,198
884380,17.6,136,9121,198
884381,14.25,136,9212,198
884382,17.25,136,8971,198
884383,13.25,136,9081,198
884384,17.15,136,9219,198
884385,16.95,136,8962,198
884386,16.45,136,9328,198
884387,14.7,136,9257,198
884388,17.2,136,9191,198
884389,15.85,136,9228,198
884390,14.9,136,8948,198
884391,16,136,8990,198
884392,14.45,136,9006,198
884393,11.1,136,9207,198
884394,15,136,9168,198
884395,14.5,136,9235,198
884396,16,136,8959,198
884397,15.1,136,9047,198
884398,15,136,9291,198
884399,15.65,136,9099,198
884400,15.6,136,9112,198
884401,13.9,136,9178,198
884402,12.1,136,9062,198
884403,15.25,136,9256,198
884404,15.8,136,9033,198
884405,11.5,136,9067,198
884406,15.55,136,9303,198
884407,17,136,9090,198
884408,14.9,136,9017,198
884409,11.65,136,9104,198
884410,13.2,136,9103,198
884411,15.6,136,9083,198
884412,14.45,136,9245,198
884413,17.05,136,9274,198
884414,16.1,136,9024,198
884415,17.75,136,9321,198
884416,16.25,136,9266,198
884417,16.25,136,9040,198
884418,17.6,136,9127,198
884419,16.25,136,9175,198
884420,14,136,9167,198
884421,10.55,136,9049,198
884422,13.25,136,8955,198
884423,10.85,136,9226,198
884424,17.7,136,9230,198
884425,17.3,136,8941,198
884426,17.5,136,9022,198
884427,17.75,136,9203,198
884428,16.55,136,9055,198
884429,16.2,136,9217,198
884430,16.45,136,9196,198
884431,14.85,136,9126,198
884432,17,136,9007,198
884433,14.85,136,9188,198
884434,18.25,136,9072,198
884435,16.6,136,9233,198
884436,14.75,136,9091,198
884437,16.2,136,8986,198
884438,15.85,136,8957,198
884439,17.25,136,9169,198
884440,11.85,136,9139,198
884441,16.7,136,9258,198
884442,17.85,137,8967,198
884443,18.85,137,9305,198
884444,18.25,137,9277,198
884445,12.25,137,8995,198
884446,18.6,137,9056,198
884447,18.5,137,8994,198
884448,20,137,9255,198
884449,18.75,137,8982,198
884450,20,137,9294,198
884451,17.25,137,8998,198
884452,17.6,137,9080,198
884453,18.85,137,9028,198
884454,20,137,9177,198
884455,19.35,137,9332,198
884456,18.25,137,9187,198
884457,19.6,137,9034,198
884458,15.6,137,9031,198
884459,16,137,9282,198
884460,17.6,137,8979,198
884461,18.1,137,8977,198
884462,17.85,137,9252,198
884463,18.6,137,9125,198
884464,19,137,9246,198
884465,14.85,137,9075,198
884466,18,137,9223,198
884467,13.6,137,9122,198
884468,18.25,137,9064,198
884469,19.25,137,9314,198
884470,18.35,137,9275,198
884471,13.9,137,9004,198
884472,13.6,137,9293,198
884473,19.25,137,9206,198
884474,18,137,9079,198
884475,18.75,137,9333,198
884476,17.6,137,9309,198
884477,17.25,137,9156,198
884478,17.45,137,9201,198
884479,19.2,137,9173,198
884480,19,137,9086,198
884481,15.2,137,9038,198
884482,19.25,137,8965,198
884483,16.2,137,9238,198
884484,19.6,137,9313,198
884485,18.6,137,9199,198
884486,18.2,137,8956,198
884487,16.85,137,9054,198
884488,18.25,137,9098,198
884489,18.25,137,9306,198
884490,17.6,137,9310,198
884491,19.6,137,9020,198
884492,19.6,137,9171,198
884493,19.6,137,9164,198
884494,18.85,137,9317,198
884495,13.85,137,9181,198
884496,18.85,137,9158,198
884497,14.85,137,8991,198
884498,19.25,137,9159,198
884499,19,137,8964,198
884500,19.25,137,9162,198
884501,16.6,137,9302,198
884502,18.25,137,9060,198
884503,14.6,137,9165,198
884504,14.85,137,9089,198
884505,15.65,137,9071,198
884506,16.6,137,9316,198
884507,18,137,9325,198
884508,16.85,137,9110,198
884509,17,137,9042,198
884510,18.2,137,8947,198
884511,18.85,137,9311,198
884512,17,137,8981,198
884513,18.6,137,9229,198
884514,17.35,137,9208,198
884515,15.25,137,9027,198
884516,18.6,137,9288,198
884517,15.85,137,9109,198
884518,13.1,137,9030,198
884519,13.6,137,9234,198
884520,15.2,137,9084,198
884521,17.85,137,9070,198
884522,19.25,137,9132,198
884523,20,137,9209,198
884524,19.25,137,9330,198
884525,17.85,137,9202,198
884526,19,137,9012,198
884527,18.25,137,9023,198
884528,16.6,137,9013,198
884529,19.6,137,9053,198
884530,18.25,137,9130,198
884531,13.9,137,9216,198
884532,19.6,137,9287,198
884533,18.25,137,8987,198
884534,16.2,137,9111,198
884535,15.6,137,9147,198
884536,19.2,137,9336,198
884537,18.85,137,9131,198
884538,18.6,137,9163,198
884539,19.25,137,9200,198
884540,17.85,137,9118,198
884541,18.25,137,9284,198
884542,18,137,9214,198
884543,15.6,137,9268,198
884544,19.6,137,9326,198
884545,19.25,137,8944,198
884546,18.35,137,8988,198
884547,19.6,137,9003,198
884548,17.25,137,9044,198
884549,18.85,137,9254,198
884550,19.6,137,9289,198
884551,17.85,137,9272,198
884552,17.6,137,9174,198
884553,20,137,9262,198
884554,18.25,137,9261,198
884555,18.2,137,8963,198
884556,19.6,137,9151,198
884557,17.9,137,9085,198
884558,18,137,9186,198
884559,18.85,137,9239,198
884560,18.25,137,9137,198
884561,19.6,137,9285,198
884562,17.85,137,9155,198
884563,19.65,137,9051,198
884564,19.25,137,9192,198
884565,17.6,137,9057,198
884566,19.6,137,9324,198
884567,19.25,137,9335,198
884568,17.6,137,9136,198
884569,16.85,137,8974,198
884570,11.85,137,9337,198
884571,20,137,9093,198
884572,17.85,137,8989,198
884573,14.6,137,8985,198
884574,17.6,137,9247,198
884575,16,137,9271,198
884576,18.85,137,9193,198
884577,15.25,137,9231,198
884578,16.35,137,9264,198
884579,15.25,137,9318,198
884580,16.85,137,9087,198
884581,15.95,137,8969,198
884582,17,137,8942,198
884583,19.25,137,9260,198
884584,17.5,137,9149,198
884585,18.6,137,9327,198
884586,17.5,137,8993,198
884587,20,137,9320,198
884588,18.1,137,9014,198
884589,20,137,9304,198
884590,18.25,137,9001,198
884591,18.25,137,9241,198
884592,17.85,137,9018,198
884593,13.6,137,9059,198
884594,13.6,137,9035,198
884595,18.85,137,9036,198
884596,15.6,137,9142,198
884597,19.6,137,9166,198
884598,13.2,137,9102,198
884599,19.6,137,9276,198
884600,18.25,137,9298,198
884601,18.25,137,9263,198
884602,15.6,137,9076,198
884603,18.6,137,9198,198
884604,12.6,137,9116,198
884605,17,137,8984,198
884606,20,137,9211,198
884607,20,137,8980,198
884608,17.25,137,9182,198
884609,19.6,137,9154,198
884610,17.6,137,9052,198
884611,18.85,137,9100,198
884612,18.95,137,8952,198
884613,16.6,137,9270,198
884614,17.6,137,9088,198
884615,18.35,137,9176,198
884616,17.45,137,8996,198
884617,18.95,137,9242,198
884618,18.6,137,9115,198
884619,15.85,137,9236,198
884620,14.25,137,9123,198
884621,17.6,137,9114,198
884622,18.6,137,9269,198
884623,16.25,137,9000,198
884624,17.2,137,9144,198
884625,18.35,137,8953,198
884626,18.95,137,9286,198
884627,18.5,137,9213,198
884628,19.6,137,9248,198
884629,17.25,137,9009,198
884630,18,137,9048,198
884631,19.6,137,9210,198
884632,18,137,9005,198
884633,17.6,137,9297,198
884634,14.85,137,9152,198
884635,17.6,137,9016,198
884636,19.6,137,9094,198
884637,19.6,137,9074,198
884638,16.1,137,9250,198
884639,18.25,137,9119,198
884640,16,137,9019,198
884641,18.6,137,9249,198
884642,14.5,137,9283,198
884643,18.25,137,9221,198
884644,15.45,137,9278,198
884645,19.25,137,9183,198
884646,13,137,8954,198
884647,17.25,137,9107,198
884648,16.6,137,8968,198
884649,19.25,137,9133,198
884650,20,137,9218,198
884651,18.25,137,9113,198
884652,18.2,137,9058,198
884653,19.25,137,9148,198
884654,20,137,9232,198
884655,17.6,137,9323,198
884656,16.6,137,9237,198
884657,12.6,137,8949,198
884658,16.85,137,9153,198
884659,18.25,137,9170,198
884660,18.6,137,8970,198
884661,19.2,137,9138,198
884662,19.6,137,9082,198
884663,20,137,8999,198
884664,16.25,137,8978,198
884665,18.2,137,9025,198
884666,19.25,137,9128,198
884667,16.25,137,9069,198
884668,14.25,137,9117,198
884669,13.45,137,8966,198
884670,19.6,137,9032,198
884671,18.85,137,9222,198
884672,16.85,137,9011,198
884673,20,137,9243,198
884674,16.25,137,9225,198
884675,13,137,9106,198
884676,20,137,9215,198
884677,19.6,137,9134,198
884678,18.85,137,9096,198
884679,19.6,137,9296,198
884680,17.6,137,9295,198
884681,20,137,9227,198
884682,17,137,9280,198
884683,17.2,137,9240,198
884684,18.95,137,8960,198
884685,19.25,137,9185,198
884686,19.6,137,9037,198
884687,18.25,137,9120,198
884688,18.25,137,9050,198
884689,17.85,137,8946,198
884690,16.35,137,9312,198
884691,19.6,137,9179,198
884692,18.25,137,9195,198
884693,18.25,137,9077,198
884694,18.25,137,9160,198
884695,20,137,9334,198
884696,18.2,137,9092,198
884697,17,137,9319,198
884698,17.6,137,8983,198
884699,14.2,137,9194,198
884700,13,137,9140,198
884701,17.25,137,8992,198
884702,20,137,9253,198
884703,13.85,137,9273,198
884704,17.85,137,9061,198
884705,18.25,137,9340,198
884706,15.6,137,9078,198
884707,19.25,137,8972,198
884708,17.25,137,9299,198
884709,14.25,137,9281,198
884710,19,137,9002,198
884711,16.6,137,9189,198
884712,16.35,137,9290,198
884713,15.2,137,9315,198
884714,19.65,137,8950,198
884715,18.25,137,9129,198
884716,16.85,137,9008,198
884717,18,137,9095,198
884718,16.85,137,9307,198
884719,18.6,137,9338,198
884720,15.2,137,9267,198
884721,16.25,137,9073,198
884722,20,137,9041,198
884723,12.45,137,9097,198
884724,17.25,137,8976,198
884725,17.2,137,9143,198
884726,17.6,137,8961,198
884727,19.6,137,9331,198
884728,18.6,137,9026,198
884729,18.85,137,9322,198
884730,18.85,137,9039,198
884731,18,137,9279,198
884732,19.25,137,9197,198
884733,17.85,137,9145,198
884734,17.35,137,9010,198
884735,19.6,137,8945,198
884736,18.25,137,9329,198
884737,15.6,137,8975,198
884738,19,137,9135,198
884739,18,137,9204,198
884740,19.35,137,9172,198
884741,17.6,137,9292,198
884742,16.25,137,9063,198
884743,17.6,137,9150,198
884744,15.6,137,9300,198
884745,20,137,9121,198
884746,15.85,137,9212,198
884747,20,137,8971,198
884748,15.2,137,9081,198
884749,20,137,9219,198
884750,19.2,137,8962,198
884751,17.6,137,9328,198
884752,15.65,137,9257,198
884753,18.6,137,9191,198
884754,18.6,137,9228,198
884755,16.6,137,8948,198
884756,18.6,137,8990,198
884757,17.5,137,9006,198
884758,16.25,137,9207,198
884759,15.65,137,9168,198
884760,17.2,137,9235,198
884761,17.6,137,8959,198
884762,17.6,137,9047,198
884763,19.4,137,9291,198
884764,17.6,137,9099,198
884765,16.5,137,9112,198
884766,16.2,137,9178,198
884767,14.25,137,9062,198
884768,19.6,137,9256,198
884769,18.25,137,9033,198
884770,14.2,137,9067,198
884771,18.25,137,9303,198
884772,19.75,137,9090,198
884773,16.85,137,9017,198
884774,13.2,137,9104,198
884775,13.45,137,9103,198
884776,18.25,137,9083,198
884777,18.25,137,9245,198
884778,19.35,137,9274,198
884779,18.25,137,9024,198
884780,20,137,9321,198
884781,19.25,137,9266,198
884782,18.9,137,9040,198
884783,20,137,9127,198
884784,20,137,9175,198
884785,16.25,137,9167,198
884786,13.35,137,9049,198
884787,16.25,137,8955,198
884788,14,137,9226,198
884789,19.6,137,9230,198
884790,18.6,137,8941,198
884791,19.6,137,9022,198
884792,20,137,9203,198
884793,17.85,137,9055,198
884794,19.6,137,9217,198
884795,18,137,9196,198
884796,18.25,137,9126,198
884797,18.6,137,9007,198
884798,15.95,137,9188,198
884799,19.25,137,9072,198
884800,18.6,137,9233,198
884801,18.6,137,9091,198
884802,18.25,137,8986,198
884803,18.6,137,8957,198
884804,19.6,137,9169,198
884805,14.25,137,9139,198
884806,20,137,9258,198
884807,17.1,138,8967,198
884808,18.25,138,9305,198
884809,18.25,138,9277,198
884810,12.85,138,8995,198
884811,19,138,9056,198
884812,17.85,138,8994,198
884813,19,138,9255,198
884814,16.6,138,8982,198
884815,20,138,9294,198
884816,17,138,8998,198
884817,16.35,138,9080,198
884818,18.2,138,9028,198
884819,17.85,138,9177,198
884820,18.85,138,9332,198
884821,18.2,138,9187,198
884822,19,138,9034,198
884823,15.25,138,9031,198
884824,14.25,138,9282,198
884825,15.7,138,8979,198
884826,17,138,8977,198
884827,18,138,9252,198
884828,18,138,9125,198
884829,19.35,138,9246,198
884830,13.6,138,9075,198
884831,17.2,138,9223,198
884832,13.25,138,9122,198
884833,16.85,138,9064,198
884834,18.25,138,9314,198
884835,16.6,138,9275,198
884836,15.25,138,9004,198
884837,13.85,138,9293,198
884838,18.6,138,9206,198
884839,17.6,138,9079,198
884840,17.85,138,9333,198
884841,18.25,138,9309,198
884842,17,138,9156,198
884843,18,138,9201,198
884844,20,138,9173,198
884845,17.6,138,9086,198
884846,14.6,138,9038,198
884847,18.95,138,8965,198
884848,15,138,9238,198
884849,19.25,138,9313,198
884850,17.9,138,9199,198
884851,16.6,138,8956,198
884852,17.85,138,9054,198
884853,18.25,138,9098,198
884854,18,138,9306,198
884855,17.25,138,9310,198
884856,18.6,138,9020,198
884857,19.6,138,9171,198
884858,18.85,138,9164,198
884859,18.6,138,9317,198
884860,14.85,138,9181,198
884861,17.95,138,9158,198
884862,14.85,138,8991,198
884863,20,138,9159,198
884864,19.6,138,8964,198
884865,18.25,138,9162,198
884866,15.25,138,9302,198
884867,18.75,138,9060,198
884868,13.45,138,9165,198
884869,15.85,138,9089,198
884870,15.95,138,9071,198
884871,16,138,9316,198
884872,18.35,138,9325,198
884873,18,138,9110,198
884874,16.85,138,9042,198
884875,17,138,8947,198
884876,19.4,138,9311,198
884877,16.25,138,8981,198
884878,17.2,138,9229,198
884879,16.85,138,9208,198
884880,14.95,138,9027,198
884881,18.25,138,9288,198
884882,15.35,138,9109,198
884883,13.35,138,9030,198
884884,13.25,138,9234,198
884885,15.85,138,9084,198
884886,17.85,138,9070,198
884887,19.2,138,9132,198
884888,20,138,9209,198
884889,18,138,9330,198
884890,17.2,138,9202,198
884891,17.25,138,9012,198
884892,17.6,138,9023,198
884893,15.6,138,9013,198
884894,18.6,138,9053,198
884895,17.85,138,9130,198
884896,14.2,138,9216,198
884897,19.6,138,9287,198
884898,17.6,138,8987,198
884899,16.45,138,9111,198
884900,14.2,138,9147,198
884901,18.35,138,9336,198
884902,18.6,138,9131,198
884903,17.4,138,9163,198
884904,18.25,138,9200,198
884905,17.5,138,9118,198
884906,17.35,138,9284,198
884907,17.25,138,9214,198
884908,14.85,138,9268,198
884909,20,138,9326,198
884910,19.6,138,8944,198
884911,19.35,138,8988,198
884912,20,138,9003,198
884913,17,138,9044,198
884914,18.6,138,9254,198
884915,19.6,138,9289,198
884916,18.2,138,9272,198
884917,16.85,138,9174,198
884918,19.2,138,9262,198
884919,17.6,138,9261,198
884920,17.6,138,8963,198
884921,17.65,138,9151,198
884922,17.6,138,9085,198
884923,16.85,138,9186,198
884924,17.9,138,9239,198
884925,17,138,9137,198
884926,19.35,138,9285,198
884927,16.85,138,9155,198
884928,19.6,138,9051,198
884929,19.25,138,9192,198
884930,17,138,9057,198
884931,18.6,138,9324,198
884932,18.85,138,9335,198
884933,16.85,138,9136,198
884934,16.6,138,8974,198
884935,13.25,138,9337,198
884936,19.6,138,9093,198
884937,17.25,138,8989,198
884938,14.95,138,8985,198
884939,17.25,138,9247,198
884940,14.5,138,9271,198
884941,17.6,138,9193,198
884942,13.85,138,9231,198
884943,15,138,9264,198
884944,15.2,138,9318,198
884945,16.2,138,9087,198
884946,15,138,8969,198
884947,17,138,8942,198
884948,19.25,138,9260,198
884949,17.85,138,9149,198
884950,17.6,138,9327,198
884951,16.5,138,8993,198
884952,18.85,138,9320,198
884953,16.85,138,9014,198
884954,19.65,138,9304,198
884955,17.85,138,9001,198
884956,16.6,138,9241,198
884957,17.85,138,9018,198
884958,13,138,9059,198
884959,12.6,138,9035,198
884960,18.6,138,9036,198
884961,15.25,138,9142,198
884962,19.6,138,9166,198
884963,13.6,138,9102,198
884964,18.85,138,9276,198
884965,18.25,138,9298,198
884966,17.45,138,9263,198
884967,15.25,138,9076,198
884968,19.25,138,9198,198
884969,13.45,138,9116,198
884970,16.1,138,8984,198
884971,19.2,138,9211,198
884972,18.85,138,8980,198
884973,16.65,138,9182,198
884974,19.2,138,9154,198
884975,17.6,138,9052,198
884976,17,138,9100,198
884977,19.2,138,8952,198
884978,17.85,138,9270,198
884979,16.95,138,9088,198
884980,16.8,138,9176,198
884981,18,138,8996,198
884982,17.25,138,9242,198
884983,17.25,138,9115,198
884984,16,138,9236,198
884985,12.85,138,9123,198
884986,16.85,138,9114,198
884987,17.6,138,9269,198
884988,15.5,138,9000,198
884989,16.75,138,9144,198
884990,18.25,138,8953,198
884991,16.95,138,9286,198
884992,18.25,138,9213,198
884993,19.25,138,9248,198
884994,16.6,138,9009,198
884995,17.2,138,9048,198
884996,19.25,138,9210,198
884997,16.85,138,9005,198
884998,17.25,138,9297,198
884999,14.25,138,9152,198
885000,17.85,138,9016,198
885001,17.85,138,9094,198
885002,19,138,9074,198
885003,16,138,9250,198
885004,17,138,9119,198
885005,15.45,138,9019,198
885006,17.85,138,9249,198
885007,13.25,138,9283,198
885008,15.85,138,9221,198
885009,15.5,138,9278,198
885010,18.85,138,9183,198
885011,11.1,138,8954,198
885012,16.25,138,9107,198
885013,16.25,138,8968,198
885014,18.9,138,9133,198
885015,19.65,138,9218,198
885016,17.1,138,9113,198
885017,18.25,138,9058,198
885018,19.2,138,9148,198
885019,19.6,138,9232,198
885020,16.55,138,9323,198
885021,15.85,138,9237,198
885022,12.75,138,8949,198
885023,17,138,9153,198
885024,18,138,9170,198
885025,18,138,8970,198
885026,18.2,138,9138,198
885027,19.65,138,9082,198
885028,19.6,138,8999,198
885029,15.85,138,8978,198
885030,17.95,138,9025,198
885031,19.6,138,9128,198
885032,16,138,9069,198
885033,13.9,138,9117,198
885034,14.25,138,8966,198
885035,19.6,138,9032,198
885036,18.2,138,9222,198
885037,16.85,138,9011,198
885038,19.6,138,9243,198
885039,16.2,138,9225,198
885040,12.25,138,9106,198
885041,19.25,138,9215,198
885042,19.25,138,9134,198
885043,19,138,9096,198
885044,18.85,138,9296,198
885045,17.2,138,9295,198
885046,19.6,138,9227,198
885047,16.25,138,9280,198
885048,16.6,138,9240,198
885049,18.25,138,8960,198
885050,18.6,138,9185,198
885051,19.6,138,9037,198
885052,16.6,138,9120,198
885053,16.6,138,9050,198
885054,17.25,138,8946,198
885055,16.9,138,9312,198
885056,19.6,138,9179,198
885057,16.2,138,9195,198
885058,18,138,9077,198
885059,18.6,138,9160,198
885060,18.1,138,9334,198
885061,18.6,138,9092,198
885062,16.6,138,9319,198
885063,16.6,138,8983,198
885064,14.5,138,9194,198
885065,12.85,138,9140,198
885066,18.35,138,8992,198
885067,18.85,138,9253,198
885068,13.2,138,9273,198
885069,16.5,138,9061,198
885070,17.25,138,9340,198
885071,14.1,138,9078,198
885072,17.25,138,8972,198
885073,16.75,138,9299,198
885074,13.6,138,9281,198
885075,18,138,9002,198
885076,15.25,138,9189,198
885077,15.25,138,9290,198
885078,14.6,138,9315,198
885079,19.25,138,8950,198
885080,19.25,138,9129,198
885081,16.6,138,9008,198
885082,17.6,138,9095,198
885083,15.85,138,9307,198
885084,19.6,138,9338,198
885085,15,138,9267,198
885086,15.85,138,9073,198
885087,19.2,138,9041,198
885088,13.5,138,9097,198
885089,17.25,138,8976,198
885090,15.2,138,9143,198
885091,17.85,138,8961,198
885092,19.25,138,9331,198
885093,16.2,138,9026,198
885094,19.2,138,9322,198
885095,17.85,138,9039,198
885096,17.6,138,9279,198
885097,18.25,138,9197,198
885098,17.6,138,9145,198
885099,16.85,138,9010,198
885100,19.6,138,8945,198
885101,16.85,138,9329,198
885102,14.95,138,8975,198
885103,18.2,138,9135,198
885104,17.25,138,9204,198
885105,18.25,138,9172,198
885106,17.25,138,9292,198
885107,16.25,138,9063,198
885108,16.6,138,9150,198
885109,14.85,138,9300,198
885110,19.6,138,9121,198
885111,16.6,138,9212,198
885112,19.2,138,8971,198
885113,15.25,138,9081,198
885114,20,138,9219,198
885115,19,138,8962,198
885116,17.5,138,9328,198
885117,15.8,138,9257,198
885118,19.25,138,9191,198
885119,18.6,138,9228,198
885120,16.85,138,8948,198
885121,16.85,138,8990,198
885122,16.25,138,9006,198
885123,14.85,138,9207,198
885124,15.6,138,9168,198
885125,16.5,138,9235,198
885126,17.25,138,8959,198
885127,16.6,138,9047,198
885128,16.95,138,9291,198
885129,17.85,138,9099,198
885130,16.5,138,9112,198
885131,16,138,9178,198
885132,15.6,138,9062,198
885133,19.2,138,9256,198
885134,16.95,138,9033,198
885135,14.6,138,9067,198
885136,16.85,138,9303,198
885137,18.25,138,9090,198
885138,16.9,138,9017,198
885139,12.45,138,9104,198
885140,12.6,138,9103,198
885141,17.2,138,9083,198
885142,17.2,138,9245,198
885143,18.1,138,9274,198
885144,17.25,138,9024,198
885145,19.6,138,9321,198
885146,17.15,138,9266,198
885147,19.6,138,9040,198
885148,18.85,138,9127,198
885149,19.6,138,9175,198
885150,16.6,138,9167,198
885151,11.6,138,9049,198
885152,15.4,138,8955,198
885153,13.65,138,9226,198
885154,20,138,9230,198
885155,18.35,138,8941,198
885156,20,138,9022,198
885157,17.85,138,9203,198
885158,16.6,138,9055,198
885159,17.85,138,9217,198
885160,17.1,138,9196,198
885161,17,138,9126,198
885162,17.9,138,9007,198
885163,16.25,138,9188,198
885164,20,138,9072,198
885165,17.55,138,9233,198
885166,17.2,138,9091,198
885167,17.9,138,8986,198
885168,17,138,8957,198
885169,18.6,138,9169,198
885170,14,138,9139,198
885171,18.95,138,9258,198
885172,15.85,139,8967,198
885173,17.1,139,9305,198
885174,18.25,139,9277,198
885175,12.25,139,8995,198
885176,19.05,139,9056,198
885177,17,139,8994,198
885178,19.6,139,9255,198
885179,17.6,139,8982,198
885180,18.65,139,9294,198
885181,16,139,8998,198
885182,16.35,139,9080,198
885183,17.85,139,9028,198
885184,18.6,139,9177,198
885185,16.9,139,9332,198
885186,17.8,139,9187,198
885187,19.2,139,9034,198
885188,14.35,139,9031,198
885189,14.6,139,9282,198
885190,15.2,139,8979,198
885191,16.25,139,8977,198
885192,15.95,139,9252,198
885193,17.25,139,9125,198
885194,18.85,139,9246,198
885195,14,139,9075,198
885196,16.2,139,9223,198
885197,12.25,139,9122,198
885198,17.6,139,9064,198
885199,18.2,139,9314,198
885200,16.85,139,9275,198
885201,13.85,139,9004,198
885202,11.85,139,9293,198
885203,18.4,139,9206,198
885204,16.85,139,9079,198
885205,18.5,139,9333,198
885206,17.6,139,9309,198
885207,17.35,139,9156,198
885208,17.35,139,9201,198
885209,18.25,139,9173,198
885210,17.35,139,9086,198
885211,13.85,139,9038,198
885212,18.25,139,8965,198
885213,15.25,139,9238,198
885214,18.25,139,9313,198
885215,17.9,139,9199,198
885216,16.1,139,8956,198
885217,17,139,9054,198
885218,19.25,139,9098,198
885219,18.2,139,9306,198
885220,17.85,139,9310,198
885221,18.6,139,9020,198
885222,19.6,139,9171,198
885223,19.25,139,9164,198
885224,19.05,139,9317,198
885225,12.95,139,9181,198
885226,17.75,139,9158,198
885227,14.45,139,8991,198
885228,19.35,139,9159,198
885229,17.95,139,8964,198
885230,18.25,139,9162,198
885231,14.6,139,9302,198
885232,18.85,139,9060,198
885233,13.25,139,9165,198
885234,15.65,139,9089,198
885235,13.85,139,9071,198
885236,15.95,139,9316,198
885237,17.3,139,9325,198
885238,17.85,139,9110,198
885239,16.6,139,9042,198
885240,16.25,139,8947,198
885241,18.85,139,9311,198
885242,15.85,139,8981,198
885243,16.6,139,9229,198
885244,15.6,139,9208,198
885245,14.2,139,9027,198
885246,18.85,139,9288,198
885247,14.6,139,9109,198
885248,12,139,9030,198
885249,13.25,139,9234,198
885250,13.95,139,9084,198
885251,18.25,139,9070,198
885252,19.25,139,9132,198
885253,18.8,139,9209,198
885254,17.3,139,9330,198
885255,17.25,139,9202,198
885256,18.4,139,9012,198
885257,18.1,139,9023,198
885258,15.55,139,9013,198
885259,18.4,139,9053,198
885260,17.6,139,9130,198
885261,13.25,139,9216,198
885262,19.6,139,9287,198
885263,17.2,139,8987,198
885264,15.5,139,9111,198
885265,14.25,139,9147,198
885266,16.9,139,9336,198
885267,17.25,139,9131,198
885268,16.85,139,9163,198
885269,18.6,139,9200,198
885270,18,139,9118,198
885271,15.8,139,9284,198
885272,16.2,139,9214,198
885273,15,139,9268,198
885274,18.15,139,9326,198
885275,18.5,139,8944,198
885276,18,139,8988,198
885277,18.95,139,9003,198
885278,15.85,139,9044,198
885279,18.85,139,9254,198
885280,18.1,139,9289,198
885281,18.65,139,9272,198
885282,16.85,139,9174,198
885283,17.85,139,9262,198
885284,16.6,139,9261,198
885285,17.25,139,8963,198
885286,17.7,139,9151,198
885287,17.2,139,9085,198
885288,17.25,139,9186,198
885289,17.55,139,9239,198
885290,16.9,139,9137,198
885291,18.2,139,9285,198
885292,17.6,139,9155,198
885293,17.85,139,9051,198
885294,18.2,139,9192,198
885295,16.2,139,9057,198
885296,17.6,139,9324,198
885297,18.6,139,9335,198
885298,15.6,139,9136,198
885299,17,139,8974,198
885300,11.85,139,9337,198
885301,18.6,139,9093,198
885302,17.25,139,8989,198
885303,13.9,139,8985,198
885304,15.6,139,9247,198
885305,14.85,139,9271,198
885306,17.6,139,9193,198
885307,15,139,9231,198
885308,16,139,9264,198
885309,14.85,139,9318,198
885310,15.5,139,9087,198
885311,13.65,139,8969,198
885312,15.85,139,8942,198
885313,18.45,139,9260,198
885314,17.2,139,9149,198
885315,18.25,139,9327,198
885316,15.25,139,8993,198
885317,18.85,139,9320,198
885318,15.85,139,9014,198
885319,17.85,139,9304,198
885320,18.35,139,9001,198
885321,16.6,139,9241,198
885322,17.6,139,9018,198
885323,12.95,139,9059,198
885324,13,139,9035,198
885325,17.5,139,9036,198
885326,15.9,139,9142,198
885327,19.6,139,9166,198
885328,11.85,139,9102,198
885329,17.35,139,9276,198
885330,16.9,139,9298,198
885331,16.25,139,9263,198
885332,13.95,139,9076,198
885333,18.35,139,9198,198
885334,11.85,139,9116,198
885335,15.35,139,8984,198
885336,18.65,139,9211,198
885337,19.25,139,8980,198
885338,16.4,139,9182,198
885339,17.85,139,9154,198
885340,15.95,139,9052,198
885341,17.8,139,9100,198
885342,17.6,139,8952,198
885343,16.25,139,9270,198
885344,17.5,139,9088,198
885345,17.15,139,9176,198
885346,16.9,139,8996,198
885347,16.9,139,9242,198
885348,17.25,139,9115,198
885349,15.85,139,9236,198
885350,13.6,139,9123,198
885351,16.25,139,9114,198
885352,17.35,139,9269,198
885353,14.25,139,9000,198
885354,16.2,139,9144,198
885355,16.25,139,8953,198
885356,16.75,139,9286,198
885357,17.45,139,9213,198
885358,18.35,139,9248,198
885359,16.65,139,9009,198
885360,17.6,139,9048,198
885361,19.2,139,9210,198
885362,17.6,139,9005,198
885363,17.65,139,9297,198
885364,13.95,139,9152,198
885365,16.6,139,9016,198
885366,18.1,139,9094,198
885367,18.2,139,9074,198
885368,16.85,139,9250,198
885369,17.2,139,9119,198
885370,15.85,139,9019,198
885371,17.85,139,9249,198
885372,12.6,139,9283,198
885373,15.95,139,9221,198
885374,15.1,139,9278,198
885375,18,139,9183,198
885376,13.35,139,8954,198
885377,16.6,139,9107,198
885378,16.45,139,8968,198
885379,19.35,139,9133,198
885380,18.1,139,9218,198
885381,15.85,139,9113,198
885382,18.35,139,9058,198
885383,17.55,139,9148,198
885384,20,139,9232,198
885385,16.85,139,9323,198
885386,15.85,139,9237,198
885387,12.6,139,8949,198
885388,15.55,139,9153,198
885389,17.2,139,9170,198
885390,17.8,139,8970,198
885391,18.4,139,9138,198
885392,17.85,139,9082,198
885393,19.6,139,8999,198
885394,15.2,139,8978,198
885395,16.5,139,9025,198
885396,18,139,9128,198
885397,16.65,139,9069,198
885398,13.25,139,9117,198
885399,14.35,139,8966,198
885400,19,139,9032,198
885401,17.65,139,9222,198
885402,18.25,139,9011,198
885403,19,139,9243,198
885404,16.25,139,9225,198
885405,12.5,139,9106,198
885406,18.2,139,9215,198
885407,18.55,139,9134,198
885408,18.25,139,9096,198
885409,17.6,139,9296,198
885410,17.85,139,9295,198
885411,18.5,139,9227,198
885412,15.6,139,9280,198
885413,16.8,139,9240,198
885414,17.95,139,8960,198
885415,18.45,139,9185,198
885416,18.6,139,9037,198
885417,17.6,139,9120,198
885418,16.25,139,9050,198
885419,16.85,139,8946,198
885420,16.75,139,9312,198
885421,18.85,139,9179,198
885422,14.85,139,9195,198
885423,17.9,139,9077,198
885424,18.2,139,9160,198
885425,17.9,139,9334,198
885426,17.7,139,9092,198
885427,16.1,139,9319,198
885428,16.35,139,8983,198
885429,13.35,139,9194,198
885430,14,139,9140,198
885431,16.5,139,8992,198
885432,19.6,139,9253,198
885433,13.1,139,9273,198
885434,16.95,139,9061,198
885435,15.95,139,9340,198
885436,13.35,139,9078,198
885437,18,139,8972,198
885438,17,139,9299,198
885439,13.25,139,9281,198
885440,18.45,139,9002,198
885441,14.6,139,9189,198
885442,14.65,139,9290,198
885443,14.55,139,9315,198
885444,17.25,139,8950,198
885445,17.5,139,9129,198
885446,15.6,139,9008,198
885447,16.1,139,9095,198
885448,15.25,139,9307,198
885449,18,139,9338,198
885450,14.2,139,9267,198
885451,14.25,139,9073,198
885452,18.85,139,9041,198
885453,12.25,139,9097,198
885454,16.6,139,8976,198
885455,14.95,139,9143,198
885456,18.5,139,8961,198
885457,19.3,139,9331,198
885458,17.95,139,9026,198
885459,18,139,9322,198
885460,17.65,139,9039,198
885461,16.85,139,9279,198
885462,18.6,139,9197,198
885463,17.1,139,9145,198
885464,16.45,139,9010,198
885465,19.6,139,8945,198
885466,17.7,139,9329,198
885467,14.75,139,8975,198
885468,17.5,139,9135,198
885469,17.1,139,9204,198
885470,16.25,139,9172,198
885471,17,139,9292,198
885472,15.2,139,9063,198
885473,15.75,139,9150,198
885474,15.2,139,9300,198
885475,19.6,139,9121,198
885476,16.85,139,9212,198
885477,19.25,139,8971,198
885478,13.6,139,9081,198
885479,19.6,139,9219,198
885480,18.85,139,8962,198
885481,16.9,139,9328,198
885482,14.6,139,9257,198
885483,17.6,139,9191,198
885484,16.6,139,9228,198
885485,16.85,139,8948,198
885486,18.35,139,8990,198
885487,15.65,139,9006,198
885488,14.75,139,9207,198
885489,14.85,139,9168,198
885490,16.25,139,9235,198
885491,18,139,8959,198
885492,16.6,139,9047,198
885493,16.6,139,9291,198
885494,17.6,139,9099,198
885495,16,139,9112,198
885496,16.2,139,9178,198
885497,14.85,139,9062,198
885498,17.6,139,9256,198
885499,16.85,139,9033,198
885500,13.6,139,9067,198
885501,16.45,139,9303,198
885502,17.35,139,9090,198
885503,16.6,139,9017,198
885504,12.85,139,9104,198
885505,12.85,139,9103,198
885506,17.25,139,9083,198
885507,17,139,9245,198
885508,16.6,139,9274,198
885509,16.2,139,9024,198
885510,19.2,139,9321,198
885511,16.85,139,9266,198
885512,17.85,139,9040,198
885513,19.6,139,9127,198
885514,17.85,139,9175,198
885515,14.85,139,9167,198
885516,11.65,139,9049,198
885517,15.75,139,8955,198
885518,12.65,139,9226,198
885519,18.95,139,9230,198
885520,18.65,139,8941,198
885521,18.95,139,9022,198
885522,18.6,139,9203,198
885523,16.5,139,9055,198
885524,17.2,139,9217,198
885525,16.6,139,9196,198
885526,17.75,139,9126,198
885527,17.65,139,9007,198
885528,14.8,139,9188,198
885529,18.55,139,9072,198
885530,17.85,139,9233,198
885531,16.65,139,9091,198
885532,18.2,139,8986,198
885533,17.25,139,8957,198
885534,18.85,139,9169,198
885535,13.85,139,9139,198
885536,18.5,139,9258,198
