id,fecha,estudiante_id,grado_id,periodo_id,seccion_id
82799,2026-07-22,9322,169,187,500
82800,2026-07-22,9322,169,188,500
82801,2026-07-22,9322,169,189,500
82802,2026-07-22,9322,169,190,500
82803,2026-07-22,9148,169,187,501
82804,2026-07-22,9148,169,188,501
82805,2026-07-22,9148,169,189,501
82806,2026-07-22,9148,169,190,501
82807,2026-07-22,8991,169,187,500
82808,2026-07-22,8991,169,188,500
82809,2026-07-22,8991,169,189,500
82810,2026-07-22,8991,169,190,500
82811,2026-07-22,8952,169,187,501
82812,2026-07-22,8952,169,188,501
82813,2026-07-22,8952,169,189,501
82814,2026-07-22,8952,169,190,501
82815,2026-07-22,9280,169,187,500
82816,2026-07-22,9280,169,188,500
82817,2026-07-22,9280,169,189,500
82818,2026-07-22,9280,169,190,500
82819,2026-07-22,9034,169,187,501
82820,2026-07-22,9034,169,188,501
82821,2026-07-22,9034,169,189,501
82822,2026-07-22,9034,169,190,501
82823,2026-07-22,9279,169,187,500
82824,2026-07-22,9279,169,188,500
82825,2026-07-22,9279,169,189,500
82826,2026-07-22,9279,169,190,500
82827,2026-07-22,9123,169,187,501
82828,2026-07-22,9123,169,188,501
82829,2026-07-22,9123,169,189,501
82830,2026-07-22,9123,169,190,501
82831,2026-07-22,9309,169,187,500
82832,2026-07-22,9309,169,188,500
82833,2026-07-22,9309,169,189,500
82834,2026-07-22,9309,169,190,500
82835,2026-07-22,9272,169,187,501
82836,2026-07-22,9272,169,188,501
82837,2026-07-22,9272,169,189,501
82838,2026-07-22,9272,169,190,501
82839,2026-07-22,9018,169,187,500
82840,2026-07-22,9018,169,188,500
82841,2026-07-22,9018,169,189,500
82842,2026-07-22,9018,169,190,500
82843,2026-07-22,9246,169,187,501
82844,2026-07-22,9246,169,188,501
82845,2026-07-22,9246,169,189,501
82846,2026-07-22,9246,169,190,501
82847,2026-07-22,9287,169,187,500
82848,2026-07-22,9287,169,188,500
82849,2026-07-22,9287,169,189,500
82850,2026-07-22,9287,169,190,500
82851,2026-07-22,8961,169,187,501
82852,2026-07-22,8961,169,188,501
82853,2026-07-22,8961,169,189,501
82854,2026-07-22,8961,169,190,501
82855,2026-07-22,9300,169,187,500
82856,2026-07-22,9300,169,188,500
82857,2026-07-22,9300,169,189,500
82858,2026-07-22,9300,169,190,500
82859,2026-07-22,8968,169,187,501
82860,2026-07-22,8968,169,188,501
82861,2026-07-22,8968,169,189,501
82862,2026-07-22,8968,169,190,501
82863,2026-07-22,9107,169,187,500
82864,2026-07-22,9107,169,188,500
82865,2026-07-22,9107,169,189,500
82866,2026-07-22,9107,169,190,500
82867,2026-07-22,9307,169,187,501
82868,2026-07-22,9307,169,188,501
82869,2026-07-22,9307,169,189,501
82870,2026-07-22,9307,169,190,501
82871,2026-07-22,8983,169,187,500
82872,2026-07-22,8983,169,188,500
82873,2026-07-22,8983,169,189,500
82874,2026-07-22,8983,169,190,500
82875,2026-07-22,9146,169,187,501
82876,2026-07-22,9146,169,188,501
82877,2026-07-22,9146,169,189,501
82878,2026-07-22,9146,169,190,501
82879,2026-07-22,9317,169,187,500
82880,2026-07-22,9317,169,188,500
82881,2026-07-22,9317,169,189,500
82882,2026-07-22,9317,169,190,500
82883,2026-07-22,9127,169,187,501
82884,2026-07-22,9127,169,188,501
82885,2026-07-22,9127,169,189,501
82886,2026-07-22,9127,169,190,501
82887,2026-07-22,9257,169,187,500
82888,2026-07-22,9257,169,188,500
82889,2026-07-22,9257,169,189,500
82890,2026-07-22,9257,169,190,500
82891,2026-07-22,9085,169,187,501
82892,2026-07-22,9085,169,188,501
82893,2026-07-22,9085,169,189,501
82894,2026-07-22,9085,169,190,501
82895,2026-07-22,9230,169,187,500
82896,2026-07-22,9230,169,188,500
82897,2026-07-22,9230,169,189,500
82898,2026-07-22,9230,169,190,500
82899,2026-07-22,9056,169,187,501
82900,2026-07-22,9056,169,188,501
82901,2026-07-22,9056,169,189,501
82902,2026-07-22,9056,169,190,501
82903,2026-07-22,9176,169,187,500
82904,2026-07-22,9176,169,188,500
82905,2026-07-22,9176,169,189,500
82906,2026-07-22,9176,169,190,500
82907,2026-07-22,9240,169,187,501
82908,2026-07-22,9240,169,188,501
82909,2026-07-22,9240,169,189,501
82910,2026-07-22,9240,169,190,501
82911,2026-07-22,9190,169,187,500
82912,2026-07-22,9190,169,188,500
82913,2026-07-22,9190,169,189,500
82914,2026-07-22,9190,169,190,500
82915,2026-07-22,9204,169,187,501
82916,2026-07-22,9204,169,188,501
82917,2026-07-22,9204,169,189,501
82918,2026-07-22,9204,169,190,501
82919,2026-07-22,9002,169,187,500
82920,2026-07-22,9002,169,188,500
82921,2026-07-22,9002,169,189,500
82922,2026-07-22,9002,169,190,500
82923,2026-07-22,9278,170,187,502
82924,2026-07-22,9278,170,188,502
82925,2026-07-22,9278,170,189,502
82926,2026-07-22,9278,170,190,502
82927,2026-07-22,9202,170,187,503
82928,2026-07-22,9202,170,188,503
82929,2026-07-22,9202,170,189,503
82930,2026-07-22,9202,170,190,503
82931,2026-07-22,9032,170,187,502
82932,2026-07-22,9032,170,188,502
82933,2026-07-22,9032,170,189,502
82934,2026-07-22,9032,170,190,502
82935,2026-07-22,9047,170,187,503
82936,2026-07-22,9047,170,188,503
82937,2026-07-22,9047,170,189,503
82938,2026-07-22,9047,170,190,503
82939,2026-07-22,9286,170,187,502
82940,2026-07-22,9286,170,188,502
82941,2026-07-22,9286,170,189,502
82942,2026-07-22,9286,170,190,502
82943,2026-07-22,9082,170,187,503
82944,2026-07-22,9082,170,188,503
82945,2026-07-22,9082,170,189,503
82946,2026-07-22,9082,170,190,503
82947,2026-07-22,9221,170,187,502
82948,2026-07-22,9221,170,188,502
82949,2026-07-22,9221,170,189,502
82950,2026-07-22,9221,170,190,502
82951,2026-07-22,8995,170,187,503
82952,2026-07-22,8995,170,188,503
82953,2026-07-22,8995,170,189,503
82954,2026-07-22,8995,170,190,503
82955,2026-07-22,9265,170,187,502
82956,2026-07-22,9265,170,188,502
82957,2026-07-22,9265,170,189,502
82958,2026-07-22,9265,170,190,502
82959,2026-07-22,9025,170,187,503
82960,2026-07-22,9025,170,188,503
82961,2026-07-22,9025,170,189,503
82962,2026-07-22,9025,170,190,503
82963,2026-07-22,9324,170,187,502
82964,2026-07-22,9324,170,188,502
82965,2026-07-22,9324,170,189,502
82966,2026-07-22,9324,170,190,502
82967,2026-07-22,9227,170,187,503
82968,2026-07-22,9227,170,188,503
82969,2026-07-22,9227,170,189,503
82970,2026-07-22,9227,170,190,503
82971,2026-07-22,9259,170,187,502
82972,2026-07-22,9259,170,188,502
82973,2026-07-22,9259,170,189,502
82974,2026-07-22,9259,170,190,502
82975,2026-07-22,9301,170,187,503
82976,2026-07-22,9301,170,188,503
82977,2026-07-22,9301,170,189,503
82978,2026-07-22,9301,170,190,503
82979,2026-07-22,8945,170,187,502
82980,2026-07-22,8945,170,188,502
82981,2026-07-22,8945,170,189,502
82982,2026-07-22,8945,170,190,502
82983,2026-07-22,9197,170,187,503
82984,2026-07-22,9197,170,188,503
82985,2026-07-22,9197,170,189,503
82986,2026-07-22,9197,170,190,503
82987,2026-07-22,9232,170,187,502
82988,2026-07-22,9232,170,188,502
82989,2026-07-22,9232,170,189,502
82990,2026-07-22,9232,170,190,502
82991,2026-07-22,9078,170,187,503
82992,2026-07-22,9078,170,188,503
82993,2026-07-22,9078,170,189,503
82994,2026-07-22,9078,170,190,503
82995,2026-07-22,8946,170,187,502
82996,2026-07-22,8946,170,188,502
82997,2026-07-22,8946,170,189,502
82998,2026-07-22,8946,170,190,502
82999,2026-07-22,9119,170,187,503
83000,2026-07-22,9119,170,188,503
83001,2026-07-22,9119,170,189,503
83002,2026-07-22,9119,170,190,503
83003,2026-07-22,9212,170,187,502
83004,2026-07-22,9212,170,188,502
83005,2026-07-22,9212,170,189,502
83006,2026-07-22,9212,170,190,502
83007,2026-07-22,9248,170,187,503
83008,2026-07-22,9248,170,188,503
83009,2026-07-22,9248,170,189,503
83010,2026-07-22,9248,170,190,503
83011,2026-07-22,9185,170,187,502
83012,2026-07-22,9185,170,188,502
83013,2026-07-22,9185,170,189,502
83014,2026-07-22,9185,170,190,502
83015,2026-07-22,9036,170,187,503
83016,2026-07-22,9036,170,188,503
83017,2026-07-22,9036,170,189,503
83018,2026-07-22,9036,170,190,503
83019,2026-07-22,9000,170,187,502
83020,2026-07-22,9000,170,188,502
83021,2026-07-22,9000,170,189,502
83022,2026-07-22,9000,170,190,502
83023,2026-07-22,8955,170,187,503
83024,2026-07-22,8955,170,188,503
83025,2026-07-22,8955,170,189,503
83026,2026-07-22,8955,170,190,503
83027,2026-07-22,9288,170,187,502
83028,2026-07-22,9288,170,188,502
83029,2026-07-22,9288,170,189,502
83030,2026-07-22,9288,170,190,502
83031,2026-07-22,9014,170,187,503
83032,2026-07-22,9014,170,188,503
83033,2026-07-22,9014,170,189,503
83034,2026-07-22,9014,170,190,503
83035,2026-07-22,8999,170,187,502
83036,2026-07-22,8999,170,188,502
83037,2026-07-22,8999,170,189,502
83038,2026-07-22,8999,170,190,502
83039,2026-07-22,8944,170,187,503
83040,2026-07-22,8944,170,188,503
83041,2026-07-22,8944,170,189,503
83042,2026-07-22,8944,170,190,503
83043,2026-07-22,9213,170,187,502
83044,2026-07-22,9213,170,188,502
83045,2026-07-22,9213,170,189,502
83046,2026-07-22,9213,170,190,502
83047,2026-07-22,9105,171,187,504
83048,2026-07-22,9105,171,188,504
83049,2026-07-22,9105,171,189,504
83050,2026-07-22,9105,171,190,504
83051,2026-07-22,9273,171,187,505
83052,2026-07-22,9273,171,188,505
83053,2026-07-22,9273,171,189,505
83054,2026-07-22,9273,171,190,505
83055,2026-07-22,9140,171,187,504
83056,2026-07-22,9140,171,188,504
83057,2026-07-22,9140,171,189,504
83058,2026-07-22,9140,171,190,504
83059,2026-07-22,9131,171,187,505
83060,2026-07-22,9131,171,188,505
83061,2026-07-22,9131,171,189,505
83062,2026-07-22,9131,171,190,505
83063,2026-07-22,8984,171,187,504
83064,2026-07-22,8984,171,188,504
83065,2026-07-22,8984,171,189,504
83066,2026-07-22,8984,171,190,504
83067,2026-07-22,9042,171,187,505
83068,2026-07-22,9042,171,188,505
83069,2026-07-22,9042,171,189,505
83070,2026-07-22,9042,171,190,505
83071,2026-07-22,9151,171,187,504
83072,2026-07-22,9151,171,188,504
83073,2026-07-22,9151,171,189,504
83074,2026-07-22,9151,171,190,504
83075,2026-07-22,8976,171,187,505
83076,2026-07-22,8976,171,188,505
83077,2026-07-22,8976,171,189,505
83078,2026-07-22,8976,171,190,505
83079,2026-07-22,9104,171,187,504
83080,2026-07-22,9104,171,188,504
83081,2026-07-22,9104,171,189,504
83082,2026-07-22,9104,171,190,504
83083,2026-07-22,9170,171,187,505
83084,2026-07-22,9170,171,188,505
83085,2026-07-22,9170,171,189,505
83086,2026-07-22,9170,171,190,505
83087,2026-07-22,9141,171,187,504
83088,2026-07-22,9141,171,188,504
83089,2026-07-22,9141,171,189,504
83090,2026-07-22,9141,171,190,504
83091,2026-07-22,9164,171,187,505
83092,2026-07-22,9164,171,188,505
83093,2026-07-22,9164,171,189,505
83094,2026-07-22,9164,171,190,505
83095,2026-07-22,9256,171,187,504
83096,2026-07-22,9256,171,188,504
83097,2026-07-22,9256,171,189,504
83098,2026-07-22,9256,171,190,504
83099,2026-07-22,9144,171,187,505
83100,2026-07-22,9144,171,188,505
83101,2026-07-22,9144,171,189,505
83102,2026-07-22,9144,171,190,505
83103,2026-07-22,9079,171,187,504
83104,2026-07-22,9079,171,188,504
83105,2026-07-22,9079,171,189,504
83106,2026-07-22,9079,171,190,504
83107,2026-07-22,9150,171,187,505
83108,2026-07-22,9150,171,188,505
83109,2026-07-22,9150,171,189,505
83110,2026-07-22,9150,171,190,505
83111,2026-07-22,9274,171,187,504
83112,2026-07-22,9274,171,188,504
83113,2026-07-22,9274,171,189,504
83114,2026-07-22,9274,171,190,504
83115,2026-07-22,9335,171,187,505
83116,2026-07-22,9335,171,188,505
83117,2026-07-22,9335,171,189,505
83118,2026-07-22,9335,171,190,505
83119,2026-07-22,9010,171,187,504
83120,2026-07-22,9010,171,188,504
83121,2026-07-22,9010,171,189,504
83122,2026-07-22,9010,171,190,504
83123,2026-07-22,9320,171,187,505
83124,2026-07-22,9320,171,188,505
83125,2026-07-22,9320,171,189,505
83126,2026-07-22,9320,171,190,505
83127,2026-07-22,8943,171,187,504
83128,2026-07-22,8943,171,188,504
83129,2026-07-22,8943,171,189,504
83130,2026-07-22,8943,171,190,504
83131,2026-07-22,8992,171,187,505
83132,2026-07-22,8992,171,188,505
83133,2026-07-22,8992,171,189,505
83134,2026-07-22,8992,171,190,505
83135,2026-07-22,9258,171,187,504
83136,2026-07-22,9258,171,188,504
83137,2026-07-22,9258,171,189,504
83138,2026-07-22,9258,171,190,504
83139,2026-07-22,9187,171,187,505
83140,2026-07-22,9187,171,188,505
83141,2026-07-22,9187,171,189,505
83142,2026-07-22,9187,171,190,505
83143,2026-07-22,9063,171,187,504
83144,2026-07-22,9063,171,188,504
83145,2026-07-22,9063,171,189,504
83146,2026-07-22,9063,171,190,504
83147,2026-07-22,9262,171,187,505
83148,2026-07-22,9262,171,188,505
83149,2026-07-22,9262,171,189,505
83150,2026-07-22,9262,171,190,505
83151,2026-07-22,9149,171,187,504
83152,2026-07-22,9149,171,188,504
83153,2026-07-22,9149,171,189,504
83154,2026-07-22,9149,171,190,504
83155,2026-07-22,9050,171,187,505
83156,2026-07-22,9050,171,188,505
83157,2026-07-22,9050,171,189,505
83158,2026-07-22,9050,171,190,505
83159,2026-07-22,8958,171,187,504
83160,2026-07-22,8958,171,188,504
83161,2026-07-22,8958,171,189,504
83162,2026-07-22,8958,171,190,504
83163,2026-07-22,9323,171,187,505
83164,2026-07-22,9323,171,188,505
83165,2026-07-22,9323,171,189,505
83166,2026-07-22,9323,171,190,505
83167,2026-07-22,9087,171,187,504
83168,2026-07-22,9087,171,188,504
83169,2026-07-22,9087,171,189,504
83170,2026-07-22,9087,171,190,504
83171,2026-07-22,9179,172,187,506
83172,2026-07-22,9179,172,188,506
83173,2026-07-22,9179,172,189,506
83174,2026-07-22,9179,172,190,506
83175,2026-07-22,9167,172,187,507
83176,2026-07-22,9167,172,188,507
83177,2026-07-22,9167,172,189,507
83178,2026-07-22,9167,172,190,507
83179,2026-07-22,8963,172,187,506
83180,2026-07-22,8963,172,188,506
83181,2026-07-22,8963,172,189,506
83182,2026-07-22,8963,172,190,506
83183,2026-07-22,9125,172,187,507
83184,2026-07-22,9125,172,188,507
83185,2026-07-22,9125,172,189,507
83186,2026-07-22,9125,172,190,507
83187,2026-07-22,9029,172,187,506
83188,2026-07-22,9029,172,188,506
83189,2026-07-22,9029,172,189,506
83190,2026-07-22,9029,172,190,506
83191,2026-07-22,9015,172,187,507
83192,2026-07-22,9015,172,188,507
83193,2026-07-22,9015,172,189,507
83194,2026-07-22,9015,172,190,507
83195,2026-07-22,9084,172,187,506
83196,2026-07-22,9084,172,188,506
83197,2026-07-22,9084,172,189,506
83198,2026-07-22,9084,172,190,506
83199,2026-07-22,9147,172,187,507
83200,2026-07-22,9147,172,188,507
83201,2026-07-22,9147,172,189,507
83202,2026-07-22,9147,172,190,507
83203,2026-07-22,8948,172,187,506
83204,2026-07-22,8948,172,188,506
83205,2026-07-22,8948,172,189,506
83206,2026-07-22,8948,172,190,506
83207,2026-07-22,9295,172,187,507
83208,2026-07-22,9295,172,188,507
83209,2026-07-22,9295,172,189,507
83210,2026-07-22,9295,172,190,507
83211,2026-07-22,9136,172,187,506
83212,2026-07-22,9136,172,188,506
83213,2026-07-22,9136,172,189,506
83214,2026-07-22,9136,172,190,506
83215,2026-07-22,9339,172,187,507
83216,2026-07-22,9339,172,188,507
83217,2026-07-22,9339,172,189,507
83218,2026-07-22,9339,172,190,507
83219,2026-07-22,9171,172,187,506
83220,2026-07-22,9171,172,188,506
83221,2026-07-22,9171,172,189,506
83222,2026-07-22,9171,172,190,506
83223,2026-07-22,9201,172,187,507
83224,2026-07-22,9201,172,188,507
83225,2026-07-22,9201,172,189,507
83226,2026-07-22,9201,172,190,507
83227,2026-07-22,9306,172,187,506
83228,2026-07-22,9306,172,188,506
83229,2026-07-22,9306,172,189,506
83230,2026-07-22,9306,172,190,506
83231,2026-07-22,9249,172,187,507
83232,2026-07-22,9249,172,188,507
83233,2026-07-22,9249,172,189,507
83234,2026-07-22,9249,172,190,507
83235,2026-07-22,9203,172,187,506
83236,2026-07-22,9203,172,188,506
83237,2026-07-22,9203,172,189,506
83238,2026-07-22,9203,172,190,506
83239,2026-07-22,8972,172,187,507
83240,2026-07-22,8972,172,188,507
83241,2026-07-22,8972,172,189,507
83242,2026-07-22,8972,172,190,507
83243,2026-07-22,9020,172,187,506
83244,2026-07-22,9020,172,188,506
83245,2026-07-22,9020,172,189,506
83246,2026-07-22,9020,172,190,506
83247,2026-07-22,9080,172,187,507
83248,2026-07-22,9080,172,188,507
83249,2026-07-22,9080,172,189,507
83250,2026-07-22,9080,172,190,507
83251,2026-07-22,9311,172,187,506
83252,2026-07-22,9311,172,188,506
83253,2026-07-22,9311,172,189,506
83254,2026-07-22,9311,172,190,506
83255,2026-07-22,9154,172,187,507
83256,2026-07-22,9154,172,188,507
83257,2026-07-22,9154,172,189,507
83258,2026-07-22,9154,172,190,507
83259,2026-07-22,9052,172,187,506
83260,2026-07-22,9052,172,188,506
83261,2026-07-22,9052,172,189,506
83262,2026-07-22,9052,172,190,506
83263,2026-07-22,9101,172,187,507
83264,2026-07-22,9101,172,188,507
83265,2026-07-22,9101,172,189,507
83266,2026-07-22,9101,172,190,507
83267,2026-07-22,9205,172,187,506
83268,2026-07-22,9205,172,188,506
83269,2026-07-22,9205,172,189,506
83270,2026-07-22,9205,172,190,506
83271,2026-07-22,9113,172,187,507
83272,2026-07-22,9113,172,188,507
83273,2026-07-22,9113,172,189,507
83274,2026-07-22,9113,172,190,507
83275,2026-07-22,9096,172,187,506
83276,2026-07-22,9096,172,188,506
83277,2026-07-22,9096,172,189,506
83278,2026-07-22,9096,172,190,506
83279,2026-07-22,9021,172,187,507
83280,2026-07-22,9021,172,188,507
83281,2026-07-22,9021,172,189,507
83282,2026-07-22,9021,172,190,507
83283,2026-07-22,8990,172,187,506
83284,2026-07-22,8990,172,188,506
83285,2026-07-22,8990,172,189,506
83286,2026-07-22,8990,172,190,506
83287,2026-07-22,8966,172,187,507
83288,2026-07-22,8966,172,188,507
83289,2026-07-22,8966,172,189,507
83290,2026-07-22,8966,172,190,507
83291,2026-07-22,9200,172,187,506
83292,2026-07-22,9200,172,188,506
83293,2026-07-22,9200,172,189,506
83294,2026-07-22,9200,172,190,506
83295,2026-07-22,9283,173,187,508
83296,2026-07-22,9283,173,188,508
83297,2026-07-22,9283,173,189,508
83298,2026-07-22,9283,173,190,508
83299,2026-07-22,9114,173,187,509
83300,2026-07-22,9114,173,188,509
83301,2026-07-22,9114,173,189,509
83302,2026-07-22,9114,173,190,509
83303,2026-07-22,9245,173,187,508
83304,2026-07-22,9245,173,188,508
83305,2026-07-22,9245,173,189,508
83306,2026-07-22,9245,173,190,508
83307,2026-07-22,9058,173,187,509
83308,2026-07-22,9058,173,188,509
83309,2026-07-22,9058,173,189,509
83310,2026-07-22,9058,173,190,509
83311,2026-07-22,9124,173,187,508
83312,2026-07-22,9124,173,188,508
83313,2026-07-22,9124,173,189,508
83314,2026-07-22,9124,173,190,508
83315,2026-07-22,9276,173,187,509
83316,2026-07-22,9276,173,188,509
83317,2026-07-22,9276,173,189,509
83318,2026-07-22,9276,173,190,509
83319,2026-07-22,9077,173,187,508
83320,2026-07-22,9077,173,188,508
83321,2026-07-22,9077,173,189,508
83322,2026-07-22,9077,173,190,508
83323,2026-07-22,9139,173,187,509
83324,2026-07-22,9139,173,188,509
83325,2026-07-22,9139,173,189,509
83326,2026-07-22,9139,173,190,509
83327,2026-07-22,9238,173,187,508
83328,2026-07-22,9238,173,188,508
83329,2026-07-22,9238,173,189,508
83330,2026-07-22,9238,173,190,508
83331,2026-07-22,9057,173,187,509
83332,2026-07-22,9057,173,188,509
83333,2026-07-22,9057,173,189,509
83334,2026-07-22,9057,173,190,509
83335,2026-07-22,9043,173,187,508
83336,2026-07-22,9043,173,188,508
83337,2026-07-22,9043,173,189,508
83338,2026-07-22,9043,173,190,508
83339,2026-07-22,9061,173,187,509
83340,2026-07-22,9061,173,188,509
83341,2026-07-22,9061,173,189,509
83342,2026-07-22,9061,173,190,509
83343,2026-07-22,9338,173,187,508
83344,2026-07-22,9338,173,188,508
83345,2026-07-22,9338,173,189,508
83346,2026-07-22,9338,173,190,508
83347,2026-07-22,9037,173,187,509
83348,2026-07-22,9037,173,188,509
83349,2026-07-22,9037,173,189,509
83350,2026-07-22,9037,173,190,509
83351,2026-07-22,9290,173,187,508
83352,2026-07-22,9290,173,188,508
83353,2026-07-22,9290,173,189,508
83354,2026-07-22,9290,173,190,508
83355,2026-07-22,9076,173,187,509
83356,2026-07-22,9076,173,188,509
83357,2026-07-22,9076,173,189,509
83358,2026-07-22,9076,173,190,509
83359,2026-07-22,9189,173,187,508
83360,2026-07-22,9189,173,188,508
83361,2026-07-22,9189,173,189,508
83362,2026-07-22,9189,173,190,508
83363,2026-07-22,9199,173,187,509
83364,2026-07-22,9199,173,188,509
83365,2026-07-22,9199,173,189,509
83366,2026-07-22,9199,173,190,509
83367,2026-07-22,9218,173,187,508
83368,2026-07-22,9218,173,188,508
83369,2026-07-22,9218,173,189,508
83370,2026-07-22,9218,173,190,508
83371,2026-07-22,9074,173,187,509
83372,2026-07-22,9074,173,188,509
83373,2026-07-22,9074,173,189,509
83374,2026-07-22,9074,173,190,509
83375,2026-07-22,9068,173,187,508
83376,2026-07-22,9068,173,188,508
83377,2026-07-22,9068,173,189,508
83378,2026-07-22,9068,173,190,508
83379,2026-07-22,8953,173,187,509
83380,2026-07-22,8953,173,188,509
83381,2026-07-22,8953,173,189,509
83382,2026-07-22,8953,173,190,509
83383,2026-07-22,8989,173,187,508
83384,2026-07-22,8989,173,188,508
83385,2026-07-22,8989,173,189,508
83386,2026-07-22,8989,173,190,508
83387,2026-07-22,9291,173,187,509
83388,2026-07-22,9291,173,188,509
83389,2026-07-22,9291,173,189,509
83390,2026-07-22,9291,173,190,509
83391,2026-07-22,9271,173,187,508
83392,2026-07-22,9271,173,188,508
83393,2026-07-22,9271,173,189,508
83394,2026-07-22,9271,173,190,508
83395,2026-07-22,9277,173,187,509
83396,2026-07-22,9277,173,188,509
83397,2026-07-22,9277,173,189,509
83398,2026-07-22,9277,173,190,509
83399,2026-07-22,9163,173,187,508
83400,2026-07-22,9163,173,188,508
83401,2026-07-22,9163,173,189,508
83402,2026-07-22,9163,173,190,508
83403,2026-07-22,9285,173,187,509
83404,2026-07-22,9285,173,188,509
83405,2026-07-22,9285,173,189,509
83406,2026-07-22,9285,173,190,509
83407,2026-07-22,9224,173,187,508
83408,2026-07-22,9224,173,188,508
83409,2026-07-22,9224,173,189,508
83410,2026-07-22,9224,173,190,508
83411,2026-07-22,9066,173,187,509
83412,2026-07-22,9066,173,188,509
83413,2026-07-22,9066,173,189,509
83414,2026-07-22,9066,173,190,509
83415,2026-07-22,9069,173,187,508
83416,2026-07-22,9069,173,188,508
83417,2026-07-22,9069,173,189,508
83418,2026-07-22,9069,173,190,508
83419,2026-07-22,9160,174,187,510
83420,2026-07-22,9160,174,188,510
83421,2026-07-22,9160,174,189,510
83422,2026-07-22,9160,174,190,510
83423,2026-07-22,9325,174,187,511
83424,2026-07-22,9325,174,188,511
83425,2026-07-22,9325,174,189,511
83426,2026-07-22,9325,174,190,511
83427,2026-07-22,9155,174,187,510
83428,2026-07-22,9155,174,188,510
83429,2026-07-22,9155,174,189,510
83430,2026-07-22,9155,174,190,510
83431,2026-07-22,9214,174,187,511
83432,2026-07-22,9214,174,188,511
83433,2026-07-22,9214,174,189,511
83434,2026-07-22,9214,174,190,511
83435,2026-07-22,9219,174,187,510
83436,2026-07-22,9219,174,188,510
83437,2026-07-22,9219,174,189,510
83438,2026-07-22,9219,174,190,510
83439,2026-07-22,8949,174,187,511
83440,2026-07-22,8949,174,188,511
83441,2026-07-22,8949,174,189,511
83442,2026-07-22,8949,174,190,511
83443,2026-07-22,9305,174,187,510
83444,2026-07-22,9305,174,188,510
83445,2026-07-22,9305,174,189,510
83446,2026-07-22,9305,174,190,510
83447,2026-07-22,9194,174,187,511
83448,2026-07-22,9194,174,188,511
83449,2026-07-22,9194,174,189,511
83450,2026-07-22,9194,174,190,511
83451,2026-07-22,9228,174,187,510
83452,2026-07-22,9228,174,188,510
83453,2026-07-22,9228,174,189,510
83454,2026-07-22,9228,174,190,510
83455,2026-07-22,9225,174,187,511
83456,2026-07-22,9225,174,188,511
83457,2026-07-22,9225,174,189,511
83458,2026-07-22,9225,174,190,511
83459,2026-07-22,9299,174,187,510
83460,2026-07-22,9299,174,188,510
83461,2026-07-22,9299,174,189,510
83462,2026-07-22,9299,174,190,510
83463,2026-07-22,9092,174,187,511
83464,2026-07-22,9092,174,188,511
83465,2026-07-22,9092,174,189,511
83466,2026-07-22,9092,174,190,511
83467,2026-07-22,9234,174,187,510
83468,2026-07-22,9234,174,188,510
83469,2026-07-22,9234,174,189,510
83470,2026-07-22,9234,174,190,510
83471,2026-07-22,9319,174,187,511
83472,2026-07-22,9319,174,188,511
83473,2026-07-22,9319,174,189,511
83474,2026-07-22,9319,174,190,511
83475,2026-07-22,9130,174,187,510
83476,2026-07-22,9130,174,188,510
83477,2026-07-22,9130,174,189,510
83478,2026-07-22,9130,174,190,510
83479,2026-07-22,9054,174,187,511
83480,2026-07-22,9054,174,188,511
83481,2026-07-22,9054,174,189,511
83482,2026-07-22,9054,174,190,511
83483,2026-07-22,9111,174,187,510
83484,2026-07-22,9111,174,188,510
83485,2026-07-22,9111,174,189,510
83486,2026-07-22,9111,174,190,510
83487,2026-07-22,9268,174,187,511
83488,2026-07-22,9268,174,188,511
83489,2026-07-22,9268,174,189,511
83490,2026-07-22,9268,174,190,511
83491,2026-07-22,9284,174,187,510
83492,2026-07-22,9284,174,188,510
83493,2026-07-22,9284,174,189,510
83494,2026-07-22,9284,174,190,510
83495,2026-07-22,8981,174,187,511
83496,2026-07-22,8981,174,188,511
83497,2026-07-22,8981,174,189,511
83498,2026-07-22,8981,174,190,511
83499,2026-07-22,9156,174,187,510
83500,2026-07-22,9156,174,188,510
83501,2026-07-22,9156,174,189,510
83502,2026-07-22,9156,174,190,510
83503,2026-07-22,9046,174,187,511
83504,2026-07-22,9046,174,188,511
83505,2026-07-22,9046,174,189,511
83506,2026-07-22,9046,174,190,511
83507,2026-07-22,9031,174,187,510
83508,2026-07-22,9031,174,188,510
83509,2026-07-22,9031,174,189,510
83510,2026-07-22,9031,174,190,510
83511,2026-07-22,9243,174,187,511
83512,2026-07-22,9243,174,188,511
83513,2026-07-22,9243,174,189,511
83514,2026-07-22,9243,174,190,511
83515,2026-07-22,9241,174,187,510
83516,2026-07-22,9241,174,188,510
83517,2026-07-22,9241,174,189,510
83518,2026-07-22,9241,174,190,510
83519,2026-07-22,8964,174,187,511
83520,2026-07-22,8964,174,188,511
83521,2026-07-22,8964,174,189,511
83522,2026-07-22,8964,174,190,511
83523,2026-07-22,9071,174,187,510
83524,2026-07-22,9071,174,188,510
83525,2026-07-22,9071,174,189,510
83526,2026-07-22,9071,174,190,510
83527,2026-07-22,9019,174,187,511
83528,2026-07-22,9019,174,188,511
83529,2026-07-22,9019,174,189,511
83530,2026-07-22,9019,174,190,511
83531,2026-07-22,9035,174,187,510
83532,2026-07-22,9035,174,188,510
83533,2026-07-22,9035,174,189,510
83534,2026-07-22,9035,174,190,510
83535,2026-07-22,9175,174,187,511
83536,2026-07-22,9175,174,188,511
83537,2026-07-22,9175,174,189,511
83538,2026-07-22,9175,174,190,511
83539,2026-07-22,9242,174,187,510
83540,2026-07-22,9242,174,188,510
83541,2026-07-22,9242,174,189,510
83542,2026-07-22,9242,174,190,510
83543,2026-07-22,9121,175,187,512
83544,2026-07-22,9121,175,188,512
83545,2026-07-22,9121,175,189,512
83546,2026-07-22,9121,175,190,512
83547,2026-07-22,9095,175,187,513
83548,2026-07-22,9095,175,188,513
83549,2026-07-22,9095,175,189,513
83550,2026-07-22,9095,175,190,513
83551,2026-07-22,9266,175,187,512
83552,2026-07-22,9266,175,188,512
83553,2026-07-22,9266,175,189,512
83554,2026-07-22,9266,175,190,512
83555,2026-07-22,9006,175,187,513
83556,2026-07-22,9006,175,188,513
83557,2026-07-22,9006,175,189,513
83558,2026-07-22,9006,175,190,513
83559,2026-07-22,8962,175,187,512
83560,2026-07-22,8962,175,188,512
83561,2026-07-22,8962,175,189,512
83562,2026-07-22,8962,175,190,512
83563,2026-07-22,9181,175,187,513
83564,2026-07-22,9181,175,188,513
83565,2026-07-22,9181,175,189,513
83566,2026-07-22,9181,175,190,513
83567,2026-07-22,9231,175,187,512
83568,2026-07-22,9231,175,188,512
83569,2026-07-22,9231,175,189,512
83570,2026-07-22,9231,175,190,512
83571,2026-07-22,9174,175,187,513
83572,2026-07-22,9174,175,188,513
83573,2026-07-22,9174,175,189,513
83574,2026-07-22,9174,175,190,513
83575,2026-07-22,9310,175,187,512
83576,2026-07-22,9310,175,188,512
83577,2026-07-22,9310,175,189,512
83578,2026-07-22,9310,175,190,512
83579,2026-07-22,9340,175,187,513
83580,2026-07-22,9340,175,188,513
83581,2026-07-22,9340,175,189,513
83582,2026-07-22,9340,175,190,513
83583,2026-07-22,9226,175,187,512
83584,2026-07-22,9226,175,188,512
83585,2026-07-22,9226,175,189,512
83586,2026-07-22,9226,175,190,512
83587,2026-07-22,9330,175,187,513
83588,2026-07-22,9330,175,188,513
83589,2026-07-22,9330,175,189,513
83590,2026-07-22,9330,175,190,513
83591,2026-07-22,8965,175,187,512
83592,2026-07-22,8965,175,188,512
83593,2026-07-22,8965,175,189,512
83594,2026-07-22,8965,175,190,512
83595,2026-07-22,9004,175,187,513
83596,2026-07-22,9004,175,188,513
83597,2026-07-22,9004,175,189,513
83598,2026-07-22,9004,175,190,513
83599,2026-07-22,9137,175,187,512
83600,2026-07-22,9137,175,188,512
83601,2026-07-22,9137,175,189,512
83602,2026-07-22,9137,175,190,512
83603,2026-07-22,9216,175,187,513
83604,2026-07-22,9216,175,188,513
83605,2026-07-22,9216,175,189,513
83606,2026-07-22,9216,175,190,513
83607,2026-07-22,9100,175,187,512
83608,2026-07-22,9100,175,188,512
83609,2026-07-22,9100,175,189,512
83610,2026-07-22,9100,175,190,512
83611,2026-07-22,9223,175,187,513
83612,2026-07-22,9223,175,188,513
83613,2026-07-22,9223,175,189,513
83614,2026-07-22,9223,175,190,513
83615,2026-07-22,9183,175,187,512
83616,2026-07-22,9183,175,188,512
83617,2026-07-22,9183,175,189,512
83618,2026-07-22,9183,175,190,512
83619,2026-07-22,9044,175,187,513
83620,2026-07-22,9044,175,188,513
83621,2026-07-22,9044,175,189,513
83622,2026-07-22,9044,175,190,513
83623,2026-07-22,9303,175,187,512
83624,2026-07-22,9303,175,188,512
83625,2026-07-22,9303,175,189,512
83626,2026-07-22,9303,175,190,512
83627,2026-07-22,9038,175,187,513
83628,2026-07-22,9038,175,188,513
83629,2026-07-22,9038,175,189,513
83630,2026-07-22,9038,175,190,513
83631,2026-07-22,9294,175,187,512
83632,2026-07-22,9294,175,188,512
83633,2026-07-22,9294,175,189,512
83634,2026-07-22,9294,175,190,512
83635,2026-07-22,9133,175,187,513
83636,2026-07-22,9133,175,188,513
83637,2026-07-22,9133,175,189,513
83638,2026-07-22,9133,175,190,513
83639,2026-07-22,9008,175,187,512
83640,2026-07-22,9008,175,188,512
83641,2026-07-22,9008,175,189,512
83642,2026-07-22,9008,175,190,512
83643,2026-07-22,8942,175,187,513
83644,2026-07-22,8942,175,188,513
83645,2026-07-22,8942,175,189,513
83646,2026-07-22,8942,175,190,513
83647,2026-07-22,8954,175,187,512
83648,2026-07-22,8954,175,188,512
83649,2026-07-22,8954,175,189,512
83650,2026-07-22,8954,175,190,512
83651,2026-07-22,9067,175,187,513
83652,2026-07-22,9067,175,188,513
83653,2026-07-22,9067,175,189,513
83654,2026-07-22,9067,175,190,513
83655,2026-07-22,9099,175,187,512
83656,2026-07-22,9099,175,188,512
83657,2026-07-22,9099,175,189,512
83658,2026-07-22,9099,175,190,512
83659,2026-07-22,8973,175,187,513
83660,2026-07-22,8973,175,188,513
83661,2026-07-22,8973,175,189,513
83662,2026-07-22,8973,175,190,513
83663,2026-07-22,9022,175,187,512
83664,2026-07-22,9022,175,188,512
83665,2026-07-22,9022,175,189,512
83666,2026-07-22,9022,175,190,512
83667,2026-07-22,9112,176,187,514
83668,2026-07-22,9112,176,188,514
83669,2026-07-22,9112,176,189,514
83670,2026-07-22,9112,176,190,514
83671,2026-07-22,9328,176,187,515
83672,2026-07-22,9328,176,188,515
83673,2026-07-22,9328,176,189,515
83674,2026-07-22,9328,176,190,515
83675,2026-07-22,9143,176,187,514
83676,2026-07-22,9143,176,188,514
83677,2026-07-22,9143,176,189,514
83678,2026-07-22,9143,176,190,514
83679,2026-07-22,8993,176,187,515
83680,2026-07-22,8993,176,188,515
83681,2026-07-22,8993,176,189,515
83682,2026-07-22,8993,176,190,515
83683,2026-07-22,9166,176,187,514
83684,2026-07-22,9166,176,188,514
83685,2026-07-22,9166,176,189,514
83686,2026-07-22,9166,176,190,514
83687,2026-07-22,9065,176,187,515
83688,2026-07-22,9065,176,188,515
83689,2026-07-22,9065,176,189,515
83690,2026-07-22,9065,176,190,515
83691,2026-07-22,9333,176,187,514
83692,2026-07-22,9333,176,188,514
83693,2026-07-22,9333,176,189,514
83694,2026-07-22,9333,176,190,514
83695,2026-07-22,9120,176,187,515
83696,2026-07-22,9120,176,188,515
83697,2026-07-22,9120,176,189,515
83698,2026-07-22,9120,176,190,515
83699,2026-07-22,8947,176,187,514
83700,2026-07-22,8947,176,188,514
83701,2026-07-22,8947,176,189,514
83702,2026-07-22,8947,176,190,514
83703,2026-07-22,9215,176,187,515
83704,2026-07-22,9215,176,188,515
83705,2026-07-22,9215,176,189,515
83706,2026-07-22,9215,176,190,515
83707,2026-07-22,8950,176,187,514
83708,2026-07-22,8950,176,188,514
83709,2026-07-22,8950,176,189,514
83710,2026-07-22,8950,176,190,514
83711,2026-07-22,9198,176,187,515
83712,2026-07-22,9198,176,188,515
83713,2026-07-22,9198,176,189,515
83714,2026-07-22,9198,176,190,515
83715,2026-07-22,9045,176,187,514
83716,2026-07-22,9045,176,188,514
83717,2026-07-22,9045,176,189,514
83718,2026-07-22,9045,176,190,514
83719,2026-07-22,9108,176,187,515
83720,2026-07-22,9108,176,188,515
83721,2026-07-22,9108,176,189,515
83722,2026-07-22,9108,176,190,515
83723,2026-07-22,9083,176,187,514
83724,2026-07-22,9083,176,188,514
83725,2026-07-22,9083,176,189,514
83726,2026-07-22,9083,176,190,514
83727,2026-07-22,9336,176,187,515
83728,2026-07-22,9336,176,188,515
83729,2026-07-22,9336,176,189,515
83730,2026-07-22,9336,176,190,515
83731,2026-07-22,9251,176,187,514
83732,2026-07-22,9251,176,188,514
83733,2026-07-22,9251,176,189,514
83734,2026-07-22,9251,176,190,514
83735,2026-07-22,9102,176,187,515
83736,2026-07-22,9102,176,188,515
83737,2026-07-22,9102,176,189,515
83738,2026-07-22,9102,176,190,515
83739,2026-07-22,9267,176,187,514
83740,2026-07-22,9267,176,188,514
83741,2026-07-22,9267,176,189,514
83742,2026-07-22,9267,176,190,514
83743,2026-07-22,9281,176,187,515
83744,2026-07-22,9281,176,188,515
83745,2026-07-22,9281,176,189,515
83746,2026-07-22,9281,176,190,515
83747,2026-07-22,9117,176,187,514
83748,2026-07-22,9117,176,188,514
83749,2026-07-22,9117,176,189,514
83750,2026-07-22,9117,176,190,514
83751,2026-07-22,9013,176,187,515
83752,2026-07-22,9013,176,188,515
83753,2026-07-22,9013,176,189,515
83754,2026-07-22,9013,176,190,515
83755,2026-07-22,9220,176,187,514
83756,2026-07-22,9220,176,188,514
83757,2026-07-22,9220,176,189,514
83758,2026-07-22,9220,176,190,514
83759,2026-07-22,9055,176,187,515
83760,2026-07-22,9055,176,188,515
83761,2026-07-22,9055,176,189,515
83762,2026-07-22,9055,176,190,515
83763,2026-07-22,9115,176,187,514
83764,2026-07-22,9115,176,188,514
83765,2026-07-22,9115,176,189,514
83766,2026-07-22,9115,176,190,514
83767,2026-07-22,8998,176,187,515
83768,2026-07-22,8998,176,188,515
83769,2026-07-22,8998,176,189,515
83770,2026-07-22,8998,176,190,515
83771,2026-07-22,8969,176,187,514
83772,2026-07-22,8969,176,188,514
83773,2026-07-22,8969,176,189,514
83774,2026-07-22,8969,176,190,514
83775,2026-07-22,9027,176,187,515
83776,2026-07-22,9027,176,188,515
83777,2026-07-22,9027,176,189,515
83778,2026-07-22,9027,176,190,515
83779,2026-07-22,9308,176,187,514
83780,2026-07-22,9308,176,188,514
83781,2026-07-22,9308,176,189,514
83782,2026-07-22,9308,176,190,514
83783,2026-07-22,9270,176,187,515
83784,2026-07-22,9270,176,188,515
83785,2026-07-22,9270,176,189,515
83786,2026-07-22,9270,176,190,515
83787,2026-07-22,9138,176,187,514
83788,2026-07-22,9138,176,188,514
83789,2026-07-22,9138,176,189,514
83790,2026-07-22,9138,176,190,514
83791,2026-07-22,9304,177,187,516
83792,2026-07-22,9304,177,188,516
83793,2026-07-22,9304,177,189,516
83794,2026-07-22,9304,177,190,516
83795,2026-07-22,8971,177,187,517
83796,2026-07-22,8971,177,188,517
83797,2026-07-22,8971,177,189,517
83798,2026-07-22,8971,177,190,517
83799,2026-07-22,9134,177,187,516
83800,2026-07-22,9134,177,188,516
83801,2026-07-22,9134,177,189,516
83802,2026-07-22,9134,177,190,516
83803,2026-07-22,9011,177,187,517
83804,2026-07-22,9011,177,188,517
83805,2026-07-22,9011,177,189,517
83806,2026-07-22,9011,177,190,517
83807,2026-07-22,9039,177,187,516
83808,2026-07-22,9039,177,188,516
83809,2026-07-22,9039,177,189,516
83810,2026-07-22,9039,177,190,516
83811,2026-07-22,9075,177,187,517
83812,2026-07-22,9075,177,188,517
83813,2026-07-22,9075,177,189,517
83814,2026-07-22,9075,177,190,517
83815,2026-07-22,9072,177,187,516
83816,2026-07-22,9072,177,188,516
83817,2026-07-22,9072,177,189,516
83818,2026-07-22,9072,177,190,516
83819,2026-07-22,9184,177,187,517
83820,2026-07-22,9184,177,188,517
83821,2026-07-22,9184,177,189,517
83822,2026-07-22,9184,177,190,517
83823,2026-07-22,9016,177,187,516
83824,2026-07-22,9016,177,188,516
83825,2026-07-22,9016,177,189,516
83826,2026-07-22,9016,177,190,516
83827,2026-07-22,9041,177,187,517
83828,2026-07-22,9041,177,188,517
83829,2026-07-22,9041,177,189,517
83830,2026-07-22,9041,177,190,517
83831,2026-07-22,9208,177,187,516
83832,2026-07-22,9208,177,188,516
83833,2026-07-22,9208,177,189,516
83834,2026-07-22,9208,177,190,516
83835,2026-07-22,9275,177,187,517
83836,2026-07-22,9275,177,188,517
83837,2026-07-22,9275,177,189,517
83838,2026-07-22,9275,177,190,517
83839,2026-07-22,9239,177,187,516
83840,2026-07-22,9239,177,188,516
83841,2026-07-22,9239,177,189,516
83842,2026-07-22,9239,177,190,516
83843,2026-07-22,9173,177,187,517
83844,2026-07-22,9173,177,188,517
83845,2026-07-22,9173,177,189,517
83846,2026-07-22,9173,177,190,517
83847,2026-07-22,9289,177,187,516
83848,2026-07-22,9289,177,188,516
83849,2026-07-22,9289,177,189,516
83850,2026-07-22,9289,177,190,516
83851,2026-07-22,9172,177,187,517
83852,2026-07-22,9172,177,188,517
83853,2026-07-22,9172,177,189,517
83854,2026-07-22,9172,177,190,517
83855,2026-07-22,9110,177,187,516
83856,2026-07-22,9110,177,188,516
83857,2026-07-22,9110,177,189,516
83858,2026-07-22,9110,177,190,516
83859,2026-07-22,9236,177,187,517
83860,2026-07-22,9236,177,188,517
83861,2026-07-22,9236,177,189,517
83862,2026-07-22,9236,177,190,517
83863,2026-07-22,9337,177,187,516
83864,2026-07-22,9337,177,188,516
83865,2026-07-22,9337,177,189,516
83866,2026-07-22,9337,177,190,516
83867,2026-07-22,9165,177,187,517
83868,2026-07-22,9165,177,188,517
83869,2026-07-22,9165,177,189,517
83870,2026-07-22,9165,177,190,517
83871,2026-07-22,8951,177,187,516
83872,2026-07-22,8951,177,188,516
83873,2026-07-22,8951,177,189,516
83874,2026-07-22,8951,177,190,516
83875,2026-07-22,9191,177,187,517
83876,2026-07-22,9191,177,188,517
83877,2026-07-22,9191,177,189,517
83878,2026-07-22,9191,177,190,517
83879,2026-07-22,9282,177,187,516
83880,2026-07-22,9282,177,188,516
83881,2026-07-22,9282,177,189,516
83882,2026-07-22,9282,177,190,516
83883,2026-07-22,9028,177,187,517
83884,2026-07-22,9028,177,188,517
83885,2026-07-22,9028,177,189,517
83886,2026-07-22,9028,177,190,517
83887,2026-07-22,8987,177,187,516
83888,2026-07-22,8987,177,188,516
83889,2026-07-22,8987,177,189,516
83890,2026-07-22,8987,177,190,516
83891,2026-07-22,9168,177,187,517
83892,2026-07-22,9168,177,188,517
83893,2026-07-22,9168,177,189,517
83894,2026-07-22,9168,177,190,517
83895,2026-07-22,9298,177,187,516
83896,2026-07-22,9298,177,188,516
83897,2026-07-22,9298,177,189,516
83898,2026-07-22,9298,177,190,516
83899,2026-07-22,9017,177,187,517
83900,2026-07-22,9017,177,188,517
83901,2026-07-22,9017,177,189,517
83902,2026-07-22,9017,177,190,517
83903,2026-07-22,9062,177,187,516
83904,2026-07-22,9062,177,188,516
83905,2026-07-22,9062,177,189,516
83906,2026-07-22,9062,177,190,516
83907,2026-07-22,9128,177,187,517
83908,2026-07-22,9128,177,188,517
83909,2026-07-22,9128,177,189,517
83910,2026-07-22,9128,177,190,517
83911,2026-07-22,9169,177,187,516
83912,2026-07-22,9169,177,188,516
83913,2026-07-22,9169,177,189,516
83914,2026-07-22,9169,177,190,516
83915,2026-07-22,8957,178,187,518
83916,2026-07-22,8957,178,188,518
83917,2026-07-22,8957,178,189,518
83918,2026-07-22,8957,178,190,518
83919,2026-07-22,9059,178,187,519
83920,2026-07-22,9059,178,188,519
83921,2026-07-22,9059,178,189,519
83922,2026-07-22,9059,178,190,519
83923,2026-07-22,8978,178,187,518
83924,2026-07-22,8978,178,188,518
83925,2026-07-22,8978,178,189,518
83926,2026-07-22,8978,178,190,518
83927,2026-07-22,9064,178,187,519
83928,2026-07-22,9064,178,188,519
83929,2026-07-22,9064,178,189,519
83930,2026-07-22,9064,178,190,519
83931,2026-07-22,9196,178,187,518
83932,2026-07-22,9196,178,188,518
83933,2026-07-22,9196,178,189,518
83934,2026-07-22,9196,178,190,518
83935,2026-07-22,9053,178,187,519
83936,2026-07-22,9053,178,188,519
83937,2026-07-22,9053,178,189,519
83938,2026-07-22,9053,178,190,519
83939,2026-07-22,9145,178,187,518
83940,2026-07-22,9145,178,188,518
83941,2026-07-22,9145,178,189,518
83942,2026-07-22,9145,178,190,518
83943,2026-07-22,8997,178,187,519
83944,2026-07-22,8997,178,188,519
83945,2026-07-22,8997,178,189,519
83946,2026-07-22,8997,178,190,519
83947,2026-07-22,9161,178,187,518
83948,2026-07-22,9161,178,188,518
83949,2026-07-22,9161,178,189,518
83950,2026-07-22,9161,178,190,518
83951,2026-07-22,9237,178,187,519
83952,2026-07-22,9237,178,188,519
83953,2026-07-22,9237,178,189,519
83954,2026-07-22,9237,178,190,519
83955,2026-07-22,9153,178,187,518
83956,2026-07-22,9153,178,188,518
83957,2026-07-22,9153,178,189,518
83958,2026-07-22,9153,178,190,518
83959,2026-07-22,9026,178,187,519
83960,2026-07-22,9026,178,188,519
83961,2026-07-22,9026,178,189,519
83962,2026-07-22,9026,178,190,519
83963,2026-07-22,9192,178,187,518
83964,2026-07-22,9192,178,188,518
83965,2026-07-22,9192,178,189,518
83966,2026-07-22,9192,178,190,518
83967,2026-07-22,9132,178,187,519
83968,2026-07-22,9132,178,188,519
83969,2026-07-22,9132,178,189,519
83970,2026-07-22,9132,178,190,519
83971,2026-07-22,9162,178,187,518
83972,2026-07-22,9162,178,188,518
83973,2026-07-22,9162,178,189,518
83974,2026-07-22,9162,178,190,518
83975,2026-07-22,8960,178,187,519
83976,2026-07-22,8960,178,188,519
83977,2026-07-22,8960,178,189,519
83978,2026-07-22,8960,178,190,519
83979,2026-07-22,9177,178,187,518
83980,2026-07-22,9177,178,188,518
83981,2026-07-22,9177,178,189,518
83982,2026-07-22,9177,178,190,518
83983,2026-07-22,9157,178,187,519
83984,2026-07-22,9157,178,188,519
83985,2026-07-22,9157,178,189,519
83986,2026-07-22,9157,178,190,519
83987,2026-07-22,9186,178,187,518
83988,2026-07-22,9186,178,188,518
83989,2026-07-22,9186,178,189,518
83990,2026-07-22,9186,178,190,518
83991,2026-07-22,9086,178,187,519
83992,2026-07-22,9086,178,188,519
83993,2026-07-22,9086,178,189,519
83994,2026-07-22,9086,178,190,519
83995,2026-07-22,8982,178,187,518
83996,2026-07-22,8982,178,188,518
83997,2026-07-22,8982,178,189,518
83998,2026-07-22,8982,178,190,518
83999,2026-07-22,9158,178,187,519
84000,2026-07-22,9158,178,188,519
84001,2026-07-22,9158,178,189,519
84002,2026-07-22,9158,178,190,519
84003,2026-07-22,9049,178,187,518
84004,2026-07-22,9049,178,188,518
84005,2026-07-22,9049,178,189,518
84006,2026-07-22,9049,178,190,518
84007,2026-07-22,9178,178,187,519
84008,2026-07-22,9178,178,188,519
84009,2026-07-22,9178,178,189,519
84010,2026-07-22,9178,178,190,519
84011,2026-07-22,9332,178,187,518
84012,2026-07-22,9332,178,188,518
84013,2026-07-22,9332,178,189,518
84014,2026-07-22,9332,178,190,518
84015,2026-07-22,9030,178,187,519
84016,2026-07-22,9030,178,188,519
84017,2026-07-22,9030,178,189,519
84018,2026-07-22,9030,178,190,519
84019,2026-07-22,9051,178,187,518
84020,2026-07-22,9051,178,188,518
84021,2026-07-22,9051,178,189,518
84022,2026-07-22,9051,178,190,518
84023,2026-07-22,8977,178,187,519
84024,2026-07-22,8977,178,188,519
84025,2026-07-22,8977,178,189,519
84026,2026-07-22,8977,178,190,519
84027,2026-07-22,9012,178,187,518
84028,2026-07-22,9012,178,188,518
84029,2026-07-22,9012,178,189,518
84030,2026-07-22,9012,178,190,518
84031,2026-07-22,9314,178,187,519
84032,2026-07-22,9314,178,188,519
84033,2026-07-22,9314,178,189,519
84034,2026-07-22,9314,178,190,519
84035,2026-07-22,9024,178,187,518
84036,2026-07-22,9024,178,188,518
84037,2026-07-22,9024,178,189,518
84038,2026-07-22,9024,178,190,518
84039,2026-07-22,9093,179,187,520
84040,2026-07-22,9093,179,188,520
84041,2026-07-22,9093,179,189,520
84042,2026-07-22,9093,179,190,520
84043,2026-07-22,9315,179,187,521
84044,2026-07-22,9315,179,188,521
84045,2026-07-22,9315,179,189,521
84046,2026-07-22,9315,179,190,521
84047,2026-07-22,9142,179,187,520
84048,2026-07-22,9142,179,188,520
84049,2026-07-22,9142,179,189,520
84050,2026-07-22,9142,179,190,520
84051,2026-07-22,9217,179,187,521
84052,2026-07-22,9217,179,188,521
84053,2026-07-22,9217,179,189,521
84054,2026-07-22,9217,179,190,521
84055,2026-07-22,9126,179,187,520
84056,2026-07-22,9126,179,188,520
84057,2026-07-22,9126,179,189,520
84058,2026-07-22,9126,179,190,520
84059,2026-07-22,9070,179,187,521
84060,2026-07-22,9070,179,188,521
84061,2026-07-22,9070,179,189,521
84062,2026-07-22,9070,179,190,521
84063,2026-07-22,9313,179,187,520
84064,2026-07-22,9313,179,188,520
84065,2026-07-22,9313,179,189,520
84066,2026-07-22,9313,179,190,520
84067,2026-07-22,9180,179,187,521
84068,2026-07-22,9180,179,188,521
84069,2026-07-22,9180,179,189,521
84070,2026-07-22,9180,179,190,521
84071,2026-07-22,9005,179,187,520
84072,2026-07-22,9005,179,188,520
84073,2026-07-22,9005,179,189,520
84074,2026-07-22,9005,179,190,520
84075,2026-07-22,9244,179,187,521
84076,2026-07-22,9244,179,188,521
84077,2026-07-22,9244,179,189,521
84078,2026-07-22,9244,179,190,521
84079,2026-07-22,9091,179,187,520
84080,2026-07-22,9091,179,188,520
84081,2026-07-22,9091,179,189,520
84082,2026-07-22,9091,179,190,520
84083,2026-07-22,9327,179,187,521
84084,2026-07-22,9327,179,188,521
84085,2026-07-22,9327,179,189,521
84086,2026-07-22,9327,179,190,521
84087,2026-07-22,8986,179,187,520
84088,2026-07-22,8986,179,188,520
84089,2026-07-22,8986,179,189,520
84090,2026-07-22,8986,179,190,520
84091,2026-07-22,9316,179,187,521
84092,2026-07-22,9316,179,188,521
84093,2026-07-22,9316,179,189,521
84094,2026-07-22,9316,179,190,521
84095,2026-07-22,9116,179,187,520
84096,2026-07-22,9116,179,188,520
84097,2026-07-22,9116,179,189,520
84098,2026-07-22,9116,179,190,520
84099,2026-07-22,8979,179,187,521
84100,2026-07-22,8979,179,188,521
84101,2026-07-22,8979,179,189,521
84102,2026-07-22,8979,179,190,521
84103,2026-07-22,8994,179,187,520
84104,2026-07-22,8994,179,188,520
84105,2026-07-22,8994,179,189,520
84106,2026-07-22,8994,179,190,520
84107,2026-07-22,9247,179,187,521
84108,2026-07-22,9247,179,188,521
84109,2026-07-22,9247,179,189,521
84110,2026-07-22,9247,179,190,521
84111,2026-07-22,9206,179,187,520
84112,2026-07-22,9206,179,188,520
84113,2026-07-22,9206,179,189,520
84114,2026-07-22,9206,179,190,520
84115,2026-07-22,9118,179,187,521
84116,2026-07-22,9118,179,188,521
84117,2026-07-22,9118,179,189,521
84118,2026-07-22,9118,179,190,521
84119,2026-07-22,8980,179,187,520
84120,2026-07-22,8980,179,188,520
84121,2026-07-22,8980,179,189,520
84122,2026-07-22,8980,179,190,520
84123,2026-07-22,9326,179,187,521
84124,2026-07-22,9326,179,188,521
84125,2026-07-22,9326,179,189,521
84126,2026-07-22,9326,179,190,521
84127,2026-07-22,9312,179,187,520
84128,2026-07-22,9312,179,188,520
84129,2026-07-22,9312,179,189,520
84130,2026-07-22,9312,179,190,520
84131,2026-07-22,8956,179,187,521
84132,2026-07-22,8956,179,188,521
84133,2026-07-22,8956,179,189,521
84134,2026-07-22,8956,179,190,521
84135,2026-07-22,9269,179,187,520
84136,2026-07-22,9269,179,188,520
84137,2026-07-22,9269,179,189,520
84138,2026-07-22,9269,179,190,520
84139,2026-07-22,9261,179,187,521
84140,2026-07-22,9261,179,188,521
84141,2026-07-22,9261,179,189,521
84142,2026-07-22,9261,179,190,521
84143,2026-07-22,8967,179,187,520
84144,2026-07-22,8967,179,188,520
84145,2026-07-22,8967,179,189,520
84146,2026-07-22,8967,179,190,520
84147,2026-07-22,9023,179,187,521
84148,2026-07-22,9023,179,188,521
84149,2026-07-22,9023,179,189,521
84150,2026-07-22,9023,179,190,521
84151,2026-07-22,9097,179,187,520
84152,2026-07-22,9097,179,188,520
84153,2026-07-22,9097,179,189,520
84154,2026-07-22,9097,179,190,520
84155,2026-07-22,9098,179,187,521
84156,2026-07-22,9098,179,188,521
84157,2026-07-22,9098,179,189,521
84158,2026-07-22,9098,179,190,521
84159,2026-07-22,9204,169,191,500
84160,2026-07-22,9204,169,192,500
84161,2026-07-22,9204,169,193,500
84162,2026-07-22,9204,169,194,500
84163,2026-07-22,8970,169,191,501
84164,2026-07-22,8970,169,192,501
84165,2026-07-22,8970,169,193,501
84166,2026-07-22,8970,169,194,501
84167,2026-07-22,8981,169,191,500
84168,2026-07-22,8981,169,192,500
84169,2026-07-22,8981,169,193,500
84170,2026-07-22,8981,169,194,500
84171,2026-07-22,8973,169,191,501
84172,2026-07-22,8973,169,192,501
84173,2026-07-22,8973,169,193,501
84174,2026-07-22,8973,169,194,501
84175,2026-07-22,9116,169,191,500
84176,2026-07-22,9116,169,192,500
84177,2026-07-22,9116,169,193,500
84178,2026-07-22,9116,169,194,500
84179,2026-07-22,8977,169,191,501
84180,2026-07-22,8977,169,192,501
84181,2026-07-22,8977,169,193,501
84182,2026-07-22,8977,169,194,501
84183,2026-07-22,9160,169,191,500
84184,2026-07-22,9160,169,192,500
84185,2026-07-22,9160,169,193,500
84186,2026-07-22,9160,169,194,500
84187,2026-07-22,9170,169,191,501
84188,2026-07-22,9170,169,192,501
84189,2026-07-22,9170,169,193,501
84190,2026-07-22,9170,169,194,501
84191,2026-07-22,9216,169,191,500
84192,2026-07-22,9216,169,192,500
84193,2026-07-22,9216,169,193,500
84194,2026-07-22,9216,169,194,500
84195,2026-07-22,9316,169,191,501
84196,2026-07-22,9316,169,192,501
84197,2026-07-22,9316,169,193,501
84198,2026-07-22,9316,169,194,501
84199,2026-07-22,9241,169,191,500
84200,2026-07-22,9241,169,192,500
84201,2026-07-22,9241,169,193,500
84202,2026-07-22,9241,169,194,500
84203,2026-07-22,9056,169,191,501
84204,2026-07-22,9056,169,192,501
84205,2026-07-22,9056,169,193,501
84206,2026-07-22,9056,169,194,501
84207,2026-07-22,9073,169,191,500
84208,2026-07-22,9073,169,192,500
84209,2026-07-22,9073,169,193,500
84210,2026-07-22,9073,169,194,500
84211,2026-07-22,9230,169,191,501
84212,2026-07-22,9230,169,192,501
84213,2026-07-22,9230,169,193,501
84214,2026-07-22,9230,169,194,501
84215,2026-07-22,9015,169,191,500
84216,2026-07-22,9015,169,192,500
84217,2026-07-22,9015,169,193,500
84218,2026-07-22,9015,169,194,500
84219,2026-07-22,8945,169,191,501
84220,2026-07-22,8945,169,192,501
84221,2026-07-22,8945,169,193,501
84222,2026-07-22,8945,169,194,501
84223,2026-07-22,9310,169,191,500
84224,2026-07-22,9310,169,192,500
84225,2026-07-22,9310,169,193,500
84226,2026-07-22,9310,169,194,500
84227,2026-07-22,9224,169,191,501
84228,2026-07-22,9224,169,192,501
84229,2026-07-22,9224,169,193,501
84230,2026-07-22,9224,169,194,501
84231,2026-07-22,9010,169,191,500
84232,2026-07-22,9010,169,192,500
84233,2026-07-22,9010,169,193,500
84234,2026-07-22,9010,169,194,500
84235,2026-07-22,9280,169,191,501
84236,2026-07-22,9280,169,192,501
84237,2026-07-22,9280,169,193,501
84238,2026-07-22,9280,169,194,501
84239,2026-07-22,9030,169,191,500
84240,2026-07-22,9030,169,192,500
84241,2026-07-22,9030,169,193,500
84242,2026-07-22,9030,169,194,500
84243,2026-07-22,9284,169,191,501
84244,2026-07-22,9284,169,192,501
84245,2026-07-22,9284,169,193,501
84246,2026-07-22,9284,169,194,501
84247,2026-07-22,9147,169,191,500
84248,2026-07-22,9147,169,192,500
84249,2026-07-22,9147,169,193,500
84250,2026-07-22,9147,169,194,500
84251,2026-07-22,9153,169,191,501
84252,2026-07-22,9153,169,192,501
84253,2026-07-22,9153,169,193,501
84254,2026-07-22,9153,169,194,501
84255,2026-07-22,8962,169,191,500
84256,2026-07-22,8962,169,192,500
84257,2026-07-22,8962,169,193,500
84258,2026-07-22,8962,169,194,500
84259,2026-07-22,9262,169,191,501
84260,2026-07-22,9262,169,192,501
84261,2026-07-22,9262,169,193,501
84262,2026-07-22,9262,169,194,501
84263,2026-07-22,9027,169,191,500
84264,2026-07-22,9027,169,192,500
84265,2026-07-22,9027,169,193,500
84266,2026-07-22,9027,169,194,500
84267,2026-07-22,8992,169,191,501
84268,2026-07-22,8992,169,192,501
84269,2026-07-22,8992,169,193,501
84270,2026-07-22,8992,169,194,501
84271,2026-07-22,9097,169,191,500
84272,2026-07-22,9097,169,192,500
84273,2026-07-22,9097,169,193,500
84274,2026-07-22,9097,169,194,500
84275,2026-07-22,9217,169,191,501
84276,2026-07-22,9217,169,192,501
84277,2026-07-22,9217,169,193,501
84278,2026-07-22,9217,169,194,501
84279,2026-07-22,9171,169,191,500
84280,2026-07-22,9171,169,192,500
84281,2026-07-22,9171,169,193,500
84282,2026-07-22,9171,169,194,500
84283,2026-07-22,9134,169,191,501
84284,2026-07-22,9134,169,192,501
84285,2026-07-22,9134,169,193,501
84286,2026-07-22,9134,169,194,501
84287,2026-07-22,9333,169,191,500
84288,2026-07-22,9333,169,192,500
84289,2026-07-22,9333,169,193,500
84290,2026-07-22,9333,169,194,500
84291,2026-07-22,9011,170,191,502
84292,2026-07-22,9011,170,192,502
84293,2026-07-22,9011,170,193,502
84294,2026-07-22,9011,170,194,502
84295,2026-07-22,8993,170,191,503
84296,2026-07-22,8993,170,192,503
84297,2026-07-22,8993,170,193,503
84298,2026-07-22,8993,170,194,503
84299,2026-07-22,9327,170,191,502
84300,2026-07-22,9327,170,192,502
84301,2026-07-22,9327,170,193,502
84302,2026-07-22,9327,170,194,502
84303,2026-07-22,9292,170,191,503
84304,2026-07-22,9292,170,192,503
84305,2026-07-22,9292,170,193,503
84306,2026-07-22,9292,170,194,503
84307,2026-07-22,9168,170,191,502
84308,2026-07-22,9168,170,192,502
84309,2026-07-22,9168,170,193,502
84310,2026-07-22,9168,170,194,502
84311,2026-07-22,8943,170,191,503
84312,2026-07-22,8943,170,192,503
84313,2026-07-22,8943,170,193,503
84314,2026-07-22,8943,170,194,503
84315,2026-07-22,9305,170,191,502
84316,2026-07-22,9305,170,192,502
84317,2026-07-22,9305,170,193,502
84318,2026-07-22,9305,170,194,502
84319,2026-07-22,9063,170,191,503
84320,2026-07-22,9063,170,192,503
84321,2026-07-22,9063,170,193,503
84322,2026-07-22,9063,170,194,503
84323,2026-07-22,9093,170,191,502
84324,2026-07-22,9093,170,192,502
84325,2026-07-22,9093,170,193,502
84326,2026-07-22,9093,170,194,502
84327,2026-07-22,9166,170,191,503
84328,2026-07-22,9166,170,192,503
84329,2026-07-22,9166,170,193,503
84330,2026-07-22,9166,170,194,503
84331,2026-07-22,9018,170,191,502
84332,2026-07-22,9018,170,192,502
84333,2026-07-22,9018,170,193,502
84334,2026-07-22,9018,170,194,502
84335,2026-07-22,9214,170,191,503
84336,2026-07-22,9214,170,192,503
84337,2026-07-22,9214,170,193,503
84338,2026-07-22,9214,170,194,503
84339,2026-07-22,9288,170,191,502
84340,2026-07-22,9288,170,192,502
84341,2026-07-22,9288,170,193,502
84342,2026-07-22,9288,170,194,502
84343,2026-07-22,9151,170,191,503
84344,2026-07-22,9151,170,192,503
84345,2026-07-22,9151,170,193,503
84346,2026-07-22,9151,170,194,503
84347,2026-07-22,9250,170,191,502
84348,2026-07-22,9250,170,192,502
84349,2026-07-22,9250,170,193,502
84350,2026-07-22,9250,170,194,502
84351,2026-07-22,9231,170,191,503
84352,2026-07-22,9231,170,192,503
84353,2026-07-22,9231,170,193,503
84354,2026-07-22,9231,170,194,503
84355,2026-07-22,8944,170,191,502
84356,2026-07-22,8944,170,192,502
84357,2026-07-22,8944,170,193,502
84358,2026-07-22,8944,170,194,502
84359,2026-07-22,8952,170,191,503
84360,2026-07-22,8952,170,192,503
84361,2026-07-22,8952,170,193,503
84362,2026-07-22,8952,170,194,503
84363,2026-07-22,8969,170,191,502
84364,2026-07-22,8969,170,192,502
84365,2026-07-22,8969,170,193,502
84366,2026-07-22,8969,170,194,502
84367,2026-07-22,9131,170,191,503
84368,2026-07-22,9131,170,192,503
84369,2026-07-22,9131,170,193,503
84370,2026-07-22,9131,170,194,503
84371,2026-07-22,8976,170,191,502
84372,2026-07-22,8976,170,192,502
84373,2026-07-22,8976,170,193,502
84374,2026-07-22,8976,170,194,502
84375,2026-07-22,9256,170,191,503
84376,2026-07-22,9256,170,192,503
84377,2026-07-22,9256,170,193,503
84378,2026-07-22,9256,170,194,503
84379,2026-07-22,9080,170,191,502
84380,2026-07-22,9080,170,192,502
84381,2026-07-22,9080,170,193,502
84382,2026-07-22,9080,170,194,502
84383,2026-07-22,9321,170,191,503
84384,2026-07-22,9321,170,192,503
84385,2026-07-22,9321,170,193,503
84386,2026-07-22,9321,170,194,503
84387,2026-07-22,9195,170,191,502
84388,2026-07-22,9195,170,192,502
84389,2026-07-22,9195,170,193,502
84390,2026-07-22,9195,170,194,502
84391,2026-07-22,9155,170,191,503
84392,2026-07-22,9155,170,192,503
84393,2026-07-22,9155,170,193,503
84394,2026-07-22,9155,170,194,503
84395,2026-07-22,9084,170,191,502
84396,2026-07-22,9084,170,192,502
84397,2026-07-22,9084,170,193,502
84398,2026-07-22,9084,170,194,502
84399,2026-07-22,9235,170,191,503
84400,2026-07-22,9235,170,192,503
84401,2026-07-22,9235,170,193,503
84402,2026-07-22,9235,170,194,503
84403,2026-07-22,9052,170,191,502
84404,2026-07-22,9052,170,192,502
84405,2026-07-22,9052,170,193,502
84406,2026-07-22,9052,170,194,502
84407,2026-07-22,8964,170,191,503
84408,2026-07-22,8964,170,192,503
84409,2026-07-22,8964,170,193,503
84410,2026-07-22,8964,170,194,503
84411,2026-07-22,9128,170,191,502
84412,2026-07-22,9128,170,192,502
84413,2026-07-22,9128,170,193,502
84414,2026-07-22,9128,170,194,502
84415,2026-07-22,9104,170,191,503
84416,2026-07-22,9104,170,192,503
84417,2026-07-22,9104,170,193,503
84418,2026-07-22,9104,170,194,503
84419,2026-07-22,9315,170,191,502
84420,2026-07-22,9315,170,192,502
84421,2026-07-22,9315,170,193,502
84422,2026-07-22,9315,170,194,502
84423,2026-07-22,9169,171,191,504
84424,2026-07-22,9169,171,192,504
84425,2026-07-22,9169,171,193,504
84426,2026-07-22,9169,171,194,504
84427,2026-07-22,9199,171,191,505
84428,2026-07-22,9199,171,192,505
84429,2026-07-22,9199,171,193,505
84430,2026-07-22,9199,171,194,505
84431,2026-07-22,9324,171,191,504
84432,2026-07-22,9324,171,192,504
84433,2026-07-22,9324,171,193,504
84434,2026-07-22,9324,171,194,504
84435,2026-07-22,9023,171,191,505
84436,2026-07-22,9023,171,192,505
84437,2026-07-22,9023,171,193,505
84438,2026-07-22,9023,171,194,505
84439,2026-07-22,9044,171,191,504
84440,2026-07-22,9044,171,192,504
84441,2026-07-22,9044,171,193,504
84442,2026-07-22,9044,171,194,504
84443,2026-07-22,9154,171,191,505
84444,2026-07-22,9154,171,192,505
84445,2026-07-22,9154,171,193,505
84446,2026-07-22,9154,171,194,505
84447,2026-07-22,9039,171,191,504
84448,2026-07-22,9039,171,192,504
84449,2026-07-22,9039,171,193,504
84450,2026-07-22,9039,171,194,504
84451,2026-07-22,9086,171,191,505
84452,2026-07-22,9086,171,192,505
84453,2026-07-22,9086,171,193,505
84454,2026-07-22,9086,171,194,505
84455,2026-07-22,9148,171,191,504
84456,2026-07-22,9148,171,192,504
84457,2026-07-22,9148,171,193,504
84458,2026-07-22,9148,171,194,504
84459,2026-07-22,9287,171,191,505
84460,2026-07-22,9287,171,192,505
84461,2026-07-22,9287,171,193,505
84462,2026-07-22,9287,171,194,505
84463,2026-07-22,9312,171,191,504
84464,2026-07-22,9312,171,192,504
84465,2026-07-22,9312,171,193,504
84466,2026-07-22,9312,171,194,504
84467,2026-07-22,9162,171,191,505
84468,2026-07-22,9162,171,192,505
84469,2026-07-22,9162,171,193,505
84470,2026-07-22,9162,171,194,505
84471,2026-07-22,9338,171,191,504
84472,2026-07-22,9338,171,192,504
84473,2026-07-22,9338,171,193,504
84474,2026-07-22,9338,171,194,504
84475,2026-07-22,8947,171,191,505
84476,2026-07-22,8947,171,192,505
84477,2026-07-22,8947,171,193,505
84478,2026-07-22,8947,171,194,505
84479,2026-07-22,9277,171,191,504
84480,2026-07-22,9277,171,192,504
84481,2026-07-22,9277,171,193,504
84482,2026-07-22,9277,171,194,504
84483,2026-07-22,9014,171,191,505
84484,2026-07-22,9014,171,192,505
84485,2026-07-22,9014,171,193,505
84486,2026-07-22,9014,171,194,505
84487,2026-07-22,9065,171,191,504
84488,2026-07-22,9065,171,192,504
84489,2026-07-22,9065,171,193,504
84490,2026-07-22,9065,171,194,504
84491,2026-07-22,8967,171,191,505
84492,2026-07-22,8967,171,192,505
84493,2026-07-22,8967,171,193,505
84494,2026-07-22,8967,171,194,505
84495,2026-07-22,9212,171,191,504
84496,2026-07-22,9212,171,192,504
84497,2026-07-22,9212,171,193,504
84498,2026-07-22,9212,171,194,504
84499,2026-07-22,9046,171,191,505
84500,2026-07-22,9046,171,192,505
84501,2026-07-22,9046,171,193,505
84502,2026-07-22,9046,171,194,505
84503,2026-07-22,9163,171,191,504
84504,2026-07-22,9163,171,192,504
84505,2026-07-22,9163,171,193,504
84506,2026-07-22,9163,171,194,504
84507,2026-07-22,9248,171,191,505
84508,2026-07-22,9248,171,192,505
84509,2026-07-22,9248,171,193,505
84510,2026-07-22,9248,171,194,505
84511,2026-07-22,9263,171,191,504
84512,2026-07-22,9263,171,192,504
84513,2026-07-22,9263,171,193,504
84514,2026-07-22,9263,171,194,504
84515,2026-07-22,9276,171,191,505
84516,2026-07-22,9276,171,192,505
84517,2026-07-22,9276,171,193,505
84518,2026-07-22,9276,171,194,505
84519,2026-07-22,9140,171,191,504
84520,2026-07-22,9140,171,192,504
84521,2026-07-22,9140,171,193,504
84522,2026-07-22,9140,171,194,504
84523,2026-07-22,9211,171,191,505
84524,2026-07-22,9211,171,192,505
84525,2026-07-22,9211,171,193,505
84526,2026-07-22,9211,171,194,505
84527,2026-07-22,9223,171,191,504
84528,2026-07-22,9223,171,192,504
84529,2026-07-22,9223,171,193,504
84530,2026-07-22,9223,171,194,504
84531,2026-07-22,9156,171,191,505
84532,2026-07-22,9156,171,192,505
84533,2026-07-22,9156,171,193,505
84534,2026-07-22,9156,171,194,505
84535,2026-07-22,8957,171,191,504
84536,2026-07-22,8957,171,192,504
84537,2026-07-22,8957,171,193,504
84538,2026-07-22,8957,171,194,504
84539,2026-07-22,9005,171,191,505
84540,2026-07-22,9005,171,192,505
84541,2026-07-22,9005,171,193,505
84542,2026-07-22,9005,171,194,505
84543,2026-07-22,9198,171,191,504
84544,2026-07-22,9198,171,192,504
84545,2026-07-22,9198,171,193,504
84546,2026-07-22,9198,171,194,504
84547,2026-07-22,9149,171,191,505
84548,2026-07-22,9149,171,192,505
84549,2026-07-22,9149,171,193,505
84550,2026-07-22,9149,171,194,505
84551,2026-07-22,9165,171,191,504
84552,2026-07-22,9165,171,192,504
84553,2026-07-22,9165,171,193,504
84554,2026-07-22,9165,171,194,504
84555,2026-07-22,9309,172,191,506
84556,2026-07-22,9309,172,192,506
84557,2026-07-22,9309,172,193,506
84558,2026-07-22,9309,172,194,506
84559,2026-07-22,9193,172,191,507
84560,2026-07-22,9193,172,192,507
84561,2026-07-22,9193,172,193,507
84562,2026-07-22,9193,172,194,507
84563,2026-07-22,8941,172,191,506
84564,2026-07-22,8941,172,192,506
84565,2026-07-22,8941,172,193,506
84566,2026-07-22,8941,172,194,506
84567,2026-07-22,9174,172,191,507
84568,2026-07-22,9174,172,192,507
84569,2026-07-22,9174,172,193,507
84570,2026-07-22,9174,172,194,507
84571,2026-07-22,9062,172,191,506
84572,2026-07-22,9062,172,192,506
84573,2026-07-22,9062,172,193,506
84574,2026-07-22,9062,172,194,506
84575,2026-07-22,9295,172,191,507
84576,2026-07-22,9295,172,192,507
84577,2026-07-22,9295,172,193,507
84578,2026-07-22,9295,172,194,507
84579,2026-07-22,9082,172,191,506
84580,2026-07-22,9082,172,192,506
84581,2026-07-22,9082,172,193,506
84582,2026-07-22,9082,172,194,506
84583,2026-07-22,9233,172,191,507
84584,2026-07-22,9233,172,192,507
84585,2026-07-22,9233,172,193,507
84586,2026-07-22,9233,172,194,507
84587,2026-07-22,9283,172,191,506
84588,2026-07-22,9283,172,192,506
84589,2026-07-22,9283,172,193,506
84590,2026-07-22,9283,172,194,506
84591,2026-07-22,9219,172,191,507
84592,2026-07-22,9219,172,192,507
84593,2026-07-22,9219,172,193,507
84594,2026-07-22,9219,172,194,507
84595,2026-07-22,9300,172,191,506
84596,2026-07-22,9300,172,192,506
84597,2026-07-22,9300,172,193,506
84598,2026-07-22,9300,172,194,506
84599,2026-07-22,9191,172,191,507
84600,2026-07-22,9191,172,192,507
84601,2026-07-22,9191,172,193,507
84602,2026-07-22,9191,172,194,507
84603,2026-07-22,9002,172,191,506
84604,2026-07-22,9002,172,192,506
84605,2026-07-22,9002,172,193,506
84606,2026-07-22,9002,172,194,506
84607,2026-07-22,9040,172,191,507
84608,2026-07-22,9040,172,192,507
84609,2026-07-22,9040,172,193,507
84610,2026-07-22,9040,172,194,507
84611,2026-07-22,9132,172,191,506
84612,2026-07-22,9132,172,192,506
84613,2026-07-22,9132,172,193,506
84614,2026-07-22,9132,172,194,506
84615,2026-07-22,9115,172,191,507
84616,2026-07-22,9115,172,192,507
84617,2026-07-22,9115,172,193,507
84618,2026-07-22,9115,172,194,507
84619,2026-07-22,9187,172,191,506
84620,2026-07-22,9187,172,192,506
84621,2026-07-22,9187,172,193,506
84622,2026-07-22,9187,172,194,506
84623,2026-07-22,9238,172,191,507
84624,2026-07-22,9238,172,192,507
84625,2026-07-22,9238,172,193,507
84626,2026-07-22,9238,172,194,507
84627,2026-07-22,9072,172,191,506
84628,2026-07-22,9072,172,192,506
84629,2026-07-22,9072,172,193,506
84630,2026-07-22,9072,172,194,506
84631,2026-07-22,9102,172,191,507
84632,2026-07-22,9102,172,192,507
84633,2026-07-22,9102,172,193,507
84634,2026-07-22,9102,172,194,507
84635,2026-07-22,8994,172,191,506
84636,2026-07-22,8994,172,192,506
84637,2026-07-22,8994,172,193,506
84638,2026-07-22,8994,172,194,506
84639,2026-07-22,9164,172,191,507
84640,2026-07-22,9164,172,192,507
84641,2026-07-22,9164,172,193,507
84642,2026-07-22,9164,172,194,507
84643,2026-07-22,9218,172,191,506
84644,2026-07-22,9218,172,192,506
84645,2026-07-22,9218,172,193,506
84646,2026-07-22,9218,172,194,506
84647,2026-07-22,9257,172,191,507
84648,2026-07-22,9257,172,192,507
84649,2026-07-22,9257,172,193,507
84650,2026-07-22,9257,172,194,507
84651,2026-07-22,9041,172,191,506
84652,2026-07-22,9041,172,192,506
84653,2026-07-22,9041,172,193,506
84654,2026-07-22,9041,172,194,506
84655,2026-07-22,9006,172,191,507
84656,2026-07-22,9006,172,192,507
84657,2026-07-22,9006,172,193,507
84658,2026-07-22,9006,172,194,507
84659,2026-07-22,9031,172,191,506
84660,2026-07-22,9031,172,192,506
84661,2026-07-22,9031,172,193,506
84662,2026-07-22,9031,172,194,506
84663,2026-07-22,9122,172,191,507
84664,2026-07-22,9122,172,192,507
84665,2026-07-22,9122,172,193,507
84666,2026-07-22,9122,172,194,507
84667,2026-07-22,9085,172,191,506
84668,2026-07-22,9085,172,192,506
84669,2026-07-22,9085,172,193,506
84670,2026-07-22,9085,172,194,506
84671,2026-07-22,9314,172,191,507
84672,2026-07-22,9314,172,192,507
84673,2026-07-22,9314,172,193,507
84674,2026-07-22,9314,172,194,507
84675,2026-07-22,9001,172,191,506
84676,2026-07-22,9001,172,192,506
84677,2026-07-22,9001,172,193,506
84678,2026-07-22,9001,172,194,506
84679,2026-07-22,9303,172,191,507
84680,2026-07-22,9303,172,192,507
84681,2026-07-22,9303,172,193,507
84682,2026-07-22,9303,172,194,507
84683,2026-07-22,9144,173,191,508
84684,2026-07-22,9144,173,192,508
84685,2026-07-22,9144,173,193,508
84686,2026-07-22,9144,173,194,508
84687,2026-07-22,9103,173,191,509
84688,2026-07-22,9103,173,192,509
84689,2026-07-22,9103,173,193,509
84690,2026-07-22,9103,173,194,509
84691,2026-07-22,9254,173,191,508
84692,2026-07-22,9254,173,192,508
84693,2026-07-22,9254,173,193,508
84694,2026-07-22,9254,173,194,508
84695,2026-07-22,9060,173,191,509
84696,2026-07-22,9060,173,192,509
84697,2026-07-22,9060,173,193,509
84698,2026-07-22,9060,173,194,509
84699,2026-07-22,9118,173,191,508
84700,2026-07-22,9118,173,192,508
84701,2026-07-22,9118,173,193,508
84702,2026-07-22,9118,173,194,508
84703,2026-07-22,9229,173,191,509
84704,2026-07-22,9229,173,192,509
84705,2026-07-22,9229,173,193,509
84706,2026-07-22,9229,173,194,509
84707,2026-07-22,9294,173,191,508
84708,2026-07-22,9294,173,192,508
84709,2026-07-22,9294,173,193,508
84710,2026-07-22,9294,173,194,508
84711,2026-07-22,9337,173,191,509
84712,2026-07-22,9337,173,192,509
84713,2026-07-22,9337,173,193,509
84714,2026-07-22,9337,173,194,509
84715,2026-07-22,9172,173,191,508
84716,2026-07-22,9172,173,192,508
84717,2026-07-22,9172,173,193,508
84718,2026-07-22,9172,173,194,508
84719,2026-07-22,9111,173,191,509
84720,2026-07-22,9111,173,192,509
84721,2026-07-22,9111,173,193,509
84722,2026-07-22,9111,173,194,509
84723,2026-07-22,9299,173,191,508
84724,2026-07-22,9299,173,192,508
84725,2026-07-22,9299,173,193,508
84726,2026-07-22,9299,173,194,508
84727,2026-07-22,9088,173,191,509
84728,2026-07-22,9088,173,192,509
84729,2026-07-22,9088,173,193,509
84730,2026-07-22,9088,173,194,509
84731,2026-07-22,9032,173,191,508
84732,2026-07-22,9032,173,192,508
84733,2026-07-22,9032,173,193,508
84734,2026-07-22,9032,173,194,508
84735,2026-07-22,8956,173,191,509
84736,2026-07-22,8956,173,192,509
84737,2026-07-22,8956,173,193,509
84738,2026-07-22,8956,173,194,509
84739,2026-07-22,9320,173,191,508
84740,2026-07-22,9320,173,192,508
84741,2026-07-22,9320,173,193,508
84742,2026-07-22,9320,173,194,508
84743,2026-07-22,9026,173,191,509
84744,2026-07-22,9026,173,192,509
84745,2026-07-22,9026,173,193,509
84746,2026-07-22,9026,173,194,509
84747,2026-07-22,8971,173,191,508
84748,2026-07-22,8971,173,192,508
84749,2026-07-22,8971,173,193,508
84750,2026-07-22,8971,173,194,508
84751,2026-07-22,9078,173,191,509
84752,2026-07-22,9078,173,192,509
84753,2026-07-22,9078,173,193,509
84754,2026-07-22,9078,173,194,509
84755,2026-07-22,8983,173,191,508
84756,2026-07-22,8983,173,192,508
84757,2026-07-22,8983,173,193,508
84758,2026-07-22,8983,173,194,508
84759,2026-07-22,9232,173,191,509
84760,2026-07-22,9232,173,192,509
84761,2026-07-22,9232,173,193,509
84762,2026-07-22,9232,173,194,509
84763,2026-07-22,9313,173,191,508
84764,2026-07-22,9313,173,192,508
84765,2026-07-22,9313,173,193,508
84766,2026-07-22,9313,173,194,508
84767,2026-07-22,9253,173,191,509
84768,2026-07-22,9253,173,192,509
84769,2026-07-22,9253,173,193,509
84770,2026-07-22,9253,173,194,509
84771,2026-07-22,9176,173,191,508
84772,2026-07-22,9176,173,192,508
84773,2026-07-22,9176,173,193,508
84774,2026-07-22,9176,173,194,508
84775,2026-07-22,9221,173,191,509
84776,2026-07-22,9221,173,192,509
84777,2026-07-22,9221,173,193,509
84778,2026-07-22,9221,173,194,509
84779,2026-07-22,8972,173,191,508
84780,2026-07-22,8972,173,192,508
84781,2026-07-22,8972,173,193,508
84782,2026-07-22,8972,173,194,508
84783,2026-07-22,9336,173,191,509
84784,2026-07-22,9336,173,192,509
84785,2026-07-22,9336,173,193,509
84786,2026-07-22,9336,173,194,509
84787,2026-07-22,9215,173,191,508
84788,2026-07-22,9215,173,192,508
84789,2026-07-22,9215,173,193,508
84790,2026-07-22,9215,173,194,508
84791,2026-07-22,9167,173,191,509
84792,2026-07-22,9167,173,192,509
84793,2026-07-22,9167,173,193,509
84794,2026-07-22,9167,173,194,509
84795,2026-07-22,9298,173,191,508
84796,2026-07-22,9298,173,192,508
84797,2026-07-22,9298,173,193,508
84798,2026-07-22,9298,173,194,508
84799,2026-07-22,8996,173,191,509
84800,2026-07-22,8996,173,192,509
84801,2026-07-22,8996,173,193,509
84802,2026-07-22,8996,173,194,509
84803,2026-07-22,9098,173,191,508
84804,2026-07-22,9098,173,192,508
84805,2026-07-22,9098,173,193,508
84806,2026-07-22,9098,173,194,508
84807,2026-07-22,9286,173,191,509
84808,2026-07-22,9286,173,192,509
84809,2026-07-22,9286,173,193,509
84810,2026-07-22,9286,173,194,509
84811,2026-07-22,9112,174,191,510
84812,2026-07-22,9112,174,192,510
84813,2026-07-22,9112,174,193,510
84814,2026-07-22,9112,174,194,510
84815,2026-07-22,9260,174,191,511
84816,2026-07-22,9260,174,192,511
84817,2026-07-22,9260,174,193,511
84818,2026-07-22,9260,174,194,511
84819,2026-07-22,9145,174,191,510
84820,2026-07-22,9145,174,192,510
84821,2026-07-22,9145,174,193,510
84822,2026-07-22,9145,174,194,510
84823,2026-07-22,9123,174,191,511
84824,2026-07-22,9123,174,192,511
84825,2026-07-22,9123,174,193,511
84826,2026-07-22,9123,174,194,511
84827,2026-07-22,8979,174,191,510
84828,2026-07-22,8979,174,192,510
84829,2026-07-22,8979,174,193,510
84830,2026-07-22,8979,174,194,510
84831,2026-07-22,9045,174,191,511
84832,2026-07-22,9045,174,192,511
84833,2026-07-22,9045,174,193,511
84834,2026-07-22,9045,174,194,511
84835,2026-07-22,9240,174,191,510
84836,2026-07-22,9240,174,192,510
84837,2026-07-22,9240,174,193,510
84838,2026-07-22,9240,174,194,510
84839,2026-07-22,9019,174,191,511
84840,2026-07-22,9019,174,192,511
84841,2026-07-22,9019,174,193,511
84842,2026-07-22,9019,174,194,511
84843,2026-07-22,8984,174,191,510
84844,2026-07-22,8984,174,192,510
84845,2026-07-22,8984,174,193,510
84846,2026-07-22,8984,174,194,510
84847,2026-07-22,9274,174,191,511
84848,2026-07-22,9274,174,192,511
84849,2026-07-22,9274,174,193,511
84850,2026-07-22,9274,174,194,511
84851,2026-07-22,8965,174,191,510
84852,2026-07-22,8965,174,192,510
84853,2026-07-22,8965,174,193,510
84854,2026-07-22,8965,174,194,510
84855,2026-07-22,9100,174,191,511
84856,2026-07-22,9100,174,192,511
84857,2026-07-22,9100,174,193,511
84858,2026-07-22,9100,174,194,511
84859,2026-07-22,9237,174,191,510
84860,2026-07-22,9237,174,192,510
84861,2026-07-22,9237,174,193,510
84862,2026-07-22,9237,174,194,510
84863,2026-07-22,9259,174,191,511
84864,2026-07-22,9259,174,192,511
84865,2026-07-22,9259,174,193,511
84866,2026-07-22,9259,174,194,511
84867,2026-07-22,9058,174,191,510
84868,2026-07-22,9058,174,192,510
84869,2026-07-22,9058,174,193,510
84870,2026-07-22,9058,174,194,510
84871,2026-07-22,9069,174,191,511
84872,2026-07-22,9069,174,192,511
84873,2026-07-22,9069,174,193,511
84874,2026-07-22,9069,174,194,511
84875,2026-07-22,9245,174,191,510
84876,2026-07-22,9245,174,192,510
84877,2026-07-22,9245,174,193,510
84878,2026-07-22,9245,174,194,510
84879,2026-07-22,9323,174,191,511
84880,2026-07-22,9323,174,192,511
84881,2026-07-22,9323,174,193,511
84882,2026-07-22,9323,174,194,511
84883,2026-07-22,9089,174,191,510
84884,2026-07-22,9089,174,192,510
84885,2026-07-22,9089,174,193,510
84886,2026-07-22,9089,174,194,510
84887,2026-07-22,9225,174,191,511
84888,2026-07-22,9225,174,192,511
84889,2026-07-22,9225,174,193,511
84890,2026-07-22,9225,174,194,511
84891,2026-07-22,9319,174,191,510
84892,2026-07-22,9319,174,192,510
84893,2026-07-22,9319,174,193,510
84894,2026-07-22,9319,174,194,510
84895,2026-07-22,8991,174,191,511
84896,2026-07-22,8991,174,192,511
84897,2026-07-22,8991,174,193,511
84898,2026-07-22,8991,174,194,511
84899,2026-07-22,9053,174,191,510
84900,2026-07-22,9053,174,192,510
84901,2026-07-22,9053,174,193,510
84902,2026-07-22,9053,174,194,510
84903,2026-07-22,9227,174,191,511
84904,2026-07-22,9227,174,192,511
84905,2026-07-22,9227,174,193,511
84906,2026-07-22,9227,174,194,511
84907,2026-07-22,9249,174,191,510
84908,2026-07-22,9249,174,192,510
84909,2026-07-22,9249,174,193,510
84910,2026-07-22,9249,174,194,510
84911,2026-07-22,8978,174,191,511
84912,2026-07-22,8978,174,192,511
84913,2026-07-22,8978,174,193,511
84914,2026-07-22,8978,174,194,511
84915,2026-07-22,8951,174,191,510
84916,2026-07-22,8951,174,192,510
84917,2026-07-22,8951,174,193,510
84918,2026-07-22,8951,174,194,510
84919,2026-07-22,9234,174,191,511
84920,2026-07-22,9234,174,192,511
84921,2026-07-22,9234,174,193,511
84922,2026-07-22,9234,174,194,511
84923,2026-07-22,9268,174,191,510
84924,2026-07-22,9268,174,192,510
84925,2026-07-22,9268,174,193,510
84926,2026-07-22,9268,174,194,510
84927,2026-07-22,9071,174,191,511
84928,2026-07-22,9071,174,192,511
84929,2026-07-22,9071,174,193,511
84930,2026-07-22,9071,174,194,511
84931,2026-07-22,9130,174,191,510
84932,2026-07-22,9130,174,192,510
84933,2026-07-22,9130,174,193,510
84934,2026-07-22,9130,174,194,510
84935,2026-07-22,8982,174,191,511
84936,2026-07-22,8982,174,192,511
84937,2026-07-22,8982,174,193,511
84938,2026-07-22,8982,174,194,511
84939,2026-07-22,9119,175,191,512
84940,2026-07-22,9119,175,192,512
84941,2026-07-22,9119,175,193,512
84942,2026-07-22,9119,175,194,512
84943,2026-07-22,9272,175,191,513
84944,2026-07-22,9272,175,192,513
84945,2026-07-22,9272,175,193,513
84946,2026-07-22,9272,175,194,513
84947,2026-07-22,9074,175,191,512
84948,2026-07-22,9074,175,192,512
84949,2026-07-22,9074,175,193,512
84950,2026-07-22,9074,175,194,512
84951,2026-07-22,9194,175,191,513
84952,2026-07-22,9194,175,192,513
84953,2026-07-22,9194,175,193,513
84954,2026-07-22,9194,175,194,513
84955,2026-07-22,9064,175,191,512
84956,2026-07-22,9064,175,192,512
84957,2026-07-22,9064,175,193,512
84958,2026-07-22,9064,175,194,512
84959,2026-07-22,9124,175,191,513
84960,2026-07-22,9124,175,192,513
84961,2026-07-22,9124,175,193,513
84962,2026-07-22,9124,175,194,513
84963,2026-07-22,8950,175,191,512
84964,2026-07-22,8950,175,192,512
84965,2026-07-22,8950,175,193,512
84966,2026-07-22,8950,175,194,512
84967,2026-07-22,9067,175,191,513
84968,2026-07-22,9067,175,192,513
84969,2026-07-22,9067,175,193,513
84970,2026-07-22,9067,175,194,513
84971,2026-07-22,8955,175,191,512
84972,2026-07-22,8955,175,192,512
84973,2026-07-22,8955,175,193,512
84974,2026-07-22,8955,175,194,512
84975,2026-07-22,9207,175,191,513
84976,2026-07-22,9207,175,192,513
84977,2026-07-22,9207,175,193,513
84978,2026-07-22,9207,175,194,513
84979,2026-07-22,9137,175,191,512
84980,2026-07-22,9137,175,192,512
84981,2026-07-22,9137,175,193,512
84982,2026-07-22,9137,175,194,512
84983,2026-07-22,9127,175,191,513
84984,2026-07-22,9127,175,192,513
84985,2026-07-22,9127,175,193,513
84986,2026-07-22,9127,175,194,513
84987,2026-07-22,9282,175,191,512
84988,2026-07-22,9282,175,192,512
84989,2026-07-22,9282,175,193,512
84990,2026-07-22,9282,175,194,512
84991,2026-07-22,9181,175,191,513
84992,2026-07-22,9181,175,192,513
84993,2026-07-22,9181,175,193,513
84994,2026-07-22,9181,175,194,513
84995,2026-07-22,9332,175,191,512
84996,2026-07-22,9332,175,192,512
84997,2026-07-22,9332,175,193,512
84998,2026-07-22,9332,175,194,512
84999,2026-07-22,9325,175,191,513
85000,2026-07-22,9325,175,192,513
85001,2026-07-22,9325,175,193,513
85002,2026-07-22,9325,175,194,513
85003,2026-07-22,8953,175,191,512
85004,2026-07-22,8953,175,192,512
85005,2026-07-22,8953,175,193,512
85006,2026-07-22,8953,175,194,512
85007,2026-07-22,9186,175,191,513
85008,2026-07-22,9186,175,192,513
85009,2026-07-22,9186,175,193,513
85010,2026-07-22,9186,175,194,513
85011,2026-07-22,9108,175,191,512
85012,2026-07-22,9108,175,192,512
85013,2026-07-22,9108,175,193,512
85014,2026-07-22,9108,175,194,512
85015,2026-07-22,8960,175,191,513
85016,2026-07-22,8960,175,192,513
85017,2026-07-22,8960,175,193,513
85018,2026-07-22,8960,175,194,513
85019,2026-07-22,9117,175,191,512
85020,2026-07-22,9117,175,192,512
85021,2026-07-22,9117,175,193,512
85022,2026-07-22,9117,175,194,512
85023,2026-07-22,9173,175,191,513
85024,2026-07-22,9173,175,192,513
85025,2026-07-22,9173,175,193,513
85026,2026-07-22,9173,175,194,513
85027,2026-07-22,9022,175,191,512
85028,2026-07-22,9022,175,192,512
85029,2026-07-22,9022,175,193,512
85030,2026-07-22,9022,175,194,512
85031,2026-07-22,9291,175,191,513
85032,2026-07-22,9291,175,192,513
85033,2026-07-22,9291,175,193,513
85034,2026-07-22,9291,175,194,513
85035,2026-07-22,9125,175,191,512
85036,2026-07-22,9125,175,192,512
85037,2026-07-22,9125,175,193,512
85038,2026-07-22,9125,175,194,512
85039,2026-07-22,9178,175,191,513
85040,2026-07-22,9178,175,192,513
85041,2026-07-22,9178,175,193,513
85042,2026-07-22,9178,175,194,513
85043,2026-07-22,9208,175,191,512
85044,2026-07-22,9208,175,192,512
85045,2026-07-22,9208,175,193,512
85046,2026-07-22,9208,175,194,512
85047,2026-07-22,8963,175,191,513
85048,2026-07-22,8963,175,192,513
85049,2026-07-22,8963,175,193,513
85050,2026-07-22,8963,175,194,513
85051,2026-07-22,9033,175,191,512
85052,2026-07-22,9033,175,192,512
85053,2026-07-22,9033,175,193,512
85054,2026-07-22,9033,175,194,512
85055,2026-07-22,9024,175,191,513
85056,2026-07-22,9024,175,192,513
85057,2026-07-22,9024,175,193,513
85058,2026-07-22,9024,175,194,513
85059,2026-07-22,9270,175,191,512
85060,2026-07-22,9270,175,192,512
85061,2026-07-22,9270,175,193,512
85062,2026-07-22,9270,175,194,512
85063,2026-07-22,9340,175,191,513
85064,2026-07-22,9340,175,192,513
85065,2026-07-22,9340,175,193,513
85066,2026-07-22,9340,175,194,513
85067,2026-07-22,8989,176,191,514
85068,2026-07-22,8989,176,192,514
85069,2026-07-22,8989,176,193,514
85070,2026-07-22,8989,176,194,514
85071,2026-07-22,9059,176,191,515
85072,2026-07-22,9059,176,192,515
85073,2026-07-22,9059,176,193,515
85074,2026-07-22,9059,176,194,515
85075,2026-07-22,9261,176,191,514
85076,2026-07-22,9261,176,192,514
85077,2026-07-22,9261,176,193,514
85078,2026-07-22,9261,176,194,514
85079,2026-07-22,9306,176,191,515
85080,2026-07-22,9306,176,192,515
85081,2026-07-22,9306,176,193,515
85082,2026-07-22,9306,176,194,515
85083,2026-07-22,8995,176,191,514
85084,2026-07-22,8995,176,192,514
85085,2026-07-22,8995,176,193,514
85086,2026-07-22,8995,176,194,514
85087,2026-07-22,9047,176,191,515
85088,2026-07-22,9047,176,192,515
85089,2026-07-22,9047,176,193,515
85090,2026-07-22,9047,176,194,515
85091,2026-07-22,9183,176,191,514
85092,2026-07-22,9183,176,192,514
85093,2026-07-22,9183,176,193,514
85094,2026-07-22,9183,176,194,514
85095,2026-07-22,9273,176,191,515
85096,2026-07-22,9273,176,192,515
85097,2026-07-22,9273,176,193,515
85098,2026-07-22,9273,176,194,515
85099,2026-07-22,9179,176,191,514
85100,2026-07-22,9179,176,192,514
85101,2026-07-22,9179,176,193,514
85102,2026-07-22,9179,176,194,514
85103,2026-07-22,9136,176,191,515
85104,2026-07-22,9136,176,192,515
85105,2026-07-22,9136,176,193,515
85106,2026-07-22,9136,176,194,515
85107,2026-07-22,9289,176,191,514
85108,2026-07-22,9289,176,192,514
85109,2026-07-22,9289,176,193,514
85110,2026-07-22,9289,176,194,514
85111,2026-07-22,9143,176,191,515
85112,2026-07-22,9143,176,192,515
85113,2026-07-22,9143,176,193,515
85114,2026-07-22,9143,176,194,515
85115,2026-07-22,9138,176,191,514
85116,2026-07-22,9138,176,192,514
85117,2026-07-22,9138,176,193,514
85118,2026-07-22,9138,176,194,514
85119,2026-07-22,9177,176,191,515
85120,2026-07-22,9177,176,192,515
85121,2026-07-22,9177,176,193,515
85122,2026-07-22,9177,176,194,515
85123,2026-07-22,9302,176,191,514
85124,2026-07-22,9302,176,192,514
85125,2026-07-22,9302,176,193,514
85126,2026-07-22,9302,176,194,514
85127,2026-07-22,8999,176,191,515
85128,2026-07-22,8999,176,192,515
85129,2026-07-22,8999,176,193,515
85130,2026-07-22,8999,176,194,515
85131,2026-07-22,9290,176,191,514
85132,2026-07-22,9290,176,192,514
85133,2026-07-22,9290,176,193,514
85134,2026-07-22,9290,176,194,514
85135,2026-07-22,9146,176,191,515
85136,2026-07-22,9146,176,192,515
85137,2026-07-22,9146,176,193,515
85138,2026-07-22,9146,176,194,515
85139,2026-07-22,9055,176,191,514
85140,2026-07-22,9055,176,192,514
85141,2026-07-22,9055,176,193,514
85142,2026-07-22,9055,176,194,514
85143,2026-07-22,8998,176,191,515
85144,2026-07-22,8998,176,192,515
85145,2026-07-22,8998,176,193,515
85146,2026-07-22,8998,176,194,515
85147,2026-07-22,9070,176,191,514
85148,2026-07-22,9070,176,192,514
85149,2026-07-22,9070,176,193,514
85150,2026-07-22,9070,176,194,514
85151,2026-07-22,9076,176,191,515
85152,2026-07-22,9076,176,192,515
85153,2026-07-22,9076,176,193,515
85154,2026-07-22,9076,176,194,515
85155,2026-07-22,9096,176,191,514
85156,2026-07-22,9096,176,192,514
85157,2026-07-22,9096,176,193,514
85158,2026-07-22,9096,176,194,514
85159,2026-07-22,9150,176,191,515
85160,2026-07-22,9150,176,192,515
85161,2026-07-22,9150,176,193,515
85162,2026-07-22,9150,176,194,515
85163,2026-07-22,9304,176,191,514
85164,2026-07-22,9304,176,192,514
85165,2026-07-22,9304,176,193,514
85166,2026-07-22,9304,176,194,514
85167,2026-07-22,9189,176,191,515
85168,2026-07-22,9189,176,192,515
85169,2026-07-22,9189,176,193,515
85170,2026-07-22,9189,176,194,515
85171,2026-07-22,9188,176,191,514
85172,2026-07-22,9188,176,192,514
85173,2026-07-22,9188,176,193,514
85174,2026-07-22,9188,176,194,514
85175,2026-07-22,9120,176,191,515
85176,2026-07-22,9120,176,192,515
85177,2026-07-22,9120,176,193,515
85178,2026-07-22,9120,176,194,515
85179,2026-07-22,9008,176,191,514
85180,2026-07-22,9008,176,192,514
85181,2026-07-22,9008,176,193,514
85182,2026-07-22,9008,176,194,514
85183,2026-07-22,9107,176,191,515
85184,2026-07-22,9107,176,192,515
85185,2026-07-22,9107,176,193,515
85186,2026-07-22,9107,176,194,515
85187,2026-07-22,9192,176,191,514
85188,2026-07-22,9192,176,192,514
85189,2026-07-22,9192,176,193,514
85190,2026-07-22,9192,176,194,514
85191,2026-07-22,9017,176,191,515
85192,2026-07-22,9017,176,192,515
85193,2026-07-22,9017,176,193,515
85194,2026-07-22,9017,176,194,515
85195,2026-07-22,9206,177,191,516
85196,2026-07-22,9206,177,192,516
85197,2026-07-22,9206,177,193,516
85198,2026-07-22,9206,177,194,516
85199,2026-07-22,9252,177,191,517
85200,2026-07-22,9252,177,192,517
85201,2026-07-22,9252,177,193,517
85202,2026-07-22,9252,177,194,517
85203,2026-07-22,9279,177,191,516
85204,2026-07-22,9279,177,192,516
85205,2026-07-22,9279,177,193,516
85206,2026-07-22,9279,177,194,516
85207,2026-07-22,9203,177,191,517
85208,2026-07-22,9203,177,192,517
85209,2026-07-22,9203,177,193,517
85210,2026-07-22,9203,177,194,517
85211,2026-07-22,9092,177,191,516
85212,2026-07-22,9092,177,192,516
85213,2026-07-22,9092,177,193,516
85214,2026-07-22,9092,177,194,516
85215,2026-07-22,9278,177,191,517
85216,2026-07-22,9278,177,192,517
85217,2026-07-22,9278,177,193,517
85218,2026-07-22,9278,177,194,517
85219,2026-07-22,9158,177,191,516
85220,2026-07-22,9158,177,192,516
85221,2026-07-22,9158,177,193,516
85222,2026-07-22,9158,177,194,516
85223,2026-07-22,9185,177,191,517
85224,2026-07-22,9185,177,192,517
85225,2026-07-22,9185,177,193,517
85226,2026-07-22,9185,177,194,517
85227,2026-07-22,8980,177,191,516
85228,2026-07-22,8980,177,192,516
85229,2026-07-22,8980,177,193,516
85230,2026-07-22,8980,177,194,516
85231,2026-07-22,9020,177,191,517
85232,2026-07-22,9020,177,192,517
85233,2026-07-22,9020,177,193,517
85234,2026-07-22,9020,177,194,517
85235,2026-07-22,9247,177,191,516
85236,2026-07-22,9247,177,192,516
85237,2026-07-22,9247,177,193,516
85238,2026-07-22,9247,177,194,516
85239,2026-07-22,9061,177,191,517
85240,2026-07-22,9061,177,192,517
85241,2026-07-22,9061,177,193,517
85242,2026-07-22,9061,177,194,517
85243,2026-07-22,9007,177,191,516
85244,2026-07-22,9007,177,192,516
85245,2026-07-22,9007,177,193,516
85246,2026-07-22,9007,177,194,516
85247,2026-07-22,9331,177,191,517
85248,2026-07-22,9331,177,192,517
85249,2026-07-22,9331,177,193,517
85250,2026-07-22,9331,177,194,517
85251,2026-07-22,9293,177,191,516
85252,2026-07-22,9293,177,192,516
85253,2026-07-22,9293,177,193,516
85254,2026-07-22,9293,177,194,516
85255,2026-07-22,9322,177,191,517
85256,2026-07-22,9322,177,192,517
85257,2026-07-22,9322,177,193,517
85258,2026-07-22,9322,177,194,517
85259,2026-07-22,9175,177,191,516
85260,2026-07-22,9175,177,192,516
85261,2026-07-22,9175,177,193,516
85262,2026-07-22,9175,177,194,516
85263,2026-07-22,9025,177,191,517
85264,2026-07-22,9025,177,192,517
85265,2026-07-22,9025,177,193,517
85266,2026-07-22,9025,177,194,517
85267,2026-07-22,9016,177,191,516
85268,2026-07-22,9016,177,192,516
85269,2026-07-22,9016,177,193,516
85270,2026-07-22,9016,177,194,516
85271,2026-07-22,9035,177,191,517
85272,2026-07-22,9035,177,192,517
85273,2026-07-22,9035,177,193,517
85274,2026-07-22,9035,177,194,517
85275,2026-07-22,9275,177,191,516
85276,2026-07-22,9275,177,192,516
85277,2026-07-22,9275,177,193,516
85278,2026-07-22,9275,177,194,516
85279,2026-07-22,9113,177,191,517
85280,2026-07-22,9113,177,192,517
85281,2026-07-22,9113,177,193,517
85282,2026-07-22,9113,177,194,517
85283,2026-07-22,9271,177,191,516
85284,2026-07-22,9271,177,192,516
85285,2026-07-22,9271,177,193,516
85286,2026-07-22,9271,177,194,516
85287,2026-07-22,9012,177,191,517
85288,2026-07-22,9012,177,192,517
85289,2026-07-22,9012,177,193,517
85290,2026-07-22,9012,177,194,517
85291,2026-07-22,9028,177,191,516
85292,2026-07-22,9028,177,192,516
85293,2026-07-22,9028,177,193,516
85294,2026-07-22,9028,177,194,516
85295,2026-07-22,9317,177,191,517
85296,2026-07-22,9317,177,192,517
85297,2026-07-22,9317,177,193,517
85298,2026-07-22,9317,177,194,517
85299,2026-07-22,9197,177,191,516
85300,2026-07-22,9197,177,192,516
85301,2026-07-22,9197,177,193,516
85302,2026-07-22,9197,177,194,516
85303,2026-07-22,9328,177,191,517
85304,2026-07-22,9328,177,192,517
85305,2026-07-22,9328,177,193,517
85306,2026-07-22,9328,177,194,517
85307,2026-07-22,9330,177,191,516
85308,2026-07-22,9330,177,192,516
85309,2026-07-22,9330,177,193,516
85310,2026-07-22,9330,177,194,516
85311,2026-07-22,9202,177,191,517
85312,2026-07-22,9202,177,192,517
85313,2026-07-22,9202,177,193,517
85314,2026-07-22,9202,177,194,517
85315,2026-07-22,8990,177,191,516
85316,2026-07-22,8990,177,192,516
85317,2026-07-22,8990,177,193,516
85318,2026-07-22,8990,177,194,516
85319,2026-07-22,9000,177,191,517
85320,2026-07-22,9000,177,192,517
85321,2026-07-22,9000,177,193,517
85322,2026-07-22,9000,177,194,517
85323,2026-07-22,9133,178,191,518
85324,2026-07-22,9133,178,192,518
85325,2026-07-22,9133,178,193,518
85326,2026-07-22,9133,178,194,518
85327,2026-07-22,9311,178,191,519
85328,2026-07-22,9311,178,192,519
85329,2026-07-22,9311,178,193,519
85330,2026-07-22,9311,178,194,519
85331,2026-07-22,8968,178,191,518
85332,2026-07-22,8968,178,192,518
85333,2026-07-22,8968,178,193,518
85334,2026-07-22,8968,178,194,518
85335,2026-07-22,8949,178,191,519
85336,2026-07-22,8949,178,192,519
85337,2026-07-22,8949,178,193,519
85338,2026-07-22,8949,178,194,519
85339,2026-07-22,9258,178,191,518
85340,2026-07-22,9258,178,192,518
85341,2026-07-22,9258,178,193,518
85342,2026-07-22,9258,178,194,518
85343,2026-07-22,9110,178,191,519
85344,2026-07-22,9110,178,192,519
85345,2026-07-22,9110,178,193,519
85346,2026-07-22,9110,178,194,519
85347,2026-07-22,9226,178,191,518
85348,2026-07-22,9226,178,192,518
85349,2026-07-22,9226,178,193,518
85350,2026-07-22,9226,178,194,518
85351,2026-07-22,9264,178,191,519
85352,2026-07-22,9264,178,192,519
85353,2026-07-22,9264,178,193,519
85354,2026-07-22,9264,178,194,519
85355,2026-07-22,9269,178,191,518
85356,2026-07-22,9269,178,192,518
85357,2026-07-22,9269,178,193,518
85358,2026-07-22,9269,178,194,518
85359,2026-07-22,9079,178,191,519
85360,2026-07-22,9079,178,192,519
85361,2026-07-22,9079,178,193,519
85362,2026-07-22,9079,178,194,519
85363,2026-07-22,8985,178,191,518
85364,2026-07-22,8985,178,192,518
85365,2026-07-22,8985,178,193,518
85366,2026-07-22,8985,178,194,518
85367,2026-07-22,9246,178,191,519
85368,2026-07-22,9246,178,192,519
85369,2026-07-22,9246,178,193,519
85370,2026-07-22,9246,178,194,519
85371,2026-07-22,9050,178,191,518
85372,2026-07-22,9050,178,192,518
85373,2026-07-22,9050,178,193,518
85374,2026-07-22,9050,178,194,518
85375,2026-07-22,9141,178,191,519
85376,2026-07-22,9141,178,192,519
85377,2026-07-22,9141,178,193,519
85378,2026-07-22,9141,178,194,519
85379,2026-07-22,9142,178,191,518
85380,2026-07-22,9142,178,192,518
85381,2026-07-22,9142,178,193,518
85382,2026-07-22,9142,178,194,518
85383,2026-07-22,9049,178,191,519
85384,2026-07-22,9049,178,192,519
85385,2026-07-22,9049,178,193,519
85386,2026-07-22,9049,178,194,519
85387,2026-07-22,9266,178,191,518
85388,2026-07-22,9266,178,192,518
85389,2026-07-22,9266,178,193,518
85390,2026-07-22,9266,178,194,518
85391,2026-07-22,9095,178,191,519
85392,2026-07-22,9095,178,192,519
85393,2026-07-22,9095,178,193,519
85394,2026-07-22,9095,178,194,519
85395,2026-07-22,9255,178,191,518
85396,2026-07-22,9255,178,192,518
85397,2026-07-22,9255,178,193,518
85398,2026-07-22,9255,178,194,518
85399,2026-07-22,9077,178,191,519
85400,2026-07-22,9077,178,192,519
85401,2026-07-22,9077,178,193,519
85402,2026-07-22,9077,178,194,519
85403,2026-07-22,9004,178,191,518
85404,2026-07-22,9004,178,192,518
85405,2026-07-22,9004,178,193,518
85406,2026-07-22,9004,178,194,518
85407,2026-07-22,9042,178,191,519
85408,2026-07-22,9042,178,192,519
85409,2026-07-22,9042,178,193,519
85410,2026-07-22,9042,178,194,519
85411,2026-07-22,9114,178,191,518
85412,2026-07-22,9114,178,192,518
85413,2026-07-22,9114,178,193,518
85414,2026-07-22,9114,178,194,518
85415,2026-07-22,9091,178,191,519
85416,2026-07-22,9091,178,192,519
85417,2026-07-22,9091,178,193,519
85418,2026-07-22,9091,178,194,519
85419,2026-07-22,9196,178,191,518
85420,2026-07-22,9196,178,192,518
85421,2026-07-22,9196,178,193,518
85422,2026-07-22,9196,178,194,518
85423,2026-07-22,8954,178,191,519
85424,2026-07-22,8954,178,192,519
85425,2026-07-22,8954,178,193,519
85426,2026-07-22,8954,178,194,519
85427,2026-07-22,8946,178,191,518
85428,2026-07-22,8946,178,192,518
85429,2026-07-22,8946,178,193,518
85430,2026-07-22,8946,178,194,518
85431,2026-07-22,9075,178,191,519
85432,2026-07-22,9075,178,192,519
85433,2026-07-22,9075,178,193,519
85434,2026-07-22,9075,178,194,519
85435,2026-07-22,8942,178,191,518
85436,2026-07-22,8942,178,192,518
85437,2026-07-22,8942,178,193,518
85438,2026-07-22,8942,178,194,518
85439,2026-07-22,9307,178,191,519
85440,2026-07-22,9307,178,192,519
85441,2026-07-22,9307,178,193,519
85442,2026-07-22,9307,178,194,519
85443,2026-07-22,9126,178,191,518
85444,2026-07-22,9126,178,192,518
85445,2026-07-22,9126,178,193,518
85446,2026-07-22,9126,178,194,518
85447,2026-07-22,9242,178,191,519
85448,2026-07-22,9242,178,192,519
85449,2026-07-22,9242,178,193,519
85450,2026-07-22,9242,178,194,519
85451,2026-07-22,9326,179,191,520
85452,2026-07-22,9326,179,192,520
85453,2026-07-22,9326,179,193,520
85454,2026-07-22,9326,179,194,520
85455,2026-07-22,9051,179,191,521
85456,2026-07-22,9051,179,192,521
85457,2026-07-22,9051,179,193,521
85458,2026-07-22,9051,179,194,521
85459,2026-07-22,9068,179,191,520
85460,2026-07-22,9068,179,192,520
85461,2026-07-22,9068,179,193,520
85462,2026-07-22,9068,179,194,520
85463,2026-07-22,9034,179,191,521
85464,2026-07-22,9034,179,192,521
85465,2026-07-22,9034,179,193,521
85466,2026-07-22,9034,179,194,521
85467,2026-07-22,9228,179,191,520
85468,2026-07-22,9228,179,192,520
85469,2026-07-22,9228,179,193,520
85470,2026-07-22,9228,179,194,520
85471,2026-07-22,9200,179,191,521
85472,2026-07-22,9200,179,192,521
85473,2026-07-22,9200,179,193,521
85474,2026-07-22,9200,179,194,521
85475,2026-07-22,9285,179,191,520
85476,2026-07-22,9285,179,192,520
85477,2026-07-22,9285,179,193,520
85478,2026-07-22,9285,179,194,520
85479,2026-07-22,8986,179,191,521
85480,2026-07-22,8986,179,192,521
85481,2026-07-22,8986,179,193,521
85482,2026-07-22,8986,179,194,521
85483,2026-07-22,9054,179,191,520
85484,2026-07-22,9054,179,192,520
85485,2026-07-22,9054,179,193,520
85486,2026-07-22,9054,179,194,520
85487,2026-07-22,9281,179,191,521
85488,2026-07-22,9281,179,192,521
85489,2026-07-22,9281,179,193,521
85490,2026-07-22,9281,179,194,521
85491,2026-07-22,8961,179,191,520
85492,2026-07-22,8961,179,192,520
85493,2026-07-22,8961,179,193,520
85494,2026-07-22,8961,179,194,520
85495,2026-07-22,9099,179,191,521
85496,2026-07-22,9099,179,192,521
85497,2026-07-22,9099,179,193,521
85498,2026-07-22,9099,179,194,521
85499,2026-07-22,9013,179,191,520
85500,2026-07-22,9013,179,192,520
85501,2026-07-22,9013,179,193,520
85502,2026-07-22,9013,179,194,520
85503,2026-07-22,9105,179,191,521
85504,2026-07-22,9105,179,192,521
85505,2026-07-22,9105,179,193,521
85506,2026-07-22,9105,179,194,521
85507,2026-07-22,9038,179,191,520
85508,2026-07-22,9038,179,192,520
85509,2026-07-22,9038,179,193,520
85510,2026-07-22,9038,179,194,520
85511,2026-07-22,8966,179,191,521
85512,2026-07-22,8966,179,192,521
85513,2026-07-22,8966,179,193,521
85514,2026-07-22,8966,179,194,521
85515,2026-07-22,9121,179,191,520
85516,2026-07-22,9121,179,192,520
85517,2026-07-22,9121,179,193,520
85518,2026-07-22,9121,179,194,520
85519,2026-07-22,9139,179,191,521
85520,2026-07-22,9139,179,192,521
85521,2026-07-22,9139,179,193,521
85522,2026-07-22,9139,179,194,521
85523,2026-07-22,9335,179,191,520
85524,2026-07-22,9335,179,192,520
85525,2026-07-22,9335,179,193,520
85526,2026-07-22,9335,179,194,520
85527,2026-07-22,9243,179,191,521
85528,2026-07-22,9243,179,192,521
85529,2026-07-22,9243,179,193,521
85530,2026-07-22,9243,179,194,521
85531,2026-07-22,9213,179,191,520
85532,2026-07-22,9213,179,192,520
85533,2026-07-22,9213,179,193,520
85534,2026-07-22,9213,179,194,520
85535,2026-07-22,9267,179,191,521
85536,2026-07-22,9267,179,192,521
85537,2026-07-22,9267,179,193,521
85538,2026-07-22,9267,179,194,521
85539,2026-07-22,8987,179,191,520
85540,2026-07-22,8987,179,192,520
85541,2026-07-22,8987,179,193,520
85542,2026-07-22,8987,179,194,520
85543,2026-07-22,9236,179,191,521
85544,2026-07-22,9236,179,192,521
85545,2026-07-22,9236,179,193,521
85546,2026-07-22,9236,179,194,521
85547,2026-07-22,9037,179,191,520
85548,2026-07-22,9037,179,192,520
85549,2026-07-22,9037,179,193,520
85550,2026-07-22,9037,179,194,520
85551,2026-07-22,9239,179,191,521
85552,2026-07-22,9239,179,192,521
85553,2026-07-22,9239,179,193,521
85554,2026-07-22,9239,179,194,521
85555,2026-07-22,9036,179,191,520
85556,2026-07-22,9036,179,192,520
85557,2026-07-22,9036,179,193,520
85558,2026-07-22,9036,179,194,520
85559,2026-07-22,9087,179,191,521
85560,2026-07-22,9087,179,192,521
85561,2026-07-22,9087,179,193,521
85562,2026-07-22,9087,179,194,521
85563,2026-07-22,8948,179,191,520
85564,2026-07-22,8948,179,192,520
85565,2026-07-22,8948,179,193,520
85566,2026-07-22,8948,179,194,520
85567,2026-07-22,9201,179,191,521
85568,2026-07-22,9201,179,192,521
85569,2026-07-22,9201,179,193,521
85570,2026-07-22,9201,179,194,521
85571,2026-07-22,9083,179,191,520
85572,2026-07-22,9083,179,192,520
85573,2026-07-22,9083,179,193,520
85574,2026-07-22,9083,179,194,520
85575,2026-07-22,9057,179,191,521
85576,2026-07-22,9057,179,192,521
85577,2026-07-22,9057,179,193,521
85578,2026-07-22,9057,179,194,521
85579,2026-07-22,8967,169,195,500
85580,2026-07-22,8967,169,196,500
85581,2026-07-22,8967,169,197,500
85582,2026-07-22,8967,169,198,500
85583,2026-07-22,9305,169,195,501
85584,2026-07-22,9305,169,196,501
85585,2026-07-22,9305,169,197,501
85586,2026-07-22,9305,169,198,501
85587,2026-07-22,9277,169,195,500
85588,2026-07-22,9277,169,196,500
85589,2026-07-22,9277,169,197,500
85590,2026-07-22,9277,169,198,500
85591,2026-07-22,8995,169,195,501
85592,2026-07-22,8995,169,196,501
85593,2026-07-22,8995,169,197,501
85594,2026-07-22,8995,169,198,501
85595,2026-07-22,9056,169,195,500
85596,2026-07-22,9056,169,196,500
85597,2026-07-22,9056,169,197,500
85598,2026-07-22,9056,169,198,500
85599,2026-07-22,8994,169,195,501
85600,2026-07-22,8994,169,196,501
85601,2026-07-22,8994,169,197,501
85602,2026-07-22,8994,169,198,501
85603,2026-07-22,9255,169,195,500
85604,2026-07-22,9255,169,196,500
85605,2026-07-22,9255,169,197,500
85606,2026-07-22,9255,169,198,500
85607,2026-07-22,8982,169,195,501
85608,2026-07-22,8982,169,196,501
85609,2026-07-22,8982,169,197,501
85610,2026-07-22,8982,169,198,501
85611,2026-07-22,9294,169,195,500
85612,2026-07-22,9294,169,196,500
85613,2026-07-22,9294,169,197,500
85614,2026-07-22,9294,169,198,500
85615,2026-07-22,8998,169,195,501
85616,2026-07-22,8998,169,196,501
85617,2026-07-22,8998,169,197,501
85618,2026-07-22,8998,169,198,501
85619,2026-07-22,9080,169,195,500
85620,2026-07-22,9080,169,196,500
85621,2026-07-22,9080,169,197,500
85622,2026-07-22,9080,169,198,500
85623,2026-07-22,9028,169,195,501
85624,2026-07-22,9028,169,196,501
85625,2026-07-22,9028,169,197,501
85626,2026-07-22,9028,169,198,501
85627,2026-07-22,9177,169,195,500
85628,2026-07-22,9177,169,196,500
85629,2026-07-22,9177,169,197,500
85630,2026-07-22,9177,169,198,500
85631,2026-07-22,9332,169,195,501
85632,2026-07-22,9332,169,196,501
85633,2026-07-22,9332,169,197,501
85634,2026-07-22,9332,169,198,501
85635,2026-07-22,9187,169,195,500
85636,2026-07-22,9187,169,196,500
85637,2026-07-22,9187,169,197,500
85638,2026-07-22,9187,169,198,500
85639,2026-07-22,9034,169,195,501
85640,2026-07-22,9034,169,196,501
85641,2026-07-22,9034,169,197,501
85642,2026-07-22,9034,169,198,501
85643,2026-07-22,9031,169,195,500
85644,2026-07-22,9031,169,196,500
85645,2026-07-22,9031,169,197,500
85646,2026-07-22,9031,169,198,500
85647,2026-07-22,9282,169,195,501
85648,2026-07-22,9282,169,196,501
85649,2026-07-22,9282,169,197,501
85650,2026-07-22,9282,169,198,501
85651,2026-07-22,8979,169,195,500
85652,2026-07-22,8979,169,196,500
85653,2026-07-22,8979,169,197,500
85654,2026-07-22,8979,169,198,500
85655,2026-07-22,8977,169,195,501
85656,2026-07-22,8977,169,196,501
85657,2026-07-22,8977,169,197,501
85658,2026-07-22,8977,169,198,501
85659,2026-07-22,9252,169,195,500
85660,2026-07-22,9252,169,196,500
85661,2026-07-22,9252,169,197,500
85662,2026-07-22,9252,169,198,500
85663,2026-07-22,9125,169,195,501
85664,2026-07-22,9125,169,196,501
85665,2026-07-22,9125,169,197,501
85666,2026-07-22,9125,169,198,501
85667,2026-07-22,9246,169,195,500
85668,2026-07-22,9246,169,196,500
85669,2026-07-22,9246,169,197,500
85670,2026-07-22,9246,169,198,500
85671,2026-07-22,9075,169,195,501
85672,2026-07-22,9075,169,196,501
85673,2026-07-22,9075,169,197,501
85674,2026-07-22,9075,169,198,501
85675,2026-07-22,9223,169,195,500
85676,2026-07-22,9223,169,196,500
85677,2026-07-22,9223,169,197,500
85678,2026-07-22,9223,169,198,500
85679,2026-07-22,9122,169,195,501
85680,2026-07-22,9122,169,196,501
85681,2026-07-22,9122,169,197,501
85682,2026-07-22,9122,169,198,501
85683,2026-07-22,9064,169,195,500
85684,2026-07-22,9064,169,196,500
85685,2026-07-22,9064,169,197,500
85686,2026-07-22,9064,169,198,500
85687,2026-07-22,9314,169,195,501
85688,2026-07-22,9314,169,196,501
85689,2026-07-22,9314,169,197,501
85690,2026-07-22,9314,169,198,501
85691,2026-07-22,9275,169,195,500
85692,2026-07-22,9275,169,196,500
85693,2026-07-22,9275,169,197,500
85694,2026-07-22,9275,169,198,500
85695,2026-07-22,9004,169,195,501
85696,2026-07-22,9004,169,196,501
85697,2026-07-22,9004,169,197,501
85698,2026-07-22,9004,169,198,501
85699,2026-07-22,9293,169,195,500
85700,2026-07-22,9293,169,196,500
85701,2026-07-22,9293,169,197,500
85702,2026-07-22,9293,169,198,500
85703,2026-07-22,9206,169,195,501
85704,2026-07-22,9206,169,196,501
85705,2026-07-22,9206,169,197,501
85706,2026-07-22,9206,169,198,501
85707,2026-07-22,9079,169,195,500
85708,2026-07-22,9079,169,196,500
85709,2026-07-22,9079,169,197,500
85710,2026-07-22,9079,169,198,500
85711,2026-07-22,9333,169,195,501
85712,2026-07-22,9333,169,196,501
85713,2026-07-22,9333,169,197,501
85714,2026-07-22,9333,169,198,501
85715,2026-07-22,9309,170,195,502
85716,2026-07-22,9309,170,196,502
85717,2026-07-22,9309,170,197,502
85718,2026-07-22,9309,170,198,502
85719,2026-07-22,9156,170,195,503
85720,2026-07-22,9156,170,196,503
85721,2026-07-22,9156,170,197,503
85722,2026-07-22,9156,170,198,503
85723,2026-07-22,9201,170,195,502
85724,2026-07-22,9201,170,196,502
85725,2026-07-22,9201,170,197,502
85726,2026-07-22,9201,170,198,502
85727,2026-07-22,9173,170,195,503
85728,2026-07-22,9173,170,196,503
85729,2026-07-22,9173,170,197,503
85730,2026-07-22,9173,170,198,503
85731,2026-07-22,9086,170,195,502
85732,2026-07-22,9086,170,196,502
85733,2026-07-22,9086,170,197,502
85734,2026-07-22,9086,170,198,502
85735,2026-07-22,9038,170,195,503
85736,2026-07-22,9038,170,196,503
85737,2026-07-22,9038,170,197,503
85738,2026-07-22,9038,170,198,503
85739,2026-07-22,8965,170,195,502
85740,2026-07-22,8965,170,196,502
85741,2026-07-22,8965,170,197,502
85742,2026-07-22,8965,170,198,502
85743,2026-07-22,9238,170,195,503
85744,2026-07-22,9238,170,196,503
85745,2026-07-22,9238,170,197,503
85746,2026-07-22,9238,170,198,503
85747,2026-07-22,9313,170,195,502
85748,2026-07-22,9313,170,196,502
85749,2026-07-22,9313,170,197,502
85750,2026-07-22,9313,170,198,502
85751,2026-07-22,9199,170,195,503
85752,2026-07-22,9199,170,196,503
85753,2026-07-22,9199,170,197,503
85754,2026-07-22,9199,170,198,503
85755,2026-07-22,8956,170,195,502
85756,2026-07-22,8956,170,196,502
85757,2026-07-22,8956,170,197,502
85758,2026-07-22,8956,170,198,502
85759,2026-07-22,9054,170,195,503
85760,2026-07-22,9054,170,196,503
85761,2026-07-22,9054,170,197,503
85762,2026-07-22,9054,170,198,503
85763,2026-07-22,9098,170,195,502
85764,2026-07-22,9098,170,196,502
85765,2026-07-22,9098,170,197,502
85766,2026-07-22,9098,170,198,502
85767,2026-07-22,9306,170,195,503
85768,2026-07-22,9306,170,196,503
85769,2026-07-22,9306,170,197,503
85770,2026-07-22,9306,170,198,503
85771,2026-07-22,9310,170,195,502
85772,2026-07-22,9310,170,196,502
85773,2026-07-22,9310,170,197,502
85774,2026-07-22,9310,170,198,502
85775,2026-07-22,9020,170,195,503
85776,2026-07-22,9020,170,196,503
85777,2026-07-22,9020,170,197,503
85778,2026-07-22,9020,170,198,503
85779,2026-07-22,9171,170,195,502
85780,2026-07-22,9171,170,196,502
85781,2026-07-22,9171,170,197,502
85782,2026-07-22,9171,170,198,502
85783,2026-07-22,9164,170,195,503
85784,2026-07-22,9164,170,196,503
85785,2026-07-22,9164,170,197,503
85786,2026-07-22,9164,170,198,503
85787,2026-07-22,9317,170,195,502
85788,2026-07-22,9317,170,196,502
85789,2026-07-22,9317,170,197,502
85790,2026-07-22,9317,170,198,502
85791,2026-07-22,9181,170,195,503
85792,2026-07-22,9181,170,196,503
85793,2026-07-22,9181,170,197,503
85794,2026-07-22,9181,170,198,503
85795,2026-07-22,9158,170,195,502
85796,2026-07-22,9158,170,196,502
85797,2026-07-22,9158,170,197,502
85798,2026-07-22,9158,170,198,502
85799,2026-07-22,8991,170,195,503
85800,2026-07-22,8991,170,196,503
85801,2026-07-22,8991,170,197,503
85802,2026-07-22,8991,170,198,503
85803,2026-07-22,9159,170,195,502
85804,2026-07-22,9159,170,196,502
85805,2026-07-22,9159,170,197,502
85806,2026-07-22,9159,170,198,502
85807,2026-07-22,8964,170,195,503
85808,2026-07-22,8964,170,196,503
85809,2026-07-22,8964,170,197,503
85810,2026-07-22,8964,170,198,503
85811,2026-07-22,9162,170,195,502
85812,2026-07-22,9162,170,196,502
85813,2026-07-22,9162,170,197,502
85814,2026-07-22,9162,170,198,502
85815,2026-07-22,9302,170,195,503
85816,2026-07-22,9302,170,196,503
85817,2026-07-22,9302,170,197,503
85818,2026-07-22,9302,170,198,503
85819,2026-07-22,9060,170,195,502
85820,2026-07-22,9060,170,196,502
85821,2026-07-22,9060,170,197,502
85822,2026-07-22,9060,170,198,502
85823,2026-07-22,9165,170,195,503
85824,2026-07-22,9165,170,196,503
85825,2026-07-22,9165,170,197,503
85826,2026-07-22,9165,170,198,503
85827,2026-07-22,9089,170,195,502
85828,2026-07-22,9089,170,196,502
85829,2026-07-22,9089,170,197,502
85830,2026-07-22,9089,170,198,502
85831,2026-07-22,9071,170,195,503
85832,2026-07-22,9071,170,196,503
85833,2026-07-22,9071,170,197,503
85834,2026-07-22,9071,170,198,503
85835,2026-07-22,9316,170,195,502
85836,2026-07-22,9316,170,196,502
85837,2026-07-22,9316,170,197,502
85838,2026-07-22,9316,170,198,502
85839,2026-07-22,9325,170,195,503
85840,2026-07-22,9325,170,196,503
85841,2026-07-22,9325,170,197,503
85842,2026-07-22,9325,170,198,503
85843,2026-07-22,9110,170,195,502
85844,2026-07-22,9110,170,196,502
85845,2026-07-22,9110,170,197,502
85846,2026-07-22,9110,170,198,502
85847,2026-07-22,9042,170,195,503
85848,2026-07-22,9042,170,196,503
85849,2026-07-22,9042,170,197,503
85850,2026-07-22,9042,170,198,503
85851,2026-07-22,8947,171,195,504
85852,2026-07-22,8947,171,196,504
85853,2026-07-22,8947,171,197,504
85854,2026-07-22,8947,171,198,504
85855,2026-07-22,9311,171,195,505
85856,2026-07-22,9311,171,196,505
85857,2026-07-22,9311,171,197,505
85858,2026-07-22,9311,171,198,505
85859,2026-07-22,8981,171,195,504
85860,2026-07-22,8981,171,196,504
85861,2026-07-22,8981,171,197,504
85862,2026-07-22,8981,171,198,504
85863,2026-07-22,9229,171,195,505
85864,2026-07-22,9229,171,196,505
85865,2026-07-22,9229,171,197,505
85866,2026-07-22,9229,171,198,505
85867,2026-07-22,9208,171,195,504
85868,2026-07-22,9208,171,196,504
85869,2026-07-22,9208,171,197,504
85870,2026-07-22,9208,171,198,504
85871,2026-07-22,9027,171,195,505
85872,2026-07-22,9027,171,196,505
85873,2026-07-22,9027,171,197,505
85874,2026-07-22,9027,171,198,505
85875,2026-07-22,9288,171,195,504
85876,2026-07-22,9288,171,196,504
85877,2026-07-22,9288,171,197,504
85878,2026-07-22,9288,171,198,504
85879,2026-07-22,9109,171,195,505
85880,2026-07-22,9109,171,196,505
85881,2026-07-22,9109,171,197,505
85882,2026-07-22,9109,171,198,505
85883,2026-07-22,9030,171,195,504
85884,2026-07-22,9030,171,196,504
85885,2026-07-22,9030,171,197,504
85886,2026-07-22,9030,171,198,504
85887,2026-07-22,9234,171,195,505
85888,2026-07-22,9234,171,196,505
85889,2026-07-22,9234,171,197,505
85890,2026-07-22,9234,171,198,505
85891,2026-07-22,9084,171,195,504
85892,2026-07-22,9084,171,196,504
85893,2026-07-22,9084,171,197,504
85894,2026-07-22,9084,171,198,504
85895,2026-07-22,9070,171,195,505
85896,2026-07-22,9070,171,196,505
85897,2026-07-22,9070,171,197,505
85898,2026-07-22,9070,171,198,505
85899,2026-07-22,9132,171,195,504
85900,2026-07-22,9132,171,196,504
85901,2026-07-22,9132,171,197,504
85902,2026-07-22,9132,171,198,504
85903,2026-07-22,9209,171,195,505
85904,2026-07-22,9209,171,196,505
85905,2026-07-22,9209,171,197,505
85906,2026-07-22,9209,171,198,505
85907,2026-07-22,9330,171,195,504
85908,2026-07-22,9330,171,196,504
85909,2026-07-22,9330,171,197,504
85910,2026-07-22,9330,171,198,504
85911,2026-07-22,9202,171,195,505
85912,2026-07-22,9202,171,196,505
85913,2026-07-22,9202,171,197,505
85914,2026-07-22,9202,171,198,505
85915,2026-07-22,9012,171,195,504
85916,2026-07-22,9012,171,196,504
85917,2026-07-22,9012,171,197,504
85918,2026-07-22,9012,171,198,504
85919,2026-07-22,9023,171,195,505
85920,2026-07-22,9023,171,196,505
85921,2026-07-22,9023,171,197,505
85922,2026-07-22,9023,171,198,505
85923,2026-07-22,9013,171,195,504
85924,2026-07-22,9013,171,196,504
85925,2026-07-22,9013,171,197,504
85926,2026-07-22,9013,171,198,504
85927,2026-07-22,9053,171,195,505
85928,2026-07-22,9053,171,196,505
85929,2026-07-22,9053,171,197,505
85930,2026-07-22,9053,171,198,505
85931,2026-07-22,9130,171,195,504
85932,2026-07-22,9130,171,196,504
85933,2026-07-22,9130,171,197,504
85934,2026-07-22,9130,171,198,504
85935,2026-07-22,9216,171,195,505
85936,2026-07-22,9216,171,196,505
85937,2026-07-22,9216,171,197,505
85938,2026-07-22,9216,171,198,505
85939,2026-07-22,9287,171,195,504
85940,2026-07-22,9287,171,196,504
85941,2026-07-22,9287,171,197,504
85942,2026-07-22,9287,171,198,504
85943,2026-07-22,8987,171,195,505
85944,2026-07-22,8987,171,196,505
85945,2026-07-22,8987,171,197,505
85946,2026-07-22,8987,171,198,505
85947,2026-07-22,9111,171,195,504
85948,2026-07-22,9111,171,196,504
85949,2026-07-22,9111,171,197,504
85950,2026-07-22,9111,171,198,504
85951,2026-07-22,9147,171,195,505
85952,2026-07-22,9147,171,196,505
85953,2026-07-22,9147,171,197,505
85954,2026-07-22,9147,171,198,505
85955,2026-07-22,9336,171,195,504
85956,2026-07-22,9336,171,196,504
85957,2026-07-22,9336,171,197,504
85958,2026-07-22,9336,171,198,504
85959,2026-07-22,9131,171,195,505
85960,2026-07-22,9131,171,196,505
85961,2026-07-22,9131,171,197,505
85962,2026-07-22,9131,171,198,505
85963,2026-07-22,9163,171,195,504
85964,2026-07-22,9163,171,196,504
85965,2026-07-22,9163,171,197,504
85966,2026-07-22,9163,171,198,504
85967,2026-07-22,9200,171,195,505
85968,2026-07-22,9200,171,196,505
85969,2026-07-22,9200,171,197,505
85970,2026-07-22,9200,171,198,505
85971,2026-07-22,9118,171,195,504
85972,2026-07-22,9118,171,196,504
85973,2026-07-22,9118,171,197,504
85974,2026-07-22,9118,171,198,504
85975,2026-07-22,9284,171,195,505
85976,2026-07-22,9284,171,196,505
85977,2026-07-22,9284,171,197,505
85978,2026-07-22,9284,171,198,505
85979,2026-07-22,9214,171,195,504
85980,2026-07-22,9214,171,196,504
85981,2026-07-22,9214,171,197,504
85982,2026-07-22,9214,171,198,504
85983,2026-07-22,9268,172,195,506
85984,2026-07-22,9268,172,196,506
85985,2026-07-22,9268,172,197,506
85986,2026-07-22,9268,172,198,506
85987,2026-07-22,9326,172,195,507
85988,2026-07-22,9326,172,196,507
85989,2026-07-22,9326,172,197,507
85990,2026-07-22,9326,172,198,507
85991,2026-07-22,8944,172,195,506
85992,2026-07-22,8944,172,196,506
85993,2026-07-22,8944,172,197,506
85994,2026-07-22,8944,172,198,506
85995,2026-07-22,8988,172,195,507
85996,2026-07-22,8988,172,196,507
85997,2026-07-22,8988,172,197,507
85998,2026-07-22,8988,172,198,507
85999,2026-07-22,9003,172,195,506
86000,2026-07-22,9003,172,196,506
86001,2026-07-22,9003,172,197,506
86002,2026-07-22,9003,172,198,506
86003,2026-07-22,9044,172,195,507
86004,2026-07-22,9044,172,196,507
86005,2026-07-22,9044,172,197,507
86006,2026-07-22,9044,172,198,507
86007,2026-07-22,9254,172,195,506
86008,2026-07-22,9254,172,196,506
86009,2026-07-22,9254,172,197,506
86010,2026-07-22,9254,172,198,506
86011,2026-07-22,9289,172,195,507
86012,2026-07-22,9289,172,196,507
86013,2026-07-22,9289,172,197,507
86014,2026-07-22,9289,172,198,507
86015,2026-07-22,9272,172,195,506
86016,2026-07-22,9272,172,196,506
86017,2026-07-22,9272,172,197,506
86018,2026-07-22,9272,172,198,506
86019,2026-07-22,9174,172,195,507
86020,2026-07-22,9174,172,196,507
86021,2026-07-22,9174,172,197,507
86022,2026-07-22,9174,172,198,507
86023,2026-07-22,9262,172,195,506
86024,2026-07-22,9262,172,196,506
86025,2026-07-22,9262,172,197,506
86026,2026-07-22,9262,172,198,506
86027,2026-07-22,9261,172,195,507
86028,2026-07-22,9261,172,196,507
86029,2026-07-22,9261,172,197,507
86030,2026-07-22,9261,172,198,507
86031,2026-07-22,8963,172,195,506
86032,2026-07-22,8963,172,196,506
86033,2026-07-22,8963,172,197,506
86034,2026-07-22,8963,172,198,506
86035,2026-07-22,9151,172,195,507
86036,2026-07-22,9151,172,196,507
86037,2026-07-22,9151,172,197,507
86038,2026-07-22,9151,172,198,507
86039,2026-07-22,9085,172,195,506
86040,2026-07-22,9085,172,196,506
86041,2026-07-22,9085,172,197,506
86042,2026-07-22,9085,172,198,506
86043,2026-07-22,9186,172,195,507
86044,2026-07-22,9186,172,196,507
86045,2026-07-22,9186,172,197,507
86046,2026-07-22,9186,172,198,507
86047,2026-07-22,9239,172,195,506
86048,2026-07-22,9239,172,196,506
86049,2026-07-22,9239,172,197,506
86050,2026-07-22,9239,172,198,506
86051,2026-07-22,9137,172,195,507
86052,2026-07-22,9137,172,196,507
86053,2026-07-22,9137,172,197,507
86054,2026-07-22,9137,172,198,507
86055,2026-07-22,9285,172,195,506
86056,2026-07-22,9285,172,196,506
86057,2026-07-22,9285,172,197,506
86058,2026-07-22,9285,172,198,506
86059,2026-07-22,9155,172,195,507
86060,2026-07-22,9155,172,196,507
86061,2026-07-22,9155,172,197,507
86062,2026-07-22,9155,172,198,507
86063,2026-07-22,9051,172,195,506
86064,2026-07-22,9051,172,196,506
86065,2026-07-22,9051,172,197,506
86066,2026-07-22,9051,172,198,506
86067,2026-07-22,9192,172,195,507
86068,2026-07-22,9192,172,196,507
86069,2026-07-22,9192,172,197,507
86070,2026-07-22,9192,172,198,507
86071,2026-07-22,9057,172,195,506
86072,2026-07-22,9057,172,196,506
86073,2026-07-22,9057,172,197,506
86074,2026-07-22,9057,172,198,506
86075,2026-07-22,9324,172,195,507
86076,2026-07-22,9324,172,196,507
86077,2026-07-22,9324,172,197,507
86078,2026-07-22,9324,172,198,507
86079,2026-07-22,9335,172,195,506
86080,2026-07-22,9335,172,196,506
86081,2026-07-22,9335,172,197,506
86082,2026-07-22,9335,172,198,506
86083,2026-07-22,9136,172,195,507
86084,2026-07-22,9136,172,196,507
86085,2026-07-22,9136,172,197,507
86086,2026-07-22,9136,172,198,507
86087,2026-07-22,8974,172,195,506
86088,2026-07-22,8974,172,196,506
86089,2026-07-22,8974,172,197,506
86090,2026-07-22,8974,172,198,506
86091,2026-07-22,9337,172,195,507
86092,2026-07-22,9337,172,196,507
86093,2026-07-22,9337,172,197,507
86094,2026-07-22,9337,172,198,507
86095,2026-07-22,9093,172,195,506
86096,2026-07-22,9093,172,196,506
86097,2026-07-22,9093,172,197,506
86098,2026-07-22,9093,172,198,506
86099,2026-07-22,8989,172,195,507
86100,2026-07-22,8989,172,196,507
86101,2026-07-22,8989,172,197,507
86102,2026-07-22,8989,172,198,507
86103,2026-07-22,8985,172,195,506
86104,2026-07-22,8985,172,196,506
86105,2026-07-22,8985,172,197,506
86106,2026-07-22,8985,172,198,506
86107,2026-07-22,9247,172,195,507
86108,2026-07-22,9247,172,196,507
86109,2026-07-22,9247,172,197,507
86110,2026-07-22,9247,172,198,507
86111,2026-07-22,9271,172,195,506
86112,2026-07-22,9271,172,196,506
86113,2026-07-22,9271,172,197,506
86114,2026-07-22,9271,172,198,506
86115,2026-07-22,9193,173,195,508
86116,2026-07-22,9193,173,196,508
86117,2026-07-22,9193,173,197,508
86118,2026-07-22,9193,173,198,508
86119,2026-07-22,9231,173,195,509
86120,2026-07-22,9231,173,196,509
86121,2026-07-22,9231,173,197,509
86122,2026-07-22,9231,173,198,509
86123,2026-07-22,9264,173,195,508
86124,2026-07-22,9264,173,196,508
86125,2026-07-22,9264,173,197,508
86126,2026-07-22,9264,173,198,508
86127,2026-07-22,9318,173,195,509
86128,2026-07-22,9318,173,196,509
86129,2026-07-22,9318,173,197,509
86130,2026-07-22,9318,173,198,509
86131,2026-07-22,9087,173,195,508
86132,2026-07-22,9087,173,196,508
86133,2026-07-22,9087,173,197,508
86134,2026-07-22,9087,173,198,508
86135,2026-07-22,8969,173,195,509
86136,2026-07-22,8969,173,196,509
86137,2026-07-22,8969,173,197,509
86138,2026-07-22,8969,173,198,509
86139,2026-07-22,8942,173,195,508
86140,2026-07-22,8942,173,196,508
86141,2026-07-22,8942,173,197,508
86142,2026-07-22,8942,173,198,508
86143,2026-07-22,9260,173,195,509
86144,2026-07-22,9260,173,196,509
86145,2026-07-22,9260,173,197,509
86146,2026-07-22,9260,173,198,509
86147,2026-07-22,9149,173,195,508
86148,2026-07-22,9149,173,196,508
86149,2026-07-22,9149,173,197,508
86150,2026-07-22,9149,173,198,508
86151,2026-07-22,9327,173,195,509
86152,2026-07-22,9327,173,196,509
86153,2026-07-22,9327,173,197,509
86154,2026-07-22,9327,173,198,509
86155,2026-07-22,8993,173,195,508
86156,2026-07-22,8993,173,196,508
86157,2026-07-22,8993,173,197,508
86158,2026-07-22,8993,173,198,508
86159,2026-07-22,9320,173,195,509
86160,2026-07-22,9320,173,196,509
86161,2026-07-22,9320,173,197,509
86162,2026-07-22,9320,173,198,509
86163,2026-07-22,9014,173,195,508
86164,2026-07-22,9014,173,196,508
86165,2026-07-22,9014,173,197,508
86166,2026-07-22,9014,173,198,508
86167,2026-07-22,9304,173,195,509
86168,2026-07-22,9304,173,196,509
86169,2026-07-22,9304,173,197,509
86170,2026-07-22,9304,173,198,509
86171,2026-07-22,9001,173,195,508
86172,2026-07-22,9001,173,196,508
86173,2026-07-22,9001,173,197,508
86174,2026-07-22,9001,173,198,508
86175,2026-07-22,9241,173,195,509
86176,2026-07-22,9241,173,196,509
86177,2026-07-22,9241,173,197,509
86178,2026-07-22,9241,173,198,509
86179,2026-07-22,9018,173,195,508
86180,2026-07-22,9018,173,196,508
86181,2026-07-22,9018,173,197,508
86182,2026-07-22,9018,173,198,508
86183,2026-07-22,9059,173,195,509
86184,2026-07-22,9059,173,196,509
86185,2026-07-22,9059,173,197,509
86186,2026-07-22,9059,173,198,509
86187,2026-07-22,9035,173,195,508
86188,2026-07-22,9035,173,196,508
86189,2026-07-22,9035,173,197,508
86190,2026-07-22,9035,173,198,508
86191,2026-07-22,9036,173,195,509
86192,2026-07-22,9036,173,196,509
86193,2026-07-22,9036,173,197,509
86194,2026-07-22,9036,173,198,509
86195,2026-07-22,9142,173,195,508
86196,2026-07-22,9142,173,196,508
86197,2026-07-22,9142,173,197,508
86198,2026-07-22,9142,173,198,508
86199,2026-07-22,9166,173,195,509
86200,2026-07-22,9166,173,196,509
86201,2026-07-22,9166,173,197,509
86202,2026-07-22,9166,173,198,509
86203,2026-07-22,9102,173,195,508
86204,2026-07-22,9102,173,196,508
86205,2026-07-22,9102,173,197,508
86206,2026-07-22,9102,173,198,508
86207,2026-07-22,9276,173,195,509
86208,2026-07-22,9276,173,196,509
86209,2026-07-22,9276,173,197,509
86210,2026-07-22,9276,173,198,509
86211,2026-07-22,9298,173,195,508
86212,2026-07-22,9298,173,196,508
86213,2026-07-22,9298,173,197,508
86214,2026-07-22,9298,173,198,508
86215,2026-07-22,9263,173,195,509
86216,2026-07-22,9263,173,196,509
86217,2026-07-22,9263,173,197,509
86218,2026-07-22,9263,173,198,509
86219,2026-07-22,9076,173,195,508
86220,2026-07-22,9076,173,196,508
86221,2026-07-22,9076,173,197,508
86222,2026-07-22,9076,173,198,508
86223,2026-07-22,9198,173,195,509
86224,2026-07-22,9198,173,196,509
86225,2026-07-22,9198,173,197,509
86226,2026-07-22,9198,173,198,509
86227,2026-07-22,9116,173,195,508
86228,2026-07-22,9116,173,196,508
86229,2026-07-22,9116,173,197,508
86230,2026-07-22,9116,173,198,508
86231,2026-07-22,8984,173,195,509
86232,2026-07-22,8984,173,196,509
86233,2026-07-22,8984,173,197,509
86234,2026-07-22,8984,173,198,509
86235,2026-07-22,9211,173,195,508
86236,2026-07-22,9211,173,196,508
86237,2026-07-22,9211,173,197,508
86238,2026-07-22,9211,173,198,508
86239,2026-07-22,8980,173,195,509
86240,2026-07-22,8980,173,196,509
86241,2026-07-22,8980,173,197,509
86242,2026-07-22,8980,173,198,509
86243,2026-07-22,9182,173,195,508
86244,2026-07-22,9182,173,196,508
86245,2026-07-22,9182,173,197,508
86246,2026-07-22,9182,173,198,508
86247,2026-07-22,9154,174,195,510
86248,2026-07-22,9154,174,196,510
86249,2026-07-22,9154,174,197,510
86250,2026-07-22,9154,174,198,510
86251,2026-07-22,9052,174,195,511
86252,2026-07-22,9052,174,196,511
86253,2026-07-22,9052,174,197,511
86254,2026-07-22,9052,174,198,511
86255,2026-07-22,9100,174,195,510
86256,2026-07-22,9100,174,196,510
86257,2026-07-22,9100,174,197,510
86258,2026-07-22,9100,174,198,510
86259,2026-07-22,8952,174,195,511
86260,2026-07-22,8952,174,196,511
86261,2026-07-22,8952,174,197,511
86262,2026-07-22,8952,174,198,511
86263,2026-07-22,9270,174,195,510
86264,2026-07-22,9270,174,196,510
86265,2026-07-22,9270,174,197,510
86266,2026-07-22,9270,174,198,510
86267,2026-07-22,9088,174,195,511
86268,2026-07-22,9088,174,196,511
86269,2026-07-22,9088,174,197,511
86270,2026-07-22,9088,174,198,511
86271,2026-07-22,9176,174,195,510
86272,2026-07-22,9176,174,196,510
86273,2026-07-22,9176,174,197,510
86274,2026-07-22,9176,174,198,510
86275,2026-07-22,8996,174,195,511
86276,2026-07-22,8996,174,196,511
86277,2026-07-22,8996,174,197,511
86278,2026-07-22,8996,174,198,511
86279,2026-07-22,9242,174,195,510
86280,2026-07-22,9242,174,196,510
86281,2026-07-22,9242,174,197,510
86282,2026-07-22,9242,174,198,510
86283,2026-07-22,9115,174,195,511
86284,2026-07-22,9115,174,196,511
86285,2026-07-22,9115,174,197,511
86286,2026-07-22,9115,174,198,511
86287,2026-07-22,9236,174,195,510
86288,2026-07-22,9236,174,196,510
86289,2026-07-22,9236,174,197,510
86290,2026-07-22,9236,174,198,510
86291,2026-07-22,9123,174,195,511
86292,2026-07-22,9123,174,196,511
86293,2026-07-22,9123,174,197,511
86294,2026-07-22,9123,174,198,511
86295,2026-07-22,9114,174,195,510
86296,2026-07-22,9114,174,196,510
86297,2026-07-22,9114,174,197,510
86298,2026-07-22,9114,174,198,510
86299,2026-07-22,9269,174,195,511
86300,2026-07-22,9269,174,196,511
86301,2026-07-22,9269,174,197,511
86302,2026-07-22,9269,174,198,511
86303,2026-07-22,9000,174,195,510
86304,2026-07-22,9000,174,196,510
86305,2026-07-22,9000,174,197,510
86306,2026-07-22,9000,174,198,510
86307,2026-07-22,9144,174,195,511
86308,2026-07-22,9144,174,196,511
86309,2026-07-22,9144,174,197,511
86310,2026-07-22,9144,174,198,511
86311,2026-07-22,8953,174,195,510
86312,2026-07-22,8953,174,196,510
86313,2026-07-22,8953,174,197,510
86314,2026-07-22,8953,174,198,510
86315,2026-07-22,9286,174,195,511
86316,2026-07-22,9286,174,196,511
86317,2026-07-22,9286,174,197,511
86318,2026-07-22,9286,174,198,511
86319,2026-07-22,9213,174,195,510
86320,2026-07-22,9213,174,196,510
86321,2026-07-22,9213,174,197,510
86322,2026-07-22,9213,174,198,510
86323,2026-07-22,9248,174,195,511
86324,2026-07-22,9248,174,196,511
86325,2026-07-22,9248,174,197,511
86326,2026-07-22,9248,174,198,511
86327,2026-07-22,9009,174,195,510
86328,2026-07-22,9009,174,196,510
86329,2026-07-22,9009,174,197,510
86330,2026-07-22,9009,174,198,510
86331,2026-07-22,9048,174,195,511
86332,2026-07-22,9048,174,196,511
86333,2026-07-22,9048,174,197,511
86334,2026-07-22,9048,174,198,511
86335,2026-07-22,9210,174,195,510
86336,2026-07-22,9210,174,196,510
86337,2026-07-22,9210,174,197,510
86338,2026-07-22,9210,174,198,510
86339,2026-07-22,9005,174,195,511
86340,2026-07-22,9005,174,196,511
86341,2026-07-22,9005,174,197,511
86342,2026-07-22,9005,174,198,511
86343,2026-07-22,9297,174,195,510
86344,2026-07-22,9297,174,196,510
86345,2026-07-22,9297,174,197,510
86346,2026-07-22,9297,174,198,510
86347,2026-07-22,9152,174,195,511
86348,2026-07-22,9152,174,196,511
86349,2026-07-22,9152,174,197,511
86350,2026-07-22,9152,174,198,511
86351,2026-07-22,9016,174,195,510
86352,2026-07-22,9016,174,196,510
86353,2026-07-22,9016,174,197,510
86354,2026-07-22,9016,174,198,510
86355,2026-07-22,9094,174,195,511
86356,2026-07-22,9094,174,196,511
86357,2026-07-22,9094,174,197,511
86358,2026-07-22,9094,174,198,511
86359,2026-07-22,9074,174,195,510
86360,2026-07-22,9074,174,196,510
86361,2026-07-22,9074,174,197,510
86362,2026-07-22,9074,174,198,510
86363,2026-07-22,9250,174,195,511
86364,2026-07-22,9250,174,196,511
86365,2026-07-22,9250,174,197,511
86366,2026-07-22,9250,174,198,511
86367,2026-07-22,9119,174,195,510
86368,2026-07-22,9119,174,196,510
86369,2026-07-22,9119,174,197,510
86370,2026-07-22,9119,174,198,510
86371,2026-07-22,9019,174,195,511
86372,2026-07-22,9019,174,196,511
86373,2026-07-22,9019,174,197,511
86374,2026-07-22,9019,174,198,511
86375,2026-07-22,9249,174,195,510
86376,2026-07-22,9249,174,196,510
86377,2026-07-22,9249,174,197,510
86378,2026-07-22,9249,174,198,510
86379,2026-07-22,9283,175,195,512
86380,2026-07-22,9283,175,196,512
86381,2026-07-22,9283,175,197,512
86382,2026-07-22,9283,175,198,512
86383,2026-07-22,9221,175,195,513
86384,2026-07-22,9221,175,196,513
86385,2026-07-22,9221,175,197,513
86386,2026-07-22,9221,175,198,513
86387,2026-07-22,9278,175,195,512
86388,2026-07-22,9278,175,196,512
86389,2026-07-22,9278,175,197,512
86390,2026-07-22,9278,175,198,512
86391,2026-07-22,9183,175,195,513
86392,2026-07-22,9183,175,196,513
86393,2026-07-22,9183,175,197,513
86394,2026-07-22,9183,175,198,513
86395,2026-07-22,8954,175,195,512
86396,2026-07-22,8954,175,196,512
86397,2026-07-22,8954,175,197,512
86398,2026-07-22,8954,175,198,512
86399,2026-07-22,9107,175,195,513
86400,2026-07-22,9107,175,196,513
86401,2026-07-22,9107,175,197,513
86402,2026-07-22,9107,175,198,513
86403,2026-07-22,8968,175,195,512
86404,2026-07-22,8968,175,196,512
86405,2026-07-22,8968,175,197,512
86406,2026-07-22,8968,175,198,512
86407,2026-07-22,9133,175,195,513
86408,2026-07-22,9133,175,196,513
86409,2026-07-22,9133,175,197,513
86410,2026-07-22,9133,175,198,513
86411,2026-07-22,9218,175,195,512
86412,2026-07-22,9218,175,196,512
86413,2026-07-22,9218,175,197,512
86414,2026-07-22,9218,175,198,512
86415,2026-07-22,9113,175,195,513
86416,2026-07-22,9113,175,196,513
86417,2026-07-22,9113,175,197,513
86418,2026-07-22,9113,175,198,513
86419,2026-07-22,9058,175,195,512
86420,2026-07-22,9058,175,196,512
86421,2026-07-22,9058,175,197,512
86422,2026-07-22,9058,175,198,512
86423,2026-07-22,9148,175,195,513
86424,2026-07-22,9148,175,196,513
86425,2026-07-22,9148,175,197,513
86426,2026-07-22,9148,175,198,513
86427,2026-07-22,9232,175,195,512
86428,2026-07-22,9232,175,196,512
86429,2026-07-22,9232,175,197,512
86430,2026-07-22,9232,175,198,512
86431,2026-07-22,9323,175,195,513
86432,2026-07-22,9323,175,196,513
86433,2026-07-22,9323,175,197,513
86434,2026-07-22,9323,175,198,513
86435,2026-07-22,9237,175,195,512
86436,2026-07-22,9237,175,196,512
86437,2026-07-22,9237,175,197,512
86438,2026-07-22,9237,175,198,512
86439,2026-07-22,8949,175,195,513
86440,2026-07-22,8949,175,196,513
86441,2026-07-22,8949,175,197,513
86442,2026-07-22,8949,175,198,513
86443,2026-07-22,9153,175,195,512
86444,2026-07-22,9153,175,196,512
86445,2026-07-22,9153,175,197,512
86446,2026-07-22,9153,175,198,512
86447,2026-07-22,9170,175,195,513
86448,2026-07-22,9170,175,196,513
86449,2026-07-22,9170,175,197,513
86450,2026-07-22,9170,175,198,513
86451,2026-07-22,8970,175,195,512
86452,2026-07-22,8970,175,196,512
86453,2026-07-22,8970,175,197,512
86454,2026-07-22,8970,175,198,512
86455,2026-07-22,9138,175,195,513
86456,2026-07-22,9138,175,196,513
86457,2026-07-22,9138,175,197,513
86458,2026-07-22,9138,175,198,513
86459,2026-07-22,9082,175,195,512
86460,2026-07-22,9082,175,196,512
86461,2026-07-22,9082,175,197,512
86462,2026-07-22,9082,175,198,512
86463,2026-07-22,8999,175,195,513
86464,2026-07-22,8999,175,196,513
86465,2026-07-22,8999,175,197,513
86466,2026-07-22,8999,175,198,513
86467,2026-07-22,8978,175,195,512
86468,2026-07-22,8978,175,196,512
86469,2026-07-22,8978,175,197,512
86470,2026-07-22,8978,175,198,512
86471,2026-07-22,9025,175,195,513
86472,2026-07-22,9025,175,196,513
86473,2026-07-22,9025,175,197,513
86474,2026-07-22,9025,175,198,513
86475,2026-07-22,9128,175,195,512
86476,2026-07-22,9128,175,196,512
86477,2026-07-22,9128,175,197,512
86478,2026-07-22,9128,175,198,512
86479,2026-07-22,9069,175,195,513
86480,2026-07-22,9069,175,196,513
86481,2026-07-22,9069,175,197,513
86482,2026-07-22,9069,175,198,513
86483,2026-07-22,9117,175,195,512
86484,2026-07-22,9117,175,196,512
86485,2026-07-22,9117,175,197,512
86486,2026-07-22,9117,175,198,512
86487,2026-07-22,8966,175,195,513
86488,2026-07-22,8966,175,196,513
86489,2026-07-22,8966,175,197,513
86490,2026-07-22,8966,175,198,513
86491,2026-07-22,9032,175,195,512
86492,2026-07-22,9032,175,196,512
86493,2026-07-22,9032,175,197,512
86494,2026-07-22,9032,175,198,512
86495,2026-07-22,9222,175,195,513
86496,2026-07-22,9222,175,196,513
86497,2026-07-22,9222,175,197,513
86498,2026-07-22,9222,175,198,513
86499,2026-07-22,9011,175,195,512
86500,2026-07-22,9011,175,196,512
86501,2026-07-22,9011,175,197,512
86502,2026-07-22,9011,175,198,512
86503,2026-07-22,9243,175,195,513
86504,2026-07-22,9243,175,196,513
86505,2026-07-22,9243,175,197,513
86506,2026-07-22,9243,175,198,513
86507,2026-07-22,9225,175,195,512
86508,2026-07-22,9225,175,196,512
86509,2026-07-22,9225,175,197,512
86510,2026-07-22,9225,175,198,512
86511,2026-07-22,9106,176,195,514
86512,2026-07-22,9106,176,196,514
86513,2026-07-22,9106,176,197,514
86514,2026-07-22,9106,176,198,514
86515,2026-07-22,9215,176,195,515
86516,2026-07-22,9215,176,196,515
86517,2026-07-22,9215,176,197,515
86518,2026-07-22,9215,176,198,515
86519,2026-07-22,9134,176,195,514
86520,2026-07-22,9134,176,196,514
86521,2026-07-22,9134,176,197,514
86522,2026-07-22,9134,176,198,514
86523,2026-07-22,9096,176,195,515
86524,2026-07-22,9096,176,196,515
86525,2026-07-22,9096,176,197,515
86526,2026-07-22,9096,176,198,515
86527,2026-07-22,9296,176,195,514
86528,2026-07-22,9296,176,196,514
86529,2026-07-22,9296,176,197,514
86530,2026-07-22,9296,176,198,514
86531,2026-07-22,9295,176,195,515
86532,2026-07-22,9295,176,196,515
86533,2026-07-22,9295,176,197,515
86534,2026-07-22,9295,176,198,515
86535,2026-07-22,9227,176,195,514
86536,2026-07-22,9227,176,196,514
86537,2026-07-22,9227,176,197,514
86538,2026-07-22,9227,176,198,514
86539,2026-07-22,9280,176,195,515
86540,2026-07-22,9280,176,196,515
86541,2026-07-22,9280,176,197,515
86542,2026-07-22,9280,176,198,515
86543,2026-07-22,9240,176,195,514
86544,2026-07-22,9240,176,196,514
86545,2026-07-22,9240,176,197,514
86546,2026-07-22,9240,176,198,514
86547,2026-07-22,8960,176,195,515
86548,2026-07-22,8960,176,196,515
86549,2026-07-22,8960,176,197,515
86550,2026-07-22,8960,176,198,515
86551,2026-07-22,9185,176,195,514
86552,2026-07-22,9185,176,196,514
86553,2026-07-22,9185,176,197,514
86554,2026-07-22,9185,176,198,514
86555,2026-07-22,9037,176,195,515
86556,2026-07-22,9037,176,196,515
86557,2026-07-22,9037,176,197,515
86558,2026-07-22,9037,176,198,515
86559,2026-07-22,9120,176,195,514
86560,2026-07-22,9120,176,196,514
86561,2026-07-22,9120,176,197,514
86562,2026-07-22,9120,176,198,514
86563,2026-07-22,9050,176,195,515
86564,2026-07-22,9050,176,196,515
86565,2026-07-22,9050,176,197,515
86566,2026-07-22,9050,176,198,515
86567,2026-07-22,8946,176,195,514
86568,2026-07-22,8946,176,196,514
86569,2026-07-22,8946,176,197,514
86570,2026-07-22,8946,176,198,514
86571,2026-07-22,9312,176,195,515
86572,2026-07-22,9312,176,196,515
86573,2026-07-22,9312,176,197,515
86574,2026-07-22,9312,176,198,515
86575,2026-07-22,9179,176,195,514
86576,2026-07-22,9179,176,196,514
86577,2026-07-22,9179,176,197,514
86578,2026-07-22,9179,176,198,514
86579,2026-07-22,9195,176,195,515
86580,2026-07-22,9195,176,196,515
86581,2026-07-22,9195,176,197,515
86582,2026-07-22,9195,176,198,515
86583,2026-07-22,9077,176,195,514
86584,2026-07-22,9077,176,196,514
86585,2026-07-22,9077,176,197,514
86586,2026-07-22,9077,176,198,514
86587,2026-07-22,9160,176,195,515
86588,2026-07-22,9160,176,196,515
86589,2026-07-22,9160,176,197,515
86590,2026-07-22,9160,176,198,515
86591,2026-07-22,9334,176,195,514
86592,2026-07-22,9334,176,196,514
86593,2026-07-22,9334,176,197,514
86594,2026-07-22,9334,176,198,514
86595,2026-07-22,9092,176,195,515
86596,2026-07-22,9092,176,196,515
86597,2026-07-22,9092,176,197,515
86598,2026-07-22,9092,176,198,515
86599,2026-07-22,9319,176,195,514
86600,2026-07-22,9319,176,196,514
86601,2026-07-22,9319,176,197,514
86602,2026-07-22,9319,176,198,514
86603,2026-07-22,8983,176,195,515
86604,2026-07-22,8983,176,196,515
86605,2026-07-22,8983,176,197,515
86606,2026-07-22,8983,176,198,515
86607,2026-07-22,9194,176,195,514
86608,2026-07-22,9194,176,196,514
86609,2026-07-22,9194,176,197,514
86610,2026-07-22,9194,176,198,514
86611,2026-07-22,9140,176,195,515
86612,2026-07-22,9140,176,196,515
86613,2026-07-22,9140,176,197,515
86614,2026-07-22,9140,176,198,515
86615,2026-07-22,8992,176,195,514
86616,2026-07-22,8992,176,196,514
86617,2026-07-22,8992,176,197,514
86618,2026-07-22,8992,176,198,514
86619,2026-07-22,9253,176,195,515
86620,2026-07-22,9253,176,196,515
86621,2026-07-22,9253,176,197,515
86622,2026-07-22,9253,176,198,515
86623,2026-07-22,9273,176,195,514
86624,2026-07-22,9273,176,196,514
86625,2026-07-22,9273,176,197,514
86626,2026-07-22,9273,176,198,514
86627,2026-07-22,9061,176,195,515
86628,2026-07-22,9061,176,196,515
86629,2026-07-22,9061,176,197,515
86630,2026-07-22,9061,176,198,515
86631,2026-07-22,9340,176,195,514
86632,2026-07-22,9340,176,196,514
86633,2026-07-22,9340,176,197,514
86634,2026-07-22,9340,176,198,514
86635,2026-07-22,9078,176,195,515
86636,2026-07-22,9078,176,196,515
86637,2026-07-22,9078,176,197,515
86638,2026-07-22,9078,176,198,515
86639,2026-07-22,8972,176,195,514
86640,2026-07-22,8972,176,196,514
86641,2026-07-22,8972,176,197,514
86642,2026-07-22,8972,176,198,514
86643,2026-07-22,9299,177,195,516
86644,2026-07-22,9299,177,196,516
86645,2026-07-22,9299,177,197,516
86646,2026-07-22,9299,177,198,516
86647,2026-07-22,9281,177,195,517
86648,2026-07-22,9281,177,196,517
86649,2026-07-22,9281,177,197,517
86650,2026-07-22,9281,177,198,517
86651,2026-07-22,9002,177,195,516
86652,2026-07-22,9002,177,196,516
86653,2026-07-22,9002,177,197,516
86654,2026-07-22,9002,177,198,516
86655,2026-07-22,9189,177,195,517
86656,2026-07-22,9189,177,196,517
86657,2026-07-22,9189,177,197,517
86658,2026-07-22,9189,177,198,517
86659,2026-07-22,9290,177,195,516
86660,2026-07-22,9290,177,196,516
86661,2026-07-22,9290,177,197,516
86662,2026-07-22,9290,177,198,516
86663,2026-07-22,9315,177,195,517
86664,2026-07-22,9315,177,196,517
86665,2026-07-22,9315,177,197,517
86666,2026-07-22,9315,177,198,517
86667,2026-07-22,8950,177,195,516
86668,2026-07-22,8950,177,196,516
86669,2026-07-22,8950,177,197,516
86670,2026-07-22,8950,177,198,516
86671,2026-07-22,9129,177,195,517
86672,2026-07-22,9129,177,196,517
86673,2026-07-22,9129,177,197,517
86674,2026-07-22,9129,177,198,517
86675,2026-07-22,9008,177,195,516
86676,2026-07-22,9008,177,196,516
86677,2026-07-22,9008,177,197,516
86678,2026-07-22,9008,177,198,516
86679,2026-07-22,9095,177,195,517
86680,2026-07-22,9095,177,196,517
86681,2026-07-22,9095,177,197,517
86682,2026-07-22,9095,177,198,517
86683,2026-07-22,9307,177,195,516
86684,2026-07-22,9307,177,196,516
86685,2026-07-22,9307,177,197,516
86686,2026-07-22,9307,177,198,516
86687,2026-07-22,9338,177,195,517
86688,2026-07-22,9338,177,196,517
86689,2026-07-22,9338,177,197,517
86690,2026-07-22,9338,177,198,517
86691,2026-07-22,9267,177,195,516
86692,2026-07-22,9267,177,196,516
86693,2026-07-22,9267,177,197,516
86694,2026-07-22,9267,177,198,516
86695,2026-07-22,9073,177,195,517
86696,2026-07-22,9073,177,196,517
86697,2026-07-22,9073,177,197,517
86698,2026-07-22,9073,177,198,517
86699,2026-07-22,9041,177,195,516
86700,2026-07-22,9041,177,196,516
86701,2026-07-22,9041,177,197,516
86702,2026-07-22,9041,177,198,516
86703,2026-07-22,9097,177,195,517
86704,2026-07-22,9097,177,196,517
86705,2026-07-22,9097,177,197,517
86706,2026-07-22,9097,177,198,517
86707,2026-07-22,8976,177,195,516
86708,2026-07-22,8976,177,196,516
86709,2026-07-22,8976,177,197,516
86710,2026-07-22,8976,177,198,516
86711,2026-07-22,9143,177,195,517
86712,2026-07-22,9143,177,196,517
86713,2026-07-22,9143,177,197,517
86714,2026-07-22,9143,177,198,517
86715,2026-07-22,8961,177,195,516
86716,2026-07-22,8961,177,196,516
86717,2026-07-22,8961,177,197,516
86718,2026-07-22,8961,177,198,516
86719,2026-07-22,9331,177,195,517
86720,2026-07-22,9331,177,196,517
86721,2026-07-22,9331,177,197,517
86722,2026-07-22,9331,177,198,517
86723,2026-07-22,9026,177,195,516
86724,2026-07-22,9026,177,196,516
86725,2026-07-22,9026,177,197,516
86726,2026-07-22,9026,177,198,516
86727,2026-07-22,9322,177,195,517
86728,2026-07-22,9322,177,196,517
86729,2026-07-22,9322,177,197,517
86730,2026-07-22,9322,177,198,517
86731,2026-07-22,9039,177,195,516
86732,2026-07-22,9039,177,196,516
86733,2026-07-22,9039,177,197,516
86734,2026-07-22,9039,177,198,516
86735,2026-07-22,9279,177,195,517
86736,2026-07-22,9279,177,196,517
86737,2026-07-22,9279,177,197,517
86738,2026-07-22,9279,177,198,517
86739,2026-07-22,9197,177,195,516
86740,2026-07-22,9197,177,196,516
86741,2026-07-22,9197,177,197,516
86742,2026-07-22,9197,177,198,516
86743,2026-07-22,9145,177,195,517
86744,2026-07-22,9145,177,196,517
86745,2026-07-22,9145,177,197,517
86746,2026-07-22,9145,177,198,517
86747,2026-07-22,9010,177,195,516
86748,2026-07-22,9010,177,196,516
86749,2026-07-22,9010,177,197,516
86750,2026-07-22,9010,177,198,516
86751,2026-07-22,8945,177,195,517
86752,2026-07-22,8945,177,196,517
86753,2026-07-22,8945,177,197,517
86754,2026-07-22,8945,177,198,517
86755,2026-07-22,9329,177,195,516
86756,2026-07-22,9329,177,196,516
86757,2026-07-22,9329,177,197,516
86758,2026-07-22,9329,177,198,516
86759,2026-07-22,8975,177,195,517
86760,2026-07-22,8975,177,196,517
86761,2026-07-22,8975,177,197,517
86762,2026-07-22,8975,177,198,517
86763,2026-07-22,9135,177,195,516
86764,2026-07-22,9135,177,196,516
86765,2026-07-22,9135,177,197,516
86766,2026-07-22,9135,177,198,516
86767,2026-07-22,9204,177,195,517
86768,2026-07-22,9204,177,196,517
86769,2026-07-22,9204,177,197,517
86770,2026-07-22,9204,177,198,517
86771,2026-07-22,9172,177,195,516
86772,2026-07-22,9172,177,196,516
86773,2026-07-22,9172,177,197,516
86774,2026-07-22,9172,177,198,516
86775,2026-07-22,9292,178,195,518
86776,2026-07-22,9292,178,196,518
86777,2026-07-22,9292,178,197,518
86778,2026-07-22,9292,178,198,518
86779,2026-07-22,9063,178,195,519
86780,2026-07-22,9063,178,196,519
86781,2026-07-22,9063,178,197,519
86782,2026-07-22,9063,178,198,519
86783,2026-07-22,9150,178,195,518
86784,2026-07-22,9150,178,196,518
86785,2026-07-22,9150,178,197,518
86786,2026-07-22,9150,178,198,518
86787,2026-07-22,9300,178,195,519
86788,2026-07-22,9300,178,196,519
86789,2026-07-22,9300,178,197,519
86790,2026-07-22,9300,178,198,519
86791,2026-07-22,9121,178,195,518
86792,2026-07-22,9121,178,196,518
86793,2026-07-22,9121,178,197,518
86794,2026-07-22,9121,178,198,518
86795,2026-07-22,9212,178,195,519
86796,2026-07-22,9212,178,196,519
86797,2026-07-22,9212,178,197,519
86798,2026-07-22,9212,178,198,519
86799,2026-07-22,8971,178,195,518
86800,2026-07-22,8971,178,196,518
86801,2026-07-22,8971,178,197,518
86802,2026-07-22,8971,178,198,518
86803,2026-07-22,9081,178,195,519
86804,2026-07-22,9081,178,196,519
86805,2026-07-22,9081,178,197,519
86806,2026-07-22,9081,178,198,519
86807,2026-07-22,9219,178,195,518
86808,2026-07-22,9219,178,196,518
86809,2026-07-22,9219,178,197,518
86810,2026-07-22,9219,178,198,518
86811,2026-07-22,8962,178,195,519
86812,2026-07-22,8962,178,196,519
86813,2026-07-22,8962,178,197,519
86814,2026-07-22,8962,178,198,519
86815,2026-07-22,9328,178,195,518
86816,2026-07-22,9328,178,196,518
86817,2026-07-22,9328,178,197,518
86818,2026-07-22,9328,178,198,518
86819,2026-07-22,9257,178,195,519
86820,2026-07-22,9257,178,196,519
86821,2026-07-22,9257,178,197,519
86822,2026-07-22,9257,178,198,519
86823,2026-07-22,9191,178,195,518
86824,2026-07-22,9191,178,196,518
86825,2026-07-22,9191,178,197,518
86826,2026-07-22,9191,178,198,518
86827,2026-07-22,9228,178,195,519
86828,2026-07-22,9228,178,196,519
86829,2026-07-22,9228,178,197,519
86830,2026-07-22,9228,178,198,519
86831,2026-07-22,8948,178,195,518
86832,2026-07-22,8948,178,196,518
86833,2026-07-22,8948,178,197,518
86834,2026-07-22,8948,178,198,518
86835,2026-07-22,8990,178,195,519
86836,2026-07-22,8990,178,196,519
86837,2026-07-22,8990,178,197,519
86838,2026-07-22,8990,178,198,519
86839,2026-07-22,9006,178,195,518
86840,2026-07-22,9006,178,196,518
86841,2026-07-22,9006,178,197,518
86842,2026-07-22,9006,178,198,518
86843,2026-07-22,9207,178,195,519
86844,2026-07-22,9207,178,196,519
86845,2026-07-22,9207,178,197,519
86846,2026-07-22,9207,178,198,519
86847,2026-07-22,9168,178,195,518
86848,2026-07-22,9168,178,196,518
86849,2026-07-22,9168,178,197,518
86850,2026-07-22,9168,178,198,518
86851,2026-07-22,9235,178,195,519
86852,2026-07-22,9235,178,196,519
86853,2026-07-22,9235,178,197,519
86854,2026-07-22,9235,178,198,519
86855,2026-07-22,8959,178,195,518
86856,2026-07-22,8959,178,196,518
86857,2026-07-22,8959,178,197,518
86858,2026-07-22,8959,178,198,518
86859,2026-07-22,9047,178,195,519
86860,2026-07-22,9047,178,196,519
86861,2026-07-22,9047,178,197,519
86862,2026-07-22,9047,178,198,519
86863,2026-07-22,9291,178,195,518
86864,2026-07-22,9291,178,196,518
86865,2026-07-22,9291,178,197,518
86866,2026-07-22,9291,178,198,518
86867,2026-07-22,9099,178,195,519
86868,2026-07-22,9099,178,196,519
86869,2026-07-22,9099,178,197,519
86870,2026-07-22,9099,178,198,519
86871,2026-07-22,9112,178,195,518
86872,2026-07-22,9112,178,196,518
86873,2026-07-22,9112,178,197,518
86874,2026-07-22,9112,178,198,518
86875,2026-07-22,9178,178,195,519
86876,2026-07-22,9178,178,196,519
86877,2026-07-22,9178,178,197,519
86878,2026-07-22,9178,178,198,519
86879,2026-07-22,9062,178,195,518
86880,2026-07-22,9062,178,196,518
86881,2026-07-22,9062,178,197,518
86882,2026-07-22,9062,178,198,518
86883,2026-07-22,9256,178,195,519
86884,2026-07-22,9256,178,196,519
86885,2026-07-22,9256,178,197,519
86886,2026-07-22,9256,178,198,519
86887,2026-07-22,9033,178,195,518
86888,2026-07-22,9033,178,196,518
86889,2026-07-22,9033,178,197,518
86890,2026-07-22,9033,178,198,518
86891,2026-07-22,9067,178,195,519
86892,2026-07-22,9067,178,196,519
86893,2026-07-22,9067,178,197,519
86894,2026-07-22,9067,178,198,519
86895,2026-07-22,9303,178,195,518
86896,2026-07-22,9303,178,196,518
86897,2026-07-22,9303,178,197,518
86898,2026-07-22,9303,178,198,518
86899,2026-07-22,9090,178,195,519
86900,2026-07-22,9090,178,196,519
86901,2026-07-22,9090,178,197,519
86902,2026-07-22,9090,178,198,519
86903,2026-07-22,9017,178,195,518
86904,2026-07-22,9017,178,196,518
86905,2026-07-22,9017,178,197,518
86906,2026-07-22,9017,178,198,518
86907,2026-07-22,9104,179,195,520
86908,2026-07-22,9104,179,196,520
86909,2026-07-22,9104,179,197,520
86910,2026-07-22,9104,179,198,520
86911,2026-07-22,9103,179,195,521
86912,2026-07-22,9103,179,196,521
86913,2026-07-22,9103,179,197,521
86914,2026-07-22,9103,179,198,521
86915,2026-07-22,9083,179,195,520
86916,2026-07-22,9083,179,196,520
86917,2026-07-22,9083,179,197,520
86918,2026-07-22,9083,179,198,520
86919,2026-07-22,9245,179,195,521
86920,2026-07-22,9245,179,196,521
86921,2026-07-22,9245,179,197,521
86922,2026-07-22,9245,179,198,521
86923,2026-07-22,9274,179,195,520
86924,2026-07-22,9274,179,196,520
86925,2026-07-22,9274,179,197,520
86926,2026-07-22,9274,179,198,520
86927,2026-07-22,9024,179,195,521
86928,2026-07-22,9024,179,196,521
86929,2026-07-22,9024,179,197,521
86930,2026-07-22,9024,179,198,521
86931,2026-07-22,9321,179,195,520
86932,2026-07-22,9321,179,196,520
86933,2026-07-22,9321,179,197,520
86934,2026-07-22,9321,179,198,520
86935,2026-07-22,9266,179,195,521
86936,2026-07-22,9266,179,196,521
86937,2026-07-22,9266,179,197,521
86938,2026-07-22,9266,179,198,521
86939,2026-07-22,9040,179,195,520
86940,2026-07-22,9040,179,196,520
86941,2026-07-22,9040,179,197,520
86942,2026-07-22,9040,179,198,520
86943,2026-07-22,9127,179,195,521
86944,2026-07-22,9127,179,196,521
86945,2026-07-22,9127,179,197,521
86946,2026-07-22,9127,179,198,521
86947,2026-07-22,9175,179,195,520
86948,2026-07-22,9175,179,196,520
86949,2026-07-22,9175,179,197,520
86950,2026-07-22,9175,179,198,520
86951,2026-07-22,9167,179,195,521
86952,2026-07-22,9167,179,196,521
86953,2026-07-22,9167,179,197,521
86954,2026-07-22,9167,179,198,521
86955,2026-07-22,9049,179,195,520
86956,2026-07-22,9049,179,196,520
86957,2026-07-22,9049,179,197,520
86958,2026-07-22,9049,179,198,520
86959,2026-07-22,8955,179,195,521
86960,2026-07-22,8955,179,196,521
86961,2026-07-22,8955,179,197,521
86962,2026-07-22,8955,179,198,521
86963,2026-07-22,9226,179,195,520
86964,2026-07-22,9226,179,196,520
86965,2026-07-22,9226,179,197,520
86966,2026-07-22,9226,179,198,520
86967,2026-07-22,9230,179,195,521
86968,2026-07-22,9230,179,196,521
86969,2026-07-22,9230,179,197,521
86970,2026-07-22,9230,179,198,521
86971,2026-07-22,8941,179,195,520
86972,2026-07-22,8941,179,196,520
86973,2026-07-22,8941,179,197,520
86974,2026-07-22,8941,179,198,520
86975,2026-07-22,9022,179,195,521
86976,2026-07-22,9022,179,196,521
86977,2026-07-22,9022,179,197,521
86978,2026-07-22,9022,179,198,521
86979,2026-07-22,9203,179,195,520
86980,2026-07-22,9203,179,196,520
86981,2026-07-22,9203,179,197,520
86982,2026-07-22,9203,179,198,520
86983,2026-07-22,9055,179,195,521
86984,2026-07-22,9055,179,196,521
86985,2026-07-22,9055,179,197,521
86986,2026-07-22,9055,179,198,521
86987,2026-07-22,9217,179,195,520
86988,2026-07-22,9217,179,196,520
86989,2026-07-22,9217,179,197,520
86990,2026-07-22,9217,179,198,520
86991,2026-07-22,9196,179,195,521
86992,2026-07-22,9196,179,196,521
86993,2026-07-22,9196,179,197,521
86994,2026-07-22,9196,179,198,521
86995,2026-07-22,9126,179,195,520
86996,2026-07-22,9126,179,196,520
86997,2026-07-22,9126,179,197,520
86998,2026-07-22,9126,179,198,520
86999,2026-07-22,9007,179,195,521
87000,2026-07-22,9007,179,196,521
87001,2026-07-22,9007,179,197,521
87002,2026-07-22,9007,179,198,521
87003,2026-07-22,9188,179,195,520
87004,2026-07-22,9188,179,196,520
87005,2026-07-22,9188,179,197,520
87006,2026-07-22,9188,179,198,520
87007,2026-07-22,9072,179,195,521
87008,2026-07-22,9072,179,196,521
87009,2026-07-22,9072,179,197,521
87010,2026-07-22,9072,179,198,521
87011,2026-07-22,9233,179,195,520
87012,2026-07-22,9233,179,196,520
87013,2026-07-22,9233,179,197,520
87014,2026-07-22,9233,179,198,520
87015,2026-07-22,9091,179,195,521
87016,2026-07-22,9091,179,196,521
87017,2026-07-22,9091,179,197,521
87018,2026-07-22,9091,179,198,521
87019,2026-07-22,8986,179,195,520
87020,2026-07-22,8986,179,196,520
87021,2026-07-22,8986,179,197,520
87022,2026-07-22,8986,179,198,520
87023,2026-07-22,8957,179,195,521
87024,2026-07-22,8957,179,196,521
87025,2026-07-22,8957,179,197,521
87026,2026-07-22,8957,179,198,521
87027,2026-07-22,9169,179,195,520
87028,2026-07-22,9169,179,196,520
87029,2026-07-22,9169,179,197,520
87030,2026-07-22,9169,179,198,520
87031,2026-07-22,9139,179,195,521
87032,2026-07-22,9139,179,196,521
87033,2026-07-22,9139,179,197,521
87034,2026-07-22,9139,179,198,521
87035,2026-07-22,9258,179,195,520
87036,2026-07-22,9258,179,196,520
87037,2026-07-22,9258,179,197,520
87038,2026-07-22,9258,179,198,520
