id,monto,fecha,concepto,comprobante,estudiante_id
116176,350,2024-04-02,Pensión Escolar - Marzo 2024,B001-2024039322,9322
116177,350,2024-05-03,Pensión Escolar - Abril 2024,B001-2024049322,9322
116178,350,2024-05-31,Pensión Escolar - Mayo 2024,B001-2024059322,9322
116179,350,2024-06-28,Pensión Escolar - Junio 2024,B001-2024069322,9322
116180,350,2024-07-23,Pensión Escolar - Julio 2024,B001-2024079322,9322
116181,350,2024-08-26,Pensión Escolar - Agosto 2024,B001-2024089322,9322
116182,350,2024-09-24,Pensión Escolar - Setiembre 2024,B001-2024099322,9322
116183,350,2024-10-18,Pensión Escolar - Octubre 2024,B001-2024109322,9322
116184,350,2024-11-22,Pensión Escolar - Noviembre 2024,B001-2024119322,9322
116185,350,2024-03-19,Pensión Escolar - Marzo 2024,B001-2024039148,9148
116186,350,2024-04-22,Pensión Escolar - Abril 2024,B001-2024049148,9148
116187,350,2024-05-31,Pensión Escolar - Mayo 2024,B001-2024059148,9148
116188,350,2024-06-25,Pensión Escolar - Junio 2024,B001-2024069148,9148
116189,350,2024-07-26,Pensión Escolar - Julio 2024,B001-2024079148,9148
116190,350,2024-08-21,Pensión Escolar - Agosto 2024,B001-2024089148,9148
116191,350,2024-09-27,Pensión Escolar - Setiembre 2024,B001-2024099148,9148
116192,350,2024-10-28,Pensión Escolar - Octubre 2024,B001-2024109148,9148
116193,350,2024-11-22,Pensión Escolar - Noviembre 2024,B001-2024119148,9148
116194,350,2024-12-26,Pensión Escolar - Diciembre 2024,B001-2024129148,9148
116195,350,2024-03-29,Pensión Escolar - Marzo 2024,B001-2024038991,8991
116196,350,2024-04-29,Pensión Escolar - Abril 2024,B001-2024048991,8991
116197,350,2024-05-23,Pensión Escolar - Mayo 2024,B001-2024058991,8991
116198,350,2024-06-28,Pensión Escolar - Junio 2024,B001-2024068991,8991
116199,350,2024-07-26,Pensión Escolar - Julio 2024,B001-2024078991,8991
116200,350,2024-08-30,Pensión Escolar - Agosto 2024,B001-2024088991,8991
116201,350,2024-10-01,Pensión Escolar - Setiembre 2024,B001-2024098991,8991
116202,350,2024-10-18,Pensión Escolar - Octubre 2024,B001-2024108991,8991
116203,350,2024-11-25,Pensión Escolar - Noviembre 2024,B001-2024118991,8991
116204,350,2025-01-02,Pensión Escolar - Diciembre 2024,B001-2024128991,8991
116205,350,2024-03-26,Pensión Escolar - Marzo 2024,B001-2024038952,8952
116206,350,2024-04-19,Pensión Escolar - Abril 2024,B001-2024048952,8952
116207,350,2024-05-28,Pensión Escolar - Mayo 2024,B001-2024058952,8952
116208,350,2024-06-28,Pensión Escolar - Junio 2024,B001-2024068952,8952
116209,350,2024-07-31,Pensión Escolar - Julio 2024,B001-2024078952,8952
116210,350,2024-09-02,Pensión Escolar - Agosto 2024,B001-2024088952,8952
116211,350,2024-09-20,Pensión Escolar - Setiembre 2024,B001-2024098952,8952
116212,350,2024-11-01,Pensión Escolar - Octubre 2024,B001-2024108952,8952
116213,350,2024-11-19,Pensión Escolar - Noviembre 2024,B001-2024118952,8952
116214,350,2024-12-25,Pensión Escolar - Diciembre 2024,B001-2024128952,8952
116215,350,2024-03-27,Pensión Escolar - Marzo 2024,B001-2024039280,9280
116216,350,2024-04-19,Pensión Escolar - Abril 2024,B001-2024049280,9280
116217,350,2024-05-31,Pensión Escolar - Mayo 2024,B001-2024059280,9280
116218,350,2024-06-21,Pensión Escolar - Junio 2024,B001-2024069280,9280
116219,350,2024-07-23,Pensión Escolar - Julio 2024,B001-2024079280,9280
116220,350,2024-08-22,Pensión Escolar - Agosto 2024,B001-2024089280,9280
116221,350,2024-09-27,Pensión Escolar - Setiembre 2024,B001-2024099280,9280
116222,350,2024-10-25,Pensión Escolar - Octubre 2024,B001-2024109280,9280
116223,350,2024-11-27,Pensión Escolar - Noviembre 2024,B001-2024119280,9280
116224,350,2024-12-20,Pensión Escolar - Diciembre 2024,B001-2024129280,9280
116225,350,2024-03-22,Pensión Escolar - Marzo 2024,B001-2024039034,9034
116226,350,2024-05-02,Pensión Escolar - Abril 2024,B001-2024049034,9034
116227,350,2024-05-31,Pensión Escolar - Mayo 2024,B001-2024059034,9034
116228,350,2024-06-26,Pensión Escolar - Junio 2024,B001-2024069034,9034
116229,350,2024-07-22,Pensión Escolar - Julio 2024,B001-2024079034,9034
116230,350,2024-08-29,Pensión Escolar - Agosto 2024,B001-2024089034,9034
116231,350,2024-09-30,Pensión Escolar - Setiembre 2024,B001-2024099034,9034
116232,350,2024-11-01,Pensión Escolar - Octubre 2024,B001-2024109034,9034
116233,350,2024-11-29,Pensión Escolar - Noviembre 2024,B001-2024119034,9034
116234,350,2024-12-30,Pensión Escolar - Diciembre 2024,B001-2024129034,9034
116235,350,2024-03-26,Pensión Escolar - Marzo 2024,B001-2024039279,9279
116236,350,2024-04-30,Pensión Escolar - Abril 2024,B001-2024049279,9279
116237,350,2024-05-27,Pensión Escolar - Mayo 2024,B001-2024059279,9279
116238,350,2024-06-26,Pensión Escolar - Junio 2024,B001-2024069279,9279
116239,350,2024-07-26,Pensión Escolar - Julio 2024,B001-2024079279,9279
116240,350,2024-09-02,Pensión Escolar - Agosto 2024,B001-2024089279,9279
116241,350,2024-10-01,Pensión Escolar - Setiembre 2024,B001-2024099279,9279
116242,350,2024-10-21,Pensión Escolar - Octubre 2024,B001-2024109279,9279
116243,350,2024-11-21,Pensión Escolar - Noviembre 2024,B001-2024119279,9279
116244,350,2024-12-18,Pensión Escolar - Diciembre 2024,B001-2024129279,9279
116245,350,2024-03-22,Pensión Escolar - Marzo 2024,B001-2024039123,9123
116246,350,2024-04-19,Pensión Escolar - Abril 2024,B001-2024049123,9123
116247,350,2024-05-17,Pensión Escolar - Mayo 2024,B001-2024059123,9123
116248,350,2024-06-21,Pensión Escolar - Junio 2024,B001-2024069123,9123
116249,350,2024-07-19,Pensión Escolar - Julio 2024,B001-2024079123,9123
116250,350,2024-08-29,Pensión Escolar - Agosto 2024,B001-2024089123,9123
116251,350,2024-09-27,Pensión Escolar - Setiembre 2024,B001-2024099123,9123
116252,350,2024-10-28,Pensión Escolar - Octubre 2024,B001-2024109123,9123
116253,350,2024-11-25,Pensión Escolar - Noviembre 2024,B001-2024119123,9123
116254,350,2024-12-26,Pensión Escolar - Diciembre 2024,B001-2024129123,9123
116255,350,2024-03-27,Pensión Escolar - Marzo 2024,B001-2024039309,9309
116256,350,2024-04-19,Pensión Escolar - Abril 2024,B001-2024049309,9309
116257,350,2024-05-24,Pensión Escolar - Mayo 2024,B001-2024059309,9309
116258,350,2024-06-25,Pensión Escolar - Junio 2024,B001-2024069309,9309
116259,350,2024-07-19,Pensión Escolar - Julio 2024,B001-2024079309,9309
116260,350,2024-08-26,Pensión Escolar - Agosto 2024,B001-2024089309,9309
116261,350,2024-10-18,Pensión Escolar - Octubre 2024,B001-2024109309,9309
116262,350,2024-11-25,Pensión Escolar - Noviembre 2024,B001-2024119309,9309
116263,350,2025-01-01,Pensión Escolar - Diciembre 2024,B001-2024129309,9309
116264,350,2024-03-28,Pensión Escolar - Marzo 2024,B001-2024039272,9272
116265,350,2024-05-01,Pensión Escolar - Abril 2024,B001-2024049272,9272
116266,350,2024-05-31,Pensión Escolar - Mayo 2024,B001-2024059272,9272
116267,350,2024-07-03,Pensión Escolar - Junio 2024,B001-2024069272,9272
116268,350,2024-07-19,Pensión Escolar - Julio 2024,B001-2024079272,9272
116269,350,2024-08-30,Pensión Escolar - Agosto 2024,B001-2024089272,9272
116270,350,2024-09-19,Pensión Escolar - Setiembre 2024,B001-2024099272,9272
116271,350,2024-10-28,Pensión Escolar - Octubre 2024,B001-2024109272,9272
116272,350,2024-12-02,Pensión Escolar - Noviembre 2024,B001-2024119272,9272
116273,350,2024-12-31,Pensión Escolar - Diciembre 2024,B001-2024129272,9272
116274,350,2024-03-28,Pensión Escolar - Marzo 2024,B001-2024039018,9018
116275,350,2024-04-24,Pensión Escolar - Abril 2024,B001-2024049018,9018
116276,350,2024-05-24,Pensión Escolar - Mayo 2024,B001-2024059018,9018
116277,350,2024-06-21,Pensión Escolar - Junio 2024,B001-2024069018,9018
116278,350,2024-08-01,Pensión Escolar - Julio 2024,B001-2024079018,9018
116279,350,2024-09-02,Pensión Escolar - Agosto 2024,B001-2024089018,9018
116280,350,2024-09-20,Pensión Escolar - Setiembre 2024,B001-2024099018,9018
116281,350,2024-10-21,Pensión Escolar - Octubre 2024,B001-2024109018,9018
116282,350,2024-11-21,Pensión Escolar - Noviembre 2024,B001-2024119018,9018
116283,350,2024-12-20,Pensión Escolar - Diciembre 2024,B001-2024129018,9018
116284,350,2024-03-18,Pensión Escolar - Marzo 2024,B001-2024039246,9246
116285,350,2024-04-30,Pensión Escolar - Abril 2024,B001-2024049246,9246
116286,350,2024-05-31,Pensión Escolar - Mayo 2024,B001-2024059246,9246
116287,350,2024-06-18,Pensión Escolar - Junio 2024,B001-2024069246,9246
116288,350,2024-08-01,Pensión Escolar - Julio 2024,B001-2024079246,9246
116289,350,2024-08-26,Pensión Escolar - Agosto 2024,B001-2024089246,9246
116290,350,2024-09-24,Pensión Escolar - Setiembre 2024,B001-2024099246,9246
116291,350,2024-10-22,Pensión Escolar - Octubre 2024,B001-2024109246,9246
116292,350,2024-11-29,Pensión Escolar - Noviembre 2024,B001-2024119246,9246
116293,350,2024-12-18,Pensión Escolar - Diciembre 2024,B001-2024129246,9246
116294,350,2024-03-22,Pensión Escolar - Marzo 2024,B001-2024039287,9287
116295,350,2024-04-23,Pensión Escolar - Abril 2024,B001-2024049287,9287
116296,350,2024-05-28,Pensión Escolar - Mayo 2024,B001-2024059287,9287
116297,350,2024-06-24,Pensión Escolar - Junio 2024,B001-2024069287,9287
116298,350,2024-07-19,Pensión Escolar - Julio 2024,B001-2024079287,9287
116299,350,2024-08-28,Pensión Escolar - Agosto 2024,B001-2024089287,9287
116300,350,2024-09-20,Pensión Escolar - Setiembre 2024,B001-2024099287,9287
116301,350,2024-10-21,Pensión Escolar - Octubre 2024,B001-2024109287,9287
116302,350,2024-11-20,Pensión Escolar - Noviembre 2024,B001-2024119287,9287
116303,350,2024-12-24,Pensión Escolar - Diciembre 2024,B001-2024129287,9287
116304,350,2024-03-28,Pensión Escolar - Marzo 2024,B001-2024038961,8961
116305,350,2024-04-23,Pensión Escolar - Abril 2024,B001-2024048961,8961
116306,350,2024-05-27,Pensión Escolar - Mayo 2024,B001-2024058961,8961
116307,350,2024-06-28,Pensión Escolar - Junio 2024,B001-2024068961,8961
116308,350,2024-07-26,Pensión Escolar - Julio 2024,B001-2024078961,8961
116309,350,2024-08-30,Pensión Escolar - Agosto 2024,B001-2024088961,8961
116310,350,2024-09-20,Pensión Escolar - Setiembre 2024,B001-2024098961,8961
116311,350,2024-10-25,Pensión Escolar - Octubre 2024,B001-2024108961,8961
116312,350,2024-11-20,Pensión Escolar - Noviembre 2024,B001-2024118961,8961
116313,350,2024-12-31,Pensión Escolar - Diciembre 2024,B001-2024128961,8961
116314,350,2024-03-29,Pensión Escolar - Marzo 2024,B001-2024039300,9300
116315,350,2024-04-29,Pensión Escolar - Abril 2024,B001-2024049300,9300
116316,350,2024-05-31,Pensión Escolar - Mayo 2024,B001-2024059300,9300
116317,350,2024-06-28,Pensión Escolar - Junio 2024,B001-2024069300,9300
116318,350,2024-08-02,Pensión Escolar - Julio 2024,B001-2024079300,9300
116319,350,2024-09-24,Pensión Escolar - Setiembre 2024,B001-2024099300,9300
116320,350,2024-11-29,Pensión Escolar - Noviembre 2024,B001-2024119300,9300
116321,350,2024-12-23,Pensión Escolar - Diciembre 2024,B001-2024129300,9300
116322,350,2024-03-29,Pensión Escolar - Marzo 2024,B001-2024038968,8968
116323,350,2024-05-02,Pensión Escolar - Abril 2024,B001-2024048968,8968
116324,350,2024-05-17,Pensión Escolar - Mayo 2024,B001-2024058968,8968
116325,350,2024-06-18,Pensión Escolar - Junio 2024,B001-2024068968,8968
116326,350,2024-07-19,Pensión Escolar - Julio 2024,B001-2024078968,8968
116327,350,2024-08-23,Pensión Escolar - Agosto 2024,B001-2024088968,8968
116328,350,2024-10-01,Pensión Escolar - Setiembre 2024,B001-2024098968,8968
116329,350,2024-10-18,Pensión Escolar - Octubre 2024,B001-2024108968,8968
116330,350,2024-11-20,Pensión Escolar - Noviembre 2024,B001-2024118968,8968
116331,350,2024-12-25,Pensión Escolar - Diciembre 2024,B001-2024128968,8968
116332,350,2024-03-19,Pensión Escolar - Marzo 2024,B001-2024039107,9107
116333,350,2024-04-22,Pensión Escolar - Abril 2024,B001-2024049107,9107
116334,350,2024-05-27,Pensión Escolar - Mayo 2024,B001-2024059107,9107
116335,350,2024-07-01,Pensión Escolar - Junio 2024,B001-2024069107,9107
116336,350,2024-07-19,Pensión Escolar - Julio 2024,B001-2024079107,9107
116337,350,2024-08-23,Pensión Escolar - Agosto 2024,B001-2024089107,9107
116338,350,2024-10-01,Pensión Escolar - Setiembre 2024,B001-2024099107,9107
116339,350,2024-10-25,Pensión Escolar - Octubre 2024,B001-2024109107,9107
116340,350,2024-11-22,Pensión Escolar - Noviembre 2024,B001-2024119107,9107
116341,350,2024-12-20,Pensión Escolar - Diciembre 2024,B001-2024129107,9107
116342,350,2024-03-28,Pensión Escolar - Marzo 2024,B001-2024039307,9307
116343,350,2024-04-22,Pensión Escolar - Abril 2024,B001-2024049307,9307
116344,350,2024-05-24,Pensión Escolar - Mayo 2024,B001-2024059307,9307
116345,350,2024-06-25,Pensión Escolar - Junio 2024,B001-2024069307,9307
116346,350,2024-07-19,Pensión Escolar - Julio 2024,B001-2024079307,9307
116347,350,2024-09-18,Pensión Escolar - Setiembre 2024,B001-2024099307,9307
116348,350,2024-10-30,Pensión Escolar - Octubre 2024,B001-2024109307,9307
116349,350,2024-11-26,Pensión Escolar - Noviembre 2024,B001-2024119307,9307
116350,350,2025-01-02,Pensión Escolar - Diciembre 2024,B001-2024129307,9307
116351,350,2024-03-22,Pensión Escolar - Marzo 2024,B001-2024038983,8983
116352,350,2024-05-02,Pensión Escolar - Abril 2024,B001-2024048983,8983
116353,350,2024-05-17,Pensión Escolar - Mayo 2024,B001-2024058983,8983
116354,350,2024-06-25,Pensión Escolar - Junio 2024,B001-2024068983,8983
116355,350,2024-07-30,Pensión Escolar - Julio 2024,B001-2024078983,8983
116356,350,2024-08-27,Pensión Escolar - Agosto 2024,B001-2024088983,8983
116357,350,2024-09-25,Pensión Escolar - Setiembre 2024,B001-2024098983,8983
116358,350,2024-10-25,Pensión Escolar - Octubre 2024,B001-2024108983,8983
116359,350,2024-11-22,Pensión Escolar - Noviembre 2024,B001-2024118983,8983
116360,350,2025-01-01,Pensión Escolar - Diciembre 2024,B001-2024128983,8983
116361,350,2024-03-18,Pensión Escolar - Marzo 2024,B001-2024039146,9146
116362,350,2024-04-26,Pensión Escolar - Abril 2024,B001-2024049146,9146
116363,350,2024-05-31,Pensión Escolar - Mayo 2024,B001-2024059146,9146
116364,350,2024-06-21,Pensión Escolar - Junio 2024,B001-2024069146,9146
116365,350,2024-07-30,Pensión Escolar - Julio 2024,B001-2024079146,9146
116366,350,2024-08-30,Pensión Escolar - Agosto 2024,B001-2024089146,9146
116367,350,2024-09-25,Pensión Escolar - Setiembre 2024,B001-2024099146,9146
116368,350,2024-10-31,Pensión Escolar - Octubre 2024,B001-2024109146,9146
116369,350,2024-12-03,Pensión Escolar - Noviembre 2024,B001-2024119146,9146
116370,350,2024-12-19,Pensión Escolar - Diciembre 2024,B001-2024129146,9146
116371,350,2024-04-19,Pensión Escolar - Abril 2024,B001-2024049317,9317
116372,350,2024-05-29,Pensión Escolar - Mayo 2024,B001-2024059317,9317
116373,350,2024-06-27,Pensión Escolar - Junio 2024,B001-2024069317,9317
116374,350,2024-08-02,Pensión Escolar - Julio 2024,B001-2024079317,9317
116375,350,2024-08-26,Pensión Escolar - Agosto 2024,B001-2024089317,9317
116376,350,2024-09-27,Pensión Escolar - Setiembre 2024,B001-2024099317,9317
116377,350,2024-10-18,Pensión Escolar - Octubre 2024,B001-2024109317,9317
116378,350,2024-12-30,Pensión Escolar - Diciembre 2024,B001-2024129317,9317
116379,350,2024-03-29,Pensión Escolar - Marzo 2024,B001-2024039127,9127
116380,350,2024-04-19,Pensión Escolar - Abril 2024,B001-2024049127,9127
116381,350,2024-05-21,Pensión Escolar - Mayo 2024,B001-2024059127,9127
116382,350,2024-06-24,Pensión Escolar - Junio 2024,B001-2024069127,9127
116383,350,2024-07-19,Pensión Escolar - Julio 2024,B001-2024079127,9127
116384,350,2024-08-20,Pensión Escolar - Agosto 2024,B001-2024089127,9127
116385,350,2024-09-18,Pensión Escolar - Setiembre 2024,B001-2024099127,9127
116386,350,2024-10-25,Pensión Escolar - Octubre 2024,B001-2024109127,9127
116387,350,2024-11-29,Pensión Escolar - Noviembre 2024,B001-2024119127,9127
116388,350,2024-12-25,Pensión Escolar - Diciembre 2024,B001-2024129127,9127
116389,350,2024-03-27,Pensión Escolar - Marzo 2024,B001-2024039257,9257
116390,350,2024-05-02,Pensión Escolar - Abril 2024,B001-2024049257,9257
116391,350,2024-05-20,Pensión Escolar - Mayo 2024,B001-2024059257,9257
116392,350,2024-06-21,Pensión Escolar - Junio 2024,B001-2024069257,9257
116393,350,2024-07-19,Pensión Escolar - Julio 2024,B001-2024079257,9257
116394,350,2024-08-30,Pensión Escolar - Agosto 2024,B001-2024089257,9257
116395,350,2024-10-03,Pensión Escolar - Setiembre 2024,B001-2024099257,9257
116396,350,2024-10-18,Pensión Escolar - Octubre 2024,B001-2024109257,9257
116397,350,2024-11-27,Pensión Escolar - Noviembre 2024,B001-2024119257,9257
116398,350,2024-12-27,Pensión Escolar - Diciembre 2024,B001-2024129257,9257
116399,350,2024-03-20,Pensión Escolar - Marzo 2024,B001-2024039085,9085
116400,350,2024-04-26,Pensión Escolar - Abril 2024,B001-2024049085,9085
116401,350,2024-05-21,Pensión Escolar - Mayo 2024,B001-2024059085,9085
116402,350,2024-06-24,Pensión Escolar - Junio 2024,B001-2024069085,9085
116403,350,2024-07-25,Pensión Escolar - Julio 2024,B001-2024079085,9085
116404,350,2024-08-22,Pensión Escolar - Agosto 2024,B001-2024089085,9085
116405,350,2024-09-19,Pensión Escolar - Setiembre 2024,B001-2024099085,9085
116406,350,2024-10-24,Pensión Escolar - Octubre 2024,B001-2024109085,9085
116407,350,2024-11-21,Pensión Escolar - Noviembre 2024,B001-2024119085,9085
116408,350,2024-12-26,Pensión Escolar - Diciembre 2024,B001-2024129085,9085
116409,350,2024-03-21,Pensión Escolar - Marzo 2024,B001-2024039230,9230
116410,350,2024-04-18,Pensión Escolar - Abril 2024,B001-2024049230,9230
116411,350,2024-05-27,Pensión Escolar - Mayo 2024,B001-2024059230,9230
116412,350,2024-06-24,Pensión Escolar - Junio 2024,B001-2024069230,9230
116413,350,2024-07-31,Pensión Escolar - Julio 2024,B001-2024079230,9230
116414,350,2024-09-02,Pensión Escolar - Agosto 2024,B001-2024089230,9230
116415,350,2024-09-20,Pensión Escolar - Setiembre 2024,B001-2024099230,9230
116416,350,2024-10-21,Pensión Escolar - Octubre 2024,B001-2024109230,9230
116417,350,2024-11-29,Pensión Escolar - Noviembre 2024,B001-2024119230,9230
116418,350,2024-12-27,Pensión Escolar - Diciembre 2024,B001-2024129230,9230
116419,350,2024-03-22,Pensión Escolar - Marzo 2024,B001-2024039056,9056
116420,350,2024-04-19,Pensión Escolar - Abril 2024,B001-2024049056,9056
116421,350,2024-06-21,Pensión Escolar - Junio 2024,B001-2024069056,9056
116422,350,2024-07-29,Pensión Escolar - Julio 2024,B001-2024079056,9056
116423,350,2024-08-28,Pensión Escolar - Agosto 2024,B001-2024089056,9056
116424,350,2024-09-26,Pensión Escolar - Setiembre 2024,B001-2024099056,9056
116425,350,2024-11-01,Pensión Escolar - Octubre 2024,B001-2024109056,9056
116426,350,2024-11-18,Pensión Escolar - Noviembre 2024,B001-2024119056,9056
116427,350,2024-12-25,Pensión Escolar - Diciembre 2024,B001-2024129056,9056
116428,350,2024-04-02,Pensión Escolar - Marzo 2024,B001-2024039176,9176
116429,350,2024-04-19,Pensión Escolar - Abril 2024,B001-2024049176,9176
116430,350,2024-05-31,Pensión Escolar - Mayo 2024,B001-2024059176,9176
116431,350,2024-07-01,Pensión Escolar - Junio 2024,B001-2024069176,9176
116432,350,2024-07-29,Pensión Escolar - Julio 2024,B001-2024079176,9176
116433,350,2024-08-26,Pensión Escolar - Agosto 2024,B001-2024089176,9176
116434,350,2024-09-30,Pensión Escolar - Setiembre 2024,B001-2024099176,9176
116435,350,2024-10-21,Pensión Escolar - Octubre 2024,B001-2024109176,9176
116436,350,2024-11-22,Pensión Escolar - Noviembre 2024,B001-2024119176,9176
116437,350,2024-12-20,Pensión Escolar - Diciembre 2024,B001-2024129176,9176
116438,350,2024-03-20,Pensión Escolar - Marzo 2024,B001-2024039240,9240
116439,350,2024-04-18,Pensión Escolar - Abril 2024,B001-2024049240,9240
116440,350,2024-05-20,Pensión Escolar - Mayo 2024,B001-2024059240,9240
116441,350,2024-06-20,Pensión Escolar - Junio 2024,B001-2024069240,9240
116442,350,2024-07-31,Pensión Escolar - Julio 2024,B001-2024079240,9240
116443,350,2024-08-27,Pensión Escolar - Agosto 2024,B001-2024089240,9240
116444,350,2024-09-27,Pensión Escolar - Setiembre 2024,B001-2024099240,9240
116445,350,2024-10-30,Pensión Escolar - Octubre 2024,B001-2024109240,9240
116446,350,2024-11-28,Pensión Escolar - Noviembre 2024,B001-2024119240,9240
116447,350,2024-12-31,Pensión Escolar - Diciembre 2024,B001-2024129240,9240
116448,350,2024-03-25,Pensión Escolar - Marzo 2024,B001-2024039190,9190
116449,350,2024-04-23,Pensión Escolar - Abril 2024,B001-2024049190,9190
116450,350,2024-05-31,Pensión Escolar - Mayo 2024,B001-2024059190,9190
116451,350,2024-06-20,Pensión Escolar - Junio 2024,B001-2024069190,9190
116452,350,2024-07-19,Pensión Escolar - Julio 2024,B001-2024079190,9190
116453,350,2024-08-22,Pensión Escolar - Agosto 2024,B001-2024089190,9190
116454,350,2024-09-27,Pensión Escolar - Setiembre 2024,B001-2024099190,9190
116455,350,2024-10-25,Pensión Escolar - Octubre 2024,B001-2024109190,9190
116456,350,2024-11-22,Pensión Escolar - Noviembre 2024,B001-2024119190,9190
116457,350,2024-12-23,Pensión Escolar - Diciembre 2024,B001-2024129190,9190
116458,350,2024-03-22,Pensión Escolar - Marzo 2024,B001-2024039204,9204
116459,350,2024-04-25,Pensión Escolar - Abril 2024,B001-2024049204,9204
116460,350,2024-05-31,Pensión Escolar - Mayo 2024,B001-2024059204,9204
116461,350,2024-06-28,Pensión Escolar - Junio 2024,B001-2024069204,9204
116462,350,2024-07-24,Pensión Escolar - Julio 2024,B001-2024079204,9204
116463,350,2024-08-23,Pensión Escolar - Agosto 2024,B001-2024089204,9204
116464,350,2024-09-20,Pensión Escolar - Setiembre 2024,B001-2024099204,9204
116465,350,2024-10-25,Pensión Escolar - Octubre 2024,B001-2024109204,9204
116466,350,2024-11-25,Pensión Escolar - Noviembre 2024,B001-2024119204,9204
116467,350,2024-12-27,Pensión Escolar - Diciembre 2024,B001-2024129204,9204
116468,350,2024-03-22,Pensión Escolar - Marzo 2024,B001-2024039002,9002
116469,350,2024-05-02,Pensión Escolar - Abril 2024,B001-2024049002,9002
116470,350,2024-05-31,Pensión Escolar - Mayo 2024,B001-2024059002,9002
116471,350,2024-06-28,Pensión Escolar - Junio 2024,B001-2024069002,9002
116472,350,2024-07-19,Pensión Escolar - Julio 2024,B001-2024079002,9002
116473,350,2024-08-23,Pensión Escolar - Agosto 2024,B001-2024089002,9002
116474,350,2024-09-20,Pensión Escolar - Setiembre 2024,B001-2024099002,9002
116475,350,2024-10-30,Pensión Escolar - Octubre 2024,B001-2024109002,9002
116476,350,2024-11-29,Pensión Escolar - Noviembre 2024,B001-2024119002,9002
116477,350,2024-12-27,Pensión Escolar - Diciembre 2024,B001-2024129002,9002
116478,350,2024-03-27,Pensión Escolar - Marzo 2024,B001-2024039278,9278
116479,350,2024-04-26,Pensión Escolar - Abril 2024,B001-2024049278,9278
116480,350,2024-05-23,Pensión Escolar - Mayo 2024,B001-2024059278,9278
116481,350,2024-06-27,Pensión Escolar - Junio 2024,B001-2024069278,9278
116482,350,2024-07-19,Pensión Escolar - Julio 2024,B001-2024079278,9278
116483,350,2024-08-28,Pensión Escolar - Agosto 2024,B001-2024089278,9278
116484,350,2024-09-24,Pensión Escolar - Setiembre 2024,B001-2024099278,9278
116485,350,2024-10-18,Pensión Escolar - Octubre 2024,B001-2024109278,9278
116486,350,2024-11-29,Pensión Escolar - Noviembre 2024,B001-2024119278,9278
116487,350,2024-12-30,Pensión Escolar - Diciembre 2024,B001-2024129278,9278
116488,350,2024-03-22,Pensión Escolar - Marzo 2024,B001-2024039202,9202
116489,350,2024-04-29,Pensión Escolar - Abril 2024,B001-2024049202,9202
116490,350,2024-05-24,Pensión Escolar - Mayo 2024,B001-2024059202,9202
116491,350,2024-06-26,Pensión Escolar - Junio 2024,B001-2024069202,9202
116492,350,2024-07-24,Pensión Escolar - Julio 2024,B001-2024079202,9202
116493,350,2024-08-26,Pensión Escolar - Agosto 2024,B001-2024089202,9202
116494,350,2024-09-25,Pensión Escolar - Setiembre 2024,B001-2024099202,9202
116495,350,2024-10-18,Pensión Escolar - Octubre 2024,B001-2024109202,9202
116496,350,2024-11-29,Pensión Escolar - Noviembre 2024,B001-2024119202,9202
116497,350,2024-12-20,Pensión Escolar - Diciembre 2024,B001-2024129202,9202
116498,350,2024-03-28,Pensión Escolar - Marzo 2024,B001-2024039032,9032
116499,350,2024-04-30,Pensión Escolar - Abril 2024,B001-2024049032,9032
116500,350,2024-05-27,Pensión Escolar - Mayo 2024,B001-2024059032,9032
116501,350,2024-06-21,Pensión Escolar - Junio 2024,B001-2024069032,9032
116502,350,2024-07-31,Pensión Escolar - Julio 2024,B001-2024079032,9032
116503,350,2024-08-16,Pensión Escolar - Agosto 2024,B001-2024089032,9032
116504,350,2024-09-26,Pensión Escolar - Setiembre 2024,B001-2024099032,9032
116505,350,2024-10-25,Pensión Escolar - Octubre 2024,B001-2024109032,9032
116506,350,2024-11-29,Pensión Escolar - Noviembre 2024,B001-2024119032,9032
116507,350,2024-12-24,Pensión Escolar - Diciembre 2024,B001-2024129032,9032
116508,350,2024-03-29,Pensión Escolar - Marzo 2024,B001-2024039047,9047
116509,350,2024-04-19,Pensión Escolar - Abril 2024,B001-2024049047,9047
116510,350,2024-05-31,Pensión Escolar - Mayo 2024,B001-2024059047,9047
116511,350,2024-06-19,Pensión Escolar - Junio 2024,B001-2024069047,9047
116512,350,2024-07-23,Pensión Escolar - Julio 2024,B001-2024079047,9047
116513,350,2024-08-29,Pensión Escolar - Agosto 2024,B001-2024089047,9047
116514,350,2024-09-19,Pensión Escolar - Setiembre 2024,B001-2024099047,9047
116515,350,2024-10-18,Pensión Escolar - Octubre 2024,B001-2024109047,9047
116516,350,2024-11-29,Pensión Escolar - Noviembre 2024,B001-2024119047,9047
116517,350,2024-12-20,Pensión Escolar - Diciembre 2024,B001-2024129047,9047
116518,350,2024-03-29,Pensión Escolar - Marzo 2024,B001-2024039286,9286
116519,350,2024-04-19,Pensión Escolar - Abril 2024,B001-2024049286,9286
116520,350,2024-06-26,Pensión Escolar - Junio 2024,B001-2024069286,9286
116521,350,2024-07-19,Pensión Escolar - Julio 2024,B001-2024079286,9286
116522,350,2024-08-30,Pensión Escolar - Agosto 2024,B001-2024089286,9286
116523,350,2024-09-27,Pensión Escolar - Setiembre 2024,B001-2024099286,9286
116524,350,2024-10-21,Pensión Escolar - Octubre 2024,B001-2024109286,9286
116525,350,2024-11-18,Pensión Escolar - Noviembre 2024,B001-2024119286,9286
116526,350,2024-12-23,Pensión Escolar - Diciembre 2024,B001-2024129286,9286
116527,350,2024-03-28,Pensión Escolar - Marzo 2024,B001-2024039082,9082
116528,350,2024-04-26,Pensión Escolar - Abril 2024,B001-2024049082,9082
116529,350,2024-05-31,Pensión Escolar - Mayo 2024,B001-2024059082,9082
116530,350,2024-06-26,Pensión Escolar - Junio 2024,B001-2024069082,9082
116531,350,2024-07-23,Pensión Escolar - Julio 2024,B001-2024079082,9082
116532,350,2024-08-30,Pensión Escolar - Agosto 2024,B001-2024089082,9082
116533,350,2024-09-27,Pensión Escolar - Setiembre 2024,B001-2024099082,9082
116534,350,2024-10-30,Pensión Escolar - Octubre 2024,B001-2024109082,9082
116535,350,2024-11-22,Pensión Escolar - Noviembre 2024,B001-2024119082,9082
116536,350,2024-12-23,Pensión Escolar - Diciembre 2024,B001-2024129082,9082
116537,350,2024-03-29,Pensión Escolar - Marzo 2024,B001-2024039221,9221
116538,350,2024-04-29,Pensión Escolar - Abril 2024,B001-2024049221,9221
116539,350,2024-06-19,Pensión Escolar - Junio 2024,B001-2024069221,9221
116540,350,2024-07-19,Pensión Escolar - Julio 2024,B001-2024079221,9221
116541,350,2024-08-21,Pensión Escolar - Agosto 2024,B001-2024089221,9221
116542,350,2024-09-20,Pensión Escolar - Setiembre 2024,B001-2024099221,9221
116543,350,2024-10-18,Pensión Escolar - Octubre 2024,B001-2024109221,9221
116544,350,2024-11-20,Pensión Escolar - Noviembre 2024,B001-2024119221,9221
116545,350,2024-12-23,Pensión Escolar - Diciembre 2024,B001-2024129221,9221
116546,350,2024-04-23,Pensión Escolar - Abril 2024,B001-2024048995,8995
116547,350,2024-05-22,Pensión Escolar - Mayo 2024,B001-2024058995,8995
116548,350,2024-06-19,Pensión Escolar - Junio 2024,B001-2024068995,8995
116549,350,2024-07-18,Pensión Escolar - Julio 2024,B001-2024078995,8995
116550,350,2024-08-22,Pensión Escolar - Agosto 2024,B001-2024088995,8995
116551,350,2024-09-24,Pensión Escolar - Setiembre 2024,B001-2024098995,8995
116552,350,2024-10-31,Pensión Escolar - Octubre 2024,B001-2024108995,8995
116553,350,2024-11-29,Pensión Escolar - Noviembre 2024,B001-2024118995,8995
116554,350,2024-12-27,Pensión Escolar - Diciembre 2024,B001-2024128995,8995
116555,350,2024-03-26,Pensión Escolar - Marzo 2024,B001-2024039265,9265
116556,350,2024-04-19,Pensión Escolar - Abril 2024,B001-2024049265,9265
116557,350,2024-05-31,Pensión Escolar - Mayo 2024,B001-2024059265,9265
116558,350,2024-06-24,Pensión Escolar - Junio 2024,B001-2024069265,9265
116559,350,2024-08-01,Pensión Escolar - Julio 2024,B001-2024079265,9265
116560,350,2024-08-23,Pensión Escolar - Agosto 2024,B001-2024089265,9265
116561,350,2024-10-01,Pensión Escolar - Setiembre 2024,B001-2024099265,9265
116562,350,2024-10-25,Pensión Escolar - Octubre 2024,B001-2024109265,9265
116563,350,2024-12-02,Pensión Escolar - Noviembre 2024,B001-2024119265,9265
116564,350,2024-12-23,Pensión Escolar - Diciembre 2024,B001-2024129265,9265
116565,350,2024-03-18,Pensión Escolar - Marzo 2024,B001-2024039025,9025
116566,350,2024-05-02,Pensión Escolar - Abril 2024,B001-2024049025,9025
116567,350,2024-05-28,Pensión Escolar - Mayo 2024,B001-2024059025,9025
116568,350,2024-06-21,Pensión Escolar - Junio 2024,B001-2024069025,9025
116569,350,2024-08-30,Pensión Escolar - Agosto 2024,B001-2024089025,9025
116570,350,2024-09-20,Pensión Escolar - Setiembre 2024,B001-2024099025,9025
116571,350,2024-10-29,Pensión Escolar - Octubre 2024,B001-2024109025,9025
116572,350,2024-11-22,Pensión Escolar - Noviembre 2024,B001-2024119025,9025
116573,350,2024-12-23,Pensión Escolar - Diciembre 2024,B001-2024129025,9025
116574,350,2024-03-21,Pensión Escolar - Marzo 2024,B001-2024039324,9324
116575,350,2024-04-23,Pensión Escolar - Abril 2024,B001-2024049324,9324
116576,350,2024-05-31,Pensión Escolar - Mayo 2024,B001-2024059324,9324
116577,350,2024-06-25,Pensión Escolar - Junio 2024,B001-2024069324,9324
116578,350,2024-07-26,Pensión Escolar - Julio 2024,B001-2024079324,9324
116579,350,2024-08-16,Pensión Escolar - Agosto 2024,B001-2024089324,9324
116580,350,2024-09-27,Pensión Escolar - Setiembre 2024,B001-2024099324,9324
116581,350,2024-10-23,Pensión Escolar - Octubre 2024,B001-2024109324,9324
116582,350,2024-11-28,Pensión Escolar - Noviembre 2024,B001-2024119324,9324
116583,350,2024-03-29,Pensión Escolar - Marzo 2024,B001-2024039227,9227
116584,350,2024-04-25,Pensión Escolar - Abril 2024,B001-2024049227,9227
116585,350,2024-05-20,Pensión Escolar - Mayo 2024,B001-2024059227,9227
116586,350,2024-06-28,Pensión Escolar - Junio 2024,B001-2024069227,9227
116587,350,2024-07-19,Pensión Escolar - Julio 2024,B001-2024079227,9227
116588,350,2024-08-21,Pensión Escolar - Agosto 2024,B001-2024089227,9227
116589,350,2024-09-27,Pensión Escolar - Setiembre 2024,B001-2024099227,9227
116590,350,2024-10-24,Pensión Escolar - Octubre 2024,B001-2024109227,9227
116591,350,2024-11-21,Pensión Escolar - Noviembre 2024,B001-2024119227,9227
116592,350,2025-01-01,Pensión Escolar - Diciembre 2024,B001-2024129227,9227
116593,350,2024-03-29,Pensión Escolar - Marzo 2024,B001-2024039259,9259
116594,350,2024-04-22,Pensión Escolar - Abril 2024,B001-2024049259,9259
116595,350,2024-05-22,Pensión Escolar - Mayo 2024,B001-2024059259,9259
116596,350,2024-06-21,Pensión Escolar - Junio 2024,B001-2024069259,9259
116597,350,2024-07-19,Pensión Escolar - Julio 2024,B001-2024079259,9259
116598,350,2024-08-19,Pensión Escolar - Agosto 2024,B001-2024089259,9259
116599,350,2024-09-24,Pensión Escolar - Setiembre 2024,B001-2024099259,9259
116600,350,2024-10-21,Pensión Escolar - Octubre 2024,B001-2024109259,9259
116601,350,2024-11-29,Pensión Escolar - Noviembre 2024,B001-2024119259,9259
116602,350,2024-12-31,Pensión Escolar - Diciembre 2024,B001-2024129259,9259
116603,350,2024-04-02,Pensión Escolar - Marzo 2024,B001-2024039301,9301
116604,350,2024-04-24,Pensión Escolar - Abril 2024,B001-2024049301,9301
116605,350,2024-05-20,Pensión Escolar - Mayo 2024,B001-2024059301,9301
116606,350,2024-06-28,Pensión Escolar - Junio 2024,B001-2024069301,9301
116607,350,2024-07-22,Pensión Escolar - Julio 2024,B001-2024079301,9301
116608,350,2024-08-27,Pensión Escolar - Agosto 2024,B001-2024089301,9301
116609,350,2024-10-02,Pensión Escolar - Setiembre 2024,B001-2024099301,9301
116610,350,2024-10-25,Pensión Escolar - Octubre 2024,B001-2024109301,9301
116611,350,2024-11-22,Pensión Escolar - Noviembre 2024,B001-2024119301,9301
116612,350,2025-01-01,Pensión Escolar - Diciembre 2024,B001-2024129301,9301
116613,350,2024-03-29,Pensión Escolar - Marzo 2024,B001-2024038945,8945
116614,350,2024-05-01,Pensión Escolar - Abril 2024,B001-2024048945,8945
116615,350,2024-05-31,Pensión Escolar - Mayo 2024,B001-2024058945,8945
116616,350,2024-07-03,Pensión Escolar - Junio 2024,B001-2024068945,8945
116617,350,2024-07-19,Pensión Escolar - Julio 2024,B001-2024078945,8945
116618,350,2024-08-16,Pensión Escolar - Agosto 2024,B001-2024088945,8945
116619,350,2024-09-23,Pensión Escolar - Setiembre 2024,B001-2024098945,8945
116620,350,2024-10-23,Pensión Escolar - Octubre 2024,B001-2024108945,8945
116621,350,2024-11-25,Pensión Escolar - Noviembre 2024,B001-2024118945,8945
116622,350,2024-12-20,Pensión Escolar - Diciembre 2024,B001-2024128945,8945
116623,350,2024-03-26,Pensión Escolar - Marzo 2024,B001-2024039197,9197
116624,350,2024-04-19,Pensión Escolar - Abril 2024,B001-2024049197,9197
116625,350,2024-05-24,Pensión Escolar - Mayo 2024,B001-2024059197,9197
116626,350,2024-06-25,Pensión Escolar - Junio 2024,B001-2024069197,9197
116627,350,2024-07-19,Pensión Escolar - Julio 2024,B001-2024079197,9197
116628,350,2024-08-21,Pensión Escolar - Agosto 2024,B001-2024089197,9197
116629,350,2024-09-30,Pensión Escolar - Setiembre 2024,B001-2024099197,9197
116630,350,2024-10-29,Pensión Escolar - Octubre 2024,B001-2024109197,9197
116631,350,2024-12-02,Pensión Escolar - Noviembre 2024,B001-2024119197,9197
116632,350,2024-12-20,Pensión Escolar - Diciembre 2024,B001-2024129197,9197
116633,350,2024-04-02,Pensión Escolar - Marzo 2024,B001-2024039232,9232
116634,350,2024-04-18,Pensión Escolar - Abril 2024,B001-2024049232,9232
116635,350,2024-05-24,Pensión Escolar - Mayo 2024,B001-2024059232,9232
116636,350,2024-07-01,Pensión Escolar - Junio 2024,B001-2024069232,9232
116637,350,2024-07-26,Pensión Escolar - Julio 2024,B001-2024079232,9232
116638,350,2024-08-23,Pensión Escolar - Agosto 2024,B001-2024089232,9232
116639,350,2024-10-02,Pensión Escolar - Setiembre 2024,B001-2024099232,9232
116640,350,2024-10-18,Pensión Escolar - Octubre 2024,B001-2024109232,9232
116641,350,2024-11-25,Pensión Escolar - Noviembre 2024,B001-2024119232,9232
116642,350,2024-12-24,Pensión Escolar - Diciembre 2024,B001-2024129232,9232
116643,350,2024-03-29,Pensión Escolar - Marzo 2024,B001-2024039078,9078
116644,350,2024-05-02,Pensión Escolar - Abril 2024,B001-2024049078,9078
116645,350,2024-05-30,Pensión Escolar - Mayo 2024,B001-2024059078,9078
116646,350,2024-06-18,Pensión Escolar - Junio 2024,B001-2024069078,9078
116647,350,2024-07-23,Pensión Escolar - Julio 2024,B001-2024079078,9078
116648,350,2024-08-23,Pensión Escolar - Agosto 2024,B001-2024089078,9078
116649,350,2024-09-27,Pensión Escolar - Setiembre 2024,B001-2024099078,9078
116650,350,2024-10-25,Pensión Escolar - Octubre 2024,B001-2024109078,9078
116651,350,2024-11-25,Pensión Escolar - Noviembre 2024,B001-2024119078,9078
116652,350,2024-12-20,Pensión Escolar - Diciembre 2024,B001-2024129078,9078
116653,350,2024-03-29,Pensión Escolar - Marzo 2024,B001-2024038946,8946
116654,350,2024-04-19,Pensión Escolar - Abril 2024,B001-2024048946,8946
116655,350,2024-05-31,Pensión Escolar - Mayo 2024,B001-2024058946,8946
116656,350,2024-06-28,Pensión Escolar - Junio 2024,B001-2024068946,8946
116657,350,2024-07-23,Pensión Escolar - Julio 2024,B001-2024078946,8946
116658,350,2024-08-23,Pensión Escolar - Agosto 2024,B001-2024088946,8946
116659,350,2024-09-19,Pensión Escolar - Setiembre 2024,B001-2024098946,8946
116660,350,2024-10-21,Pensión Escolar - Octubre 2024,B001-2024108946,8946
116661,350,2024-11-22,Pensión Escolar - Noviembre 2024,B001-2024118946,8946
116662,350,2024-12-20,Pensión Escolar - Diciembre 2024,B001-2024128946,8946
116663,350,2024-03-22,Pensión Escolar - Marzo 2024,B001-2024039119,9119
116664,350,2024-04-19,Pensión Escolar - Abril 2024,B001-2024049119,9119
116665,350,2024-05-29,Pensión Escolar - Mayo 2024,B001-2024059119,9119
116666,350,2024-06-28,Pensión Escolar - Junio 2024,B001-2024069119,9119
116667,350,2024-07-18,Pensión Escolar - Julio 2024,B001-2024079119,9119
116668,350,2024-08-30,Pensión Escolar - Agosto 2024,B001-2024089119,9119
116669,350,2024-09-20,Pensión Escolar - Setiembre 2024,B001-2024099119,9119
116670,350,2024-10-30,Pensión Escolar - Octubre 2024,B001-2024109119,9119
116671,350,2024-12-20,Pensión Escolar - Diciembre 2024,B001-2024129119,9119
116672,350,2024-03-22,Pensión Escolar - Marzo 2024,B001-2024039212,9212
116673,350,2024-04-22,Pensión Escolar - Abril 2024,B001-2024049212,9212
116674,350,2024-05-29,Pensión Escolar - Mayo 2024,B001-2024059212,9212
116675,350,2024-06-28,Pensión Escolar - Junio 2024,B001-2024069212,9212
116676,350,2024-07-26,Pensión Escolar - Julio 2024,B001-2024079212,9212
116677,350,2024-08-23,Pensión Escolar - Agosto 2024,B001-2024089212,9212
116678,350,2024-09-27,Pensión Escolar - Setiembre 2024,B001-2024099212,9212
116679,350,2024-10-18,Pensión Escolar - Octubre 2024,B001-2024109212,9212
116680,350,2024-11-25,Pensión Escolar - Noviembre 2024,B001-2024119212,9212
116681,350,2024-12-25,Pensión Escolar - Diciembre 2024,B001-2024129212,9212
116682,350,2024-04-02,Pensión Escolar - Marzo 2024,B001-2024039248,9248
116683,350,2024-04-30,Pensión Escolar - Abril 2024,B001-2024049248,9248
116684,350,2024-05-22,Pensión Escolar - Mayo 2024,B001-2024059248,9248
116685,350,2024-06-20,Pensión Escolar - Junio 2024,B001-2024069248,9248
116686,350,2024-07-18,Pensión Escolar - Julio 2024,B001-2024079248,9248
116687,350,2024-08-19,Pensión Escolar - Agosto 2024,B001-2024089248,9248
116688,350,2024-09-18,Pensión Escolar - Setiembre 2024,B001-2024099248,9248
116689,350,2024-10-18,Pensión Escolar - Octubre 2024,B001-2024109248,9248
116690,350,2024-11-22,Pensión Escolar - Noviembre 2024,B001-2024119248,9248
116691,350,2024-12-26,Pensión Escolar - Diciembre 2024,B001-2024129248,9248
116692,350,2024-04-01,Pensión Escolar - Marzo 2024,B001-2024039185,9185
116693,350,2024-04-19,Pensión Escolar - Abril 2024,B001-2024049185,9185
116694,350,2024-05-17,Pensión Escolar - Mayo 2024,B001-2024059185,9185
116695,350,2024-06-21,Pensión Escolar - Junio 2024,B001-2024069185,9185
116696,350,2024-07-31,Pensión Escolar - Julio 2024,B001-2024079185,9185
116697,350,2024-08-23,Pensión Escolar - Agosto 2024,B001-2024089185,9185
116698,350,2024-09-27,Pensión Escolar - Setiembre 2024,B001-2024099185,9185
116699,350,2024-10-24,Pensión Escolar - Octubre 2024,B001-2024109185,9185
116700,350,2024-11-21,Pensión Escolar - Noviembre 2024,B001-2024119185,9185
116701,350,2024-12-27,Pensión Escolar - Diciembre 2024,B001-2024129185,9185
116702,350,2024-03-28,Pensión Escolar - Marzo 2024,B001-2024039036,9036
116703,350,2024-04-19,Pensión Escolar - Abril 2024,B001-2024049036,9036
116704,350,2024-05-27,Pensión Escolar - Mayo 2024,B001-2024059036,9036
116705,350,2024-06-26,Pensión Escolar - Junio 2024,B001-2024069036,9036
116706,350,2024-07-22,Pensión Escolar - Julio 2024,B001-2024079036,9036
116707,350,2024-08-30,Pensión Escolar - Agosto 2024,B001-2024089036,9036
116708,350,2024-10-01,Pensión Escolar - Setiembre 2024,B001-2024099036,9036
116709,350,2024-10-29,Pensión Escolar - Octubre 2024,B001-2024109036,9036
116710,350,2024-11-26,Pensión Escolar - Noviembre 2024,B001-2024119036,9036
116711,350,2024-12-19,Pensión Escolar - Diciembre 2024,B001-2024129036,9036
116712,350,2024-03-22,Pensión Escolar - Marzo 2024,B001-2024039000,9000
116713,350,2024-04-19,Pensión Escolar - Abril 2024,B001-2024049000,9000
116714,350,2024-05-28,Pensión Escolar - Mayo 2024,B001-2024059000,9000
116715,350,2024-06-27,Pensión Escolar - Junio 2024,B001-2024069000,9000
116716,350,2024-08-02,Pensión Escolar - Julio 2024,B001-2024079000,9000
116717,350,2024-08-19,Pensión Escolar - Agosto 2024,B001-2024089000,9000
116718,350,2024-09-24,Pensión Escolar - Setiembre 2024,B001-2024099000,9000
116719,350,2024-10-29,Pensión Escolar - Octubre 2024,B001-2024109000,9000
116720,350,2024-11-20,Pensión Escolar - Noviembre 2024,B001-2024119000,9000
116721,350,2024-12-30,Pensión Escolar - Diciembre 2024,B001-2024129000,9000
116722,350,2024-04-01,Pensión Escolar - Marzo 2024,B001-2024038955,8955
116723,350,2024-05-03,Pensión Escolar - Abril 2024,B001-2024048955,8955
116724,350,2024-05-31,Pensión Escolar - Mayo 2024,B001-2024058955,8955
116725,350,2024-06-21,Pensión Escolar - Junio 2024,B001-2024068955,8955
116726,350,2024-07-29,Pensión Escolar - Julio 2024,B001-2024078955,8955
116727,350,2024-08-27,Pensión Escolar - Agosto 2024,B001-2024088955,8955
116728,350,2024-09-25,Pensión Escolar - Setiembre 2024,B001-2024098955,8955
116729,350,2024-10-18,Pensión Escolar - Octubre 2024,B001-2024108955,8955
116730,350,2024-11-29,Pensión Escolar - Noviembre 2024,B001-2024118955,8955
116731,350,2024-12-20,Pensión Escolar - Diciembre 2024,B001-2024128955,8955
116732,350,2024-03-26,Pensión Escolar - Marzo 2024,B001-2024039288,9288
116733,350,2024-04-26,Pensión Escolar - Abril 2024,B001-2024049288,9288
116734,350,2024-05-24,Pensión Escolar - Mayo 2024,B001-2024059288,9288
116735,350,2024-06-28,Pensión Escolar - Junio 2024,B001-2024069288,9288
116736,350,2024-07-26,Pensión Escolar - Julio 2024,B001-2024079288,9288
116737,350,2024-08-30,Pensión Escolar - Agosto 2024,B001-2024089288,9288
116738,350,2024-09-30,Pensión Escolar - Setiembre 2024,B001-2024099288,9288
116739,350,2024-10-21,Pensión Escolar - Octubre 2024,B001-2024109288,9288
116740,350,2024-11-28,Pensión Escolar - Noviembre 2024,B001-2024119288,9288
116741,350,2025-01-01,Pensión Escolar - Diciembre 2024,B001-2024129288,9288
116742,350,2024-03-19,Pensión Escolar - Marzo 2024,B001-2024039014,9014
116743,350,2024-05-01,Pensión Escolar - Abril 2024,B001-2024049014,9014
116744,350,2024-05-20,Pensión Escolar - Mayo 2024,B001-2024059014,9014
116745,350,2024-06-21,Pensión Escolar - Junio 2024,B001-2024069014,9014
116746,350,2024-07-29,Pensión Escolar - Julio 2024,B001-2024079014,9014
116747,350,2024-08-26,Pensión Escolar - Agosto 2024,B001-2024089014,9014
116748,350,2024-09-30,Pensión Escolar - Setiembre 2024,B001-2024099014,9014
116749,350,2024-11-20,Pensión Escolar - Noviembre 2024,B001-2024119014,9014
116750,350,2024-12-24,Pensión Escolar - Diciembre 2024,B001-2024129014,9014
116751,350,2024-03-22,Pensión Escolar - Marzo 2024,B001-2024038999,8999
116752,350,2024-04-22,Pensión Escolar - Abril 2024,B001-2024048999,8999
116753,350,2024-05-31,Pensión Escolar - Mayo 2024,B001-2024058999,8999
116754,350,2024-06-21,Pensión Escolar - Junio 2024,B001-2024068999,8999
116755,350,2024-07-29,Pensión Escolar - Julio 2024,B001-2024078999,8999
116756,350,2024-08-30,Pensión Escolar - Agosto 2024,B001-2024088999,8999
116757,350,2024-09-27,Pensión Escolar - Setiembre 2024,B001-2024098999,8999
116758,350,2024-10-25,Pensión Escolar - Octubre 2024,B001-2024108999,8999
116759,350,2024-11-29,Pensión Escolar - Noviembre 2024,B001-2024118999,8999
116760,350,2024-12-25,Pensión Escolar - Diciembre 2024,B001-2024128999,8999
116761,350,2024-03-20,Pensión Escolar - Marzo 2024,B001-2024038944,8944
116762,350,2024-04-30,Pensión Escolar - Abril 2024,B001-2024048944,8944
116763,350,2024-05-28,Pensión Escolar - Mayo 2024,B001-2024058944,8944
116764,350,2024-06-26,Pensión Escolar - Junio 2024,B001-2024068944,8944
116765,350,2024-07-26,Pensión Escolar - Julio 2024,B001-2024078944,8944
116766,350,2024-08-28,Pensión Escolar - Agosto 2024,B001-2024088944,8944
116767,350,2024-09-20,Pensión Escolar - Setiembre 2024,B001-2024098944,8944
116768,350,2024-10-28,Pensión Escolar - Octubre 2024,B001-2024108944,8944
116769,350,2024-11-27,Pensión Escolar - Noviembre 2024,B001-2024118944,8944
116770,350,2024-12-24,Pensión Escolar - Diciembre 2024,B001-2024128944,8944
116771,350,2024-03-18,Pensión Escolar - Marzo 2024,B001-2024039213,9213
116772,350,2024-05-03,Pensión Escolar - Abril 2024,B001-2024049213,9213
116773,350,2024-05-17,Pensión Escolar - Mayo 2024,B001-2024059213,9213
116774,350,2024-06-27,Pensión Escolar - Junio 2024,B001-2024069213,9213
116775,350,2024-08-01,Pensión Escolar - Julio 2024,B001-2024079213,9213
116776,350,2024-08-21,Pensión Escolar - Agosto 2024,B001-2024089213,9213
116777,350,2024-09-30,Pensión Escolar - Setiembre 2024,B001-2024099213,9213
116778,350,2024-12-02,Pensión Escolar - Noviembre 2024,B001-2024119213,9213
116779,350,2024-12-20,Pensión Escolar - Diciembre 2024,B001-2024129213,9213
116780,350,2024-03-19,Pensión Escolar - Marzo 2024,B001-2024039105,9105
116781,350,2024-05-01,Pensión Escolar - Abril 2024,B001-2024049105,9105
116782,350,2024-05-23,Pensión Escolar - Mayo 2024,B001-2024059105,9105
116783,350,2024-07-01,Pensión Escolar - Junio 2024,B001-2024069105,9105
116784,350,2024-07-29,Pensión Escolar - Julio 2024,B001-2024079105,9105
116785,350,2024-08-26,Pensión Escolar - Agosto 2024,B001-2024089105,9105
116786,350,2024-10-02,Pensión Escolar - Setiembre 2024,B001-2024099105,9105
116787,350,2024-11-01,Pensión Escolar - Octubre 2024,B001-2024109105,9105
116788,350,2024-11-26,Pensión Escolar - Noviembre 2024,B001-2024119105,9105
116789,350,2024-12-20,Pensión Escolar - Diciembre 2024,B001-2024129105,9105
116790,350,2024-04-02,Pensión Escolar - Marzo 2024,B001-2024039273,9273
116791,350,2024-05-02,Pensión Escolar - Abril 2024,B001-2024049273,9273
116792,350,2024-05-29,Pensión Escolar - Mayo 2024,B001-2024059273,9273
116793,350,2024-06-28,Pensión Escolar - Junio 2024,B001-2024069273,9273
116794,350,2024-07-31,Pensión Escolar - Julio 2024,B001-2024079273,9273
116795,350,2024-08-23,Pensión Escolar - Agosto 2024,B001-2024089273,9273
116796,350,2024-10-01,Pensión Escolar - Setiembre 2024,B001-2024099273,9273
116797,350,2024-10-24,Pensión Escolar - Octubre 2024,B001-2024109273,9273
116798,350,2024-11-26,Pensión Escolar - Noviembre 2024,B001-2024119273,9273
116799,350,2024-12-27,Pensión Escolar - Diciembre 2024,B001-2024129273,9273
116800,350,2024-03-22,Pensión Escolar - Marzo 2024,B001-2024039140,9140
116801,350,2024-04-19,Pensión Escolar - Abril 2024,B001-2024049140,9140
116802,350,2024-05-24,Pensión Escolar - Mayo 2024,B001-2024059140,9140
116803,350,2024-06-26,Pensión Escolar - Junio 2024,B001-2024069140,9140
116804,350,2024-07-26,Pensión Escolar - Julio 2024,B001-2024079140,9140
116805,350,2024-08-30,Pensión Escolar - Agosto 2024,B001-2024089140,9140
116806,350,2024-10-01,Pensión Escolar - Setiembre 2024,B001-2024099140,9140
116807,350,2024-10-29,Pensión Escolar - Octubre 2024,B001-2024109140,9140
116808,350,2024-11-29,Pensión Escolar - Noviembre 2024,B001-2024119140,9140
116809,350,2024-12-18,Pensión Escolar - Diciembre 2024,B001-2024129140,9140
116810,350,2024-03-19,Pensión Escolar - Marzo 2024,B001-2024039131,9131
116811,350,2024-04-23,Pensión Escolar - Abril 2024,B001-2024049131,9131
116812,350,2024-05-24,Pensión Escolar - Mayo 2024,B001-2024059131,9131
116813,350,2024-06-21,Pensión Escolar - Junio 2024,B001-2024069131,9131
116814,350,2024-07-18,Pensión Escolar - Julio 2024,B001-2024079131,9131
116815,350,2024-08-28,Pensión Escolar - Agosto 2024,B001-2024089131,9131
116816,350,2024-09-18,Pensión Escolar - Setiembre 2024,B001-2024099131,9131
116817,350,2024-10-18,Pensión Escolar - Octubre 2024,B001-2024109131,9131
116818,350,2024-11-29,Pensión Escolar - Noviembre 2024,B001-2024119131,9131
116819,350,2024-12-24,Pensión Escolar - Diciembre 2024,B001-2024129131,9131
116820,350,2024-03-29,Pensión Escolar - Marzo 2024,B001-2024038984,8984
116821,350,2024-04-26,Pensión Escolar - Abril 2024,B001-2024048984,8984
116822,350,2024-05-29,Pensión Escolar - Mayo 2024,B001-2024058984,8984
116823,350,2024-06-26,Pensión Escolar - Junio 2024,B001-2024068984,8984
116824,350,2024-08-02,Pensión Escolar - Julio 2024,B001-2024078984,8984
116825,350,2024-08-27,Pensión Escolar - Agosto 2024,B001-2024088984,8984
116826,350,2024-09-27,Pensión Escolar - Setiembre 2024,B001-2024098984,8984
116827,350,2024-10-28,Pensión Escolar - Octubre 2024,B001-2024108984,8984
116828,350,2024-11-22,Pensión Escolar - Noviembre 2024,B001-2024118984,8984
116829,350,2024-12-19,Pensión Escolar - Diciembre 2024,B001-2024128984,8984
116830,350,2024-03-19,Pensión Escolar - Marzo 2024,B001-2024039042,9042
116831,350,2024-05-03,Pensión Escolar - Abril 2024,B001-2024049042,9042
116832,350,2024-05-30,Pensión Escolar - Mayo 2024,B001-2024059042,9042
116833,350,2024-06-25,Pensión Escolar - Junio 2024,B001-2024069042,9042
116834,350,2024-07-26,Pensión Escolar - Julio 2024,B001-2024079042,9042
116835,350,2024-08-29,Pensión Escolar - Agosto 2024,B001-2024089042,9042
116836,350,2024-09-20,Pensión Escolar - Setiembre 2024,B001-2024099042,9042
116837,350,2024-10-29,Pensión Escolar - Octubre 2024,B001-2024109042,9042
116838,350,2024-11-22,Pensión Escolar - Noviembre 2024,B001-2024119042,9042
116839,350,2024-12-24,Pensión Escolar - Diciembre 2024,B001-2024129042,9042
116840,350,2024-03-18,Pensión Escolar - Marzo 2024,B001-2024039151,9151
116841,350,2024-04-19,Pensión Escolar - Abril 2024,B001-2024049151,9151
116842,350,2024-05-21,Pensión Escolar - Mayo 2024,B001-2024059151,9151
116843,350,2024-06-27,Pensión Escolar - Junio 2024,B001-2024069151,9151
116844,350,2024-07-30,Pensión Escolar - Julio 2024,B001-2024079151,9151
116845,350,2024-08-30,Pensión Escolar - Agosto 2024,B001-2024089151,9151
116846,350,2024-09-20,Pensión Escolar - Setiembre 2024,B001-2024099151,9151
116847,350,2024-10-18,Pensión Escolar - Octubre 2024,B001-2024109151,9151
116848,350,2024-11-18,Pensión Escolar - Noviembre 2024,B001-2024119151,9151
116849,350,2024-12-19,Pensión Escolar - Diciembre 2024,B001-2024129151,9151
116850,350,2024-03-18,Pensión Escolar - Marzo 2024,B001-2024038976,8976
116851,350,2024-04-19,Pensión Escolar - Abril 2024,B001-2024048976,8976
116852,350,2024-05-30,Pensión Escolar - Mayo 2024,B001-2024058976,8976
116853,350,2024-06-28,Pensión Escolar - Junio 2024,B001-2024068976,8976
116854,350,2024-07-24,Pensión Escolar - Julio 2024,B001-2024078976,8976
116855,350,2024-08-23,Pensión Escolar - Agosto 2024,B001-2024088976,8976
116856,350,2024-09-26,Pensión Escolar - Setiembre 2024,B001-2024098976,8976
116857,350,2024-11-01,Pensión Escolar - Octubre 2024,B001-2024108976,8976
116858,350,2024-11-29,Pensión Escolar - Noviembre 2024,B001-2024118976,8976
116859,350,2024-12-20,Pensión Escolar - Diciembre 2024,B001-2024128976,8976
116860,350,2024-03-21,Pensión Escolar - Marzo 2024,B001-2024039104,9104
116861,350,2024-05-02,Pensión Escolar - Abril 2024,B001-2024049104,9104
116862,350,2024-05-31,Pensión Escolar - Mayo 2024,B001-2024059104,9104
116863,350,2024-06-20,Pensión Escolar - Junio 2024,B001-2024069104,9104
116864,350,2024-07-26,Pensión Escolar - Julio 2024,B001-2024079104,9104
116865,350,2024-08-23,Pensión Escolar - Agosto 2024,B001-2024089104,9104
116866,350,2024-10-02,Pensión Escolar - Setiembre 2024,B001-2024099104,9104
116867,350,2024-10-18,Pensión Escolar - Octubre 2024,B001-2024109104,9104
116868,350,2024-11-21,Pensión Escolar - Noviembre 2024,B001-2024119104,9104
116869,350,2024-12-23,Pensión Escolar - Diciembre 2024,B001-2024129104,9104
116870,350,2024-03-18,Pensión Escolar - Marzo 2024,B001-2024039170,9170
116871,350,2024-04-26,Pensión Escolar - Abril 2024,B001-2024049170,9170
116872,350,2024-05-23,Pensión Escolar - Mayo 2024,B001-2024059170,9170
116873,350,2024-07-03,Pensión Escolar - Junio 2024,B001-2024069170,9170
116874,350,2024-07-30,Pensión Escolar - Julio 2024,B001-2024079170,9170
116875,350,2024-08-23,Pensión Escolar - Agosto 2024,B001-2024089170,9170
116876,350,2024-09-18,Pensión Escolar - Setiembre 2024,B001-2024099170,9170
116877,350,2024-10-30,Pensión Escolar - Octubre 2024,B001-2024109170,9170
116878,350,2024-11-21,Pensión Escolar - Noviembre 2024,B001-2024119170,9170
116879,350,2024-12-31,Pensión Escolar - Diciembre 2024,B001-2024129170,9170
116880,350,2024-03-21,Pensión Escolar - Marzo 2024,B001-2024039141,9141
116881,350,2024-05-03,Pensión Escolar - Abril 2024,B001-2024049141,9141
116882,350,2024-05-17,Pensión Escolar - Mayo 2024,B001-2024059141,9141
116883,350,2024-07-19,Pensión Escolar - Julio 2024,B001-2024079141,9141
116884,350,2024-09-02,Pensión Escolar - Agosto 2024,B001-2024089141,9141
116885,350,2024-09-18,Pensión Escolar - Setiembre 2024,B001-2024099141,9141
116886,350,2024-10-23,Pensión Escolar - Octubre 2024,B001-2024109141,9141
116887,350,2024-11-26,Pensión Escolar - Noviembre 2024,B001-2024119141,9141
116888,350,2024-12-20,Pensión Escolar - Diciembre 2024,B001-2024129141,9141
116889,350,2024-03-22,Pensión Escolar - Marzo 2024,B001-2024039164,9164
116890,350,2024-04-22,Pensión Escolar - Abril 2024,B001-2024049164,9164
116891,350,2024-05-17,Pensión Escolar - Mayo 2024,B001-2024059164,9164
116892,350,2024-07-26,Pensión Escolar - Julio 2024,B001-2024079164,9164
116893,350,2024-08-30,Pensión Escolar - Agosto 2024,B001-2024089164,9164
116894,350,2024-10-03,Pensión Escolar - Setiembre 2024,B001-2024099164,9164
116895,350,2024-10-21,Pensión Escolar - Octubre 2024,B001-2024109164,9164
116896,350,2024-11-28,Pensión Escolar - Noviembre 2024,B001-2024119164,9164
116897,350,2024-12-23,Pensión Escolar - Diciembre 2024,B001-2024129164,9164
116898,350,2024-04-02,Pensión Escolar - Marzo 2024,B001-2024039256,9256
116899,350,2024-05-27,Pensión Escolar - Mayo 2024,B001-2024059256,9256
116900,350,2024-06-28,Pensión Escolar - Junio 2024,B001-2024069256,9256
116901,350,2024-07-19,Pensión Escolar - Julio 2024,B001-2024079256,9256
116902,350,2024-08-21,Pensión Escolar - Agosto 2024,B001-2024089256,9256
116903,350,2024-10-22,Pensión Escolar - Octubre 2024,B001-2024109256,9256
116904,350,2024-11-29,Pensión Escolar - Noviembre 2024,B001-2024119256,9256
116905,350,2024-12-26,Pensión Escolar - Diciembre 2024,B001-2024129256,9256
116906,350,2024-04-02,Pensión Escolar - Marzo 2024,B001-2024039144,9144
116907,350,2024-04-25,Pensión Escolar - Abril 2024,B001-2024049144,9144
116908,350,2024-05-22,Pensión Escolar - Mayo 2024,B001-2024059144,9144
116909,350,2024-07-03,Pensión Escolar - Junio 2024,B001-2024069144,9144
116910,350,2024-07-26,Pensión Escolar - Julio 2024,B001-2024079144,9144
116911,350,2024-08-22,Pensión Escolar - Agosto 2024,B001-2024089144,9144
116912,350,2024-10-01,Pensión Escolar - Setiembre 2024,B001-2024099144,9144
116913,350,2024-10-24,Pensión Escolar - Octubre 2024,B001-2024109144,9144
116914,350,2024-11-26,Pensión Escolar - Noviembre 2024,B001-2024119144,9144
116915,350,2024-12-19,Pensión Escolar - Diciembre 2024,B001-2024129144,9144
116916,350,2024-04-25,Pensión Escolar - Abril 2024,B001-2024049079,9079
116917,350,2024-05-30,Pensión Escolar - Mayo 2024,B001-2024059079,9079
116918,350,2024-06-28,Pensión Escolar - Junio 2024,B001-2024069079,9079
116919,350,2024-07-19,Pensión Escolar - Julio 2024,B001-2024079079,9079
116920,350,2024-08-23,Pensión Escolar - Agosto 2024,B001-2024089079,9079
116921,350,2024-09-20,Pensión Escolar - Setiembre 2024,B001-2024099079,9079
116922,350,2024-10-28,Pensión Escolar - Octubre 2024,B001-2024109079,9079
116923,350,2024-11-29,Pensión Escolar - Noviembre 2024,B001-2024119079,9079
116924,350,2024-12-30,Pensión Escolar - Diciembre 2024,B001-2024129079,9079
116925,350,2024-03-29,Pensión Escolar - Marzo 2024,B001-2024039150,9150
116926,350,2024-04-24,Pensión Escolar - Abril 2024,B001-2024049150,9150
116927,350,2024-05-22,Pensión Escolar - Mayo 2024,B001-2024059150,9150
116928,350,2024-06-19,Pensión Escolar - Junio 2024,B001-2024069150,9150
116929,350,2024-07-19,Pensión Escolar - Julio 2024,B001-2024079150,9150
116930,350,2024-08-16,Pensión Escolar - Agosto 2024,B001-2024089150,9150
116931,350,2024-09-23,Pensión Escolar - Setiembre 2024,B001-2024099150,9150
116932,350,2024-10-23,Pensión Escolar - Octubre 2024,B001-2024109150,9150
116933,350,2024-12-23,Pensión Escolar - Diciembre 2024,B001-2024129150,9150
116934,350,2024-03-22,Pensión Escolar - Marzo 2024,B001-2024039274,9274
116935,350,2024-05-01,Pensión Escolar - Abril 2024,B001-2024049274,9274
116936,350,2024-05-27,Pensión Escolar - Mayo 2024,B001-2024059274,9274
116937,350,2024-06-26,Pensión Escolar - Junio 2024,B001-2024069274,9274
116938,350,2024-07-25,Pensión Escolar - Julio 2024,B001-2024079274,9274
116939,350,2024-09-02,Pensión Escolar - Agosto 2024,B001-2024089274,9274
116940,350,2024-09-25,Pensión Escolar - Setiembre 2024,B001-2024099274,9274
116941,350,2024-10-24,Pensión Escolar - Octubre 2024,B001-2024109274,9274
116942,350,2024-11-22,Pensión Escolar - Noviembre 2024,B001-2024119274,9274
116943,350,2024-12-31,Pensión Escolar - Diciembre 2024,B001-2024129274,9274
116944,350,2024-03-22,Pensión Escolar - Marzo 2024,B001-2024039335,9335
116945,350,2024-05-02,Pensión Escolar - Abril 2024,B001-2024049335,9335
116946,350,2024-05-31,Pensión Escolar - Mayo 2024,B001-2024059335,9335
116947,350,2024-06-18,Pensión Escolar - Junio 2024,B001-2024069335,9335
116948,350,2024-07-29,Pensión Escolar - Julio 2024,B001-2024079335,9335
116949,350,2024-08-20,Pensión Escolar - Agosto 2024,B001-2024089335,9335
116950,350,2024-10-31,Pensión Escolar - Octubre 2024,B001-2024109335,9335
116951,350,2024-12-03,Pensión Escolar - Noviembre 2024,B001-2024119335,9335
116952,350,2024-12-30,Pensión Escolar - Diciembre 2024,B001-2024129335,9335
116953,350,2024-03-29,Pensión Escolar - Marzo 2024,B001-2024039010,9010
116954,350,2024-04-19,Pensión Escolar - Abril 2024,B001-2024049010,9010
116955,350,2024-05-31,Pensión Escolar - Mayo 2024,B001-2024059010,9010
116956,350,2024-06-28,Pensión Escolar - Junio 2024,B001-2024069010,9010
116957,350,2024-07-24,Pensión Escolar - Julio 2024,B001-2024079010,9010
116958,350,2024-08-20,Pensión Escolar - Agosto 2024,B001-2024089010,9010
116959,350,2024-10-02,Pensión Escolar - Setiembre 2024,B001-2024099010,9010
116960,350,2024-10-21,Pensión Escolar - Octubre 2024,B001-2024109010,9010
116961,350,2024-11-27,Pensión Escolar - Noviembre 2024,B001-2024119010,9010
116962,350,2024-12-20,Pensión Escolar - Diciembre 2024,B001-2024129010,9010
116963,350,2024-03-22,Pensión Escolar - Marzo 2024,B001-2024039320,9320
116964,350,2024-04-18,Pensión Escolar - Abril 2024,B001-2024049320,9320
116965,350,2024-05-31,Pensión Escolar - Mayo 2024,B001-2024059320,9320
116966,350,2024-06-28,Pensión Escolar - Junio 2024,B001-2024069320,9320
116967,350,2024-08-01,Pensión Escolar - Julio 2024,B001-2024079320,9320
116968,350,2024-08-30,Pensión Escolar - Agosto 2024,B001-2024089320,9320
116969,350,2024-09-20,Pensión Escolar - Setiembre 2024,B001-2024099320,9320
116970,350,2024-10-18,Pensión Escolar - Octubre 2024,B001-2024109320,9320
116971,350,2024-11-29,Pensión Escolar - Noviembre 2024,B001-2024119320,9320
116972,350,2024-12-30,Pensión Escolar - Diciembre 2024,B001-2024129320,9320
116973,350,2024-03-29,Pensión Escolar - Marzo 2024,B001-2024038943,8943
116974,350,2024-04-26,Pensión Escolar - Abril 2024,B001-2024048943,8943
116975,350,2024-05-17,Pensión Escolar - Mayo 2024,B001-2024058943,8943
116976,350,2024-06-28,Pensión Escolar - Junio 2024,B001-2024068943,8943
116977,350,2024-07-29,Pensión Escolar - Julio 2024,B001-2024078943,8943
116978,350,2024-08-23,Pensión Escolar - Agosto 2024,B001-2024088943,8943
116979,350,2024-09-27,Pensión Escolar - Setiembre 2024,B001-2024098943,8943
116980,350,2024-10-28,Pensión Escolar - Octubre 2024,B001-2024108943,8943
116981,350,2024-11-25,Pensión Escolar - Noviembre 2024,B001-2024118943,8943
116982,350,2024-12-18,Pensión Escolar - Diciembre 2024,B001-2024128943,8943
116983,350,2024-03-21,Pensión Escolar - Marzo 2024,B001-2024038992,8992
116984,350,2024-04-26,Pensión Escolar - Abril 2024,B001-2024048992,8992
116985,350,2024-05-24,Pensión Escolar - Mayo 2024,B001-2024058992,8992
116986,350,2024-06-19,Pensión Escolar - Junio 2024,B001-2024068992,8992
116987,350,2024-07-26,Pensión Escolar - Julio 2024,B001-2024078992,8992
116988,350,2024-08-30,Pensión Escolar - Agosto 2024,B001-2024088992,8992
116989,350,2024-10-01,Pensión Escolar - Setiembre 2024,B001-2024098992,8992
116990,350,2024-10-30,Pensión Escolar - Octubre 2024,B001-2024108992,8992
116991,350,2024-12-02,Pensión Escolar - Noviembre 2024,B001-2024118992,8992
116992,350,2024-12-30,Pensión Escolar - Diciembre 2024,B001-2024128992,8992
116993,350,2024-03-29,Pensión Escolar - Marzo 2024,B001-2024039258,9258
116994,350,2024-04-18,Pensión Escolar - Abril 2024,B001-2024049258,9258
116995,350,2024-05-24,Pensión Escolar - Mayo 2024,B001-2024059258,9258
116996,350,2024-06-18,Pensión Escolar - Junio 2024,B001-2024069258,9258
116997,350,2024-07-18,Pensión Escolar - Julio 2024,B001-2024079258,9258
116998,350,2024-08-16,Pensión Escolar - Agosto 2024,B001-2024089258,9258
116999,350,2024-10-01,Pensión Escolar - Setiembre 2024,B001-2024099258,9258
117000,350,2024-10-25,Pensión Escolar - Octubre 2024,B001-2024109258,9258
117001,350,2024-11-22,Pensión Escolar - Noviembre 2024,B001-2024119258,9258
117002,350,2025-01-01,Pensión Escolar - Diciembre 2024,B001-2024129258,9258
117003,350,2024-03-28,Pensión Escolar - Marzo 2024,B001-2024039187,9187
117004,350,2024-04-19,Pensión Escolar - Abril 2024,B001-2024049187,9187
117005,350,2024-05-29,Pensión Escolar - Mayo 2024,B001-2024059187,9187
117006,350,2024-07-01,Pensión Escolar - Junio 2024,B001-2024069187,9187
117007,350,2024-07-25,Pensión Escolar - Julio 2024,B001-2024079187,9187
117008,350,2024-09-02,Pensión Escolar - Agosto 2024,B001-2024089187,9187
117009,350,2024-09-20,Pensión Escolar - Setiembre 2024,B001-2024099187,9187
117010,350,2024-10-24,Pensión Escolar - Octubre 2024,B001-2024109187,9187
117011,350,2024-11-20,Pensión Escolar - Noviembre 2024,B001-2024119187,9187
117012,350,2024-12-31,Pensión Escolar - Diciembre 2024,B001-2024129187,9187
117013,350,2024-03-28,Pensión Escolar - Marzo 2024,B001-2024039063,9063
117014,350,2024-04-30,Pensión Escolar - Abril 2024,B001-2024049063,9063
117015,350,2024-05-27,Pensión Escolar - Mayo 2024,B001-2024059063,9063
117016,350,2024-06-28,Pensión Escolar - Junio 2024,B001-2024069063,9063
117017,350,2024-07-19,Pensión Escolar - Julio 2024,B001-2024079063,9063
117018,350,2024-08-23,Pensión Escolar - Agosto 2024,B001-2024089063,9063
117019,350,2024-09-23,Pensión Escolar - Setiembre 2024,B001-2024099063,9063
117020,350,2024-10-25,Pensión Escolar - Octubre 2024,B001-2024109063,9063
117021,350,2024-11-22,Pensión Escolar - Noviembre 2024,B001-2024119063,9063
117022,350,2025-01-01,Pensión Escolar - Diciembre 2024,B001-2024129063,9063
117023,350,2024-03-21,Pensión Escolar - Marzo 2024,B001-2024039262,9262
117024,350,2024-04-23,Pensión Escolar - Abril 2024,B001-2024049262,9262
117025,350,2024-05-27,Pensión Escolar - Mayo 2024,B001-2024059262,9262
117026,350,2024-06-26,Pensión Escolar - Junio 2024,B001-2024069262,9262
117027,350,2024-08-16,Pensión Escolar - Agosto 2024,B001-2024089262,9262
117028,350,2024-09-25,Pensión Escolar - Setiembre 2024,B001-2024099262,9262
117029,350,2024-10-23,Pensión Escolar - Octubre 2024,B001-2024109262,9262
117030,350,2024-11-22,Pensión Escolar - Noviembre 2024,B001-2024119262,9262
117031,350,2024-12-31,Pensión Escolar - Diciembre 2024,B001-2024129262,9262
117032,350,2024-03-28,Pensión Escolar - Marzo 2024,B001-2024039149,9149
117033,350,2024-05-01,Pensión Escolar - Abril 2024,B001-2024049149,9149
117034,350,2024-05-20,Pensión Escolar - Mayo 2024,B001-2024059149,9149
117035,350,2024-06-28,Pensión Escolar - Junio 2024,B001-2024069149,9149
117036,350,2024-07-26,Pensión Escolar - Julio 2024,B001-2024079149,9149
117037,350,2024-08-19,Pensión Escolar - Agosto 2024,B001-2024089149,9149
117038,350,2024-09-24,Pensión Escolar - Setiembre 2024,B001-2024099149,9149
117039,350,2024-10-23,Pensión Escolar - Octubre 2024,B001-2024109149,9149
117040,350,2024-11-28,Pensión Escolar - Noviembre 2024,B001-2024119149,9149
117041,350,2024-12-20,Pensión Escolar - Diciembre 2024,B001-2024129149,9149
117042,350,2024-03-27,Pensión Escolar - Marzo 2024,B001-2024039050,9050
117043,350,2024-04-26,Pensión Escolar - Abril 2024,B001-2024049050,9050
117044,350,2024-05-17,Pensión Escolar - Mayo 2024,B001-2024059050,9050
117045,350,2024-06-28,Pensión Escolar - Junio 2024,B001-2024069050,9050
117046,350,2024-07-31,Pensión Escolar - Julio 2024,B001-2024079050,9050
117047,350,2024-08-23,Pensión Escolar - Agosto 2024,B001-2024089050,9050
117048,350,2024-09-26,Pensión Escolar - Setiembre 2024,B001-2024099050,9050
117049,350,2024-10-30,Pensión Escolar - Octubre 2024,B001-2024109050,9050
117050,350,2024-11-29,Pensión Escolar - Noviembre 2024,B001-2024119050,9050
117051,350,2024-12-19,Pensión Escolar - Diciembre 2024,B001-2024129050,9050
117052,350,2024-03-29,Pensión Escolar - Marzo 2024,B001-2024038958,8958
117053,350,2024-05-03,Pensión Escolar - Abril 2024,B001-2024048958,8958
117054,350,2024-05-24,Pensión Escolar - Mayo 2024,B001-2024058958,8958
117055,350,2024-06-20,Pensión Escolar - Junio 2024,B001-2024068958,8958
117056,350,2024-07-25,Pensión Escolar - Julio 2024,B001-2024078958,8958
117057,350,2024-08-20,Pensión Escolar - Agosto 2024,B001-2024088958,8958
117058,350,2024-09-19,Pensión Escolar - Setiembre 2024,B001-2024098958,8958
117059,350,2024-10-21,Pensión Escolar - Octubre 2024,B001-2024108958,8958
117060,350,2024-11-29,Pensión Escolar - Noviembre 2024,B001-2024118958,8958
117061,350,2024-12-18,Pensión Escolar - Diciembre 2024,B001-2024128958,8958
117062,350,2024-03-27,Pensión Escolar - Marzo 2024,B001-2024039323,9323
117063,350,2024-04-24,Pensión Escolar - Abril 2024,B001-2024049323,9323
117064,350,2024-05-31,Pensión Escolar - Mayo 2024,B001-2024059323,9323
117065,350,2024-06-21,Pensión Escolar - Junio 2024,B001-2024069323,9323
117066,350,2024-07-19,Pensión Escolar - Julio 2024,B001-2024079323,9323
117067,350,2024-08-23,Pensión Escolar - Agosto 2024,B001-2024089323,9323
117068,350,2024-09-20,Pensión Escolar - Setiembre 2024,B001-2024099323,9323
117069,350,2024-10-25,Pensión Escolar - Octubre 2024,B001-2024109323,9323
117070,350,2024-11-22,Pensión Escolar - Noviembre 2024,B001-2024119323,9323
117071,350,2024-12-27,Pensión Escolar - Diciembre 2024,B001-2024129323,9323
117072,350,2024-03-27,Pensión Escolar - Marzo 2024,B001-2024039087,9087
117073,350,2024-04-19,Pensión Escolar - Abril 2024,B001-2024049087,9087
117074,350,2024-05-27,Pensión Escolar - Mayo 2024,B001-2024059087,9087
117075,350,2024-06-28,Pensión Escolar - Junio 2024,B001-2024069087,9087
117076,350,2024-07-18,Pensión Escolar - Julio 2024,B001-2024079087,9087
117077,350,2024-09-27,Pensión Escolar - Setiembre 2024,B001-2024099087,9087
117078,350,2024-10-30,Pensión Escolar - Octubre 2024,B001-2024109087,9087
117079,350,2024-11-19,Pensión Escolar - Noviembre 2024,B001-2024119087,9087
117080,350,2024-12-27,Pensión Escolar - Diciembre 2024,B001-2024129087,9087
117081,350,2024-03-18,Pensión Escolar - Marzo 2024,B001-2024039179,9179
117082,350,2024-05-02,Pensión Escolar - Abril 2024,B001-2024049179,9179
117083,350,2024-05-17,Pensión Escolar - Mayo 2024,B001-2024059179,9179
117084,350,2024-06-28,Pensión Escolar - Junio 2024,B001-2024069179,9179
117085,350,2024-07-22,Pensión Escolar - Julio 2024,B001-2024079179,9179
117086,350,2024-08-29,Pensión Escolar - Agosto 2024,B001-2024089179,9179
117087,350,2024-09-27,Pensión Escolar - Setiembre 2024,B001-2024099179,9179
117088,350,2024-11-01,Pensión Escolar - Octubre 2024,B001-2024109179,9179
117089,350,2024-11-29,Pensión Escolar - Noviembre 2024,B001-2024119179,9179
117090,350,2024-12-27,Pensión Escolar - Diciembre 2024,B001-2024129179,9179
117091,350,2024-03-25,Pensión Escolar - Marzo 2024,B001-2024039167,9167
117092,350,2024-04-19,Pensión Escolar - Abril 2024,B001-2024049167,9167
117093,350,2024-05-30,Pensión Escolar - Mayo 2024,B001-2024059167,9167
117094,350,2024-06-19,Pensión Escolar - Junio 2024,B001-2024069167,9167
117095,350,2024-08-27,Pensión Escolar - Agosto 2024,B001-2024089167,9167
117096,350,2024-09-20,Pensión Escolar - Setiembre 2024,B001-2024099167,9167
117097,350,2024-10-23,Pensión Escolar - Octubre 2024,B001-2024109167,9167
117098,350,2024-11-20,Pensión Escolar - Noviembre 2024,B001-2024119167,9167
117099,350,2024-12-27,Pensión Escolar - Diciembre 2024,B001-2024129167,9167
117100,350,2024-03-22,Pensión Escolar - Marzo 2024,B001-2024038963,8963
117101,350,2024-05-02,Pensión Escolar - Abril 2024,B001-2024048963,8963
117102,350,2024-05-29,Pensión Escolar - Mayo 2024,B001-2024058963,8963
117103,350,2024-07-03,Pensión Escolar - Junio 2024,B001-2024068963,8963
117104,350,2024-07-30,Pensión Escolar - Julio 2024,B001-2024078963,8963
117105,350,2024-08-30,Pensión Escolar - Agosto 2024,B001-2024088963,8963
117106,350,2024-09-27,Pensión Escolar - Setiembre 2024,B001-2024098963,8963
117107,350,2024-10-18,Pensión Escolar - Octubre 2024,B001-2024108963,8963
117108,350,2024-11-21,Pensión Escolar - Noviembre 2024,B001-2024118963,8963
117109,350,2024-12-19,Pensión Escolar - Diciembre 2024,B001-2024128963,8963
117110,350,2024-03-25,Pensión Escolar - Marzo 2024,B001-2024039125,9125
117111,350,2024-04-26,Pensión Escolar - Abril 2024,B001-2024049125,9125
117112,350,2024-05-23,Pensión Escolar - Mayo 2024,B001-2024059125,9125
117113,350,2024-07-02,Pensión Escolar - Junio 2024,B001-2024069125,9125
117114,350,2024-07-19,Pensión Escolar - Julio 2024,B001-2024079125,9125
117115,350,2024-08-27,Pensión Escolar - Agosto 2024,B001-2024089125,9125
117116,350,2024-09-19,Pensión Escolar - Setiembre 2024,B001-2024099125,9125
117117,350,2024-10-24,Pensión Escolar - Octubre 2024,B001-2024109125,9125
117118,350,2024-11-25,Pensión Escolar - Noviembre 2024,B001-2024119125,9125
117119,350,2025-01-02,Pensión Escolar - Diciembre 2024,B001-2024129125,9125
117120,350,2024-03-29,Pensión Escolar - Marzo 2024,B001-2024039029,9029
117121,350,2024-04-19,Pensión Escolar - Abril 2024,B001-2024049029,9029
117122,350,2024-05-24,Pensión Escolar - Mayo 2024,B001-2024059029,9029
117123,350,2024-07-03,Pensión Escolar - Junio 2024,B001-2024069029,9029
117124,350,2024-07-24,Pensión Escolar - Julio 2024,B001-2024079029,9029
117125,350,2024-08-23,Pensión Escolar - Agosto 2024,B001-2024089029,9029
117126,350,2024-09-27,Pensión Escolar - Setiembre 2024,B001-2024099029,9029
117127,350,2024-10-25,Pensión Escolar - Octubre 2024,B001-2024109029,9029
117128,350,2024-11-21,Pensión Escolar - Noviembre 2024,B001-2024119029,9029
117129,350,2024-12-27,Pensión Escolar - Diciembre 2024,B001-2024129029,9029
117130,350,2024-04-02,Pensión Escolar - Marzo 2024,B001-2024039015,9015
117131,350,2024-04-18,Pensión Escolar - Abril 2024,B001-2024049015,9015
117132,350,2024-05-24,Pensión Escolar - Mayo 2024,B001-2024059015,9015
117133,350,2024-06-24,Pensión Escolar - Junio 2024,B001-2024069015,9015
117134,350,2024-07-24,Pensión Escolar - Julio 2024,B001-2024079015,9015
117135,350,2024-08-30,Pensión Escolar - Agosto 2024,B001-2024089015,9015
117136,350,2024-10-02,Pensión Escolar - Setiembre 2024,B001-2024099015,9015
117137,350,2024-10-22,Pensión Escolar - Octubre 2024,B001-2024109015,9015
117138,350,2024-11-18,Pensión Escolar - Noviembre 2024,B001-2024119015,9015
117139,350,2024-12-27,Pensión Escolar - Diciembre 2024,B001-2024129015,9015
117140,350,2024-03-22,Pensión Escolar - Marzo 2024,B001-2024039084,9084
117141,350,2024-04-22,Pensión Escolar - Abril 2024,B001-2024049084,9084
117142,350,2024-05-22,Pensión Escolar - Mayo 2024,B001-2024059084,9084
117143,350,2024-06-24,Pensión Escolar - Junio 2024,B001-2024069084,9084
117144,350,2024-08-01,Pensión Escolar - Julio 2024,B001-2024079084,9084
117145,350,2024-08-16,Pensión Escolar - Agosto 2024,B001-2024089084,9084
117146,350,2024-09-25,Pensión Escolar - Setiembre 2024,B001-2024099084,9084
117147,350,2024-10-31,Pensión Escolar - Octubre 2024,B001-2024109084,9084
117148,350,2024-12-03,Pensión Escolar - Noviembre 2024,B001-2024119084,9084
117149,350,2024-12-27,Pensión Escolar - Diciembre 2024,B001-2024129084,9084
117150,350,2024-04-02,Pensión Escolar - Marzo 2024,B001-2024039147,9147
117151,350,2024-05-03,Pensión Escolar - Abril 2024,B001-2024049147,9147
117152,350,2024-05-31,Pensión Escolar - Mayo 2024,B001-2024059147,9147
117153,350,2024-06-21,Pensión Escolar - Junio 2024,B001-2024069147,9147
117154,350,2024-07-22,Pensión Escolar - Julio 2024,B001-2024079147,9147
117155,350,2024-08-30,Pensión Escolar - Agosto 2024,B001-2024089147,9147
117156,350,2024-09-27,Pensión Escolar - Setiembre 2024,B001-2024099147,9147
117157,350,2024-10-28,Pensión Escolar - Octubre 2024,B001-2024109147,9147
117158,350,2024-11-29,Pensión Escolar - Noviembre 2024,B001-2024119147,9147
117159,350,2024-12-19,Pensión Escolar - Diciembre 2024,B001-2024129147,9147
117160,350,2024-03-28,Pensión Escolar - Marzo 2024,B001-2024038948,8948
117161,350,2024-04-22,Pensión Escolar - Abril 2024,B001-2024048948,8948
117162,350,2024-05-30,Pensión Escolar - Mayo 2024,B001-2024058948,8948
117163,350,2024-06-18,Pensión Escolar - Junio 2024,B001-2024068948,8948
117164,350,2024-07-22,Pensión Escolar - Julio 2024,B001-2024078948,8948
117165,350,2024-08-19,Pensión Escolar - Agosto 2024,B001-2024088948,8948
117166,350,2024-09-27,Pensión Escolar - Setiembre 2024,B001-2024098948,8948
117167,350,2024-10-18,Pensión Escolar - Octubre 2024,B001-2024108948,8948
117168,350,2024-12-02,Pensión Escolar - Noviembre 2024,B001-2024118948,8948
117169,350,2024-12-24,Pensión Escolar - Diciembre 2024,B001-2024128948,8948
117170,350,2024-03-26,Pensión Escolar - Marzo 2024,B001-2024039295,9295
117171,350,2024-04-26,Pensión Escolar - Abril 2024,B001-2024049295,9295
117172,350,2024-05-31,Pensión Escolar - Mayo 2024,B001-2024059295,9295
117173,350,2024-07-01,Pensión Escolar - Junio 2024,B001-2024069295,9295
117174,350,2024-07-26,Pensión Escolar - Julio 2024,B001-2024079295,9295
117175,350,2024-09-02,Pensión Escolar - Agosto 2024,B001-2024089295,9295
117176,350,2024-10-03,Pensión Escolar - Setiembre 2024,B001-2024099295,9295
117177,350,2024-10-18,Pensión Escolar - Octubre 2024,B001-2024109295,9295
117178,350,2024-11-21,Pensión Escolar - Noviembre 2024,B001-2024119295,9295
117179,350,2024-12-27,Pensión Escolar - Diciembre 2024,B001-2024129295,9295
117180,350,2024-03-19,Pensión Escolar - Marzo 2024,B001-2024039136,9136
117181,350,2024-04-22,Pensión Escolar - Abril 2024,B001-2024049136,9136
117182,350,2024-05-24,Pensión Escolar - Mayo 2024,B001-2024059136,9136
117183,350,2024-06-27,Pensión Escolar - Junio 2024,B001-2024069136,9136
117184,350,2024-08-01,Pensión Escolar - Julio 2024,B001-2024079136,9136
117185,350,2024-08-30,Pensión Escolar - Agosto 2024,B001-2024089136,9136
117186,350,2024-09-20,Pensión Escolar - Setiembre 2024,B001-2024099136,9136
117187,350,2024-11-01,Pensión Escolar - Octubre 2024,B001-2024109136,9136
117188,350,2024-11-18,Pensión Escolar - Noviembre 2024,B001-2024119136,9136
117189,350,2024-12-31,Pensión Escolar - Diciembre 2024,B001-2024129136,9136
117190,350,2024-04-02,Pensión Escolar - Marzo 2024,B001-2024039339,9339
117191,350,2024-04-23,Pensión Escolar - Abril 2024,B001-2024049339,9339
117192,350,2024-05-28,Pensión Escolar - Mayo 2024,B001-2024059339,9339
117193,350,2024-06-26,Pensión Escolar - Junio 2024,B001-2024069339,9339
117194,350,2024-07-31,Pensión Escolar - Julio 2024,B001-2024079339,9339
117195,350,2024-08-28,Pensión Escolar - Agosto 2024,B001-2024089339,9339
117196,350,2024-09-30,Pensión Escolar - Setiembre 2024,B001-2024099339,9339
117197,350,2024-10-18,Pensión Escolar - Octubre 2024,B001-2024109339,9339
117198,350,2024-11-29,Pensión Escolar - Noviembre 2024,B001-2024119339,9339
117199,350,2024-03-21,Pensión Escolar - Marzo 2024,B001-2024039171,9171
117200,350,2024-04-19,Pensión Escolar - Abril 2024,B001-2024049171,9171
117201,350,2024-05-22,Pensión Escolar - Mayo 2024,B001-2024059171,9171
117202,350,2024-06-21,Pensión Escolar - Junio 2024,B001-2024069171,9171
117203,350,2024-07-19,Pensión Escolar - Julio 2024,B001-2024079171,9171
117204,350,2024-08-28,Pensión Escolar - Agosto 2024,B001-2024089171,9171
117205,350,2024-09-20,Pensión Escolar - Setiembre 2024,B001-2024099171,9171
117206,350,2024-10-18,Pensión Escolar - Octubre 2024,B001-2024109171,9171
117207,350,2024-11-29,Pensión Escolar - Noviembre 2024,B001-2024119171,9171
117208,350,2024-12-18,Pensión Escolar - Diciembre 2024,B001-2024129171,9171
117209,350,2024-04-02,Pensión Escolar - Marzo 2024,B001-2024039201,9201
117210,350,2024-04-19,Pensión Escolar - Abril 2024,B001-2024049201,9201
117211,350,2024-05-28,Pensión Escolar - Mayo 2024,B001-2024059201,9201
117212,350,2024-06-20,Pensión Escolar - Junio 2024,B001-2024069201,9201
117213,350,2024-07-26,Pensión Escolar - Julio 2024,B001-2024079201,9201
117214,350,2024-08-30,Pensión Escolar - Agosto 2024,B001-2024089201,9201
117215,350,2024-09-27,Pensión Escolar - Setiembre 2024,B001-2024099201,9201
117216,350,2024-11-01,Pensión Escolar - Octubre 2024,B001-2024109201,9201
117217,350,2024-11-26,Pensión Escolar - Noviembre 2024,B001-2024119201,9201
117218,350,2024-12-23,Pensión Escolar - Diciembre 2024,B001-2024129201,9201
117219,350,2024-03-18,Pensión Escolar - Marzo 2024,B001-2024039306,9306
117220,350,2024-05-02,Pensión Escolar - Abril 2024,B001-2024049306,9306
117221,350,2024-05-20,Pensión Escolar - Mayo 2024,B001-2024059306,9306
117222,350,2024-06-21,Pensión Escolar - Junio 2024,B001-2024069306,9306
117223,350,2024-07-19,Pensión Escolar - Julio 2024,B001-2024079306,9306
117224,350,2024-08-30,Pensión Escolar - Agosto 2024,B001-2024089306,9306
117225,350,2024-09-18,Pensión Escolar - Setiembre 2024,B001-2024099306,9306
117226,350,2024-10-24,Pensión Escolar - Octubre 2024,B001-2024109306,9306
117227,350,2024-11-21,Pensión Escolar - Noviembre 2024,B001-2024119306,9306
117228,350,2024-12-27,Pensión Escolar - Diciembre 2024,B001-2024129306,9306
117229,350,2024-03-29,Pensión Escolar - Marzo 2024,B001-2024039249,9249
117230,350,2024-04-23,Pensión Escolar - Abril 2024,B001-2024049249,9249
117231,350,2024-05-17,Pensión Escolar - Mayo 2024,B001-2024059249,9249
117232,350,2024-06-20,Pensión Escolar - Junio 2024,B001-2024069249,9249
117233,350,2024-08-02,Pensión Escolar - Julio 2024,B001-2024079249,9249
117234,350,2024-08-23,Pensión Escolar - Agosto 2024,B001-2024089249,9249
117235,350,2024-09-20,Pensión Escolar - Setiembre 2024,B001-2024099249,9249
117236,350,2024-10-18,Pensión Escolar - Octubre 2024,B001-2024109249,9249
117237,350,2024-12-20,Pensión Escolar - Diciembre 2024,B001-2024129249,9249
117238,350,2024-04-02,Pensión Escolar - Marzo 2024,B001-2024039203,9203
117239,350,2024-04-19,Pensión Escolar - Abril 2024,B001-2024049203,9203
117240,350,2024-05-17,Pensión Escolar - Mayo 2024,B001-2024059203,9203
117241,350,2024-07-03,Pensión Escolar - Junio 2024,B001-2024069203,9203
117242,350,2024-07-18,Pensión Escolar - Julio 2024,B001-2024079203,9203
117243,350,2024-08-30,Pensión Escolar - Agosto 2024,B001-2024089203,9203
117244,350,2024-09-30,Pensión Escolar - Setiembre 2024,B001-2024099203,9203
117245,350,2024-10-23,Pensión Escolar - Octubre 2024,B001-2024109203,9203
117246,350,2024-11-28,Pensión Escolar - Noviembre 2024,B001-2024119203,9203
117247,350,2024-12-20,Pensión Escolar - Diciembre 2024,B001-2024129203,9203
117248,350,2024-03-27,Pensión Escolar - Marzo 2024,B001-2024038972,8972
117249,350,2024-04-26,Pensión Escolar - Abril 2024,B001-2024048972,8972
117250,350,2024-05-21,Pensión Escolar - Mayo 2024,B001-2024058972,8972
117251,350,2024-06-28,Pensión Escolar - Junio 2024,B001-2024068972,8972
117252,350,2024-08-23,Pensión Escolar - Agosto 2024,B001-2024088972,8972
117253,350,2024-09-20,Pensión Escolar - Setiembre 2024,B001-2024098972,8972
117254,350,2024-10-22,Pensión Escolar - Octubre 2024,B001-2024108972,8972
117255,350,2024-12-02,Pensión Escolar - Noviembre 2024,B001-2024118972,8972
117256,350,2024-12-18,Pensión Escolar - Diciembre 2024,B001-2024128972,8972
117257,350,2024-03-26,Pensión Escolar - Marzo 2024,B001-2024039020,9020
117258,350,2024-04-25,Pensión Escolar - Abril 2024,B001-2024049020,9020
117259,350,2024-05-20,Pensión Escolar - Mayo 2024,B001-2024059020,9020
117260,350,2024-06-21,Pensión Escolar - Junio 2024,B001-2024069020,9020
117261,350,2024-07-29,Pensión Escolar - Julio 2024,B001-2024079020,9020
117262,350,2024-08-22,Pensión Escolar - Agosto 2024,B001-2024089020,9020
117263,350,2024-09-18,Pensión Escolar - Setiembre 2024,B001-2024099020,9020
117264,350,2024-10-21,Pensión Escolar - Octubre 2024,B001-2024109020,9020
117265,350,2024-11-25,Pensión Escolar - Noviembre 2024,B001-2024119020,9020
117266,350,2024-12-20,Pensión Escolar - Diciembre 2024,B001-2024129020,9020
117267,350,2024-03-29,Pensión Escolar - Marzo 2024,B001-2024039080,9080
117268,350,2024-04-24,Pensión Escolar - Abril 2024,B001-2024049080,9080
117269,350,2024-05-27,Pensión Escolar - Mayo 2024,B001-2024059080,9080
117270,350,2024-06-20,Pensión Escolar - Junio 2024,B001-2024069080,9080
117271,350,2024-08-01,Pensión Escolar - Julio 2024,B001-2024079080,9080
117272,350,2024-08-20,Pensión Escolar - Agosto 2024,B001-2024089080,9080
117273,350,2024-09-26,Pensión Escolar - Setiembre 2024,B001-2024099080,9080
117274,350,2024-10-31,Pensión Escolar - Octubre 2024,B001-2024109080,9080
117275,350,2024-11-29,Pensión Escolar - Noviembre 2024,B001-2024119080,9080
117276,350,2024-12-20,Pensión Escolar - Diciembre 2024,B001-2024129080,9080
117277,350,2024-04-01,Pensión Escolar - Marzo 2024,B001-2024039311,9311
117278,350,2024-04-24,Pensión Escolar - Abril 2024,B001-2024049311,9311
117279,350,2024-05-31,Pensión Escolar - Mayo 2024,B001-2024059311,9311
117280,350,2024-06-19,Pensión Escolar - Junio 2024,B001-2024069311,9311
117281,350,2024-07-24,Pensión Escolar - Julio 2024,B001-2024079311,9311
117282,350,2024-09-23,Pensión Escolar - Setiembre 2024,B001-2024099311,9311
117283,350,2024-10-23,Pensión Escolar - Octubre 2024,B001-2024109311,9311
117284,350,2024-11-18,Pensión Escolar - Noviembre 2024,B001-2024119311,9311
117285,350,2024-12-26,Pensión Escolar - Diciembre 2024,B001-2024129311,9311
117286,350,2024-03-22,Pensión Escolar - Marzo 2024,B001-2024039154,9154
117287,350,2024-05-03,Pensión Escolar - Abril 2024,B001-2024049154,9154
117288,350,2024-05-24,Pensión Escolar - Mayo 2024,B001-2024059154,9154
117289,350,2024-06-28,Pensión Escolar - Junio 2024,B001-2024069154,9154
117290,350,2024-08-23,Pensión Escolar - Agosto 2024,B001-2024089154,9154
117291,350,2024-10-01,Pensión Escolar - Setiembre 2024,B001-2024099154,9154
117292,350,2024-11-01,Pensión Escolar - Octubre 2024,B001-2024109154,9154
117293,350,2024-11-20,Pensión Escolar - Noviembre 2024,B001-2024119154,9154
117294,350,2024-12-27,Pensión Escolar - Diciembre 2024,B001-2024129154,9154
117295,350,2024-03-22,Pensión Escolar - Marzo 2024,B001-2024039052,9052
117296,350,2024-04-19,Pensión Escolar - Abril 2024,B001-2024049052,9052
117297,350,2024-05-30,Pensión Escolar - Mayo 2024,B001-2024059052,9052
117298,350,2024-07-29,Pensión Escolar - Julio 2024,B001-2024079052,9052
117299,350,2024-08-23,Pensión Escolar - Agosto 2024,B001-2024089052,9052
117300,350,2024-11-01,Pensión Escolar - Octubre 2024,B001-2024109052,9052
117301,350,2024-11-29,Pensión Escolar - Noviembre 2024,B001-2024119052,9052
117302,350,2024-12-20,Pensión Escolar - Diciembre 2024,B001-2024129052,9052
117303,350,2024-03-18,Pensión Escolar - Marzo 2024,B001-2024039101,9101
117304,350,2024-04-26,Pensión Escolar - Abril 2024,B001-2024049101,9101
117305,350,2024-05-29,Pensión Escolar - Mayo 2024,B001-2024059101,9101
117306,350,2024-06-28,Pensión Escolar - Junio 2024,B001-2024069101,9101
117307,350,2024-07-19,Pensión Escolar - Julio 2024,B001-2024079101,9101
117308,350,2024-08-19,Pensión Escolar - Agosto 2024,B001-2024089101,9101
117309,350,2024-09-24,Pensión Escolar - Setiembre 2024,B001-2024099101,9101
117310,350,2024-11-01,Pensión Escolar - Octubre 2024,B001-2024109101,9101
117311,350,2024-11-22,Pensión Escolar - Noviembre 2024,B001-2024119101,9101
117312,350,2024-12-20,Pensión Escolar - Diciembre 2024,B001-2024129101,9101
117313,350,2024-03-18,Pensión Escolar - Marzo 2024,B001-2024039205,9205
117314,350,2024-04-24,Pensión Escolar - Abril 2024,B001-2024049205,9205
117315,350,2024-05-24,Pensión Escolar - Mayo 2024,B001-2024059205,9205
117316,350,2024-06-20,Pensión Escolar - Junio 2024,B001-2024069205,9205
117317,350,2024-07-31,Pensión Escolar - Julio 2024,B001-2024079205,9205
117318,350,2024-08-20,Pensión Escolar - Agosto 2024,B001-2024089205,9205
117319,350,2024-09-20,Pensión Escolar - Setiembre 2024,B001-2024099205,9205
117320,350,2024-10-25,Pensión Escolar - Octubre 2024,B001-2024109205,9205
117321,350,2024-11-18,Pensión Escolar - Noviembre 2024,B001-2024119205,9205
117322,350,2024-12-23,Pensión Escolar - Diciembre 2024,B001-2024129205,9205
117323,350,2024-03-21,Pensión Escolar - Marzo 2024,B001-2024039113,9113
117324,350,2024-04-19,Pensión Escolar - Abril 2024,B001-2024049113,9113
117325,350,2024-05-22,Pensión Escolar - Mayo 2024,B001-2024059113,9113
117326,350,2024-06-21,Pensión Escolar - Junio 2024,B001-2024069113,9113
117327,350,2024-07-24,Pensión Escolar - Julio 2024,B001-2024079113,9113
117328,350,2024-08-21,Pensión Escolar - Agosto 2024,B001-2024089113,9113
117329,350,2024-09-20,Pensión Escolar - Setiembre 2024,B001-2024099113,9113
117330,350,2024-11-18,Pensión Escolar - Noviembre 2024,B001-2024119113,9113
117331,350,2024-12-31,Pensión Escolar - Diciembre 2024,B001-2024129113,9113
117332,350,2024-04-02,Pensión Escolar - Marzo 2024,B001-2024039096,9096
117333,350,2024-05-03,Pensión Escolar - Abril 2024,B001-2024049096,9096
117334,350,2024-05-22,Pensión Escolar - Mayo 2024,B001-2024059096,9096
117335,350,2024-06-21,Pensión Escolar - Junio 2024,B001-2024069096,9096
117336,350,2024-07-31,Pensión Escolar - Julio 2024,B001-2024079096,9096
117337,350,2024-08-30,Pensión Escolar - Agosto 2024,B001-2024089096,9096
117338,350,2024-09-20,Pensión Escolar - Setiembre 2024,B001-2024099096,9096
117339,350,2024-10-28,Pensión Escolar - Octubre 2024,B001-2024109096,9096
117340,350,2024-11-29,Pensión Escolar - Noviembre 2024,B001-2024119096,9096
117341,350,2024-12-18,Pensión Escolar - Diciembre 2024,B001-2024129096,9096
117342,350,2024-03-29,Pensión Escolar - Marzo 2024,B001-2024039021,9021
117343,350,2024-05-03,Pensión Escolar - Abril 2024,B001-2024049021,9021
117344,350,2024-05-17,Pensión Escolar - Mayo 2024,B001-2024059021,9021
117345,350,2024-06-28,Pensión Escolar - Junio 2024,B001-2024069021,9021
117346,350,2024-07-30,Pensión Escolar - Julio 2024,B001-2024079021,9021
117347,350,2024-08-29,Pensión Escolar - Agosto 2024,B001-2024089021,9021
117348,350,2024-10-01,Pensión Escolar - Setiembre 2024,B001-2024099021,9021
117349,350,2024-10-18,Pensión Escolar - Octubre 2024,B001-2024109021,9021
117350,350,2024-11-26,Pensión Escolar - Noviembre 2024,B001-2024119021,9021
117351,350,2024-12-18,Pensión Escolar - Diciembre 2024,B001-2024129021,9021
117352,350,2024-03-29,Pensión Escolar - Marzo 2024,B001-2024038990,8990
117353,350,2024-04-26,Pensión Escolar - Abril 2024,B001-2024048990,8990
117354,350,2024-05-20,Pensión Escolar - Mayo 2024,B001-2024058990,8990
117355,350,2024-07-01,Pensión Escolar - Junio 2024,B001-2024068990,8990
117356,350,2024-07-30,Pensión Escolar - Julio 2024,B001-2024078990,8990
117357,350,2024-08-28,Pensión Escolar - Agosto 2024,B001-2024088990,8990
117358,350,2024-09-20,Pensión Escolar - Setiembre 2024,B001-2024098990,8990
117359,350,2024-10-25,Pensión Escolar - Octubre 2024,B001-2024108990,8990
117360,350,2024-11-21,Pensión Escolar - Noviembre 2024,B001-2024118990,8990
117361,350,2024-12-24,Pensión Escolar - Diciembre 2024,B001-2024128990,8990
117362,350,2024-03-20,Pensión Escolar - Marzo 2024,B001-2024038966,8966
117363,350,2024-05-02,Pensión Escolar - Abril 2024,B001-2024048966,8966
117364,350,2024-05-24,Pensión Escolar - Mayo 2024,B001-2024058966,8966
117365,350,2024-07-01,Pensión Escolar - Junio 2024,B001-2024068966,8966
117366,350,2024-08-02,Pensión Escolar - Julio 2024,B001-2024078966,8966
117367,350,2024-08-20,Pensión Escolar - Agosto 2024,B001-2024088966,8966
117368,350,2024-10-02,Pensión Escolar - Setiembre 2024,B001-2024098966,8966
117369,350,2024-10-31,Pensión Escolar - Octubre 2024,B001-2024108966,8966
117370,350,2024-11-19,Pensión Escolar - Noviembre 2024,B001-2024118966,8966
117371,350,2024-12-31,Pensión Escolar - Diciembre 2024,B001-2024128966,8966
117372,350,2024-03-29,Pensión Escolar - Marzo 2024,B001-2024039200,9200
117373,350,2024-05-01,Pensión Escolar - Abril 2024,B001-2024049200,9200
117374,350,2024-05-29,Pensión Escolar - Mayo 2024,B001-2024059200,9200
117375,350,2024-06-25,Pensión Escolar - Junio 2024,B001-2024069200,9200
117376,350,2024-07-29,Pensión Escolar - Julio 2024,B001-2024079200,9200
117377,350,2024-08-21,Pensión Escolar - Agosto 2024,B001-2024089200,9200
117378,350,2024-09-27,Pensión Escolar - Setiembre 2024,B001-2024099200,9200
117379,350,2024-10-25,Pensión Escolar - Octubre 2024,B001-2024109200,9200
117380,350,2024-11-27,Pensión Escolar - Noviembre 2024,B001-2024119200,9200
117381,350,2024-12-23,Pensión Escolar - Diciembre 2024,B001-2024129200,9200
117382,350,2024-03-25,Pensión Escolar - Marzo 2024,B001-2024039283,9283
117383,350,2024-04-23,Pensión Escolar - Abril 2024,B001-2024049283,9283
117384,350,2024-05-24,Pensión Escolar - Mayo 2024,B001-2024059283,9283
117385,350,2024-06-21,Pensión Escolar - Junio 2024,B001-2024069283,9283
117386,350,2024-07-31,Pensión Escolar - Julio 2024,B001-2024079283,9283
117387,350,2024-08-22,Pensión Escolar - Agosto 2024,B001-2024089283,9283
117388,350,2024-09-24,Pensión Escolar - Setiembre 2024,B001-2024099283,9283
117389,350,2024-10-25,Pensión Escolar - Octubre 2024,B001-2024109283,9283
117390,350,2024-11-28,Pensión Escolar - Noviembre 2024,B001-2024119283,9283
117391,350,2024-12-20,Pensión Escolar - Diciembre 2024,B001-2024129283,9283
117392,350,2024-03-29,Pensión Escolar - Marzo 2024,B001-2024039114,9114
117393,350,2024-04-23,Pensión Escolar - Abril 2024,B001-2024049114,9114
117394,350,2024-05-27,Pensión Escolar - Mayo 2024,B001-2024059114,9114
117395,350,2024-06-28,Pensión Escolar - Junio 2024,B001-2024069114,9114
117396,350,2024-07-26,Pensión Escolar - Julio 2024,B001-2024079114,9114
117397,350,2024-08-20,Pensión Escolar - Agosto 2024,B001-2024089114,9114
117398,350,2024-10-01,Pensión Escolar - Setiembre 2024,B001-2024099114,9114
117399,350,2024-10-25,Pensión Escolar - Octubre 2024,B001-2024109114,9114
117400,350,2024-11-28,Pensión Escolar - Noviembre 2024,B001-2024119114,9114
117401,350,2025-01-02,Pensión Escolar - Diciembre 2024,B001-2024129114,9114
117402,350,2024-03-22,Pensión Escolar - Marzo 2024,B001-2024039245,9245
117403,350,2024-04-26,Pensión Escolar - Abril 2024,B001-2024049245,9245
117404,350,2024-05-23,Pensión Escolar - Mayo 2024,B001-2024059245,9245
117405,350,2024-06-21,Pensión Escolar - Junio 2024,B001-2024069245,9245
117406,350,2024-07-24,Pensión Escolar - Julio 2024,B001-2024079245,9245
117407,350,2024-08-21,Pensión Escolar - Agosto 2024,B001-2024089245,9245
117408,350,2024-11-01,Pensión Escolar - Octubre 2024,B001-2024109245,9245
117409,350,2024-11-26,Pensión Escolar - Noviembre 2024,B001-2024119245,9245
117410,350,2024-12-27,Pensión Escolar - Diciembre 2024,B001-2024129245,9245
117411,350,2024-04-02,Pensión Escolar - Marzo 2024,B001-2024039058,9058
117412,350,2024-04-19,Pensión Escolar - Abril 2024,B001-2024049058,9058
117413,350,2024-05-27,Pensión Escolar - Mayo 2024,B001-2024059058,9058
117414,350,2024-06-21,Pensión Escolar - Junio 2024,B001-2024069058,9058
117415,350,2024-08-02,Pensión Escolar - Julio 2024,B001-2024079058,9058
117416,350,2024-08-30,Pensión Escolar - Agosto 2024,B001-2024089058,9058
117417,350,2024-09-19,Pensión Escolar - Setiembre 2024,B001-2024099058,9058
117418,350,2024-11-01,Pensión Escolar - Octubre 2024,B001-2024109058,9058
117419,350,2024-11-25,Pensión Escolar - Noviembre 2024,B001-2024119058,9058
117420,350,2024-12-20,Pensión Escolar - Diciembre 2024,B001-2024129058,9058
117421,350,2024-03-22,Pensión Escolar - Marzo 2024,B001-2024039124,9124
117422,350,2024-04-26,Pensión Escolar - Abril 2024,B001-2024049124,9124
117423,350,2024-05-23,Pensión Escolar - Mayo 2024,B001-2024059124,9124
117424,350,2024-07-02,Pensión Escolar - Junio 2024,B001-2024069124,9124
117425,350,2024-07-19,Pensión Escolar - Julio 2024,B001-2024079124,9124
117426,350,2024-08-21,Pensión Escolar - Agosto 2024,B001-2024089124,9124
117427,350,2024-09-24,Pensión Escolar - Setiembre 2024,B001-2024099124,9124
117428,350,2024-10-29,Pensión Escolar - Octubre 2024,B001-2024109124,9124
117429,350,2024-11-19,Pensión Escolar - Noviembre 2024,B001-2024119124,9124
117430,350,2024-12-31,Pensión Escolar - Diciembre 2024,B001-2024129124,9124
117431,350,2024-04-02,Pensión Escolar - Marzo 2024,B001-2024039276,9276
117432,350,2024-05-01,Pensión Escolar - Abril 2024,B001-2024049276,9276
117433,350,2024-05-31,Pensión Escolar - Mayo 2024,B001-2024059276,9276
117434,350,2024-06-20,Pensión Escolar - Junio 2024,B001-2024069276,9276
117435,350,2024-07-31,Pensión Escolar - Julio 2024,B001-2024079276,9276
117436,350,2024-08-23,Pensión Escolar - Agosto 2024,B001-2024089276,9276
117437,350,2024-10-03,Pensión Escolar - Setiembre 2024,B001-2024099276,9276
117438,350,2024-10-18,Pensión Escolar - Octubre 2024,B001-2024109276,9276
117439,350,2024-11-29,Pensión Escolar - Noviembre 2024,B001-2024119276,9276
117440,350,2024-12-20,Pensión Escolar - Diciembre 2024,B001-2024129276,9276
117441,350,2024-03-21,Pensión Escolar - Marzo 2024,B001-2024039077,9077
117442,350,2024-04-26,Pensión Escolar - Abril 2024,B001-2024049077,9077
117443,350,2024-05-17,Pensión Escolar - Mayo 2024,B001-2024059077,9077
117444,350,2024-06-18,Pensión Escolar - Junio 2024,B001-2024069077,9077
117445,350,2024-07-30,Pensión Escolar - Julio 2024,B001-2024079077,9077
117446,350,2024-08-29,Pensión Escolar - Agosto 2024,B001-2024089077,9077
117447,350,2024-09-23,Pensión Escolar - Setiembre 2024,B001-2024099077,9077
117448,350,2024-10-25,Pensión Escolar - Octubre 2024,B001-2024109077,9077
117449,350,2024-11-19,Pensión Escolar - Noviembre 2024,B001-2024119077,9077
117450,350,2024-12-27,Pensión Escolar - Diciembre 2024,B001-2024129077,9077
117451,350,2024-04-02,Pensión Escolar - Marzo 2024,B001-2024039139,9139
117452,350,2024-04-30,Pensión Escolar - Abril 2024,B001-2024049139,9139
117453,350,2024-05-24,Pensión Escolar - Mayo 2024,B001-2024059139,9139
117454,350,2024-07-31,Pensión Escolar - Julio 2024,B001-2024079139,9139
117455,350,2024-08-30,Pensión Escolar - Agosto 2024,B001-2024089139,9139
117456,350,2024-09-27,Pensión Escolar - Setiembre 2024,B001-2024099139,9139
117457,350,2024-10-25,Pensión Escolar - Octubre 2024,B001-2024109139,9139
117458,350,2024-11-28,Pensión Escolar - Noviembre 2024,B001-2024119139,9139
117459,350,2024-12-31,Pensión Escolar - Diciembre 2024,B001-2024129139,9139
117460,350,2024-03-29,Pensión Escolar - Marzo 2024,B001-2024039238,9238
117461,350,2024-04-23,Pensión Escolar - Abril 2024,B001-2024049238,9238
117462,350,2024-05-30,Pensión Escolar - Mayo 2024,B001-2024059238,9238
117463,350,2024-07-01,Pensión Escolar - Junio 2024,B001-2024069238,9238
117464,350,2024-08-01,Pensión Escolar - Julio 2024,B001-2024079238,9238
117465,350,2024-08-23,Pensión Escolar - Agosto 2024,B001-2024089238,9238
117466,350,2024-09-27,Pensión Escolar - Setiembre 2024,B001-2024099238,9238
117467,350,2024-10-24,Pensión Escolar - Octubre 2024,B001-2024109238,9238
117468,350,2024-12-02,Pensión Escolar - Noviembre 2024,B001-2024119238,9238
117469,350,2025-01-01,Pensión Escolar - Diciembre 2024,B001-2024129238,9238
117470,350,2024-04-02,Pensión Escolar - Marzo 2024,B001-2024039057,9057
117471,350,2024-04-19,Pensión Escolar - Abril 2024,B001-2024049057,9057
117472,350,2024-05-30,Pensión Escolar - Mayo 2024,B001-2024059057,9057
117473,350,2024-06-25,Pensión Escolar - Junio 2024,B001-2024069057,9057
117474,350,2024-07-25,Pensión Escolar - Julio 2024,B001-2024079057,9057
117475,350,2024-09-02,Pensión Escolar - Agosto 2024,B001-2024089057,9057
117476,350,2024-09-24,Pensión Escolar - Setiembre 2024,B001-2024099057,9057
117477,350,2024-10-30,Pensión Escolar - Octubre 2024,B001-2024109057,9057
117478,350,2024-11-19,Pensión Escolar - Noviembre 2024,B001-2024119057,9057
117479,350,2025-01-01,Pensión Escolar - Diciembre 2024,B001-2024129057,9057
117480,350,2024-03-26,Pensión Escolar - Marzo 2024,B001-2024039043,9043
117481,350,2024-04-19,Pensión Escolar - Abril 2024,B001-2024049043,9043
117482,350,2024-05-24,Pensión Escolar - Mayo 2024,B001-2024059043,9043
117483,350,2024-06-18,Pensión Escolar - Junio 2024,B001-2024069043,9043
117484,350,2024-07-30,Pensión Escolar - Julio 2024,B001-2024079043,9043
117485,350,2024-08-16,Pensión Escolar - Agosto 2024,B001-2024089043,9043
117486,350,2024-09-20,Pensión Escolar - Setiembre 2024,B001-2024099043,9043
117487,350,2024-11-01,Pensión Escolar - Octubre 2024,B001-2024109043,9043
117488,350,2024-11-19,Pensión Escolar - Noviembre 2024,B001-2024119043,9043
117489,350,2024-12-18,Pensión Escolar - Diciembre 2024,B001-2024129043,9043
117490,350,2024-03-29,Pensión Escolar - Marzo 2024,B001-2024039061,9061
117491,350,2024-04-26,Pensión Escolar - Abril 2024,B001-2024049061,9061
117492,350,2024-05-28,Pensión Escolar - Mayo 2024,B001-2024059061,9061
117493,350,2024-06-21,Pensión Escolar - Junio 2024,B001-2024069061,9061
117494,350,2024-07-19,Pensión Escolar - Julio 2024,B001-2024079061,9061
117495,350,2024-08-30,Pensión Escolar - Agosto 2024,B001-2024089061,9061
117496,350,2024-09-24,Pensión Escolar - Setiembre 2024,B001-2024099061,9061
117497,350,2024-10-25,Pensión Escolar - Octubre 2024,B001-2024109061,9061
117498,350,2024-11-18,Pensión Escolar - Noviembre 2024,B001-2024119061,9061
117499,350,2024-12-30,Pensión Escolar - Diciembre 2024,B001-2024129061,9061
117500,350,2024-03-27,Pensión Escolar - Marzo 2024,B001-2024039338,9338
117501,350,2024-04-29,Pensión Escolar - Abril 2024,B001-2024049338,9338
117502,350,2024-05-27,Pensión Escolar - Mayo 2024,B001-2024059338,9338
117503,350,2024-06-21,Pensión Escolar - Junio 2024,B001-2024069338,9338
117504,350,2024-07-30,Pensión Escolar - Julio 2024,B001-2024079338,9338
117505,350,2024-08-27,Pensión Escolar - Agosto 2024,B001-2024089338,9338
117506,350,2024-09-26,Pensión Escolar - Setiembre 2024,B001-2024099338,9338
117507,350,2024-10-18,Pensión Escolar - Octubre 2024,B001-2024109338,9338
117508,350,2024-11-19,Pensión Escolar - Noviembre 2024,B001-2024119338,9338
117509,350,2024-12-27,Pensión Escolar - Diciembre 2024,B001-2024129338,9338
117510,350,2024-03-25,Pensión Escolar - Marzo 2024,B001-2024039037,9037
117511,350,2024-04-18,Pensión Escolar - Abril 2024,B001-2024049037,9037
117512,350,2024-05-31,Pensión Escolar - Mayo 2024,B001-2024059037,9037
117513,350,2024-06-28,Pensión Escolar - Junio 2024,B001-2024069037,9037
117514,350,2024-07-22,Pensión Escolar - Julio 2024,B001-2024079037,9037
117515,350,2024-08-29,Pensión Escolar - Agosto 2024,B001-2024089037,9037
117516,350,2024-09-20,Pensión Escolar - Setiembre 2024,B001-2024099037,9037
117517,350,2024-10-24,Pensión Escolar - Octubre 2024,B001-2024109037,9037
117518,350,2024-12-03,Pensión Escolar - Noviembre 2024,B001-2024119037,9037
117519,350,2024-12-26,Pensión Escolar - Diciembre 2024,B001-2024129037,9037
117520,350,2024-03-29,Pensión Escolar - Marzo 2024,B001-2024039290,9290
117521,350,2024-05-03,Pensión Escolar - Abril 2024,B001-2024049290,9290
117522,350,2024-05-31,Pensión Escolar - Mayo 2024,B001-2024059290,9290
117523,350,2024-06-21,Pensión Escolar - Junio 2024,B001-2024069290,9290
117524,350,2024-07-26,Pensión Escolar - Julio 2024,B001-2024079290,9290
117525,350,2024-08-29,Pensión Escolar - Agosto 2024,B001-2024089290,9290
117526,350,2024-10-02,Pensión Escolar - Setiembre 2024,B001-2024099290,9290
117527,350,2024-10-30,Pensión Escolar - Octubre 2024,B001-2024109290,9290
117528,350,2024-11-29,Pensión Escolar - Noviembre 2024,B001-2024119290,9290
117529,350,2024-12-25,Pensión Escolar - Diciembre 2024,B001-2024129290,9290
117530,350,2024-03-22,Pensión Escolar - Marzo 2024,B001-2024039076,9076
117531,350,2024-04-19,Pensión Escolar - Abril 2024,B001-2024049076,9076
117532,350,2024-05-20,Pensión Escolar - Mayo 2024,B001-2024059076,9076
117533,350,2024-07-02,Pensión Escolar - Junio 2024,B001-2024069076,9076
117534,350,2024-07-22,Pensión Escolar - Julio 2024,B001-2024079076,9076
117535,350,2024-08-29,Pensión Escolar - Agosto 2024,B001-2024089076,9076
117536,350,2024-09-26,Pensión Escolar - Setiembre 2024,B001-2024099076,9076
117537,350,2024-10-31,Pensión Escolar - Octubre 2024,B001-2024109076,9076
117538,350,2024-11-27,Pensión Escolar - Noviembre 2024,B001-2024119076,9076
117539,350,2025-01-01,Pensión Escolar - Diciembre 2024,B001-2024129076,9076
117540,350,2024-03-29,Pensión Escolar - Marzo 2024,B001-2024039189,9189
117541,350,2024-04-23,Pensión Escolar - Abril 2024,B001-2024049189,9189
117542,350,2024-05-27,Pensión Escolar - Mayo 2024,B001-2024059189,9189
117543,350,2024-06-18,Pensión Escolar - Junio 2024,B001-2024069189,9189
117544,350,2024-07-23,Pensión Escolar - Julio 2024,B001-2024079189,9189
117545,350,2024-08-22,Pensión Escolar - Agosto 2024,B001-2024089189,9189
117546,350,2024-09-20,Pensión Escolar - Setiembre 2024,B001-2024099189,9189
117547,350,2024-10-25,Pensión Escolar - Octubre 2024,B001-2024109189,9189
117548,350,2024-12-02,Pensión Escolar - Noviembre 2024,B001-2024119189,9189
117549,350,2024-12-24,Pensión Escolar - Diciembre 2024,B001-2024129189,9189
117550,350,2024-03-19,Pensión Escolar - Marzo 2024,B001-2024039199,9199
117551,350,2024-04-18,Pensión Escolar - Abril 2024,B001-2024049199,9199
117552,350,2024-05-23,Pensión Escolar - Mayo 2024,B001-2024059199,9199
117553,350,2024-06-21,Pensión Escolar - Junio 2024,B001-2024069199,9199
117554,350,2024-08-02,Pensión Escolar - Julio 2024,B001-2024079199,9199
117555,350,2024-08-28,Pensión Escolar - Agosto 2024,B001-2024089199,9199
117556,350,2024-09-30,Pensión Escolar - Setiembre 2024,B001-2024099199,9199
117557,350,2024-10-24,Pensión Escolar - Octubre 2024,B001-2024109199,9199
117558,350,2024-11-27,Pensión Escolar - Noviembre 2024,B001-2024119199,9199
117559,350,2024-12-20,Pensión Escolar - Diciembre 2024,B001-2024129199,9199
117560,350,2024-03-29,Pensión Escolar - Marzo 2024,B001-2024039218,9218
117561,350,2024-04-24,Pensión Escolar - Abril 2024,B001-2024049218,9218
117562,350,2024-05-31,Pensión Escolar - Mayo 2024,B001-2024059218,9218
117563,350,2024-06-28,Pensión Escolar - Junio 2024,B001-2024069218,9218
117564,350,2024-07-22,Pensión Escolar - Julio 2024,B001-2024079218,9218
117565,350,2024-08-29,Pensión Escolar - Agosto 2024,B001-2024089218,9218
117566,350,2024-10-01,Pensión Escolar - Setiembre 2024,B001-2024099218,9218
117567,350,2024-10-18,Pensión Escolar - Octubre 2024,B001-2024109218,9218
117568,350,2024-11-18,Pensión Escolar - Noviembre 2024,B001-2024119218,9218
117569,350,2024-12-18,Pensión Escolar - Diciembre 2024,B001-2024129218,9218
117570,350,2024-03-29,Pensión Escolar - Marzo 2024,B001-2024039074,9074
117571,350,2024-05-03,Pensión Escolar - Abril 2024,B001-2024049074,9074
117572,350,2024-05-28,Pensión Escolar - Mayo 2024,B001-2024059074,9074
117573,350,2024-06-28,Pensión Escolar - Junio 2024,B001-2024069074,9074
117574,350,2024-07-18,Pensión Escolar - Julio 2024,B001-2024079074,9074
117575,350,2024-08-20,Pensión Escolar - Agosto 2024,B001-2024089074,9074
117576,350,2024-09-20,Pensión Escolar - Setiembre 2024,B001-2024099074,9074
117577,350,2024-11-01,Pensión Escolar - Octubre 2024,B001-2024109074,9074
117578,350,2024-11-26,Pensión Escolar - Noviembre 2024,B001-2024119074,9074
117579,350,2024-12-25,Pensión Escolar - Diciembre 2024,B001-2024129074,9074
117580,350,2024-03-25,Pensión Escolar - Marzo 2024,B001-2024039068,9068
117581,350,2024-05-03,Pensión Escolar - Abril 2024,B001-2024049068,9068
117582,350,2024-05-17,Pensión Escolar - Mayo 2024,B001-2024059068,9068
117583,350,2024-06-21,Pensión Escolar - Junio 2024,B001-2024069068,9068
117584,350,2024-07-18,Pensión Escolar - Julio 2024,B001-2024079068,9068
117585,350,2024-08-20,Pensión Escolar - Agosto 2024,B001-2024089068,9068
117586,350,2024-09-20,Pensión Escolar - Setiembre 2024,B001-2024099068,9068
117587,350,2024-10-23,Pensión Escolar - Octubre 2024,B001-2024109068,9068
117588,350,2024-12-02,Pensión Escolar - Noviembre 2024,B001-2024119068,9068
117589,350,2024-12-30,Pensión Escolar - Diciembre 2024,B001-2024129068,9068
117590,350,2024-03-22,Pensión Escolar - Marzo 2024,B001-2024038953,8953
117591,350,2024-04-26,Pensión Escolar - Abril 2024,B001-2024048953,8953
117592,350,2024-07-01,Pensión Escolar - Junio 2024,B001-2024068953,8953
117593,350,2024-07-26,Pensión Escolar - Julio 2024,B001-2024078953,8953
117594,350,2024-08-20,Pensión Escolar - Agosto 2024,B001-2024088953,8953
117595,350,2024-09-25,Pensión Escolar - Setiembre 2024,B001-2024098953,8953
117596,350,2024-10-25,Pensión Escolar - Octubre 2024,B001-2024108953,8953
117597,350,2024-11-25,Pensión Escolar - Noviembre 2024,B001-2024118953,8953
117598,350,2024-12-31,Pensión Escolar - Diciembre 2024,B001-2024128953,8953
117599,350,2024-03-27,Pensión Escolar - Marzo 2024,B001-2024038989,8989
117600,350,2024-04-22,Pensión Escolar - Abril 2024,B001-2024048989,8989
117601,350,2024-05-21,Pensión Escolar - Mayo 2024,B001-2024058989,8989
117602,350,2024-07-03,Pensión Escolar - Junio 2024,B001-2024068989,8989
117603,350,2024-07-26,Pensión Escolar - Julio 2024,B001-2024078989,8989
117604,350,2024-08-23,Pensión Escolar - Agosto 2024,B001-2024088989,8989
117605,350,2024-10-01,Pensión Escolar - Setiembre 2024,B001-2024098989,8989
117606,350,2024-11-22,Pensión Escolar - Noviembre 2024,B001-2024118989,8989
117607,350,2024-12-25,Pensión Escolar - Diciembre 2024,B001-2024128989,8989
117608,350,2024-03-22,Pensión Escolar - Marzo 2024,B001-2024039291,9291
117609,350,2024-05-02,Pensión Escolar - Abril 2024,B001-2024049291,9291
117610,350,2024-05-30,Pensión Escolar - Mayo 2024,B001-2024059291,9291
117611,350,2024-06-21,Pensión Escolar - Junio 2024,B001-2024069291,9291
117612,350,2024-07-23,Pensión Escolar - Julio 2024,B001-2024079291,9291
117613,350,2024-08-22,Pensión Escolar - Agosto 2024,B001-2024089291,9291
117614,350,2024-09-30,Pensión Escolar - Setiembre 2024,B001-2024099291,9291
117615,350,2024-10-25,Pensión Escolar - Octubre 2024,B001-2024109291,9291
117616,350,2024-11-20,Pensión Escolar - Noviembre 2024,B001-2024119291,9291
117617,350,2025-01-01,Pensión Escolar - Diciembre 2024,B001-2024129291,9291
117618,350,2024-03-29,Pensión Escolar - Marzo 2024,B001-2024039271,9271
117619,350,2024-04-30,Pensión Escolar - Abril 2024,B001-2024049271,9271
117620,350,2024-05-29,Pensión Escolar - Mayo 2024,B001-2024059271,9271
117621,350,2024-07-02,Pensión Escolar - Junio 2024,B001-2024069271,9271
117622,350,2024-07-18,Pensión Escolar - Julio 2024,B001-2024079271,9271
117623,350,2024-08-30,Pensión Escolar - Agosto 2024,B001-2024089271,9271
117624,350,2024-09-27,Pensión Escolar - Setiembre 2024,B001-2024099271,9271
117625,350,2024-10-18,Pensión Escolar - Octubre 2024,B001-2024109271,9271
117626,350,2024-11-20,Pensión Escolar - Noviembre 2024,B001-2024119271,9271
117627,350,2024-12-27,Pensión Escolar - Diciembre 2024,B001-2024129271,9271
117628,350,2024-03-29,Pensión Escolar - Marzo 2024,B001-2024039277,9277
117629,350,2024-05-02,Pensión Escolar - Abril 2024,B001-2024049277,9277
117630,350,2024-05-30,Pensión Escolar - Mayo 2024,B001-2024059277,9277
117631,350,2024-07-02,Pensión Escolar - Junio 2024,B001-2024069277,9277
117632,350,2024-07-25,Pensión Escolar - Julio 2024,B001-2024079277,9277
117633,350,2024-08-30,Pensión Escolar - Agosto 2024,B001-2024089277,9277
117634,350,2024-09-19,Pensión Escolar - Setiembre 2024,B001-2024099277,9277
117635,350,2024-10-24,Pensión Escolar - Octubre 2024,B001-2024109277,9277
117636,350,2024-12-03,Pensión Escolar - Noviembre 2024,B001-2024119277,9277
117637,350,2024-12-20,Pensión Escolar - Diciembre 2024,B001-2024129277,9277
117638,350,2024-03-22,Pensión Escolar - Marzo 2024,B001-2024039163,9163
117639,350,2024-04-26,Pensión Escolar - Abril 2024,B001-2024049163,9163
117640,350,2024-05-24,Pensión Escolar - Mayo 2024,B001-2024059163,9163
117641,350,2024-06-25,Pensión Escolar - Junio 2024,B001-2024069163,9163
117642,350,2024-07-25,Pensión Escolar - Julio 2024,B001-2024079163,9163
117643,350,2024-08-23,Pensión Escolar - Agosto 2024,B001-2024089163,9163
117644,350,2024-09-27,Pensión Escolar - Setiembre 2024,B001-2024099163,9163
117645,350,2024-10-24,Pensión Escolar - Octubre 2024,B001-2024109163,9163
117646,350,2024-11-20,Pensión Escolar - Noviembre 2024,B001-2024119163,9163
117647,350,2024-12-27,Pensión Escolar - Diciembre 2024,B001-2024129163,9163
117648,350,2024-04-01,Pensión Escolar - Marzo 2024,B001-2024039285,9285
117649,350,2024-04-19,Pensión Escolar - Abril 2024,B001-2024049285,9285
117650,350,2024-05-31,Pensión Escolar - Mayo 2024,B001-2024059285,9285
117651,350,2024-06-27,Pensión Escolar - Junio 2024,B001-2024069285,9285
117652,350,2024-07-26,Pensión Escolar - Julio 2024,B001-2024079285,9285
117653,350,2024-08-19,Pensión Escolar - Agosto 2024,B001-2024089285,9285
117654,350,2024-10-01,Pensión Escolar - Setiembre 2024,B001-2024099285,9285
117655,350,2024-10-31,Pensión Escolar - Octubre 2024,B001-2024109285,9285
117656,350,2024-12-03,Pensión Escolar - Noviembre 2024,B001-2024119285,9285
117657,350,2024-12-24,Pensión Escolar - Diciembre 2024,B001-2024129285,9285
117658,350,2024-03-19,Pensión Escolar - Marzo 2024,B001-2024039224,9224
117659,350,2024-04-19,Pensión Escolar - Abril 2024,B001-2024049224,9224
117660,350,2024-05-24,Pensión Escolar - Mayo 2024,B001-2024059224,9224
117661,350,2024-06-20,Pensión Escolar - Junio 2024,B001-2024069224,9224
117662,350,2024-07-26,Pensión Escolar - Julio 2024,B001-2024079224,9224
117663,350,2024-08-21,Pensión Escolar - Agosto 2024,B001-2024089224,9224
117664,350,2024-09-27,Pensión Escolar - Setiembre 2024,B001-2024099224,9224
117665,350,2024-10-31,Pensión Escolar - Octubre 2024,B001-2024109224,9224
117666,350,2024-11-21,Pensión Escolar - Noviembre 2024,B001-2024119224,9224
117667,350,2024-12-20,Pensión Escolar - Diciembre 2024,B001-2024129224,9224
117668,350,2024-03-28,Pensión Escolar - Marzo 2024,B001-2024039066,9066
117669,350,2024-04-19,Pensión Escolar - Abril 2024,B001-2024049066,9066
117670,350,2024-05-24,Pensión Escolar - Mayo 2024,B001-2024059066,9066
117671,350,2024-06-21,Pensión Escolar - Junio 2024,B001-2024069066,9066
117672,350,2024-07-30,Pensión Escolar - Julio 2024,B001-2024079066,9066
117673,350,2024-08-23,Pensión Escolar - Agosto 2024,B001-2024089066,9066
117674,350,2024-09-19,Pensión Escolar - Setiembre 2024,B001-2024099066,9066
117675,350,2024-11-01,Pensión Escolar - Octubre 2024,B001-2024109066,9066
117676,350,2024-11-22,Pensión Escolar - Noviembre 2024,B001-2024119066,9066
117677,350,2024-12-18,Pensión Escolar - Diciembre 2024,B001-2024129066,9066
117678,350,2024-04-02,Pensión Escolar - Marzo 2024,B001-2024039069,9069
117679,350,2024-04-23,Pensión Escolar - Abril 2024,B001-2024049069,9069
117680,350,2024-05-24,Pensión Escolar - Mayo 2024,B001-2024059069,9069
117681,350,2024-07-01,Pensión Escolar - Junio 2024,B001-2024069069,9069
117682,350,2024-08-02,Pensión Escolar - Julio 2024,B001-2024079069,9069
117683,350,2024-08-27,Pensión Escolar - Agosto 2024,B001-2024089069,9069
117684,350,2024-09-27,Pensión Escolar - Setiembre 2024,B001-2024099069,9069
117685,350,2024-10-18,Pensión Escolar - Octubre 2024,B001-2024109069,9069
117686,350,2024-11-25,Pensión Escolar - Noviembre 2024,B001-2024119069,9069
117687,350,2024-12-31,Pensión Escolar - Diciembre 2024,B001-2024129069,9069
117688,350,2024-03-22,Pensión Escolar - Marzo 2024,B001-2024039160,9160
117689,350,2024-04-26,Pensión Escolar - Abril 2024,B001-2024049160,9160
117690,350,2024-05-24,Pensión Escolar - Mayo 2024,B001-2024059160,9160
117691,350,2024-06-24,Pensión Escolar - Junio 2024,B001-2024069160,9160
117692,350,2024-07-25,Pensión Escolar - Julio 2024,B001-2024079160,9160
117693,350,2024-08-27,Pensión Escolar - Agosto 2024,B001-2024089160,9160
117694,350,2024-09-27,Pensión Escolar - Setiembre 2024,B001-2024099160,9160
117695,350,2024-10-25,Pensión Escolar - Octubre 2024,B001-2024109160,9160
117696,350,2024-12-02,Pensión Escolar - Noviembre 2024,B001-2024119160,9160
117697,350,2024-12-19,Pensión Escolar - Diciembre 2024,B001-2024129160,9160
117698,350,2024-03-22,Pensión Escolar - Marzo 2024,B001-2024039325,9325
117699,350,2024-04-24,Pensión Escolar - Abril 2024,B001-2024049325,9325
117700,350,2024-05-31,Pensión Escolar - Mayo 2024,B001-2024059325,9325
117701,350,2024-07-19,Pensión Escolar - Julio 2024,B001-2024079325,9325
117702,350,2024-08-30,Pensión Escolar - Agosto 2024,B001-2024089325,9325
117703,350,2024-10-01,Pensión Escolar - Setiembre 2024,B001-2024099325,9325
117704,350,2024-10-25,Pensión Escolar - Octubre 2024,B001-2024109325,9325
117705,350,2024-11-29,Pensión Escolar - Noviembre 2024,B001-2024119325,9325
117706,350,2024-12-31,Pensión Escolar - Diciembre 2024,B001-2024129325,9325
117707,350,2024-03-28,Pensión Escolar - Marzo 2024,B001-2024039155,9155
117708,350,2024-04-23,Pensión Escolar - Abril 2024,B001-2024049155,9155
117709,350,2024-06-28,Pensión Escolar - Junio 2024,B001-2024069155,9155
117710,350,2024-07-19,Pensión Escolar - Julio 2024,B001-2024079155,9155
117711,350,2024-08-21,Pensión Escolar - Agosto 2024,B001-2024089155,9155
117712,350,2024-09-20,Pensión Escolar - Setiembre 2024,B001-2024099155,9155
117713,350,2024-10-23,Pensión Escolar - Octubre 2024,B001-2024109155,9155
117714,350,2024-11-29,Pensión Escolar - Noviembre 2024,B001-2024119155,9155
117715,350,2025-01-02,Pensión Escolar - Diciembre 2024,B001-2024129155,9155
117716,350,2024-03-21,Pensión Escolar - Marzo 2024,B001-2024039214,9214
117717,350,2024-04-19,Pensión Escolar - Abril 2024,B001-2024049214,9214
117718,350,2024-05-17,Pensión Escolar - Mayo 2024,B001-2024059214,9214
117719,350,2024-06-26,Pensión Escolar - Junio 2024,B001-2024069214,9214
117720,350,2024-07-31,Pensión Escolar - Julio 2024,B001-2024079214,9214
117721,350,2024-08-26,Pensión Escolar - Agosto 2024,B001-2024089214,9214
117722,350,2024-09-19,Pensión Escolar - Setiembre 2024,B001-2024099214,9214
117723,350,2024-10-18,Pensión Escolar - Octubre 2024,B001-2024109214,9214
117724,350,2024-11-29,Pensión Escolar - Noviembre 2024,B001-2024119214,9214
117725,350,2024-12-25,Pensión Escolar - Diciembre 2024,B001-2024129214,9214
117726,350,2024-04-02,Pensión Escolar - Marzo 2024,B001-2024039219,9219
117727,350,2024-05-01,Pensión Escolar - Abril 2024,B001-2024049219,9219
117728,350,2024-05-20,Pensión Escolar - Mayo 2024,B001-2024059219,9219
117729,350,2024-07-02,Pensión Escolar - Junio 2024,B001-2024069219,9219
117730,350,2024-07-19,Pensión Escolar - Julio 2024,B001-2024079219,9219
117731,350,2024-08-30,Pensión Escolar - Agosto 2024,B001-2024089219,9219
117732,350,2024-10-01,Pensión Escolar - Setiembre 2024,B001-2024099219,9219
117733,350,2024-10-22,Pensión Escolar - Octubre 2024,B001-2024109219,9219
117734,350,2024-11-21,Pensión Escolar - Noviembre 2024,B001-2024119219,9219
117735,350,2024-12-30,Pensión Escolar - Diciembre 2024,B001-2024129219,9219
117736,350,2024-03-25,Pensión Escolar - Marzo 2024,B001-2024038949,8949
117737,350,2024-04-25,Pensión Escolar - Abril 2024,B001-2024048949,8949
117738,350,2024-05-22,Pensión Escolar - Mayo 2024,B001-2024058949,8949
117739,350,2024-06-28,Pensión Escolar - Junio 2024,B001-2024068949,8949
117740,350,2024-07-30,Pensión Escolar - Julio 2024,B001-2024078949,8949
117741,350,2024-09-19,Pensión Escolar - Setiembre 2024,B001-2024098949,8949
117742,350,2024-10-28,Pensión Escolar - Octubre 2024,B001-2024108949,8949
117743,350,2024-11-22,Pensión Escolar - Noviembre 2024,B001-2024118949,8949
117744,350,2024-12-26,Pensión Escolar - Diciembre 2024,B001-2024128949,8949
117745,350,2024-03-22,Pensión Escolar - Marzo 2024,B001-2024039305,9305
117746,350,2024-04-19,Pensión Escolar - Abril 2024,B001-2024049305,9305
117747,350,2024-05-31,Pensión Escolar - Mayo 2024,B001-2024059305,9305
117748,350,2024-06-18,Pensión Escolar - Junio 2024,B001-2024069305,9305
117749,350,2024-07-18,Pensión Escolar - Julio 2024,B001-2024079305,9305
117750,350,2024-08-23,Pensión Escolar - Agosto 2024,B001-2024089305,9305
117751,350,2024-10-01,Pensión Escolar - Setiembre 2024,B001-2024099305,9305
117752,350,2024-11-01,Pensión Escolar - Octubre 2024,B001-2024109305,9305
117753,350,2024-11-27,Pensión Escolar - Noviembre 2024,B001-2024119305,9305
117754,350,2024-12-20,Pensión Escolar - Diciembre 2024,B001-2024129305,9305
117755,350,2024-03-21,Pensión Escolar - Marzo 2024,B001-2024039194,9194
117756,350,2024-05-02,Pensión Escolar - Abril 2024,B001-2024049194,9194
117757,350,2024-05-21,Pensión Escolar - Mayo 2024,B001-2024059194,9194
117758,350,2024-06-24,Pensión Escolar - Junio 2024,B001-2024069194,9194
117759,350,2024-07-23,Pensión Escolar - Julio 2024,B001-2024079194,9194
117760,350,2024-09-02,Pensión Escolar - Agosto 2024,B001-2024089194,9194
117761,350,2024-09-27,Pensión Escolar - Setiembre 2024,B001-2024099194,9194
117762,350,2024-10-28,Pensión Escolar - Octubre 2024,B001-2024109194,9194
117763,350,2024-11-27,Pensión Escolar - Noviembre 2024,B001-2024119194,9194
117764,350,2024-12-27,Pensión Escolar - Diciembre 2024,B001-2024129194,9194
117765,350,2024-04-02,Pensión Escolar - Marzo 2024,B001-2024039228,9228
117766,350,2024-04-19,Pensión Escolar - Abril 2024,B001-2024049228,9228
117767,350,2024-05-17,Pensión Escolar - Mayo 2024,B001-2024059228,9228
117768,350,2024-06-27,Pensión Escolar - Junio 2024,B001-2024069228,9228
117769,350,2024-07-19,Pensión Escolar - Julio 2024,B001-2024079228,9228
117770,350,2024-08-28,Pensión Escolar - Agosto 2024,B001-2024089228,9228
117771,350,2024-09-20,Pensión Escolar - Setiembre 2024,B001-2024099228,9228
117772,350,2024-11-01,Pensión Escolar - Octubre 2024,B001-2024109228,9228
117773,350,2024-11-29,Pensión Escolar - Noviembre 2024,B001-2024119228,9228
117774,350,2024-12-31,Pensión Escolar - Diciembre 2024,B001-2024129228,9228
117775,350,2024-04-01,Pensión Escolar - Marzo 2024,B001-2024039225,9225
117776,350,2024-04-30,Pensión Escolar - Abril 2024,B001-2024049225,9225
117777,350,2024-05-31,Pensión Escolar - Mayo 2024,B001-2024059225,9225
117778,350,2024-06-27,Pensión Escolar - Junio 2024,B001-2024069225,9225
117779,350,2024-07-24,Pensión Escolar - Julio 2024,B001-2024079225,9225
117780,350,2024-09-02,Pensión Escolar - Agosto 2024,B001-2024089225,9225
117781,350,2024-09-27,Pensión Escolar - Setiembre 2024,B001-2024099225,9225
117782,350,2024-10-25,Pensión Escolar - Octubre 2024,B001-2024109225,9225
117783,350,2024-11-29,Pensión Escolar - Noviembre 2024,B001-2024119225,9225
117784,350,2024-12-20,Pensión Escolar - Diciembre 2024,B001-2024129225,9225
117785,350,2024-03-20,Pensión Escolar - Marzo 2024,B001-2024039299,9299
117786,350,2024-04-18,Pensión Escolar - Abril 2024,B001-2024049299,9299
117787,350,2024-05-17,Pensión Escolar - Mayo 2024,B001-2024059299,9299
117788,350,2024-07-02,Pensión Escolar - Junio 2024,B001-2024069299,9299
117789,350,2024-07-19,Pensión Escolar - Julio 2024,B001-2024079299,9299
117790,350,2024-08-29,Pensión Escolar - Agosto 2024,B001-2024089299,9299
117791,350,2024-10-03,Pensión Escolar - Setiembre 2024,B001-2024099299,9299
117792,350,2024-12-03,Pensión Escolar - Noviembre 2024,B001-2024119299,9299
117793,350,2024-12-27,Pensión Escolar - Diciembre 2024,B001-2024129299,9299
117794,350,2024-03-20,Pensión Escolar - Marzo 2024,B001-2024039092,9092
117795,350,2024-05-02,Pensión Escolar - Abril 2024,B001-2024049092,9092
117796,350,2024-05-29,Pensión Escolar - Mayo 2024,B001-2024059092,9092
117797,350,2024-06-28,Pensión Escolar - Junio 2024,B001-2024069092,9092
117798,350,2024-08-29,Pensión Escolar - Agosto 2024,B001-2024089092,9092
117799,350,2024-09-18,Pensión Escolar - Setiembre 2024,B001-2024099092,9092
117800,350,2024-11-01,Pensión Escolar - Octubre 2024,B001-2024109092,9092
117801,350,2024-11-29,Pensión Escolar - Noviembre 2024,B001-2024119092,9092
117802,350,2024-12-26,Pensión Escolar - Diciembre 2024,B001-2024129092,9092
117803,350,2024-04-01,Pensión Escolar - Marzo 2024,B001-2024039234,9234
117804,350,2024-04-19,Pensión Escolar - Abril 2024,B001-2024049234,9234
117805,350,2024-05-31,Pensión Escolar - Mayo 2024,B001-2024059234,9234
117806,350,2024-07-01,Pensión Escolar - Junio 2024,B001-2024069234,9234
117807,350,2024-07-25,Pensión Escolar - Julio 2024,B001-2024079234,9234
117808,350,2024-08-28,Pensión Escolar - Agosto 2024,B001-2024089234,9234
117809,350,2024-09-18,Pensión Escolar - Setiembre 2024,B001-2024099234,9234
117810,350,2024-11-01,Pensión Escolar - Octubre 2024,B001-2024109234,9234
117811,350,2024-11-29,Pensión Escolar - Noviembre 2024,B001-2024119234,9234
117812,350,2024-12-27,Pensión Escolar - Diciembre 2024,B001-2024129234,9234
117813,350,2024-03-26,Pensión Escolar - Marzo 2024,B001-2024039319,9319
117814,350,2024-04-26,Pensión Escolar - Abril 2024,B001-2024049319,9319
117815,350,2024-05-24,Pensión Escolar - Mayo 2024,B001-2024059319,9319
117816,350,2024-06-21,Pensión Escolar - Junio 2024,B001-2024069319,9319
117817,350,2024-08-02,Pensión Escolar - Julio 2024,B001-2024079319,9319
117818,350,2024-08-28,Pensión Escolar - Agosto 2024,B001-2024089319,9319
117819,350,2024-09-25,Pensión Escolar - Setiembre 2024,B001-2024099319,9319
117820,350,2024-10-25,Pensión Escolar - Octubre 2024,B001-2024109319,9319
117821,350,2024-11-27,Pensión Escolar - Noviembre 2024,B001-2024119319,9319
117822,350,2024-12-27,Pensión Escolar - Diciembre 2024,B001-2024129319,9319
117823,350,2024-03-22,Pensión Escolar - Marzo 2024,B001-2024039130,9130
117824,350,2024-05-02,Pensión Escolar - Abril 2024,B001-2024049130,9130
117825,350,2024-05-17,Pensión Escolar - Mayo 2024,B001-2024059130,9130
117826,350,2024-06-24,Pensión Escolar - Junio 2024,B001-2024069130,9130
117827,350,2024-08-01,Pensión Escolar - Julio 2024,B001-2024079130,9130
117828,350,2024-08-20,Pensión Escolar - Agosto 2024,B001-2024089130,9130
117829,350,2024-09-27,Pensión Escolar - Setiembre 2024,B001-2024099130,9130
117830,350,2024-10-29,Pensión Escolar - Octubre 2024,B001-2024109130,9130
117831,350,2024-11-29,Pensión Escolar - Noviembre 2024,B001-2024119130,9130
117832,350,2024-12-30,Pensión Escolar - Diciembre 2024,B001-2024129130,9130
117833,350,2024-03-22,Pensión Escolar - Marzo 2024,B001-2024039054,9054
117834,350,2024-04-23,Pensión Escolar - Abril 2024,B001-2024049054,9054
117835,350,2024-05-29,Pensión Escolar - Mayo 2024,B001-2024059054,9054
117836,350,2024-06-28,Pensión Escolar - Junio 2024,B001-2024069054,9054
117837,350,2024-07-26,Pensión Escolar - Julio 2024,B001-2024079054,9054
117838,350,2024-08-30,Pensión Escolar - Agosto 2024,B001-2024089054,9054
117839,350,2024-10-02,Pensión Escolar - Setiembre 2024,B001-2024099054,9054
117840,350,2024-11-01,Pensión Escolar - Octubre 2024,B001-2024109054,9054
117841,350,2024-11-22,Pensión Escolar - Noviembre 2024,B001-2024119054,9054
117842,350,2025-01-02,Pensión Escolar - Diciembre 2024,B001-2024129054,9054
117843,350,2024-03-26,Pensión Escolar - Marzo 2024,B001-2024039111,9111
117844,350,2024-04-22,Pensión Escolar - Abril 2024,B001-2024049111,9111
117845,350,2024-05-24,Pensión Escolar - Mayo 2024,B001-2024059111,9111
117846,350,2024-06-28,Pensión Escolar - Junio 2024,B001-2024069111,9111
117847,350,2024-07-26,Pensión Escolar - Julio 2024,B001-2024079111,9111
117848,350,2024-08-30,Pensión Escolar - Agosto 2024,B001-2024089111,9111
117849,350,2024-09-18,Pensión Escolar - Setiembre 2024,B001-2024099111,9111
117850,350,2024-11-01,Pensión Escolar - Octubre 2024,B001-2024109111,9111
117851,350,2024-11-22,Pensión Escolar - Noviembre 2024,B001-2024119111,9111
117852,350,2024-12-27,Pensión Escolar - Diciembre 2024,B001-2024129111,9111
117853,350,2024-03-26,Pensión Escolar - Marzo 2024,B001-2024039268,9268
117854,350,2024-04-19,Pensión Escolar - Abril 2024,B001-2024049268,9268
117855,350,2024-05-31,Pensión Escolar - Mayo 2024,B001-2024059268,9268
117856,350,2024-06-28,Pensión Escolar - Junio 2024,B001-2024069268,9268
117857,350,2024-07-25,Pensión Escolar - Julio 2024,B001-2024079268,9268
117858,350,2024-08-30,Pensión Escolar - Agosto 2024,B001-2024089268,9268
117859,350,2024-09-27,Pensión Escolar - Setiembre 2024,B001-2024099268,9268
117860,350,2024-10-29,Pensión Escolar - Octubre 2024,B001-2024109268,9268
117861,350,2024-11-29,Pensión Escolar - Noviembre 2024,B001-2024119268,9268
117862,350,2024-12-27,Pensión Escolar - Diciembre 2024,B001-2024129268,9268
117863,350,2024-04-02,Pensión Escolar - Marzo 2024,B001-2024039284,9284
117864,350,2024-04-19,Pensión Escolar - Abril 2024,B001-2024049284,9284
117865,350,2024-05-31,Pensión Escolar - Mayo 2024,B001-2024059284,9284
117866,350,2024-06-28,Pensión Escolar - Junio 2024,B001-2024069284,9284
117867,350,2024-07-22,Pensión Escolar - Julio 2024,B001-2024079284,9284
117868,350,2024-08-27,Pensión Escolar - Agosto 2024,B001-2024089284,9284
117869,350,2024-09-26,Pensión Escolar - Setiembre 2024,B001-2024099284,9284
117870,350,2024-10-18,Pensión Escolar - Octubre 2024,B001-2024109284,9284
117871,350,2024-11-18,Pensión Escolar - Noviembre 2024,B001-2024119284,9284
117872,350,2024-12-27,Pensión Escolar - Diciembre 2024,B001-2024129284,9284
117873,350,2024-03-26,Pensión Escolar - Marzo 2024,B001-2024038981,8981
117874,350,2024-04-24,Pensión Escolar - Abril 2024,B001-2024048981,8981
117875,350,2024-05-31,Pensión Escolar - Mayo 2024,B001-2024058981,8981
117876,350,2024-06-28,Pensión Escolar - Junio 2024,B001-2024068981,8981
117877,350,2024-07-26,Pensión Escolar - Julio 2024,B001-2024078981,8981
117878,350,2024-08-23,Pensión Escolar - Agosto 2024,B001-2024088981,8981
117879,350,2024-09-20,Pensión Escolar - Setiembre 2024,B001-2024098981,8981
117880,350,2024-10-30,Pensión Escolar - Octubre 2024,B001-2024108981,8981
117881,350,2024-11-29,Pensión Escolar - Noviembre 2024,B001-2024118981,8981
117882,350,2025-01-02,Pensión Escolar - Diciembre 2024,B001-2024128981,8981
117883,350,2024-03-29,Pensión Escolar - Marzo 2024,B001-2024039156,9156
117884,350,2024-04-26,Pensión Escolar - Abril 2024,B001-2024049156,9156
117885,350,2024-05-17,Pensión Escolar - Mayo 2024,B001-2024059156,9156
117886,350,2024-06-20,Pensión Escolar - Junio 2024,B001-2024069156,9156
117887,350,2024-07-26,Pensión Escolar - Julio 2024,B001-2024079156,9156
117888,350,2024-08-20,Pensión Escolar - Agosto 2024,B001-2024089156,9156
117889,350,2024-09-26,Pensión Escolar - Setiembre 2024,B001-2024099156,9156
117890,350,2024-10-24,Pensión Escolar - Octubre 2024,B001-2024109156,9156
117891,350,2024-11-29,Pensión Escolar - Noviembre 2024,B001-2024119156,9156
117892,350,2024-12-19,Pensión Escolar - Diciembre 2024,B001-2024129156,9156
117893,350,2024-03-29,Pensión Escolar - Marzo 2024,B001-2024039046,9046
117894,350,2024-04-25,Pensión Escolar - Abril 2024,B001-2024049046,9046
117895,350,2024-05-31,Pensión Escolar - Mayo 2024,B001-2024059046,9046
117896,350,2024-06-20,Pensión Escolar - Junio 2024,B001-2024069046,9046
117897,350,2024-07-26,Pensión Escolar - Julio 2024,B001-2024079046,9046
117898,350,2024-08-23,Pensión Escolar - Agosto 2024,B001-2024089046,9046
117899,350,2024-09-20,Pensión Escolar - Setiembre 2024,B001-2024099046,9046
117900,350,2024-10-18,Pensión Escolar - Octubre 2024,B001-2024109046,9046
117901,350,2024-11-27,Pensión Escolar - Noviembre 2024,B001-2024119046,9046
117902,350,2024-04-01,Pensión Escolar - Marzo 2024,B001-2024039031,9031
117903,350,2024-04-22,Pensión Escolar - Abril 2024,B001-2024049031,9031
117904,350,2024-05-31,Pensión Escolar - Mayo 2024,B001-2024059031,9031
117905,350,2024-06-25,Pensión Escolar - Junio 2024,B001-2024069031,9031
117906,350,2024-07-24,Pensión Escolar - Julio 2024,B001-2024079031,9031
117907,350,2024-08-23,Pensión Escolar - Agosto 2024,B001-2024089031,9031
117908,350,2024-09-26,Pensión Escolar - Setiembre 2024,B001-2024099031,9031
117909,350,2024-10-18,Pensión Escolar - Octubre 2024,B001-2024109031,9031
117910,350,2024-11-20,Pensión Escolar - Noviembre 2024,B001-2024119031,9031
117911,350,2024-12-20,Pensión Escolar - Diciembre 2024,B001-2024129031,9031
117912,350,2024-05-31,Pensión Escolar - Mayo 2024,B001-2024059243,9243
117913,350,2024-06-21,Pensión Escolar - Junio 2024,B001-2024069243,9243
117914,350,2024-08-01,Pensión Escolar - Julio 2024,B001-2024079243,9243
117915,350,2024-08-30,Pensión Escolar - Agosto 2024,B001-2024089243,9243
117916,350,2024-09-23,Pensión Escolar - Setiembre 2024,B001-2024099243,9243
117917,350,2024-10-22,Pensión Escolar - Octubre 2024,B001-2024109243,9243
117918,350,2024-11-22,Pensión Escolar - Noviembre 2024,B001-2024119243,9243
117919,350,2024-12-24,Pensión Escolar - Diciembre 2024,B001-2024129243,9243
117920,350,2024-03-21,Pensión Escolar - Marzo 2024,B001-2024039241,9241
117921,350,2024-04-26,Pensión Escolar - Abril 2024,B001-2024049241,9241
117922,350,2024-05-22,Pensión Escolar - Mayo 2024,B001-2024059241,9241
117923,350,2024-06-28,Pensión Escolar - Junio 2024,B001-2024069241,9241
117924,350,2024-07-22,Pensión Escolar - Julio 2024,B001-2024079241,9241
117925,350,2024-08-19,Pensión Escolar - Agosto 2024,B001-2024089241,9241
117926,350,2024-09-30,Pensión Escolar - Setiembre 2024,B001-2024099241,9241
117927,350,2024-10-25,Pensión Escolar - Octubre 2024,B001-2024109241,9241
117928,350,2024-11-27,Pensión Escolar - Noviembre 2024,B001-2024119241,9241
117929,350,2024-12-24,Pensión Escolar - Diciembre 2024,B001-2024129241,9241
117930,350,2024-04-01,Pensión Escolar - Marzo 2024,B001-2024038964,8964
117931,350,2024-04-19,Pensión Escolar - Abril 2024,B001-2024048964,8964
117932,350,2024-05-27,Pensión Escolar - Mayo 2024,B001-2024058964,8964
117933,350,2024-07-03,Pensión Escolar - Junio 2024,B001-2024068964,8964
117934,350,2024-07-23,Pensión Escolar - Julio 2024,B001-2024078964,8964
117935,350,2024-08-30,Pensión Escolar - Agosto 2024,B001-2024088964,8964
117936,350,2024-09-20,Pensión Escolar - Setiembre 2024,B001-2024098964,8964
117937,350,2024-10-18,Pensión Escolar - Octubre 2024,B001-2024108964,8964
117938,350,2024-11-27,Pensión Escolar - Noviembre 2024,B001-2024118964,8964
117939,350,2024-12-25,Pensión Escolar - Diciembre 2024,B001-2024128964,8964
117940,350,2024-03-22,Pensión Escolar - Marzo 2024,B001-2024039071,9071
117941,350,2024-04-18,Pensión Escolar - Abril 2024,B001-2024049071,9071
117942,350,2024-05-31,Pensión Escolar - Mayo 2024,B001-2024059071,9071
117943,350,2024-06-26,Pensión Escolar - Junio 2024,B001-2024069071,9071
117944,350,2024-07-23,Pensión Escolar - Julio 2024,B001-2024079071,9071
117945,350,2024-08-30,Pensión Escolar - Agosto 2024,B001-2024089071,9071
117946,350,2024-09-18,Pensión Escolar - Setiembre 2024,B001-2024099071,9071
117947,350,2024-11-01,Pensión Escolar - Octubre 2024,B001-2024109071,9071
117948,350,2024-11-22,Pensión Escolar - Noviembre 2024,B001-2024119071,9071
117949,350,2024-12-27,Pensión Escolar - Diciembre 2024,B001-2024129071,9071
117950,350,2024-03-26,Pensión Escolar - Marzo 2024,B001-2024039019,9019
117951,350,2024-04-19,Pensión Escolar - Abril 2024,B001-2024049019,9019
117952,350,2024-05-27,Pensión Escolar - Mayo 2024,B001-2024059019,9019
117953,350,2024-07-01,Pensión Escolar - Junio 2024,B001-2024069019,9019
117954,350,2024-07-31,Pensión Escolar - Julio 2024,B001-2024079019,9019
117955,350,2024-08-23,Pensión Escolar - Agosto 2024,B001-2024089019,9019
117956,350,2024-09-18,Pensión Escolar - Setiembre 2024,B001-2024099019,9019
117957,350,2024-11-01,Pensión Escolar - Octubre 2024,B001-2024109019,9019
117958,350,2024-11-26,Pensión Escolar - Noviembre 2024,B001-2024119019,9019
117959,350,2024-12-24,Pensión Escolar - Diciembre 2024,B001-2024129019,9019
117960,350,2024-03-18,Pensión Escolar - Marzo 2024,B001-2024039035,9035
117961,350,2024-04-26,Pensión Escolar - Abril 2024,B001-2024049035,9035
117962,350,2024-05-21,Pensión Escolar - Mayo 2024,B001-2024059035,9035
117963,350,2024-06-20,Pensión Escolar - Junio 2024,B001-2024069035,9035
117964,350,2024-07-18,Pensión Escolar - Julio 2024,B001-2024079035,9035
117965,350,2024-08-22,Pensión Escolar - Agosto 2024,B001-2024089035,9035
117966,350,2024-09-24,Pensión Escolar - Setiembre 2024,B001-2024099035,9035
117967,350,2024-10-24,Pensión Escolar - Octubre 2024,B001-2024109035,9035
117968,350,2024-11-27,Pensión Escolar - Noviembre 2024,B001-2024119035,9035
117969,350,2024-12-18,Pensión Escolar - Diciembre 2024,B001-2024129035,9035
117970,350,2024-03-22,Pensión Escolar - Marzo 2024,B001-2024039175,9175
117971,350,2024-04-19,Pensión Escolar - Abril 2024,B001-2024049175,9175
117972,350,2024-05-22,Pensión Escolar - Mayo 2024,B001-2024059175,9175
117973,350,2024-06-18,Pensión Escolar - Junio 2024,B001-2024069175,9175
117974,350,2024-07-19,Pensión Escolar - Julio 2024,B001-2024079175,9175
117975,350,2024-08-23,Pensión Escolar - Agosto 2024,B001-2024089175,9175
117976,350,2024-09-18,Pensión Escolar - Setiembre 2024,B001-2024099175,9175
117977,350,2024-10-23,Pensión Escolar - Octubre 2024,B001-2024109175,9175
117978,350,2024-11-21,Pensión Escolar - Noviembre 2024,B001-2024119175,9175
117979,350,2024-12-25,Pensión Escolar - Diciembre 2024,B001-2024129175,9175
117980,350,2024-03-26,Pensión Escolar - Marzo 2024,B001-2024039242,9242
117981,350,2024-04-19,Pensión Escolar - Abril 2024,B001-2024049242,9242
117982,350,2024-05-17,Pensión Escolar - Mayo 2024,B001-2024059242,9242
117983,350,2024-06-20,Pensión Escolar - Junio 2024,B001-2024069242,9242
117984,350,2024-07-25,Pensión Escolar - Julio 2024,B001-2024079242,9242
117985,350,2024-08-23,Pensión Escolar - Agosto 2024,B001-2024089242,9242
117986,350,2024-09-23,Pensión Escolar - Setiembre 2024,B001-2024099242,9242
117987,350,2024-10-29,Pensión Escolar - Octubre 2024,B001-2024109242,9242
117988,350,2024-11-29,Pensión Escolar - Noviembre 2024,B001-2024119242,9242
117989,350,2024-12-19,Pensión Escolar - Diciembre 2024,B001-2024129242,9242
117990,420,2024-03-28,Pensión Escolar - Marzo 2024,B001-2024039121,9121
117991,420,2024-05-03,Pensión Escolar - Abril 2024,B001-2024049121,9121
117992,420,2024-05-20,Pensión Escolar - Mayo 2024,B001-2024059121,9121
117993,420,2024-07-03,Pensión Escolar - Junio 2024,B001-2024069121,9121
117994,420,2024-07-26,Pensión Escolar - Julio 2024,B001-2024079121,9121
117995,420,2024-08-26,Pensión Escolar - Agosto 2024,B001-2024089121,9121
117996,420,2024-09-20,Pensión Escolar - Setiembre 2024,B001-2024099121,9121
117997,420,2024-10-22,Pensión Escolar - Octubre 2024,B001-2024109121,9121
117998,420,2024-11-28,Pensión Escolar - Noviembre 2024,B001-2024119121,9121
117999,420,2024-12-27,Pensión Escolar - Diciembre 2024,B001-2024129121,9121
118000,420,2024-03-29,Pensión Escolar - Marzo 2024,B001-2024039095,9095
118001,420,2024-05-24,Pensión Escolar - Mayo 2024,B001-2024059095,9095
118002,420,2024-07-01,Pensión Escolar - Junio 2024,B001-2024069095,9095
118003,420,2024-07-19,Pensión Escolar - Julio 2024,B001-2024079095,9095
118004,420,2024-08-23,Pensión Escolar - Agosto 2024,B001-2024089095,9095
118005,420,2024-09-20,Pensión Escolar - Setiembre 2024,B001-2024099095,9095
118006,420,2024-10-30,Pensión Escolar - Octubre 2024,B001-2024109095,9095
118007,420,2024-12-03,Pensión Escolar - Noviembre 2024,B001-2024119095,9095
118008,420,2024-12-20,Pensión Escolar - Diciembre 2024,B001-2024129095,9095
118009,420,2024-03-18,Pensión Escolar - Marzo 2024,B001-2024039266,9266
118010,420,2024-04-26,Pensión Escolar - Abril 2024,B001-2024049266,9266
118011,420,2024-07-03,Pensión Escolar - Junio 2024,B001-2024069266,9266
118012,420,2024-07-26,Pensión Escolar - Julio 2024,B001-2024079266,9266
118013,420,2024-08-23,Pensión Escolar - Agosto 2024,B001-2024089266,9266
118014,420,2024-10-01,Pensión Escolar - Setiembre 2024,B001-2024099266,9266
118015,420,2024-11-27,Pensión Escolar - Noviembre 2024,B001-2024119266,9266
118016,420,2024-12-26,Pensión Escolar - Diciembre 2024,B001-2024129266,9266
118017,420,2024-04-02,Pensión Escolar - Marzo 2024,B001-2024039006,9006
118018,420,2024-04-19,Pensión Escolar - Abril 2024,B001-2024049006,9006
118019,420,2024-05-17,Pensión Escolar - Mayo 2024,B001-2024059006,9006
118020,420,2024-06-19,Pensión Escolar - Junio 2024,B001-2024069006,9006
118021,420,2024-07-19,Pensión Escolar - Julio 2024,B001-2024079006,9006
118022,420,2024-08-22,Pensión Escolar - Agosto 2024,B001-2024089006,9006
118023,420,2024-10-01,Pensión Escolar - Setiembre 2024,B001-2024099006,9006
118024,420,2024-10-18,Pensión Escolar - Octubre 2024,B001-2024109006,9006
118025,420,2024-12-03,Pensión Escolar - Noviembre 2024,B001-2024119006,9006
118026,420,2024-12-23,Pensión Escolar - Diciembre 2024,B001-2024129006,9006
118027,420,2024-03-20,Pensión Escolar - Marzo 2024,B001-2024038962,8962
118028,420,2024-04-30,Pensión Escolar - Abril 2024,B001-2024048962,8962
118029,420,2024-05-22,Pensión Escolar - Mayo 2024,B001-2024058962,8962
118030,420,2024-06-21,Pensión Escolar - Junio 2024,B001-2024068962,8962
118031,420,2024-07-19,Pensión Escolar - Julio 2024,B001-2024078962,8962
118032,420,2024-08-21,Pensión Escolar - Agosto 2024,B001-2024088962,8962
118033,420,2024-10-02,Pensión Escolar - Setiembre 2024,B001-2024098962,8962
118034,420,2024-10-25,Pensión Escolar - Octubre 2024,B001-2024108962,8962
118035,420,2024-11-27,Pensión Escolar - Noviembre 2024,B001-2024118962,8962
118036,420,2024-12-20,Pensión Escolar - Diciembre 2024,B001-2024128962,8962
118037,420,2024-03-21,Pensión Escolar - Marzo 2024,B001-2024039181,9181
118038,420,2024-04-18,Pensión Escolar - Abril 2024,B001-2024049181,9181
118039,420,2024-05-31,Pensión Escolar - Mayo 2024,B001-2024059181,9181
118040,420,2024-06-19,Pensión Escolar - Junio 2024,B001-2024069181,9181
118041,420,2024-07-26,Pensión Escolar - Julio 2024,B001-2024079181,9181
118042,420,2024-08-30,Pensión Escolar - Agosto 2024,B001-2024089181,9181
118043,420,2024-10-02,Pensión Escolar - Setiembre 2024,B001-2024099181,9181
118044,420,2024-10-25,Pensión Escolar - Octubre 2024,B001-2024109181,9181
118045,420,2024-11-26,Pensión Escolar - Noviembre 2024,B001-2024119181,9181
118046,420,2024-12-31,Pensión Escolar - Diciembre 2024,B001-2024129181,9181
118047,420,2024-03-29,Pensión Escolar - Marzo 2024,B001-2024039231,9231
118048,420,2024-05-01,Pensión Escolar - Abril 2024,B001-2024049231,9231
118049,420,2024-05-31,Pensión Escolar - Mayo 2024,B001-2024059231,9231
118050,420,2024-06-21,Pensión Escolar - Junio 2024,B001-2024069231,9231
118051,420,2024-07-29,Pensión Escolar - Julio 2024,B001-2024079231,9231
118052,420,2024-08-28,Pensión Escolar - Agosto 2024,B001-2024089231,9231
118053,420,2024-09-25,Pensión Escolar - Setiembre 2024,B001-2024099231,9231
118054,420,2024-10-31,Pensión Escolar - Octubre 2024,B001-2024109231,9231
118055,420,2024-11-28,Pensión Escolar - Noviembre 2024,B001-2024119231,9231
118056,420,2024-12-27,Pensión Escolar - Diciembre 2024,B001-2024129231,9231
118057,420,2024-04-23,Pensión Escolar - Abril 2024,B001-2024049174,9174
118058,420,2024-05-20,Pensión Escolar - Mayo 2024,B001-2024059174,9174
118059,420,2024-06-26,Pensión Escolar - Junio 2024,B001-2024069174,9174
118060,420,2024-07-25,Pensión Escolar - Julio 2024,B001-2024079174,9174
118061,420,2024-08-16,Pensión Escolar - Agosto 2024,B001-2024089174,9174
118062,420,2024-09-30,Pensión Escolar - Setiembre 2024,B001-2024099174,9174
118063,420,2024-10-18,Pensión Escolar - Octubre 2024,B001-2024109174,9174
118064,420,2024-12-27,Pensión Escolar - Diciembre 2024,B001-2024129174,9174
118065,420,2024-03-29,Pensión Escolar - Marzo 2024,B001-2024039310,9310
118066,420,2024-04-30,Pensión Escolar - Abril 2024,B001-2024049310,9310
118067,420,2024-05-24,Pensión Escolar - Mayo 2024,B001-2024059310,9310
118068,420,2024-06-21,Pensión Escolar - Junio 2024,B001-2024069310,9310
118069,420,2024-07-26,Pensión Escolar - Julio 2024,B001-2024079310,9310
118070,420,2024-08-23,Pensión Escolar - Agosto 2024,B001-2024089310,9310
118071,420,2024-09-27,Pensión Escolar - Setiembre 2024,B001-2024099310,9310
118072,420,2024-10-28,Pensión Escolar - Octubre 2024,B001-2024109310,9310
118073,420,2024-11-29,Pensión Escolar - Noviembre 2024,B001-2024119310,9310
118074,420,2024-12-25,Pensión Escolar - Diciembre 2024,B001-2024129310,9310
118075,420,2024-03-22,Pensión Escolar - Marzo 2024,B001-2024039340,9340
118076,420,2024-04-24,Pensión Escolar - Abril 2024,B001-2024049340,9340
118077,420,2024-05-23,Pensión Escolar - Mayo 2024,B001-2024059340,9340
118078,420,2024-07-02,Pensión Escolar - Junio 2024,B001-2024069340,9340
118079,420,2024-07-30,Pensión Escolar - Julio 2024,B001-2024079340,9340
118080,420,2024-08-22,Pensión Escolar - Agosto 2024,B001-2024089340,9340
118081,420,2024-09-25,Pensión Escolar - Setiembre 2024,B001-2024099340,9340
118082,420,2024-10-25,Pensión Escolar - Octubre 2024,B001-2024109340,9340
118083,420,2024-11-25,Pensión Escolar - Noviembre 2024,B001-2024119340,9340
118084,420,2024-12-27,Pensión Escolar - Diciembre 2024,B001-2024129340,9340
118085,420,2024-04-02,Pensión Escolar - Marzo 2024,B001-2024039226,9226
118086,420,2024-04-19,Pensión Escolar - Abril 2024,B001-2024049226,9226
118087,420,2024-05-27,Pensión Escolar - Mayo 2024,B001-2024059226,9226
118088,420,2024-06-19,Pensión Escolar - Junio 2024,B001-2024069226,9226
118089,420,2024-07-31,Pensión Escolar - Julio 2024,B001-2024079226,9226
118090,420,2024-08-28,Pensión Escolar - Agosto 2024,B001-2024089226,9226
118091,420,2024-09-26,Pensión Escolar - Setiembre 2024,B001-2024099226,9226
118092,420,2024-10-22,Pensión Escolar - Octubre 2024,B001-2024109226,9226
118093,420,2024-11-29,Pensión Escolar - Noviembre 2024,B001-2024119226,9226
118094,420,2024-12-27,Pensión Escolar - Diciembre 2024,B001-2024129226,9226
118095,420,2024-04-01,Pensión Escolar - Marzo 2024,B001-2024039330,9330
118096,420,2024-04-19,Pensión Escolar - Abril 2024,B001-2024049330,9330
118097,420,2024-05-24,Pensión Escolar - Mayo 2024,B001-2024059330,9330
118098,420,2024-06-20,Pensión Escolar - Junio 2024,B001-2024069330,9330
118099,420,2024-07-25,Pensión Escolar - Julio 2024,B001-2024079330,9330
118100,420,2024-08-26,Pensión Escolar - Agosto 2024,B001-2024089330,9330
118101,420,2024-10-01,Pensión Escolar - Setiembre 2024,B001-2024099330,9330
118102,420,2024-10-25,Pensión Escolar - Octubre 2024,B001-2024109330,9330
118103,420,2024-11-20,Pensión Escolar - Noviembre 2024,B001-2024119330,9330
118104,420,2024-12-20,Pensión Escolar - Diciembre 2024,B001-2024129330,9330
118105,420,2024-03-28,Pensión Escolar - Marzo 2024,B001-2024038965,8965
118106,420,2024-04-23,Pensión Escolar - Abril 2024,B001-2024048965,8965
118107,420,2024-05-27,Pensión Escolar - Mayo 2024,B001-2024058965,8965
118108,420,2024-06-18,Pensión Escolar - Junio 2024,B001-2024068965,8965
118109,420,2024-07-18,Pensión Escolar - Julio 2024,B001-2024078965,8965
118110,420,2024-08-23,Pensión Escolar - Agosto 2024,B001-2024088965,8965
118111,420,2024-09-27,Pensión Escolar - Setiembre 2024,B001-2024098965,8965
118112,420,2024-10-23,Pensión Escolar - Octubre 2024,B001-2024108965,8965
118113,420,2024-11-26,Pensión Escolar - Noviembre 2024,B001-2024118965,8965
118114,420,2024-12-30,Pensión Escolar - Diciembre 2024,B001-2024128965,8965
118115,420,2024-03-18,Pensión Escolar - Marzo 2024,B001-2024039004,9004
118116,420,2024-04-19,Pensión Escolar - Abril 2024,B001-2024049004,9004
118117,420,2024-05-28,Pensión Escolar - Mayo 2024,B001-2024059004,9004
118118,420,2024-06-28,Pensión Escolar - Junio 2024,B001-2024069004,9004
118119,420,2024-07-26,Pensión Escolar - Julio 2024,B001-2024079004,9004
118120,420,2024-08-29,Pensión Escolar - Agosto 2024,B001-2024089004,9004
118121,420,2024-09-27,Pensión Escolar - Setiembre 2024,B001-2024099004,9004
118122,420,2024-10-18,Pensión Escolar - Octubre 2024,B001-2024109004,9004
118123,420,2024-12-03,Pensión Escolar - Noviembre 2024,B001-2024119004,9004
118124,420,2025-01-01,Pensión Escolar - Diciembre 2024,B001-2024129004,9004
118125,420,2024-03-22,Pensión Escolar - Marzo 2024,B001-2024039137,9137
118126,420,2024-04-26,Pensión Escolar - Abril 2024,B001-2024049137,9137
118127,420,2024-05-20,Pensión Escolar - Mayo 2024,B001-2024059137,9137
118128,420,2024-06-27,Pensión Escolar - Junio 2024,B001-2024069137,9137
118129,420,2024-07-23,Pensión Escolar - Julio 2024,B001-2024079137,9137
118130,420,2024-08-23,Pensión Escolar - Agosto 2024,B001-2024089137,9137
118131,420,2024-09-30,Pensión Escolar - Setiembre 2024,B001-2024099137,9137
118132,420,2024-10-18,Pensión Escolar - Octubre 2024,B001-2024109137,9137
118133,420,2024-11-22,Pensión Escolar - Noviembre 2024,B001-2024119137,9137
118134,420,2024-12-18,Pensión Escolar - Diciembre 2024,B001-2024129137,9137
118135,420,2024-03-27,Pensión Escolar - Marzo 2024,B001-2024039216,9216
118136,420,2024-04-26,Pensión Escolar - Abril 2024,B001-2024049216,9216
118137,420,2024-05-22,Pensión Escolar - Mayo 2024,B001-2024059216,9216
118138,420,2024-07-03,Pensión Escolar - Junio 2024,B001-2024069216,9216
118139,420,2024-07-19,Pensión Escolar - Julio 2024,B001-2024079216,9216
118140,420,2024-08-22,Pensión Escolar - Agosto 2024,B001-2024089216,9216
118141,420,2024-09-20,Pensión Escolar - Setiembre 2024,B001-2024099216,9216
118142,420,2024-10-29,Pensión Escolar - Octubre 2024,B001-2024109216,9216
118143,420,2024-11-26,Pensión Escolar - Noviembre 2024,B001-2024119216,9216
118144,420,2024-12-27,Pensión Escolar - Diciembre 2024,B001-2024129216,9216
118145,420,2024-04-02,Pensión Escolar - Marzo 2024,B001-2024039100,9100
118146,420,2024-04-19,Pensión Escolar - Abril 2024,B001-2024049100,9100
118147,420,2024-05-24,Pensión Escolar - Mayo 2024,B001-2024059100,9100
118148,420,2024-06-26,Pensión Escolar - Junio 2024,B001-2024069100,9100
118149,420,2024-07-23,Pensión Escolar - Julio 2024,B001-2024079100,9100
118150,420,2024-08-30,Pensión Escolar - Agosto 2024,B001-2024089100,9100
118151,420,2024-09-27,Pensión Escolar - Setiembre 2024,B001-2024099100,9100
118152,420,2024-10-22,Pensión Escolar - Octubre 2024,B001-2024109100,9100
118153,420,2024-11-28,Pensión Escolar - Noviembre 2024,B001-2024119100,9100
118154,420,2025-01-02,Pensión Escolar - Diciembre 2024,B001-2024129100,9100
118155,420,2024-03-28,Pensión Escolar - Marzo 2024,B001-2024039223,9223
118156,420,2024-04-26,Pensión Escolar - Abril 2024,B001-2024049223,9223
118157,420,2024-05-20,Pensión Escolar - Mayo 2024,B001-2024059223,9223
118158,420,2024-06-27,Pensión Escolar - Junio 2024,B001-2024069223,9223
118159,420,2024-07-26,Pensión Escolar - Julio 2024,B001-2024079223,9223
118160,420,2024-08-30,Pensión Escolar - Agosto 2024,B001-2024089223,9223
118161,420,2024-09-30,Pensión Escolar - Setiembre 2024,B001-2024099223,9223
118162,420,2024-10-22,Pensión Escolar - Octubre 2024,B001-2024109223,9223
118163,420,2024-11-19,Pensión Escolar - Noviembre 2024,B001-2024119223,9223
118164,420,2024-12-20,Pensión Escolar - Diciembre 2024,B001-2024129223,9223
118165,420,2024-03-28,Pensión Escolar - Marzo 2024,B001-2024039183,9183
118166,420,2024-04-26,Pensión Escolar - Abril 2024,B001-2024049183,9183
118167,420,2024-05-31,Pensión Escolar - Mayo 2024,B001-2024059183,9183
118168,420,2024-07-02,Pensión Escolar - Junio 2024,B001-2024069183,9183
118169,420,2024-07-26,Pensión Escolar - Julio 2024,B001-2024079183,9183
118170,420,2024-09-02,Pensión Escolar - Agosto 2024,B001-2024089183,9183
118171,420,2024-10-03,Pensión Escolar - Setiembre 2024,B001-2024099183,9183
118172,420,2024-10-25,Pensión Escolar - Octubre 2024,B001-2024109183,9183
118173,420,2024-11-29,Pensión Escolar - Noviembre 2024,B001-2024119183,9183
118174,420,2024-12-25,Pensión Escolar - Diciembre 2024,B001-2024129183,9183
118175,420,2024-03-19,Pensión Escolar - Marzo 2024,B001-2024039044,9044
118176,420,2024-04-29,Pensión Escolar - Abril 2024,B001-2024049044,9044
118177,420,2024-05-20,Pensión Escolar - Mayo 2024,B001-2024059044,9044
118178,420,2024-06-25,Pensión Escolar - Junio 2024,B001-2024069044,9044
118179,420,2024-08-01,Pensión Escolar - Julio 2024,B001-2024079044,9044
118180,420,2024-08-27,Pensión Escolar - Agosto 2024,B001-2024089044,9044
118181,420,2024-09-19,Pensión Escolar - Setiembre 2024,B001-2024099044,9044
118182,420,2024-10-29,Pensión Escolar - Octubre 2024,B001-2024109044,9044
118183,420,2024-12-18,Pensión Escolar - Diciembre 2024,B001-2024129044,9044
118184,420,2024-03-22,Pensión Escolar - Marzo 2024,B001-2024039303,9303
118185,420,2024-04-19,Pensión Escolar - Abril 2024,B001-2024049303,9303
118186,420,2024-05-21,Pensión Escolar - Mayo 2024,B001-2024059303,9303
118187,420,2024-06-21,Pensión Escolar - Junio 2024,B001-2024069303,9303
118188,420,2024-08-01,Pensión Escolar - Julio 2024,B001-2024079303,9303
118189,420,2024-08-27,Pensión Escolar - Agosto 2024,B001-2024089303,9303
118190,420,2024-10-02,Pensión Escolar - Setiembre 2024,B001-2024099303,9303
118191,420,2024-10-23,Pensión Escolar - Octubre 2024,B001-2024109303,9303
118192,420,2024-11-29,Pensión Escolar - Noviembre 2024,B001-2024119303,9303
118193,420,2025-01-02,Pensión Escolar - Diciembre 2024,B001-2024129303,9303
118194,420,2024-03-22,Pensión Escolar - Marzo 2024,B001-2024039038,9038
118195,420,2024-05-03,Pensión Escolar - Abril 2024,B001-2024049038,9038
118196,420,2024-05-21,Pensión Escolar - Mayo 2024,B001-2024059038,9038
118197,420,2024-06-21,Pensión Escolar - Junio 2024,B001-2024069038,9038
118198,420,2024-07-18,Pensión Escolar - Julio 2024,B001-2024079038,9038
118199,420,2024-08-23,Pensión Escolar - Agosto 2024,B001-2024089038,9038
118200,420,2024-10-02,Pensión Escolar - Setiembre 2024,B001-2024099038,9038
118201,420,2024-10-25,Pensión Escolar - Octubre 2024,B001-2024109038,9038
118202,420,2024-12-03,Pensión Escolar - Noviembre 2024,B001-2024119038,9038
118203,420,2024-12-30,Pensión Escolar - Diciembre 2024,B001-2024129038,9038
118204,420,2024-03-28,Pensión Escolar - Marzo 2024,B001-2024039294,9294
118205,420,2024-04-18,Pensión Escolar - Abril 2024,B001-2024049294,9294
118206,420,2024-05-31,Pensión Escolar - Mayo 2024,B001-2024059294,9294
118207,420,2024-07-02,Pensión Escolar - Junio 2024,B001-2024069294,9294
118208,420,2024-08-01,Pensión Escolar - Julio 2024,B001-2024079294,9294
118209,420,2024-08-20,Pensión Escolar - Agosto 2024,B001-2024089294,9294
118210,420,2024-10-01,Pensión Escolar - Setiembre 2024,B001-2024099294,9294
118211,420,2024-10-28,Pensión Escolar - Octubre 2024,B001-2024109294,9294
118212,420,2024-12-02,Pensión Escolar - Noviembre 2024,B001-2024119294,9294
118213,420,2024-12-27,Pensión Escolar - Diciembre 2024,B001-2024129294,9294
118214,420,2024-03-27,Pensión Escolar - Marzo 2024,B001-2024039133,9133
118215,420,2024-05-02,Pensión Escolar - Abril 2024,B001-2024049133,9133
118216,420,2024-05-27,Pensión Escolar - Mayo 2024,B001-2024059133,9133
118217,420,2024-06-24,Pensión Escolar - Junio 2024,B001-2024069133,9133
118218,420,2024-07-18,Pensión Escolar - Julio 2024,B001-2024079133,9133
118219,420,2024-08-27,Pensión Escolar - Agosto 2024,B001-2024089133,9133
118220,420,2024-09-27,Pensión Escolar - Setiembre 2024,B001-2024099133,9133
118221,420,2024-10-25,Pensión Escolar - Octubre 2024,B001-2024109133,9133
118222,420,2024-11-22,Pensión Escolar - Noviembre 2024,B001-2024119133,9133
118223,420,2024-12-20,Pensión Escolar - Diciembre 2024,B001-2024129133,9133
118224,420,2024-03-27,Pensión Escolar - Marzo 2024,B001-2024039008,9008
118225,420,2024-04-23,Pensión Escolar - Abril 2024,B001-2024049008,9008
118226,420,2024-05-21,Pensión Escolar - Mayo 2024,B001-2024059008,9008
118227,420,2024-06-19,Pensión Escolar - Junio 2024,B001-2024069008,9008
118228,420,2024-07-26,Pensión Escolar - Julio 2024,B001-2024079008,9008
118229,420,2024-08-21,Pensión Escolar - Agosto 2024,B001-2024089008,9008
118230,420,2024-09-27,Pensión Escolar - Setiembre 2024,B001-2024099008,9008
118231,420,2024-10-25,Pensión Escolar - Octubre 2024,B001-2024109008,9008
118232,420,2024-11-19,Pensión Escolar - Noviembre 2024,B001-2024119008,9008
118233,420,2024-12-27,Pensión Escolar - Diciembre 2024,B001-2024129008,9008
118234,420,2024-04-02,Pensión Escolar - Marzo 2024,B001-2024038942,8942
118235,420,2024-05-02,Pensión Escolar - Abril 2024,B001-2024048942,8942
118236,420,2024-05-31,Pensión Escolar - Mayo 2024,B001-2024058942,8942
118237,420,2024-07-01,Pensión Escolar - Junio 2024,B001-2024068942,8942
118238,420,2024-07-30,Pensión Escolar - Julio 2024,B001-2024078942,8942
118239,420,2024-08-20,Pensión Escolar - Agosto 2024,B001-2024088942,8942
118240,420,2024-09-20,Pensión Escolar - Setiembre 2024,B001-2024098942,8942
118241,420,2024-10-23,Pensión Escolar - Octubre 2024,B001-2024108942,8942
118242,420,2024-11-29,Pensión Escolar - Noviembre 2024,B001-2024118942,8942
118243,420,2024-12-20,Pensión Escolar - Diciembre 2024,B001-2024128942,8942
118244,420,2024-03-19,Pensión Escolar - Marzo 2024,B001-2024038954,8954
118245,420,2024-04-19,Pensión Escolar - Abril 2024,B001-2024048954,8954
118246,420,2024-05-30,Pensión Escolar - Mayo 2024,B001-2024058954,8954
118247,420,2024-06-21,Pensión Escolar - Junio 2024,B001-2024068954,8954
118248,420,2024-07-30,Pensión Escolar - Julio 2024,B001-2024078954,8954
118249,420,2024-08-16,Pensión Escolar - Agosto 2024,B001-2024088954,8954
118250,420,2024-09-24,Pensión Escolar - Setiembre 2024,B001-2024098954,8954
118251,420,2024-10-21,Pensión Escolar - Octubre 2024,B001-2024108954,8954
118252,420,2024-11-27,Pensión Escolar - Noviembre 2024,B001-2024118954,8954
118253,420,2024-12-27,Pensión Escolar - Diciembre 2024,B001-2024128954,8954
118254,420,2024-03-20,Pensión Escolar - Marzo 2024,B001-2024039067,9067
118255,420,2024-04-26,Pensión Escolar - Abril 2024,B001-2024049067,9067
118256,420,2024-05-24,Pensión Escolar - Mayo 2024,B001-2024059067,9067
118257,420,2024-06-18,Pensión Escolar - Junio 2024,B001-2024069067,9067
118258,420,2024-07-25,Pensión Escolar - Julio 2024,B001-2024079067,9067
118259,420,2024-08-30,Pensión Escolar - Agosto 2024,B001-2024089067,9067
118260,420,2024-09-27,Pensión Escolar - Setiembre 2024,B001-2024099067,9067
118261,420,2024-10-29,Pensión Escolar - Octubre 2024,B001-2024109067,9067
118262,420,2024-11-29,Pensión Escolar - Noviembre 2024,B001-2024119067,9067
118263,420,2024-12-27,Pensión Escolar - Diciembre 2024,B001-2024129067,9067
118264,420,2024-03-22,Pensión Escolar - Marzo 2024,B001-2024039099,9099
118265,420,2024-04-19,Pensión Escolar - Abril 2024,B001-2024049099,9099
118266,420,2024-05-21,Pensión Escolar - Mayo 2024,B001-2024059099,9099
118267,420,2024-06-21,Pensión Escolar - Junio 2024,B001-2024069099,9099
118268,420,2024-07-23,Pensión Escolar - Julio 2024,B001-2024079099,9099
118269,420,2024-08-30,Pensión Escolar - Agosto 2024,B001-2024089099,9099
118270,420,2024-09-27,Pensión Escolar - Setiembre 2024,B001-2024099099,9099
118271,420,2024-10-18,Pensión Escolar - Octubre 2024,B001-2024109099,9099
118272,420,2024-11-22,Pensión Escolar - Noviembre 2024,B001-2024119099,9099
118273,420,2024-12-20,Pensión Escolar - Diciembre 2024,B001-2024129099,9099
118274,420,2024-04-02,Pensión Escolar - Marzo 2024,B001-2024038973,8973
118275,420,2024-04-18,Pensión Escolar - Abril 2024,B001-2024048973,8973
118276,420,2024-05-24,Pensión Escolar - Mayo 2024,B001-2024058973,8973
118277,420,2024-06-21,Pensión Escolar - Junio 2024,B001-2024068973,8973
118278,420,2024-08-02,Pensión Escolar - Julio 2024,B001-2024078973,8973
118279,420,2024-08-29,Pensión Escolar - Agosto 2024,B001-2024088973,8973
118280,420,2024-09-25,Pensión Escolar - Setiembre 2024,B001-2024098973,8973
118281,420,2024-10-25,Pensión Escolar - Octubre 2024,B001-2024108973,8973
118282,420,2024-11-29,Pensión Escolar - Noviembre 2024,B001-2024118973,8973
118283,420,2024-12-26,Pensión Escolar - Diciembre 2024,B001-2024128973,8973
118284,420,2024-04-01,Pensión Escolar - Marzo 2024,B001-2024039022,9022
118285,420,2024-04-19,Pensión Escolar - Abril 2024,B001-2024049022,9022
118286,420,2024-05-29,Pensión Escolar - Mayo 2024,B001-2024059022,9022
118287,420,2024-06-28,Pensión Escolar - Junio 2024,B001-2024069022,9022
118288,420,2024-07-29,Pensión Escolar - Julio 2024,B001-2024079022,9022
118289,420,2024-08-23,Pensión Escolar - Agosto 2024,B001-2024089022,9022
118290,420,2024-09-20,Pensión Escolar - Setiembre 2024,B001-2024099022,9022
118291,420,2024-10-25,Pensión Escolar - Octubre 2024,B001-2024109022,9022
118292,420,2024-11-29,Pensión Escolar - Noviembre 2024,B001-2024119022,9022
118293,420,2024-12-20,Pensión Escolar - Diciembre 2024,B001-2024129022,9022
118294,420,2024-03-20,Pensión Escolar - Marzo 2024,B001-2024039112,9112
118295,420,2024-04-19,Pensión Escolar - Abril 2024,B001-2024049112,9112
118296,420,2024-05-24,Pensión Escolar - Mayo 2024,B001-2024059112,9112
118297,420,2024-06-20,Pensión Escolar - Junio 2024,B001-2024069112,9112
118298,420,2024-07-30,Pensión Escolar - Julio 2024,B001-2024079112,9112
118299,420,2024-08-16,Pensión Escolar - Agosto 2024,B001-2024089112,9112
118300,420,2024-09-20,Pensión Escolar - Setiembre 2024,B001-2024099112,9112
118301,420,2024-10-25,Pensión Escolar - Octubre 2024,B001-2024109112,9112
118302,420,2024-11-20,Pensión Escolar - Noviembre 2024,B001-2024119112,9112
118303,420,2024-12-25,Pensión Escolar - Diciembre 2024,B001-2024129112,9112
118304,420,2024-04-02,Pensión Escolar - Marzo 2024,B001-2024039328,9328
118305,420,2024-04-25,Pensión Escolar - Abril 2024,B001-2024049328,9328
118306,420,2024-05-28,Pensión Escolar - Mayo 2024,B001-2024059328,9328
118307,420,2024-06-19,Pensión Escolar - Junio 2024,B001-2024069328,9328
118308,420,2024-07-30,Pensión Escolar - Julio 2024,B001-2024079328,9328
118309,420,2024-08-23,Pensión Escolar - Agosto 2024,B001-2024089328,9328
118310,420,2024-09-27,Pensión Escolar - Setiembre 2024,B001-2024099328,9328
118311,420,2024-10-25,Pensión Escolar - Octubre 2024,B001-2024109328,9328
118312,420,2024-11-22,Pensión Escolar - Noviembre 2024,B001-2024119328,9328
118313,420,2024-12-20,Pensión Escolar - Diciembre 2024,B001-2024129328,9328
118314,420,2024-03-22,Pensión Escolar - Marzo 2024,B001-2024039143,9143
118315,420,2024-04-26,Pensión Escolar - Abril 2024,B001-2024049143,9143
118316,420,2024-05-17,Pensión Escolar - Mayo 2024,B001-2024059143,9143
118317,420,2024-06-21,Pensión Escolar - Junio 2024,B001-2024069143,9143
118318,420,2024-07-19,Pensión Escolar - Julio 2024,B001-2024079143,9143
118319,420,2024-08-30,Pensión Escolar - Agosto 2024,B001-2024089143,9143
118320,420,2024-09-30,Pensión Escolar - Setiembre 2024,B001-2024099143,9143
118321,420,2024-10-30,Pensión Escolar - Octubre 2024,B001-2024109143,9143
118322,420,2024-11-28,Pensión Escolar - Noviembre 2024,B001-2024119143,9143
118323,420,2024-12-25,Pensión Escolar - Diciembre 2024,B001-2024129143,9143
118324,420,2024-03-29,Pensión Escolar - Marzo 2024,B001-2024038993,8993
118325,420,2024-04-19,Pensión Escolar - Abril 2024,B001-2024048993,8993
118326,420,2024-05-31,Pensión Escolar - Mayo 2024,B001-2024058993,8993
118327,420,2024-06-26,Pensión Escolar - Junio 2024,B001-2024068993,8993
118328,420,2024-07-31,Pensión Escolar - Julio 2024,B001-2024078993,8993
118329,420,2024-08-22,Pensión Escolar - Agosto 2024,B001-2024088993,8993
118330,420,2024-10-02,Pensión Escolar - Setiembre 2024,B001-2024098993,8993
118331,420,2024-10-24,Pensión Escolar - Octubre 2024,B001-2024108993,8993
118332,420,2024-11-18,Pensión Escolar - Noviembre 2024,B001-2024118993,8993
118333,420,2024-12-27,Pensión Escolar - Diciembre 2024,B001-2024128993,8993
118334,420,2024-03-21,Pensión Escolar - Marzo 2024,B001-2024039166,9166
118335,420,2024-04-26,Pensión Escolar - Abril 2024,B001-2024049166,9166
118336,420,2024-05-20,Pensión Escolar - Mayo 2024,B001-2024059166,9166
118337,420,2024-06-25,Pensión Escolar - Junio 2024,B001-2024069166,9166
118338,420,2024-08-01,Pensión Escolar - Julio 2024,B001-2024079166,9166
118339,420,2024-08-30,Pensión Escolar - Agosto 2024,B001-2024089166,9166
118340,420,2024-09-26,Pensión Escolar - Setiembre 2024,B001-2024099166,9166
118341,420,2024-10-29,Pensión Escolar - Octubre 2024,B001-2024109166,9166
118342,420,2024-11-18,Pensión Escolar - Noviembre 2024,B001-2024119166,9166
118343,420,2024-12-24,Pensión Escolar - Diciembre 2024,B001-2024129166,9166
118344,420,2024-03-21,Pensión Escolar - Marzo 2024,B001-2024039065,9065
118345,420,2024-04-23,Pensión Escolar - Abril 2024,B001-2024049065,9065
118346,420,2024-05-27,Pensión Escolar - Mayo 2024,B001-2024059065,9065
118347,420,2024-06-26,Pensión Escolar - Junio 2024,B001-2024069065,9065
118348,420,2024-07-26,Pensión Escolar - Julio 2024,B001-2024079065,9065
118349,420,2024-08-16,Pensión Escolar - Agosto 2024,B001-2024089065,9065
118350,420,2024-09-19,Pensión Escolar - Setiembre 2024,B001-2024099065,9065
118351,420,2024-10-24,Pensión Escolar - Octubre 2024,B001-2024109065,9065
118352,420,2024-11-28,Pensión Escolar - Noviembre 2024,B001-2024119065,9065
118353,420,2024-12-23,Pensión Escolar - Diciembre 2024,B001-2024129065,9065
118354,420,2024-03-29,Pensión Escolar - Marzo 2024,B001-2024039333,9333
118355,420,2024-04-30,Pensión Escolar - Abril 2024,B001-2024049333,9333
118356,420,2024-05-30,Pensión Escolar - Mayo 2024,B001-2024059333,9333
118357,420,2024-07-03,Pensión Escolar - Junio 2024,B001-2024069333,9333
118358,420,2024-08-01,Pensión Escolar - Julio 2024,B001-2024079333,9333
118359,420,2024-08-30,Pensión Escolar - Agosto 2024,B001-2024089333,9333
118360,420,2024-09-27,Pensión Escolar - Setiembre 2024,B001-2024099333,9333
118361,420,2024-10-28,Pensión Escolar - Octubre 2024,B001-2024109333,9333
118362,420,2024-11-20,Pensión Escolar - Noviembre 2024,B001-2024119333,9333
118363,420,2024-12-31,Pensión Escolar - Diciembre 2024,B001-2024129333,9333
118364,420,2024-04-22,Pensión Escolar - Abril 2024,B001-2024049120,9120
118365,420,2024-05-21,Pensión Escolar - Mayo 2024,B001-2024059120,9120
118366,420,2024-06-21,Pensión Escolar - Junio 2024,B001-2024069120,9120
118367,420,2024-07-19,Pensión Escolar - Julio 2024,B001-2024079120,9120
118368,420,2024-08-16,Pensión Escolar - Agosto 2024,B001-2024089120,9120
118369,420,2024-10-03,Pensión Escolar - Setiembre 2024,B001-2024099120,9120
118370,420,2024-11-01,Pensión Escolar - Octubre 2024,B001-2024109120,9120
118371,420,2024-11-26,Pensión Escolar - Noviembre 2024,B001-2024119120,9120
118372,420,2024-12-20,Pensión Escolar - Diciembre 2024,B001-2024129120,9120
118373,420,2024-03-29,Pensión Escolar - Marzo 2024,B001-2024038947,8947
118374,420,2024-05-01,Pensión Escolar - Abril 2024,B001-2024048947,8947
118375,420,2024-05-28,Pensión Escolar - Mayo 2024,B001-2024058947,8947
118376,420,2024-06-25,Pensión Escolar - Junio 2024,B001-2024068947,8947
118377,420,2024-07-18,Pensión Escolar - Julio 2024,B001-2024078947,8947
118378,420,2024-08-20,Pensión Escolar - Agosto 2024,B001-2024088947,8947
118379,420,2024-10-01,Pensión Escolar - Setiembre 2024,B001-2024098947,8947
118380,420,2024-11-01,Pensión Escolar - Octubre 2024,B001-2024108947,8947
118381,420,2024-11-22,Pensión Escolar - Noviembre 2024,B001-2024118947,8947
118382,420,2024-12-27,Pensión Escolar - Diciembre 2024,B001-2024128947,8947
118383,420,2024-04-01,Pensión Escolar - Marzo 2024,B001-2024039215,9215
118384,420,2024-05-01,Pensión Escolar - Abril 2024,B001-2024049215,9215
118385,420,2024-05-31,Pensión Escolar - Mayo 2024,B001-2024059215,9215
118386,420,2024-06-28,Pensión Escolar - Junio 2024,B001-2024069215,9215
118387,420,2024-07-26,Pensión Escolar - Julio 2024,B001-2024079215,9215
118388,420,2024-08-23,Pensión Escolar - Agosto 2024,B001-2024089215,9215
118389,420,2024-09-30,Pensión Escolar - Setiembre 2024,B001-2024099215,9215
118390,420,2024-10-29,Pensión Escolar - Octubre 2024,B001-2024109215,9215
118391,420,2024-11-29,Pensión Escolar - Noviembre 2024,B001-2024119215,9215
118392,420,2024-12-20,Pensión Escolar - Diciembre 2024,B001-2024129215,9215
118393,420,2024-03-29,Pensión Escolar - Marzo 2024,B001-2024038950,8950
118394,420,2024-04-30,Pensión Escolar - Abril 2024,B001-2024048950,8950
118395,420,2024-05-31,Pensión Escolar - Mayo 2024,B001-2024058950,8950
118396,420,2024-06-19,Pensión Escolar - Junio 2024,B001-2024068950,8950
118397,420,2024-07-26,Pensión Escolar - Julio 2024,B001-2024078950,8950
118398,420,2024-09-26,Pensión Escolar - Setiembre 2024,B001-2024098950,8950
118399,420,2024-10-22,Pensión Escolar - Octubre 2024,B001-2024108950,8950
118400,420,2024-12-18,Pensión Escolar - Diciembre 2024,B001-2024128950,8950
118401,420,2024-03-20,Pensión Escolar - Marzo 2024,B001-2024039198,9198
118402,420,2024-04-19,Pensión Escolar - Abril 2024,B001-2024049198,9198
118403,420,2024-05-22,Pensión Escolar - Mayo 2024,B001-2024059198,9198
118404,420,2024-06-28,Pensión Escolar - Junio 2024,B001-2024069198,9198
118405,420,2024-07-19,Pensión Escolar - Julio 2024,B001-2024079198,9198
118406,420,2024-08-23,Pensión Escolar - Agosto 2024,B001-2024089198,9198
118407,420,2024-10-03,Pensión Escolar - Setiembre 2024,B001-2024099198,9198
118408,420,2024-11-01,Pensión Escolar - Octubre 2024,B001-2024109198,9198
118409,420,2024-11-22,Pensión Escolar - Noviembre 2024,B001-2024119198,9198
118410,420,2025-01-02,Pensión Escolar - Diciembre 2024,B001-2024129198,9198
118411,420,2024-03-22,Pensión Escolar - Marzo 2024,B001-2024039045,9045
118412,420,2024-04-30,Pensión Escolar - Abril 2024,B001-2024049045,9045
118413,420,2024-05-24,Pensión Escolar - Mayo 2024,B001-2024059045,9045
118414,420,2024-06-26,Pensión Escolar - Junio 2024,B001-2024069045,9045
118415,420,2024-07-26,Pensión Escolar - Julio 2024,B001-2024079045,9045
118416,420,2024-08-19,Pensión Escolar - Agosto 2024,B001-2024089045,9045
118417,420,2024-10-01,Pensión Escolar - Setiembre 2024,B001-2024099045,9045
118418,420,2024-10-22,Pensión Escolar - Octubre 2024,B001-2024109045,9045
118419,420,2024-11-20,Pensión Escolar - Noviembre 2024,B001-2024119045,9045
118420,420,2024-12-27,Pensión Escolar - Diciembre 2024,B001-2024129045,9045
118421,420,2024-03-29,Pensión Escolar - Marzo 2024,B001-2024039108,9108
118422,420,2024-05-01,Pensión Escolar - Abril 2024,B001-2024049108,9108
118423,420,2024-05-24,Pensión Escolar - Mayo 2024,B001-2024059108,9108
118424,420,2024-07-02,Pensión Escolar - Junio 2024,B001-2024069108,9108
118425,420,2024-08-01,Pensión Escolar - Julio 2024,B001-2024079108,9108
118426,420,2024-08-16,Pensión Escolar - Agosto 2024,B001-2024089108,9108
118427,420,2024-09-19,Pensión Escolar - Setiembre 2024,B001-2024099108,9108
118428,420,2024-10-24,Pensión Escolar - Octubre 2024,B001-2024109108,9108
118429,420,2024-11-29,Pensión Escolar - Noviembre 2024,B001-2024119108,9108
118430,420,2025-01-01,Pensión Escolar - Diciembre 2024,B001-2024129108,9108
118431,420,2024-03-26,Pensión Escolar - Marzo 2024,B001-2024039083,9083
118432,420,2024-05-02,Pensión Escolar - Abril 2024,B001-2024049083,9083
118433,420,2024-05-23,Pensión Escolar - Mayo 2024,B001-2024059083,9083
118434,420,2024-06-27,Pensión Escolar - Junio 2024,B001-2024069083,9083
118435,420,2024-07-26,Pensión Escolar - Julio 2024,B001-2024079083,9083
118436,420,2024-08-30,Pensión Escolar - Agosto 2024,B001-2024089083,9083
118437,420,2024-10-03,Pensión Escolar - Setiembre 2024,B001-2024099083,9083
118438,420,2024-10-21,Pensión Escolar - Octubre 2024,B001-2024109083,9083
118439,420,2024-12-02,Pensión Escolar - Noviembre 2024,B001-2024119083,9083
118440,420,2024-12-20,Pensión Escolar - Diciembre 2024,B001-2024129083,9083
118441,420,2024-03-22,Pensión Escolar - Marzo 2024,B001-2024039336,9336
118442,420,2024-04-19,Pensión Escolar - Abril 2024,B001-2024049336,9336
118443,420,2024-05-17,Pensión Escolar - Mayo 2024,B001-2024059336,9336
118444,420,2024-06-25,Pensión Escolar - Junio 2024,B001-2024069336,9336
118445,420,2024-07-19,Pensión Escolar - Julio 2024,B001-2024079336,9336
118446,420,2024-08-21,Pensión Escolar - Agosto 2024,B001-2024089336,9336
118447,420,2024-10-01,Pensión Escolar - Setiembre 2024,B001-2024099336,9336
118448,420,2024-10-23,Pensión Escolar - Octubre 2024,B001-2024109336,9336
118449,420,2024-12-03,Pensión Escolar - Noviembre 2024,B001-2024119336,9336
118450,420,2024-12-27,Pensión Escolar - Diciembre 2024,B001-2024129336,9336
118451,420,2024-03-22,Pensión Escolar - Marzo 2024,B001-2024039251,9251
118452,420,2024-04-26,Pensión Escolar - Abril 2024,B001-2024049251,9251
118453,420,2024-05-23,Pensión Escolar - Mayo 2024,B001-2024059251,9251
118454,420,2024-06-28,Pensión Escolar - Junio 2024,B001-2024069251,9251
118455,420,2024-07-26,Pensión Escolar - Julio 2024,B001-2024079251,9251
118456,420,2024-08-23,Pensión Escolar - Agosto 2024,B001-2024089251,9251
118457,420,2024-09-25,Pensión Escolar - Setiembre 2024,B001-2024099251,9251
118458,420,2024-10-31,Pensión Escolar - Octubre 2024,B001-2024109251,9251
118459,420,2024-11-22,Pensión Escolar - Noviembre 2024,B001-2024119251,9251
118460,420,2024-12-20,Pensión Escolar - Diciembre 2024,B001-2024129251,9251
118461,420,2024-03-27,Pensión Escolar - Marzo 2024,B001-2024039102,9102
118462,420,2024-05-01,Pensión Escolar - Abril 2024,B001-2024049102,9102
118463,420,2024-06-21,Pensión Escolar - Junio 2024,B001-2024069102,9102
118464,420,2024-07-25,Pensión Escolar - Julio 2024,B001-2024079102,9102
118465,420,2024-08-29,Pensión Escolar - Agosto 2024,B001-2024089102,9102
118466,420,2024-09-26,Pensión Escolar - Setiembre 2024,B001-2024099102,9102
118467,420,2024-10-18,Pensión Escolar - Octubre 2024,B001-2024109102,9102
118468,420,2024-11-19,Pensión Escolar - Noviembre 2024,B001-2024119102,9102
118469,420,2024-03-29,Pensión Escolar - Marzo 2024,B001-2024039267,9267
118470,420,2024-05-03,Pensión Escolar - Abril 2024,B001-2024049267,9267
118471,420,2024-05-27,Pensión Escolar - Mayo 2024,B001-2024059267,9267
118472,420,2024-06-26,Pensión Escolar - Junio 2024,B001-2024069267,9267
118473,420,2024-08-01,Pensión Escolar - Julio 2024,B001-2024079267,9267
118474,420,2024-08-23,Pensión Escolar - Agosto 2024,B001-2024089267,9267
118475,420,2024-09-19,Pensión Escolar - Setiembre 2024,B001-2024099267,9267
118476,420,2024-10-24,Pensión Escolar - Octubre 2024,B001-2024109267,9267
118477,420,2024-11-21,Pensión Escolar - Noviembre 2024,B001-2024119267,9267
118478,420,2024-12-19,Pensión Escolar - Diciembre 2024,B001-2024129267,9267
118479,420,2024-03-22,Pensión Escolar - Marzo 2024,B001-2024039281,9281
118480,420,2024-04-29,Pensión Escolar - Abril 2024,B001-2024049281,9281
118481,420,2024-05-17,Pensión Escolar - Mayo 2024,B001-2024059281,9281
118482,420,2024-06-21,Pensión Escolar - Junio 2024,B001-2024069281,9281
118483,420,2024-07-22,Pensión Escolar - Julio 2024,B001-2024079281,9281
118484,420,2024-08-23,Pensión Escolar - Agosto 2024,B001-2024089281,9281
118485,420,2024-09-19,Pensión Escolar - Setiembre 2024,B001-2024099281,9281
118486,420,2024-10-30,Pensión Escolar - Octubre 2024,B001-2024109281,9281
118487,420,2024-11-20,Pensión Escolar - Noviembre 2024,B001-2024119281,9281
118488,420,2024-12-24,Pensión Escolar - Diciembre 2024,B001-2024129281,9281
118489,420,2024-03-28,Pensión Escolar - Marzo 2024,B001-2024039117,9117
118490,420,2024-04-18,Pensión Escolar - Abril 2024,B001-2024049117,9117
118491,420,2024-05-28,Pensión Escolar - Mayo 2024,B001-2024059117,9117
118492,420,2024-06-18,Pensión Escolar - Junio 2024,B001-2024069117,9117
118493,420,2024-07-18,Pensión Escolar - Julio 2024,B001-2024079117,9117
118494,420,2024-08-28,Pensión Escolar - Agosto 2024,B001-2024089117,9117
118495,420,2024-10-01,Pensión Escolar - Setiembre 2024,B001-2024099117,9117
118496,420,2024-10-25,Pensión Escolar - Octubre 2024,B001-2024109117,9117
118497,420,2024-11-29,Pensión Escolar - Noviembre 2024,B001-2024119117,9117
118498,420,2024-12-27,Pensión Escolar - Diciembre 2024,B001-2024129117,9117
118499,420,2024-03-28,Pensión Escolar - Marzo 2024,B001-2024039013,9013
118500,420,2024-04-26,Pensión Escolar - Abril 2024,B001-2024049013,9013
118501,420,2024-05-24,Pensión Escolar - Mayo 2024,B001-2024059013,9013
118502,420,2024-06-21,Pensión Escolar - Junio 2024,B001-2024069013,9013
118503,420,2024-07-31,Pensión Escolar - Julio 2024,B001-2024079013,9013
118504,420,2024-09-02,Pensión Escolar - Agosto 2024,B001-2024089013,9013
118505,420,2024-10-01,Pensión Escolar - Setiembre 2024,B001-2024099013,9013
118506,420,2024-10-25,Pensión Escolar - Octubre 2024,B001-2024109013,9013
118507,420,2024-12-03,Pensión Escolar - Noviembre 2024,B001-2024119013,9013
118508,420,2024-12-18,Pensión Escolar - Diciembre 2024,B001-2024129013,9013
118509,420,2024-04-02,Pensión Escolar - Marzo 2024,B001-2024039220,9220
118510,420,2024-04-19,Pensión Escolar - Abril 2024,B001-2024049220,9220
118511,420,2024-05-28,Pensión Escolar - Mayo 2024,B001-2024059220,9220
118512,420,2024-06-24,Pensión Escolar - Junio 2024,B001-2024069220,9220
118513,420,2024-07-26,Pensión Escolar - Julio 2024,B001-2024079220,9220
118514,420,2024-08-30,Pensión Escolar - Agosto 2024,B001-2024089220,9220
118515,420,2024-10-02,Pensión Escolar - Setiembre 2024,B001-2024099220,9220
118516,420,2024-10-24,Pensión Escolar - Octubre 2024,B001-2024109220,9220
118517,420,2024-11-29,Pensión Escolar - Noviembre 2024,B001-2024119220,9220
118518,420,2024-12-18,Pensión Escolar - Diciembre 2024,B001-2024129220,9220
118519,420,2024-03-18,Pensión Escolar - Marzo 2024,B001-2024039055,9055
118520,420,2024-04-26,Pensión Escolar - Abril 2024,B001-2024049055,9055
118521,420,2024-05-22,Pensión Escolar - Mayo 2024,B001-2024059055,9055
118522,420,2024-06-20,Pensión Escolar - Junio 2024,B001-2024069055,9055
118523,420,2024-07-25,Pensión Escolar - Julio 2024,B001-2024079055,9055
118524,420,2024-08-30,Pensión Escolar - Agosto 2024,B001-2024089055,9055
118525,420,2024-09-30,Pensión Escolar - Setiembre 2024,B001-2024099055,9055
118526,420,2024-10-25,Pensión Escolar - Octubre 2024,B001-2024109055,9055
118527,420,2024-11-19,Pensión Escolar - Noviembre 2024,B001-2024119055,9055
118528,420,2024-12-27,Pensión Escolar - Diciembre 2024,B001-2024129055,9055
118529,420,2024-03-29,Pensión Escolar - Marzo 2024,B001-2024039115,9115
118530,420,2024-04-18,Pensión Escolar - Abril 2024,B001-2024049115,9115
118531,420,2024-05-24,Pensión Escolar - Mayo 2024,B001-2024059115,9115
118532,420,2024-06-28,Pensión Escolar - Junio 2024,B001-2024069115,9115
118533,420,2024-07-25,Pensión Escolar - Julio 2024,B001-2024079115,9115
118534,420,2024-08-30,Pensión Escolar - Agosto 2024,B001-2024089115,9115
118535,420,2024-09-27,Pensión Escolar - Setiembre 2024,B001-2024099115,9115
118536,420,2024-10-18,Pensión Escolar - Octubre 2024,B001-2024109115,9115
118537,420,2024-11-27,Pensión Escolar - Noviembre 2024,B001-2024119115,9115
118538,420,2024-12-18,Pensión Escolar - Diciembre 2024,B001-2024129115,9115
118539,420,2024-03-22,Pensión Escolar - Marzo 2024,B001-2024038998,8998
118540,420,2024-04-29,Pensión Escolar - Abril 2024,B001-2024048998,8998
118541,420,2024-05-28,Pensión Escolar - Mayo 2024,B001-2024058998,8998
118542,420,2024-07-03,Pensión Escolar - Junio 2024,B001-2024068998,8998
118543,420,2024-07-18,Pensión Escolar - Julio 2024,B001-2024078998,8998
118544,420,2024-08-23,Pensión Escolar - Agosto 2024,B001-2024088998,8998
118545,420,2024-09-20,Pensión Escolar - Setiembre 2024,B001-2024098998,8998
118546,420,2024-10-25,Pensión Escolar - Octubre 2024,B001-2024108998,8998
118547,420,2024-11-28,Pensión Escolar - Noviembre 2024,B001-2024118998,8998
118548,420,2024-12-27,Pensión Escolar - Diciembre 2024,B001-2024128998,8998
118549,420,2024-03-26,Pensión Escolar - Marzo 2024,B001-2024038969,8969
118550,420,2024-04-19,Pensión Escolar - Abril 2024,B001-2024048969,8969
118551,420,2024-06-24,Pensión Escolar - Junio 2024,B001-2024068969,8969
118552,420,2024-07-29,Pensión Escolar - Julio 2024,B001-2024078969,8969
118553,420,2024-08-16,Pensión Escolar - Agosto 2024,B001-2024088969,8969
118554,420,2024-09-18,Pensión Escolar - Setiembre 2024,B001-2024098969,8969
118555,420,2024-10-25,Pensión Escolar - Octubre 2024,B001-2024108969,8969
118556,420,2024-11-19,Pensión Escolar - Noviembre 2024,B001-2024118969,8969
118557,420,2024-12-19,Pensión Escolar - Diciembre 2024,B001-2024128969,8969
118558,420,2024-03-28,Pensión Escolar - Marzo 2024,B001-2024039027,9027
118559,420,2024-05-01,Pensión Escolar - Abril 2024,B001-2024049027,9027
118560,420,2024-05-21,Pensión Escolar - Mayo 2024,B001-2024059027,9027
118561,420,2024-06-28,Pensión Escolar - Junio 2024,B001-2024069027,9027
118562,420,2024-07-19,Pensión Escolar - Julio 2024,B001-2024079027,9027
118563,420,2024-08-23,Pensión Escolar - Agosto 2024,B001-2024089027,9027
118564,420,2024-10-03,Pensión Escolar - Setiembre 2024,B001-2024099027,9027
118565,420,2024-10-18,Pensión Escolar - Octubre 2024,B001-2024109027,9027
118566,420,2024-11-25,Pensión Escolar - Noviembre 2024,B001-2024119027,9027
118567,420,2024-12-27,Pensión Escolar - Diciembre 2024,B001-2024129027,9027
118568,420,2024-03-22,Pensión Escolar - Marzo 2024,B001-2024039308,9308
118569,420,2024-04-19,Pensión Escolar - Abril 2024,B001-2024049308,9308
118570,420,2024-05-31,Pensión Escolar - Mayo 2024,B001-2024059308,9308
118571,420,2024-07-01,Pensión Escolar - Junio 2024,B001-2024069308,9308
118572,420,2024-07-22,Pensión Escolar - Julio 2024,B001-2024079308,9308
118573,420,2024-08-19,Pensión Escolar - Agosto 2024,B001-2024089308,9308
118574,420,2024-09-20,Pensión Escolar - Setiembre 2024,B001-2024099308,9308
118575,420,2024-10-24,Pensión Escolar - Octubre 2024,B001-2024109308,9308
118576,420,2024-11-25,Pensión Escolar - Noviembre 2024,B001-2024119308,9308
118577,420,2024-12-27,Pensión Escolar - Diciembre 2024,B001-2024129308,9308
118578,420,2024-03-22,Pensión Escolar - Marzo 2024,B001-2024039270,9270
118579,420,2024-05-03,Pensión Escolar - Abril 2024,B001-2024049270,9270
118580,420,2024-05-17,Pensión Escolar - Mayo 2024,B001-2024059270,9270
118581,420,2024-07-02,Pensión Escolar - Junio 2024,B001-2024069270,9270
118582,420,2024-07-19,Pensión Escolar - Julio 2024,B001-2024079270,9270
118583,420,2024-08-30,Pensión Escolar - Agosto 2024,B001-2024089270,9270
118584,420,2024-09-19,Pensión Escolar - Setiembre 2024,B001-2024099270,9270
118585,420,2024-10-22,Pensión Escolar - Octubre 2024,B001-2024109270,9270
118586,420,2024-11-19,Pensión Escolar - Noviembre 2024,B001-2024119270,9270
118587,420,2024-12-27,Pensión Escolar - Diciembre 2024,B001-2024129270,9270
118588,420,2024-03-29,Pensión Escolar - Marzo 2024,B001-2024039138,9138
118589,420,2024-04-26,Pensión Escolar - Abril 2024,B001-2024049138,9138
118590,420,2024-05-29,Pensión Escolar - Mayo 2024,B001-2024059138,9138
118591,420,2024-08-02,Pensión Escolar - Julio 2024,B001-2024079138,9138
118592,420,2024-08-22,Pensión Escolar - Agosto 2024,B001-2024089138,9138
118593,420,2024-09-26,Pensión Escolar - Setiembre 2024,B001-2024099138,9138
118594,420,2024-11-01,Pensión Escolar - Octubre 2024,B001-2024109138,9138
118595,420,2024-11-18,Pensión Escolar - Noviembre 2024,B001-2024119138,9138
118596,420,2024-12-27,Pensión Escolar - Diciembre 2024,B001-2024129138,9138
118597,420,2024-03-21,Pensión Escolar - Marzo 2024,B001-2024039304,9304
118598,420,2024-04-29,Pensión Escolar - Abril 2024,B001-2024049304,9304
118599,420,2024-05-22,Pensión Escolar - Mayo 2024,B001-2024059304,9304
118600,420,2024-06-20,Pensión Escolar - Junio 2024,B001-2024069304,9304
118601,420,2024-07-31,Pensión Escolar - Julio 2024,B001-2024079304,9304
118602,420,2024-08-30,Pensión Escolar - Agosto 2024,B001-2024089304,9304
118603,420,2024-09-26,Pensión Escolar - Setiembre 2024,B001-2024099304,9304
118604,420,2024-10-25,Pensión Escolar - Octubre 2024,B001-2024109304,9304
118605,420,2024-11-28,Pensión Escolar - Noviembre 2024,B001-2024119304,9304
118606,420,2024-12-25,Pensión Escolar - Diciembre 2024,B001-2024129304,9304
118607,420,2024-03-27,Pensión Escolar - Marzo 2024,B001-2024038971,8971
118608,420,2024-04-30,Pensión Escolar - Abril 2024,B001-2024048971,8971
118609,420,2024-05-17,Pensión Escolar - Mayo 2024,B001-2024058971,8971
118610,420,2024-06-27,Pensión Escolar - Junio 2024,B001-2024068971,8971
118611,420,2024-07-31,Pensión Escolar - Julio 2024,B001-2024078971,8971
118612,420,2024-08-28,Pensión Escolar - Agosto 2024,B001-2024088971,8971
118613,420,2024-09-20,Pensión Escolar - Setiembre 2024,B001-2024098971,8971
118614,420,2024-10-29,Pensión Escolar - Octubre 2024,B001-2024108971,8971
118615,420,2024-11-22,Pensión Escolar - Noviembre 2024,B001-2024118971,8971
118616,420,2024-12-23,Pensión Escolar - Diciembre 2024,B001-2024128971,8971
118617,420,2024-03-22,Pensión Escolar - Marzo 2024,B001-2024039134,9134
118618,420,2024-04-23,Pensión Escolar - Abril 2024,B001-2024049134,9134
118619,420,2024-05-17,Pensión Escolar - Mayo 2024,B001-2024059134,9134
118620,420,2024-06-28,Pensión Escolar - Junio 2024,B001-2024069134,9134
118621,420,2024-07-30,Pensión Escolar - Julio 2024,B001-2024079134,9134
118622,420,2024-08-26,Pensión Escolar - Agosto 2024,B001-2024089134,9134
118623,420,2024-09-19,Pensión Escolar - Setiembre 2024,B001-2024099134,9134
118624,420,2024-11-01,Pensión Escolar - Octubre 2024,B001-2024109134,9134
118625,420,2024-11-21,Pensión Escolar - Noviembre 2024,B001-2024119134,9134
118626,420,2024-12-26,Pensión Escolar - Diciembre 2024,B001-2024129134,9134
118627,420,2024-03-19,Pensión Escolar - Marzo 2024,B001-2024039011,9011
118628,420,2024-05-03,Pensión Escolar - Abril 2024,B001-2024049011,9011
118629,420,2024-05-17,Pensión Escolar - Mayo 2024,B001-2024059011,9011
118630,420,2024-06-18,Pensión Escolar - Junio 2024,B001-2024069011,9011
118631,420,2024-07-26,Pensión Escolar - Julio 2024,B001-2024079011,9011
118632,420,2024-08-30,Pensión Escolar - Agosto 2024,B001-2024089011,9011
118633,420,2024-09-20,Pensión Escolar - Setiembre 2024,B001-2024099011,9011
118634,420,2024-10-31,Pensión Escolar - Octubre 2024,B001-2024109011,9011
118635,420,2024-11-29,Pensión Escolar - Noviembre 2024,B001-2024119011,9011
118636,420,2024-12-27,Pensión Escolar - Diciembre 2024,B001-2024129011,9011
118637,420,2024-03-21,Pensión Escolar - Marzo 2024,B001-2024039039,9039
118638,420,2024-04-30,Pensión Escolar - Abril 2024,B001-2024049039,9039
118639,420,2024-05-31,Pensión Escolar - Mayo 2024,B001-2024059039,9039
118640,420,2024-06-26,Pensión Escolar - Junio 2024,B001-2024069039,9039
118641,420,2024-08-01,Pensión Escolar - Julio 2024,B001-2024079039,9039
118642,420,2024-08-30,Pensión Escolar - Agosto 2024,B001-2024089039,9039
118643,420,2024-09-26,Pensión Escolar - Setiembre 2024,B001-2024099039,9039
118644,420,2024-10-31,Pensión Escolar - Octubre 2024,B001-2024109039,9039
118645,420,2024-11-22,Pensión Escolar - Noviembre 2024,B001-2024119039,9039
118646,420,2024-12-27,Pensión Escolar - Diciembre 2024,B001-2024129039,9039
118647,420,2024-03-26,Pensión Escolar - Marzo 2024,B001-2024039075,9075
118648,420,2024-04-19,Pensión Escolar - Abril 2024,B001-2024049075,9075
118649,420,2024-05-31,Pensión Escolar - Mayo 2024,B001-2024059075,9075
118650,420,2024-06-25,Pensión Escolar - Junio 2024,B001-2024069075,9075
118651,420,2024-07-22,Pensión Escolar - Julio 2024,B001-2024079075,9075
118652,420,2024-10-03,Pensión Escolar - Setiembre 2024,B001-2024099075,9075
118653,420,2024-10-21,Pensión Escolar - Octubre 2024,B001-2024109075,9075
118654,420,2024-11-26,Pensión Escolar - Noviembre 2024,B001-2024119075,9075
118655,420,2024-12-19,Pensión Escolar - Diciembre 2024,B001-2024129075,9075
118656,420,2024-03-19,Pensión Escolar - Marzo 2024,B001-2024039072,9072
118657,420,2024-04-23,Pensión Escolar - Abril 2024,B001-2024049072,9072
118658,420,2024-05-31,Pensión Escolar - Mayo 2024,B001-2024059072,9072
118659,420,2024-06-19,Pensión Escolar - Junio 2024,B001-2024069072,9072
118660,420,2024-07-24,Pensión Escolar - Julio 2024,B001-2024079072,9072
118661,420,2024-09-02,Pensión Escolar - Agosto 2024,B001-2024089072,9072
118662,420,2024-09-20,Pensión Escolar - Setiembre 2024,B001-2024099072,9072
118663,420,2024-10-25,Pensión Escolar - Octubre 2024,B001-2024109072,9072
118664,420,2024-11-19,Pensión Escolar - Noviembre 2024,B001-2024119072,9072
118665,420,2024-12-27,Pensión Escolar - Diciembre 2024,B001-2024129072,9072
118666,420,2024-03-21,Pensión Escolar - Marzo 2024,B001-2024039184,9184
118667,420,2024-04-25,Pensión Escolar - Abril 2024,B001-2024049184,9184
118668,420,2024-06-21,Pensión Escolar - Junio 2024,B001-2024069184,9184
118669,420,2024-07-25,Pensión Escolar - Julio 2024,B001-2024079184,9184
118670,420,2024-08-21,Pensión Escolar - Agosto 2024,B001-2024089184,9184
118671,420,2024-09-18,Pensión Escolar - Setiembre 2024,B001-2024099184,9184
118672,420,2024-10-24,Pensión Escolar - Octubre 2024,B001-2024109184,9184
118673,420,2024-12-02,Pensión Escolar - Noviembre 2024,B001-2024119184,9184
118674,420,2024-12-27,Pensión Escolar - Diciembre 2024,B001-2024129184,9184
118675,420,2024-03-29,Pensión Escolar - Marzo 2024,B001-2024039016,9016
118676,420,2024-04-29,Pensión Escolar - Abril 2024,B001-2024049016,9016
118677,420,2024-05-28,Pensión Escolar - Mayo 2024,B001-2024059016,9016
118678,420,2024-07-02,Pensión Escolar - Junio 2024,B001-2024069016,9016
118679,420,2024-07-19,Pensión Escolar - Julio 2024,B001-2024079016,9016
118680,420,2024-08-23,Pensión Escolar - Agosto 2024,B001-2024089016,9016
118681,420,2024-10-01,Pensión Escolar - Setiembre 2024,B001-2024099016,9016
118682,420,2024-10-28,Pensión Escolar - Octubre 2024,B001-2024109016,9016
118683,420,2024-11-22,Pensión Escolar - Noviembre 2024,B001-2024119016,9016
118684,420,2024-12-26,Pensión Escolar - Diciembre 2024,B001-2024129016,9016
118685,420,2024-03-29,Pensión Escolar - Marzo 2024,B001-2024039041,9041
118686,420,2024-04-23,Pensión Escolar - Abril 2024,B001-2024049041,9041
118687,420,2024-05-31,Pensión Escolar - Mayo 2024,B001-2024059041,9041
118688,420,2024-07-02,Pensión Escolar - Junio 2024,B001-2024069041,9041
118689,420,2024-07-19,Pensión Escolar - Julio 2024,B001-2024079041,9041
118690,420,2024-08-23,Pensión Escolar - Agosto 2024,B001-2024089041,9041
118691,420,2024-09-19,Pensión Escolar - Setiembre 2024,B001-2024099041,9041
118692,420,2024-10-25,Pensión Escolar - Octubre 2024,B001-2024109041,9041
118693,420,2024-11-19,Pensión Escolar - Noviembre 2024,B001-2024119041,9041
118694,420,2024-12-24,Pensión Escolar - Diciembre 2024,B001-2024129041,9041
118695,420,2024-03-22,Pensión Escolar - Marzo 2024,B001-2024039208,9208
118696,420,2024-04-26,Pensión Escolar - Abril 2024,B001-2024049208,9208
118697,420,2024-05-30,Pensión Escolar - Mayo 2024,B001-2024059208,9208
118698,420,2024-07-01,Pensión Escolar - Junio 2024,B001-2024069208,9208
118699,420,2024-07-23,Pensión Escolar - Julio 2024,B001-2024079208,9208
118700,420,2024-08-21,Pensión Escolar - Agosto 2024,B001-2024089208,9208
118701,420,2024-10-02,Pensión Escolar - Setiembre 2024,B001-2024099208,9208
118702,420,2024-10-25,Pensión Escolar - Octubre 2024,B001-2024109208,9208
118703,420,2024-11-29,Pensión Escolar - Noviembre 2024,B001-2024119208,9208
118704,420,2024-12-20,Pensión Escolar - Diciembre 2024,B001-2024129208,9208
118705,420,2024-03-26,Pensión Escolar - Marzo 2024,B001-2024039275,9275
118706,420,2024-04-19,Pensión Escolar - Abril 2024,B001-2024049275,9275
118707,420,2024-05-24,Pensión Escolar - Mayo 2024,B001-2024059275,9275
118708,420,2024-06-28,Pensión Escolar - Junio 2024,B001-2024069275,9275
118709,420,2024-07-30,Pensión Escolar - Julio 2024,B001-2024079275,9275
118710,420,2024-08-27,Pensión Escolar - Agosto 2024,B001-2024089275,9275
118711,420,2024-09-24,Pensión Escolar - Setiembre 2024,B001-2024099275,9275
118712,420,2024-10-22,Pensión Escolar - Octubre 2024,B001-2024109275,9275
118713,420,2024-11-20,Pensión Escolar - Noviembre 2024,B001-2024119275,9275
118714,420,2024-12-27,Pensión Escolar - Diciembre 2024,B001-2024129275,9275
118715,420,2024-04-02,Pensión Escolar - Marzo 2024,B001-2024039239,9239
118716,420,2024-05-03,Pensión Escolar - Abril 2024,B001-2024049239,9239
118717,420,2024-05-20,Pensión Escolar - Mayo 2024,B001-2024059239,9239
118718,420,2024-06-24,Pensión Escolar - Junio 2024,B001-2024069239,9239
118719,420,2024-07-22,Pensión Escolar - Julio 2024,B001-2024079239,9239
118720,420,2024-08-30,Pensión Escolar - Agosto 2024,B001-2024089239,9239
118721,420,2024-09-20,Pensión Escolar - Setiembre 2024,B001-2024099239,9239
118722,420,2024-10-23,Pensión Escolar - Octubre 2024,B001-2024109239,9239
118723,420,2024-12-23,Pensión Escolar - Diciembre 2024,B001-2024129239,9239
118724,420,2024-03-29,Pensión Escolar - Marzo 2024,B001-2024039173,9173
118725,420,2024-04-18,Pensión Escolar - Abril 2024,B001-2024049173,9173
118726,420,2024-05-21,Pensión Escolar - Mayo 2024,B001-2024059173,9173
118727,420,2024-06-26,Pensión Escolar - Junio 2024,B001-2024069173,9173
118728,420,2024-07-30,Pensión Escolar - Julio 2024,B001-2024079173,9173
118729,420,2024-08-28,Pensión Escolar - Agosto 2024,B001-2024089173,9173
118730,420,2024-10-02,Pensión Escolar - Setiembre 2024,B001-2024099173,9173
118731,420,2024-10-28,Pensión Escolar - Octubre 2024,B001-2024109173,9173
118732,420,2024-11-22,Pensión Escolar - Noviembre 2024,B001-2024119173,9173
118733,420,2024-12-20,Pensión Escolar - Diciembre 2024,B001-2024129173,9173
118734,420,2024-03-18,Pensión Escolar - Marzo 2024,B001-2024039289,9289
118735,420,2024-04-24,Pensión Escolar - Abril 2024,B001-2024049289,9289
118736,420,2024-05-24,Pensión Escolar - Mayo 2024,B001-2024059289,9289
118737,420,2024-07-02,Pensión Escolar - Junio 2024,B001-2024069289,9289
118738,420,2024-07-19,Pensión Escolar - Julio 2024,B001-2024079289,9289
118739,420,2024-09-02,Pensión Escolar - Agosto 2024,B001-2024089289,9289
118740,420,2024-10-03,Pensión Escolar - Setiembre 2024,B001-2024099289,9289
118741,420,2024-10-22,Pensión Escolar - Octubre 2024,B001-2024109289,9289
118742,420,2024-12-02,Pensión Escolar - Noviembre 2024,B001-2024119289,9289
118743,420,2024-12-27,Pensión Escolar - Diciembre 2024,B001-2024129289,9289
118744,420,2024-03-29,Pensión Escolar - Marzo 2024,B001-2024039172,9172
118745,420,2024-04-22,Pensión Escolar - Abril 2024,B001-2024049172,9172
118746,420,2024-05-22,Pensión Escolar - Mayo 2024,B001-2024059172,9172
118747,420,2024-06-28,Pensión Escolar - Junio 2024,B001-2024069172,9172
118748,420,2024-07-30,Pensión Escolar - Julio 2024,B001-2024079172,9172
118749,420,2024-09-02,Pensión Escolar - Agosto 2024,B001-2024089172,9172
118750,420,2024-09-20,Pensión Escolar - Setiembre 2024,B001-2024099172,9172
118751,420,2024-11-01,Pensión Escolar - Octubre 2024,B001-2024109172,9172
118752,420,2024-11-29,Pensión Escolar - Noviembre 2024,B001-2024119172,9172
118753,420,2025-01-01,Pensión Escolar - Diciembre 2024,B001-2024129172,9172
118754,420,2024-03-22,Pensión Escolar - Marzo 2024,B001-2024039110,9110
118755,420,2024-05-03,Pensión Escolar - Abril 2024,B001-2024049110,9110
118756,420,2024-05-21,Pensión Escolar - Mayo 2024,B001-2024059110,9110
118757,420,2024-06-28,Pensión Escolar - Junio 2024,B001-2024069110,9110
118758,420,2024-08-01,Pensión Escolar - Julio 2024,B001-2024079110,9110
118759,420,2024-08-29,Pensión Escolar - Agosto 2024,B001-2024089110,9110
118760,420,2024-09-20,Pensión Escolar - Setiembre 2024,B001-2024099110,9110
118761,420,2024-10-18,Pensión Escolar - Octubre 2024,B001-2024109110,9110
118762,420,2024-11-29,Pensión Escolar - Noviembre 2024,B001-2024119110,9110
118763,420,2024-12-20,Pensión Escolar - Diciembre 2024,B001-2024129110,9110
118764,420,2024-03-18,Pensión Escolar - Marzo 2024,B001-2024039236,9236
118765,420,2024-04-24,Pensión Escolar - Abril 2024,B001-2024049236,9236
118766,420,2024-05-17,Pensión Escolar - Mayo 2024,B001-2024059236,9236
118767,420,2024-06-28,Pensión Escolar - Junio 2024,B001-2024069236,9236
118768,420,2024-07-22,Pensión Escolar - Julio 2024,B001-2024079236,9236
118769,420,2024-08-16,Pensión Escolar - Agosto 2024,B001-2024089236,9236
118770,420,2024-10-03,Pensión Escolar - Setiembre 2024,B001-2024099236,9236
118771,420,2024-10-30,Pensión Escolar - Octubre 2024,B001-2024109236,9236
118772,420,2024-11-20,Pensión Escolar - Noviembre 2024,B001-2024119236,9236
118773,420,2025-01-02,Pensión Escolar - Diciembre 2024,B001-2024129236,9236
118774,420,2024-03-21,Pensión Escolar - Marzo 2024,B001-2024039337,9337
118775,420,2024-04-18,Pensión Escolar - Abril 2024,B001-2024049337,9337
118776,420,2024-05-17,Pensión Escolar - Mayo 2024,B001-2024059337,9337
118777,420,2024-07-02,Pensión Escolar - Junio 2024,B001-2024069337,9337
118778,420,2024-07-31,Pensión Escolar - Julio 2024,B001-2024079337,9337
118779,420,2024-08-23,Pensión Escolar - Agosto 2024,B001-2024089337,9337
118780,420,2024-09-23,Pensión Escolar - Setiembre 2024,B001-2024099337,9337
118781,420,2024-10-28,Pensión Escolar - Octubre 2024,B001-2024109337,9337
118782,420,2024-11-22,Pensión Escolar - Noviembre 2024,B001-2024119337,9337
118783,420,2024-12-18,Pensión Escolar - Diciembre 2024,B001-2024129337,9337
118784,420,2024-03-29,Pensión Escolar - Marzo 2024,B001-2024039165,9165
118785,420,2024-04-26,Pensión Escolar - Abril 2024,B001-2024049165,9165
118786,420,2024-05-27,Pensión Escolar - Mayo 2024,B001-2024059165,9165
118787,420,2024-07-03,Pensión Escolar - Junio 2024,B001-2024069165,9165
118788,420,2024-07-23,Pensión Escolar - Julio 2024,B001-2024079165,9165
118789,420,2024-08-19,Pensión Escolar - Agosto 2024,B001-2024089165,9165
118790,420,2024-10-01,Pensión Escolar - Setiembre 2024,B001-2024099165,9165
118791,420,2024-10-23,Pensión Escolar - Octubre 2024,B001-2024109165,9165
118792,420,2024-11-29,Pensión Escolar - Noviembre 2024,B001-2024119165,9165
118793,420,2024-12-25,Pensión Escolar - Diciembre 2024,B001-2024129165,9165
118794,420,2024-04-02,Pensión Escolar - Marzo 2024,B001-2024038951,8951
118795,420,2024-05-01,Pensión Escolar - Abril 2024,B001-2024048951,8951
118796,420,2024-05-23,Pensión Escolar - Mayo 2024,B001-2024058951,8951
118797,420,2024-06-18,Pensión Escolar - Junio 2024,B001-2024068951,8951
118798,420,2024-07-26,Pensión Escolar - Julio 2024,B001-2024078951,8951
118799,420,2024-09-02,Pensión Escolar - Agosto 2024,B001-2024088951,8951
118800,420,2024-09-20,Pensión Escolar - Setiembre 2024,B001-2024098951,8951
118801,420,2024-10-18,Pensión Escolar - Octubre 2024,B001-2024108951,8951
118802,420,2024-11-29,Pensión Escolar - Noviembre 2024,B001-2024118951,8951
118803,420,2025-01-02,Pensión Escolar - Diciembre 2024,B001-2024128951,8951
118804,420,2024-03-25,Pensión Escolar - Marzo 2024,B001-2024039191,9191
118805,420,2024-04-19,Pensión Escolar - Abril 2024,B001-2024049191,9191
118806,420,2024-05-31,Pensión Escolar - Mayo 2024,B001-2024059191,9191
118807,420,2024-06-28,Pensión Escolar - Junio 2024,B001-2024069191,9191
118808,420,2024-07-30,Pensión Escolar - Julio 2024,B001-2024079191,9191
118809,420,2024-08-21,Pensión Escolar - Agosto 2024,B001-2024089191,9191
118810,420,2024-09-23,Pensión Escolar - Setiembre 2024,B001-2024099191,9191
118811,420,2024-10-18,Pensión Escolar - Octubre 2024,B001-2024109191,9191
118812,420,2024-11-19,Pensión Escolar - Noviembre 2024,B001-2024119191,9191
118813,420,2024-12-23,Pensión Escolar - Diciembre 2024,B001-2024129191,9191
118814,420,2024-03-29,Pensión Escolar - Marzo 2024,B001-2024039282,9282
118815,420,2024-04-26,Pensión Escolar - Abril 2024,B001-2024049282,9282
118816,420,2024-05-21,Pensión Escolar - Mayo 2024,B001-2024059282,9282
118817,420,2024-07-02,Pensión Escolar - Junio 2024,B001-2024069282,9282
118818,420,2024-07-24,Pensión Escolar - Julio 2024,B001-2024079282,9282
118819,420,2024-08-26,Pensión Escolar - Agosto 2024,B001-2024089282,9282
118820,420,2024-09-25,Pensión Escolar - Setiembre 2024,B001-2024099282,9282
118821,420,2024-10-18,Pensión Escolar - Octubre 2024,B001-2024109282,9282
118822,420,2024-11-26,Pensión Escolar - Noviembre 2024,B001-2024119282,9282
118823,420,2025-01-01,Pensión Escolar - Diciembre 2024,B001-2024129282,9282
118824,420,2024-03-29,Pensión Escolar - Marzo 2024,B001-2024039028,9028
118825,420,2024-04-25,Pensión Escolar - Abril 2024,B001-2024049028,9028
118826,420,2024-05-24,Pensión Escolar - Mayo 2024,B001-2024059028,9028
118827,420,2024-06-19,Pensión Escolar - Junio 2024,B001-2024069028,9028
118828,420,2024-07-29,Pensión Escolar - Julio 2024,B001-2024079028,9028
118829,420,2024-08-22,Pensión Escolar - Agosto 2024,B001-2024089028,9028
118830,420,2024-10-01,Pensión Escolar - Setiembre 2024,B001-2024099028,9028
118831,420,2024-10-22,Pensión Escolar - Octubre 2024,B001-2024109028,9028
118832,420,2024-11-22,Pensión Escolar - Noviembre 2024,B001-2024119028,9028
118833,420,2024-12-27,Pensión Escolar - Diciembre 2024,B001-2024129028,9028
118834,420,2024-03-27,Pensión Escolar - Marzo 2024,B001-2024038987,8987
118835,420,2024-04-19,Pensión Escolar - Abril 2024,B001-2024048987,8987
118836,420,2024-05-31,Pensión Escolar - Mayo 2024,B001-2024058987,8987
118837,420,2024-06-21,Pensión Escolar - Junio 2024,B001-2024068987,8987
118838,420,2024-07-26,Pensión Escolar - Julio 2024,B001-2024078987,8987
118839,420,2024-08-29,Pensión Escolar - Agosto 2024,B001-2024088987,8987
118840,420,2024-09-26,Pensión Escolar - Setiembre 2024,B001-2024098987,8987
118841,420,2024-10-29,Pensión Escolar - Octubre 2024,B001-2024108987,8987
118842,420,2024-12-02,Pensión Escolar - Noviembre 2024,B001-2024118987,8987
118843,420,2024-12-19,Pensión Escolar - Diciembre 2024,B001-2024128987,8987
118844,420,2024-03-22,Pensión Escolar - Marzo 2024,B001-2024039168,9168
118845,420,2024-05-01,Pensión Escolar - Abril 2024,B001-2024049168,9168
118846,420,2024-05-24,Pensión Escolar - Mayo 2024,B001-2024059168,9168
118847,420,2024-06-20,Pensión Escolar - Junio 2024,B001-2024069168,9168
118848,420,2024-07-31,Pensión Escolar - Julio 2024,B001-2024079168,9168
118849,420,2024-08-23,Pensión Escolar - Agosto 2024,B001-2024089168,9168
118850,420,2024-10-01,Pensión Escolar - Setiembre 2024,B001-2024099168,9168
118851,420,2024-10-18,Pensión Escolar - Octubre 2024,B001-2024109168,9168
118852,420,2024-11-29,Pensión Escolar - Noviembre 2024,B001-2024119168,9168
118853,420,2024-12-27,Pensión Escolar - Diciembre 2024,B001-2024129168,9168
118854,420,2024-03-28,Pensión Escolar - Marzo 2024,B001-2024039298,9298
118855,420,2024-05-02,Pensión Escolar - Abril 2024,B001-2024049298,9298
118856,420,2024-05-30,Pensión Escolar - Mayo 2024,B001-2024059298,9298
118857,420,2024-07-02,Pensión Escolar - Junio 2024,B001-2024069298,9298
118858,420,2024-07-23,Pensión Escolar - Julio 2024,B001-2024079298,9298
118859,420,2024-08-23,Pensión Escolar - Agosto 2024,B001-2024089298,9298
118860,420,2024-09-26,Pensión Escolar - Setiembre 2024,B001-2024099298,9298
118861,420,2024-10-18,Pensión Escolar - Octubre 2024,B001-2024109298,9298
118862,420,2024-11-29,Pensión Escolar - Noviembre 2024,B001-2024119298,9298
118863,420,2024-12-27,Pensión Escolar - Diciembre 2024,B001-2024129298,9298
118864,420,2024-03-22,Pensión Escolar - Marzo 2024,B001-2024039017,9017
118865,420,2024-04-29,Pensión Escolar - Abril 2024,B001-2024049017,9017
118866,420,2024-05-17,Pensión Escolar - Mayo 2024,B001-2024059017,9017
118867,420,2024-06-21,Pensión Escolar - Junio 2024,B001-2024069017,9017
118868,420,2024-07-23,Pensión Escolar - Julio 2024,B001-2024079017,9017
118869,420,2024-08-20,Pensión Escolar - Agosto 2024,B001-2024089017,9017
118870,420,2024-09-30,Pensión Escolar - Setiembre 2024,B001-2024099017,9017
118871,420,2024-10-18,Pensión Escolar - Octubre 2024,B001-2024109017,9017
118872,420,2024-11-22,Pensión Escolar - Noviembre 2024,B001-2024119017,9017
118873,420,2024-12-20,Pensión Escolar - Diciembre 2024,B001-2024129017,9017
118874,420,2024-03-22,Pensión Escolar - Marzo 2024,B001-2024039062,9062
118875,420,2024-04-18,Pensión Escolar - Abril 2024,B001-2024049062,9062
118876,420,2024-05-31,Pensión Escolar - Mayo 2024,B001-2024059062,9062
118877,420,2024-06-24,Pensión Escolar - Junio 2024,B001-2024069062,9062
118878,420,2024-07-22,Pensión Escolar - Julio 2024,B001-2024079062,9062
118879,420,2024-08-20,Pensión Escolar - Agosto 2024,B001-2024089062,9062
118880,420,2024-09-27,Pensión Escolar - Setiembre 2024,B001-2024099062,9062
118881,420,2024-10-25,Pensión Escolar - Octubre 2024,B001-2024109062,9062
118882,420,2024-12-03,Pensión Escolar - Noviembre 2024,B001-2024119062,9062
118883,420,2024-12-27,Pensión Escolar - Diciembre 2024,B001-2024129062,9062
118884,420,2024-03-22,Pensión Escolar - Marzo 2024,B001-2024039128,9128
118885,420,2024-04-24,Pensión Escolar - Abril 2024,B001-2024049128,9128
118886,420,2024-05-30,Pensión Escolar - Mayo 2024,B001-2024059128,9128
118887,420,2024-06-21,Pensión Escolar - Junio 2024,B001-2024069128,9128
118888,420,2024-07-19,Pensión Escolar - Julio 2024,B001-2024079128,9128
118889,420,2024-08-23,Pensión Escolar - Agosto 2024,B001-2024089128,9128
118890,420,2024-09-20,Pensión Escolar - Setiembre 2024,B001-2024099128,9128
118891,420,2024-10-18,Pensión Escolar - Octubre 2024,B001-2024109128,9128
118892,420,2024-11-19,Pensión Escolar - Noviembre 2024,B001-2024119128,9128
118893,420,2024-12-27,Pensión Escolar - Diciembre 2024,B001-2024129128,9128
118894,420,2024-03-19,Pensión Escolar - Marzo 2024,B001-2024039169,9169
118895,420,2024-04-23,Pensión Escolar - Abril 2024,B001-2024049169,9169
118896,420,2024-05-17,Pensión Escolar - Mayo 2024,B001-2024059169,9169
118897,420,2024-06-26,Pensión Escolar - Junio 2024,B001-2024069169,9169
118898,420,2024-07-18,Pensión Escolar - Julio 2024,B001-2024079169,9169
118899,420,2024-08-22,Pensión Escolar - Agosto 2024,B001-2024089169,9169
118900,420,2024-09-27,Pensión Escolar - Setiembre 2024,B001-2024099169,9169
118901,420,2024-10-25,Pensión Escolar - Octubre 2024,B001-2024109169,9169
118902,420,2024-11-22,Pensión Escolar - Noviembre 2024,B001-2024119169,9169
118903,420,2024-12-25,Pensión Escolar - Diciembre 2024,B001-2024129169,9169
118904,420,2024-03-22,Pensión Escolar - Marzo 2024,B001-2024038957,8957
118905,420,2024-05-02,Pensión Escolar - Abril 2024,B001-2024048957,8957
118906,420,2024-05-24,Pensión Escolar - Mayo 2024,B001-2024058957,8957
118907,420,2024-06-28,Pensión Escolar - Junio 2024,B001-2024068957,8957
118908,420,2024-08-23,Pensión Escolar - Agosto 2024,B001-2024088957,8957
118909,420,2024-09-19,Pensión Escolar - Setiembre 2024,B001-2024098957,8957
118910,420,2024-10-29,Pensión Escolar - Octubre 2024,B001-2024108957,8957
118911,420,2024-11-29,Pensión Escolar - Noviembre 2024,B001-2024118957,8957
118912,420,2024-12-27,Pensión Escolar - Diciembre 2024,B001-2024128957,8957
118913,420,2024-03-29,Pensión Escolar - Marzo 2024,B001-2024039059,9059
118914,420,2024-04-23,Pensión Escolar - Abril 2024,B001-2024049059,9059
118915,420,2024-05-17,Pensión Escolar - Mayo 2024,B001-2024059059,9059
118916,420,2024-07-03,Pensión Escolar - Junio 2024,B001-2024069059,9059
118917,420,2024-07-19,Pensión Escolar - Julio 2024,B001-2024079059,9059
118918,420,2024-08-22,Pensión Escolar - Agosto 2024,B001-2024089059,9059
118919,420,2024-09-27,Pensión Escolar - Setiembre 2024,B001-2024099059,9059
118920,420,2024-10-28,Pensión Escolar - Octubre 2024,B001-2024109059,9059
118921,420,2024-11-28,Pensión Escolar - Noviembre 2024,B001-2024119059,9059
118922,420,2024-12-25,Pensión Escolar - Diciembre 2024,B001-2024129059,9059
118923,420,2024-03-22,Pensión Escolar - Marzo 2024,B001-2024038978,8978
118924,420,2024-05-03,Pensión Escolar - Abril 2024,B001-2024048978,8978
118925,420,2024-05-17,Pensión Escolar - Mayo 2024,B001-2024058978,8978
118926,420,2024-06-21,Pensión Escolar - Junio 2024,B001-2024068978,8978
118927,420,2024-07-18,Pensión Escolar - Julio 2024,B001-2024078978,8978
118928,420,2024-08-30,Pensión Escolar - Agosto 2024,B001-2024088978,8978
118929,420,2024-09-30,Pensión Escolar - Setiembre 2024,B001-2024098978,8978
118930,420,2024-10-18,Pensión Escolar - Octubre 2024,B001-2024108978,8978
118931,420,2024-12-02,Pensión Escolar - Noviembre 2024,B001-2024118978,8978
118932,420,2024-12-31,Pensión Escolar - Diciembre 2024,B001-2024128978,8978
118933,420,2024-03-22,Pensión Escolar - Marzo 2024,B001-2024039064,9064
118934,420,2024-04-19,Pensión Escolar - Abril 2024,B001-2024049064,9064
118935,420,2024-05-30,Pensión Escolar - Mayo 2024,B001-2024059064,9064
118936,420,2024-06-25,Pensión Escolar - Junio 2024,B001-2024069064,9064
118937,420,2024-07-23,Pensión Escolar - Julio 2024,B001-2024079064,9064
118938,420,2024-08-26,Pensión Escolar - Agosto 2024,B001-2024089064,9064
118939,420,2024-10-02,Pensión Escolar - Setiembre 2024,B001-2024099064,9064
118940,420,2024-10-18,Pensión Escolar - Octubre 2024,B001-2024109064,9064
118941,420,2024-11-25,Pensión Escolar - Noviembre 2024,B001-2024119064,9064
118942,420,2024-12-20,Pensión Escolar - Diciembre 2024,B001-2024129064,9064
118943,420,2024-04-02,Pensión Escolar - Marzo 2024,B001-2024039196,9196
118944,420,2024-04-19,Pensión Escolar - Abril 2024,B001-2024049196,9196
118945,420,2024-05-23,Pensión Escolar - Mayo 2024,B001-2024059196,9196
118946,420,2024-07-03,Pensión Escolar - Junio 2024,B001-2024069196,9196
118947,420,2024-07-18,Pensión Escolar - Julio 2024,B001-2024079196,9196
118948,420,2024-08-23,Pensión Escolar - Agosto 2024,B001-2024089196,9196
118949,420,2024-09-24,Pensión Escolar - Setiembre 2024,B001-2024099196,9196
118950,420,2024-10-25,Pensión Escolar - Octubre 2024,B001-2024109196,9196
118951,420,2024-11-22,Pensión Escolar - Noviembre 2024,B001-2024119196,9196
118952,420,2024-12-30,Pensión Escolar - Diciembre 2024,B001-2024129196,9196
118953,420,2024-03-25,Pensión Escolar - Marzo 2024,B001-2024039053,9053
118954,420,2024-04-19,Pensión Escolar - Abril 2024,B001-2024049053,9053
118955,420,2024-05-22,Pensión Escolar - Mayo 2024,B001-2024059053,9053
118956,420,2024-06-20,Pensión Escolar - Junio 2024,B001-2024069053,9053
118957,420,2024-07-30,Pensión Escolar - Julio 2024,B001-2024079053,9053
118958,420,2024-08-23,Pensión Escolar - Agosto 2024,B001-2024089053,9053
118959,420,2024-09-19,Pensión Escolar - Setiembre 2024,B001-2024099053,9053
118960,420,2024-11-01,Pensión Escolar - Octubre 2024,B001-2024109053,9053
118961,420,2024-11-18,Pensión Escolar - Noviembre 2024,B001-2024119053,9053
118962,420,2024-12-31,Pensión Escolar - Diciembre 2024,B001-2024129053,9053
118963,420,2024-03-22,Pensión Escolar - Marzo 2024,B001-2024039145,9145
118964,420,2024-04-23,Pensión Escolar - Abril 2024,B001-2024049145,9145
118965,420,2024-05-24,Pensión Escolar - Mayo 2024,B001-2024059145,9145
118966,420,2024-06-28,Pensión Escolar - Junio 2024,B001-2024069145,9145
118967,420,2024-07-18,Pensión Escolar - Julio 2024,B001-2024079145,9145
118968,420,2024-08-22,Pensión Escolar - Agosto 2024,B001-2024089145,9145
118969,420,2024-09-23,Pensión Escolar - Setiembre 2024,B001-2024099145,9145
118970,420,2024-10-25,Pensión Escolar - Octubre 2024,B001-2024109145,9145
118971,420,2024-11-19,Pensión Escolar - Noviembre 2024,B001-2024119145,9145
118972,420,2024-12-23,Pensión Escolar - Diciembre 2024,B001-2024129145,9145
118973,420,2024-03-26,Pensión Escolar - Marzo 2024,B001-2024038997,8997
118974,420,2024-05-02,Pensión Escolar - Abril 2024,B001-2024048997,8997
118975,420,2024-05-30,Pensión Escolar - Mayo 2024,B001-2024058997,8997
118976,420,2024-07-02,Pensión Escolar - Junio 2024,B001-2024068997,8997
118977,420,2024-07-23,Pensión Escolar - Julio 2024,B001-2024078997,8997
118978,420,2024-08-23,Pensión Escolar - Agosto 2024,B001-2024088997,8997
118979,420,2024-10-01,Pensión Escolar - Setiembre 2024,B001-2024098997,8997
118980,420,2024-10-31,Pensión Escolar - Octubre 2024,B001-2024108997,8997
118981,420,2024-11-20,Pensión Escolar - Noviembre 2024,B001-2024118997,8997
118982,420,2024-12-27,Pensión Escolar - Diciembre 2024,B001-2024128997,8997
118983,420,2024-03-20,Pensión Escolar - Marzo 2024,B001-2024039161,9161
118984,420,2024-05-01,Pensión Escolar - Abril 2024,B001-2024049161,9161
118985,420,2024-05-17,Pensión Escolar - Mayo 2024,B001-2024059161,9161
118986,420,2024-07-01,Pensión Escolar - Junio 2024,B001-2024069161,9161
118987,420,2024-07-25,Pensión Escolar - Julio 2024,B001-2024079161,9161
118988,420,2024-08-30,Pensión Escolar - Agosto 2024,B001-2024089161,9161
118989,420,2024-09-23,Pensión Escolar - Setiembre 2024,B001-2024099161,9161
118990,420,2024-10-18,Pensión Escolar - Octubre 2024,B001-2024109161,9161
118991,420,2024-11-20,Pensión Escolar - Noviembre 2024,B001-2024119161,9161
118992,420,2024-12-23,Pensión Escolar - Diciembre 2024,B001-2024129161,9161
118993,420,2024-03-21,Pensión Escolar - Marzo 2024,B001-2024039237,9237
118994,420,2024-04-26,Pensión Escolar - Abril 2024,B001-2024049237,9237
118995,420,2024-05-22,Pensión Escolar - Mayo 2024,B001-2024059237,9237
118996,420,2024-06-27,Pensión Escolar - Junio 2024,B001-2024069237,9237
118997,420,2024-07-30,Pensión Escolar - Julio 2024,B001-2024079237,9237
118998,420,2024-08-21,Pensión Escolar - Agosto 2024,B001-2024089237,9237
118999,420,2024-09-19,Pensión Escolar - Setiembre 2024,B001-2024099237,9237
119000,420,2024-10-23,Pensión Escolar - Octubre 2024,B001-2024109237,9237
119001,420,2024-11-29,Pensión Escolar - Noviembre 2024,B001-2024119237,9237
119002,420,2024-12-27,Pensión Escolar - Diciembre 2024,B001-2024129237,9237
119003,420,2024-03-18,Pensión Escolar - Marzo 2024,B001-2024039153,9153
119004,420,2024-04-23,Pensión Escolar - Abril 2024,B001-2024049153,9153
119005,420,2024-05-22,Pensión Escolar - Mayo 2024,B001-2024059153,9153
119006,420,2024-06-21,Pensión Escolar - Junio 2024,B001-2024069153,9153
119007,420,2024-08-01,Pensión Escolar - Julio 2024,B001-2024079153,9153
119008,420,2024-09-02,Pensión Escolar - Agosto 2024,B001-2024089153,9153
119009,420,2024-09-25,Pensión Escolar - Setiembre 2024,B001-2024099153,9153
119010,420,2024-10-30,Pensión Escolar - Octubre 2024,B001-2024109153,9153
119011,420,2024-11-29,Pensión Escolar - Noviembre 2024,B001-2024119153,9153
119012,420,2025-01-02,Pensión Escolar - Diciembre 2024,B001-2024129153,9153
119013,420,2024-03-29,Pensión Escolar - Marzo 2024,B001-2024039026,9026
119014,420,2024-05-02,Pensión Escolar - Abril 2024,B001-2024049026,9026
119015,420,2024-05-17,Pensión Escolar - Mayo 2024,B001-2024059026,9026
119016,420,2024-06-21,Pensión Escolar - Junio 2024,B001-2024069026,9026
119017,420,2024-07-25,Pensión Escolar - Julio 2024,B001-2024079026,9026
119018,420,2024-08-28,Pensión Escolar - Agosto 2024,B001-2024089026,9026
119019,420,2024-09-20,Pensión Escolar - Setiembre 2024,B001-2024099026,9026
119020,420,2024-10-18,Pensión Escolar - Octubre 2024,B001-2024109026,9026
119021,420,2024-11-29,Pensión Escolar - Noviembre 2024,B001-2024119026,9026
119022,420,2024-12-23,Pensión Escolar - Diciembre 2024,B001-2024129026,9026
119023,420,2024-03-27,Pensión Escolar - Marzo 2024,B001-2024039192,9192
119024,420,2024-04-19,Pensión Escolar - Abril 2024,B001-2024049192,9192
119025,420,2024-05-23,Pensión Escolar - Mayo 2024,B001-2024059192,9192
119026,420,2024-06-24,Pensión Escolar - Junio 2024,B001-2024069192,9192
119027,420,2024-07-19,Pensión Escolar - Julio 2024,B001-2024079192,9192
119028,420,2024-08-29,Pensión Escolar - Agosto 2024,B001-2024089192,9192
119029,420,2024-09-20,Pensión Escolar - Setiembre 2024,B001-2024099192,9192
119030,420,2024-11-01,Pensión Escolar - Octubre 2024,B001-2024109192,9192
119031,420,2024-11-21,Pensión Escolar - Noviembre 2024,B001-2024119192,9192
119032,420,2024-12-24,Pensión Escolar - Diciembre 2024,B001-2024129192,9192
119033,420,2024-03-29,Pensión Escolar - Marzo 2024,B001-2024039132,9132
119034,420,2024-05-02,Pensión Escolar - Abril 2024,B001-2024049132,9132
119035,420,2024-05-23,Pensión Escolar - Mayo 2024,B001-2024059132,9132
119036,420,2024-06-21,Pensión Escolar - Junio 2024,B001-2024069132,9132
119037,420,2024-07-18,Pensión Escolar - Julio 2024,B001-2024079132,9132
119038,420,2024-08-28,Pensión Escolar - Agosto 2024,B001-2024089132,9132
119039,420,2024-09-27,Pensión Escolar - Setiembre 2024,B001-2024099132,9132
119040,420,2024-10-25,Pensión Escolar - Octubre 2024,B001-2024109132,9132
119041,420,2024-11-29,Pensión Escolar - Noviembre 2024,B001-2024119132,9132
119042,420,2024-12-18,Pensión Escolar - Diciembre 2024,B001-2024129132,9132
119043,420,2024-03-25,Pensión Escolar - Marzo 2024,B001-2024039162,9162
119044,420,2024-04-19,Pensión Escolar - Abril 2024,B001-2024049162,9162
119045,420,2024-05-17,Pensión Escolar - Mayo 2024,B001-2024059162,9162
119046,420,2024-06-26,Pensión Escolar - Junio 2024,B001-2024069162,9162
119047,420,2024-08-01,Pensión Escolar - Julio 2024,B001-2024079162,9162
119048,420,2024-08-22,Pensión Escolar - Agosto 2024,B001-2024089162,9162
119049,420,2024-09-24,Pensión Escolar - Setiembre 2024,B001-2024099162,9162
119050,420,2024-11-01,Pensión Escolar - Octubre 2024,B001-2024109162,9162
119051,420,2024-11-28,Pensión Escolar - Noviembre 2024,B001-2024119162,9162
119052,420,2024-12-25,Pensión Escolar - Diciembre 2024,B001-2024129162,9162
119053,420,2024-03-22,Pensión Escolar - Marzo 2024,B001-2024038960,8960
119054,420,2024-04-30,Pensión Escolar - Abril 2024,B001-2024048960,8960
119055,420,2024-05-31,Pensión Escolar - Mayo 2024,B001-2024058960,8960
119056,420,2024-07-03,Pensión Escolar - Junio 2024,B001-2024068960,8960
119057,420,2024-07-19,Pensión Escolar - Julio 2024,B001-2024078960,8960
119058,420,2024-08-19,Pensión Escolar - Agosto 2024,B001-2024088960,8960
119059,420,2024-09-30,Pensión Escolar - Setiembre 2024,B001-2024098960,8960
119060,420,2024-10-30,Pensión Escolar - Octubre 2024,B001-2024108960,8960
119061,420,2024-11-19,Pensión Escolar - Noviembre 2024,B001-2024118960,8960
119062,420,2024-12-23,Pensión Escolar - Diciembre 2024,B001-2024128960,8960
119063,420,2024-03-19,Pensión Escolar - Marzo 2024,B001-2024039177,9177
119064,420,2024-04-25,Pensión Escolar - Abril 2024,B001-2024049177,9177
119065,420,2024-05-30,Pensión Escolar - Mayo 2024,B001-2024059177,9177
119066,420,2024-06-26,Pensión Escolar - Junio 2024,B001-2024069177,9177
119067,420,2024-07-25,Pensión Escolar - Julio 2024,B001-2024079177,9177
119068,420,2024-08-30,Pensión Escolar - Agosto 2024,B001-2024089177,9177
119069,420,2024-09-20,Pensión Escolar - Setiembre 2024,B001-2024099177,9177
119070,420,2024-10-31,Pensión Escolar - Octubre 2024,B001-2024109177,9177
119071,420,2024-12-02,Pensión Escolar - Noviembre 2024,B001-2024119177,9177
119072,420,2024-12-26,Pensión Escolar - Diciembre 2024,B001-2024129177,9177
119073,420,2024-03-22,Pensión Escolar - Marzo 2024,B001-2024039157,9157
119074,420,2024-04-19,Pensión Escolar - Abril 2024,B001-2024049157,9157
119075,420,2024-05-22,Pensión Escolar - Mayo 2024,B001-2024059157,9157
119076,420,2024-06-24,Pensión Escolar - Junio 2024,B001-2024069157,9157
119077,420,2024-07-29,Pensión Escolar - Julio 2024,B001-2024079157,9157
119078,420,2024-08-16,Pensión Escolar - Agosto 2024,B001-2024089157,9157
119079,420,2024-09-25,Pensión Escolar - Setiembre 2024,B001-2024099157,9157
119080,420,2024-10-23,Pensión Escolar - Octubre 2024,B001-2024109157,9157
119081,420,2024-12-02,Pensión Escolar - Noviembre 2024,B001-2024119157,9157
119082,420,2024-12-20,Pensión Escolar - Diciembre 2024,B001-2024129157,9157
119083,420,2024-03-29,Pensión Escolar - Marzo 2024,B001-2024039186,9186
119084,420,2024-05-02,Pensión Escolar - Abril 2024,B001-2024049186,9186
119085,420,2024-05-30,Pensión Escolar - Mayo 2024,B001-2024059186,9186
119086,420,2024-06-27,Pensión Escolar - Junio 2024,B001-2024069186,9186
119087,420,2024-07-25,Pensión Escolar - Julio 2024,B001-2024079186,9186
119088,420,2024-08-23,Pensión Escolar - Agosto 2024,B001-2024089186,9186
119089,420,2024-09-20,Pensión Escolar - Setiembre 2024,B001-2024099186,9186
119090,420,2024-10-23,Pensión Escolar - Octubre 2024,B001-2024109186,9186
119091,420,2024-11-22,Pensión Escolar - Noviembre 2024,B001-2024119186,9186
119092,420,2024-12-20,Pensión Escolar - Diciembre 2024,B001-2024129186,9186
119093,420,2024-03-26,Pensión Escolar - Marzo 2024,B001-2024039086,9086
119094,420,2024-04-24,Pensión Escolar - Abril 2024,B001-2024049086,9086
119095,420,2024-05-27,Pensión Escolar - Mayo 2024,B001-2024059086,9086
119096,420,2024-07-03,Pensión Escolar - Junio 2024,B001-2024069086,9086
119097,420,2024-07-26,Pensión Escolar - Julio 2024,B001-2024079086,9086
119098,420,2024-08-22,Pensión Escolar - Agosto 2024,B001-2024089086,9086
119099,420,2024-09-27,Pensión Escolar - Setiembre 2024,B001-2024099086,9086
119100,420,2024-10-25,Pensión Escolar - Octubre 2024,B001-2024109086,9086
119101,420,2024-11-29,Pensión Escolar - Noviembre 2024,B001-2024119086,9086
119102,420,2025-01-01,Pensión Escolar - Diciembre 2024,B001-2024129086,9086
119103,420,2024-04-02,Pensión Escolar - Marzo 2024,B001-2024038982,8982
119104,420,2024-04-25,Pensión Escolar - Abril 2024,B001-2024048982,8982
119105,420,2024-05-22,Pensión Escolar - Mayo 2024,B001-2024058982,8982
119106,420,2024-06-21,Pensión Escolar - Junio 2024,B001-2024068982,8982
119107,420,2024-07-30,Pensión Escolar - Julio 2024,B001-2024078982,8982
119108,420,2024-08-30,Pensión Escolar - Agosto 2024,B001-2024088982,8982
119109,420,2024-10-02,Pensión Escolar - Setiembre 2024,B001-2024098982,8982
119110,420,2024-10-25,Pensión Escolar - Octubre 2024,B001-2024108982,8982
119111,420,2024-11-28,Pensión Escolar - Noviembre 2024,B001-2024118982,8982
119112,420,2024-12-27,Pensión Escolar - Diciembre 2024,B001-2024128982,8982
119113,420,2024-03-26,Pensión Escolar - Marzo 2024,B001-2024039158,9158
119114,420,2024-04-19,Pensión Escolar - Abril 2024,B001-2024049158,9158
119115,420,2024-05-17,Pensión Escolar - Mayo 2024,B001-2024059158,9158
119116,420,2024-06-28,Pensión Escolar - Junio 2024,B001-2024069158,9158
119117,420,2024-07-23,Pensión Escolar - Julio 2024,B001-2024079158,9158
119118,420,2024-08-19,Pensión Escolar - Agosto 2024,B001-2024089158,9158
119119,420,2024-09-20,Pensión Escolar - Setiembre 2024,B001-2024099158,9158
119120,420,2024-12-02,Pensión Escolar - Noviembre 2024,B001-2024119158,9158
119121,420,2024-12-20,Pensión Escolar - Diciembre 2024,B001-2024129158,9158
119122,420,2024-03-21,Pensión Escolar - Marzo 2024,B001-2024039049,9049
119123,420,2024-04-19,Pensión Escolar - Abril 2024,B001-2024049049,9049
119124,420,2024-05-17,Pensión Escolar - Mayo 2024,B001-2024059049,9049
119125,420,2024-07-01,Pensión Escolar - Junio 2024,B001-2024069049,9049
119126,420,2024-07-22,Pensión Escolar - Julio 2024,B001-2024079049,9049
119127,420,2024-08-30,Pensión Escolar - Agosto 2024,B001-2024089049,9049
119128,420,2024-09-18,Pensión Escolar - Setiembre 2024,B001-2024099049,9049
119129,420,2024-10-21,Pensión Escolar - Octubre 2024,B001-2024109049,9049
119130,420,2024-12-02,Pensión Escolar - Noviembre 2024,B001-2024119049,9049
119131,420,2024-12-27,Pensión Escolar - Diciembre 2024,B001-2024129049,9049
119132,420,2024-04-02,Pensión Escolar - Marzo 2024,B001-2024039178,9178
119133,420,2024-04-23,Pensión Escolar - Abril 2024,B001-2024049178,9178
119134,420,2024-05-24,Pensión Escolar - Mayo 2024,B001-2024059178,9178
119135,420,2024-06-21,Pensión Escolar - Junio 2024,B001-2024069178,9178
119136,420,2024-07-19,Pensión Escolar - Julio 2024,B001-2024079178,9178
119137,420,2024-08-23,Pensión Escolar - Agosto 2024,B001-2024089178,9178
119138,420,2024-09-20,Pensión Escolar - Setiembre 2024,B001-2024099178,9178
119139,420,2024-10-30,Pensión Escolar - Octubre 2024,B001-2024109178,9178
119140,420,2024-11-29,Pensión Escolar - Noviembre 2024,B001-2024119178,9178
119141,420,2024-12-18,Pensión Escolar - Diciembre 2024,B001-2024129178,9178
119142,420,2024-03-20,Pensión Escolar - Marzo 2024,B001-2024039332,9332
119143,420,2024-04-26,Pensión Escolar - Abril 2024,B001-2024049332,9332
119144,420,2024-05-20,Pensión Escolar - Mayo 2024,B001-2024059332,9332
119145,420,2024-06-28,Pensión Escolar - Junio 2024,B001-2024069332,9332
119146,420,2024-07-24,Pensión Escolar - Julio 2024,B001-2024079332,9332
119147,420,2024-08-21,Pensión Escolar - Agosto 2024,B001-2024089332,9332
119148,420,2024-10-03,Pensión Escolar - Setiembre 2024,B001-2024099332,9332
119149,420,2024-10-18,Pensión Escolar - Octubre 2024,B001-2024109332,9332
119150,420,2024-11-19,Pensión Escolar - Noviembre 2024,B001-2024119332,9332
119151,420,2024-12-23,Pensión Escolar - Diciembre 2024,B001-2024129332,9332
119152,420,2024-03-27,Pensión Escolar - Marzo 2024,B001-2024039030,9030
119153,420,2024-05-03,Pensión Escolar - Abril 2024,B001-2024049030,9030
119154,420,2024-05-31,Pensión Escolar - Mayo 2024,B001-2024059030,9030
119155,420,2024-06-28,Pensión Escolar - Junio 2024,B001-2024069030,9030
119156,420,2024-07-25,Pensión Escolar - Julio 2024,B001-2024079030,9030
119157,420,2024-08-30,Pensión Escolar - Agosto 2024,B001-2024089030,9030
119158,420,2024-10-02,Pensión Escolar - Setiembre 2024,B001-2024099030,9030
119159,420,2024-10-29,Pensión Escolar - Octubre 2024,B001-2024109030,9030
119160,420,2024-11-22,Pensión Escolar - Noviembre 2024,B001-2024119030,9030
119161,420,2024-12-31,Pensión Escolar - Diciembre 2024,B001-2024129030,9030
119162,420,2024-03-29,Pensión Escolar - Marzo 2024,B001-2024039051,9051
119163,420,2024-04-19,Pensión Escolar - Abril 2024,B001-2024049051,9051
119164,420,2024-05-31,Pensión Escolar - Mayo 2024,B001-2024059051,9051
119165,420,2024-07-02,Pensión Escolar - Junio 2024,B001-2024069051,9051
119166,420,2024-07-25,Pensión Escolar - Julio 2024,B001-2024079051,9051
119167,420,2024-08-23,Pensión Escolar - Agosto 2024,B001-2024089051,9051
119168,420,2024-09-20,Pensión Escolar - Setiembre 2024,B001-2024099051,9051
119169,420,2024-10-29,Pensión Escolar - Octubre 2024,B001-2024109051,9051
119170,420,2024-11-18,Pensión Escolar - Noviembre 2024,B001-2024119051,9051
119171,420,2024-12-26,Pensión Escolar - Diciembre 2024,B001-2024129051,9051
119172,420,2024-03-28,Pensión Escolar - Marzo 2024,B001-2024038977,8977
119173,420,2024-04-26,Pensión Escolar - Abril 2024,B001-2024048977,8977
119174,420,2024-05-24,Pensión Escolar - Mayo 2024,B001-2024058977,8977
119175,420,2024-06-24,Pensión Escolar - Junio 2024,B001-2024068977,8977
119176,420,2024-07-26,Pensión Escolar - Julio 2024,B001-2024078977,8977
119177,420,2024-09-02,Pensión Escolar - Agosto 2024,B001-2024088977,8977
119178,420,2024-09-25,Pensión Escolar - Setiembre 2024,B001-2024098977,8977
119179,420,2024-10-25,Pensión Escolar - Octubre 2024,B001-2024108977,8977
119180,420,2024-11-29,Pensión Escolar - Noviembre 2024,B001-2024118977,8977
119181,420,2024-12-27,Pensión Escolar - Diciembre 2024,B001-2024128977,8977
119182,420,2024-03-25,Pensión Escolar - Marzo 2024,B001-2024039012,9012
119183,420,2024-04-19,Pensión Escolar - Abril 2024,B001-2024049012,9012
119184,420,2024-05-21,Pensión Escolar - Mayo 2024,B001-2024059012,9012
119185,420,2024-06-28,Pensión Escolar - Junio 2024,B001-2024069012,9012
119186,420,2024-07-19,Pensión Escolar - Julio 2024,B001-2024079012,9012
119187,420,2024-08-30,Pensión Escolar - Agosto 2024,B001-2024089012,9012
119188,420,2024-09-23,Pensión Escolar - Setiembre 2024,B001-2024099012,9012
119189,420,2024-10-25,Pensión Escolar - Octubre 2024,B001-2024109012,9012
119190,420,2024-11-27,Pensión Escolar - Noviembre 2024,B001-2024119012,9012
119191,420,2024-12-20,Pensión Escolar - Diciembre 2024,B001-2024129012,9012
119192,420,2024-03-29,Pensión Escolar - Marzo 2024,B001-2024039314,9314
119193,420,2024-04-30,Pensión Escolar - Abril 2024,B001-2024049314,9314
119194,420,2024-05-24,Pensión Escolar - Mayo 2024,B001-2024059314,9314
119195,420,2024-06-21,Pensión Escolar - Junio 2024,B001-2024069314,9314
119196,420,2024-07-18,Pensión Escolar - Julio 2024,B001-2024079314,9314
119197,420,2024-08-30,Pensión Escolar - Agosto 2024,B001-2024089314,9314
119198,420,2024-09-25,Pensión Escolar - Setiembre 2024,B001-2024099314,9314
119199,420,2024-10-29,Pensión Escolar - Octubre 2024,B001-2024109314,9314
119200,420,2024-11-22,Pensión Escolar - Noviembre 2024,B001-2024119314,9314
119201,420,2024-12-20,Pensión Escolar - Diciembre 2024,B001-2024129314,9314
119202,420,2024-03-25,Pensión Escolar - Marzo 2024,B001-2024039024,9024
119203,420,2024-04-30,Pensión Escolar - Abril 2024,B001-2024049024,9024
119204,420,2024-05-31,Pensión Escolar - Mayo 2024,B001-2024059024,9024
119205,420,2024-07-03,Pensión Escolar - Junio 2024,B001-2024069024,9024
119206,420,2024-07-29,Pensión Escolar - Julio 2024,B001-2024079024,9024
119207,420,2024-08-16,Pensión Escolar - Agosto 2024,B001-2024089024,9024
119208,420,2024-09-25,Pensión Escolar - Setiembre 2024,B001-2024099024,9024
119209,420,2024-10-23,Pensión Escolar - Octubre 2024,B001-2024109024,9024
119210,420,2024-11-26,Pensión Escolar - Noviembre 2024,B001-2024119024,9024
119211,420,2024-12-19,Pensión Escolar - Diciembre 2024,B001-2024129024,9024
119212,420,2024-03-21,Pensión Escolar - Marzo 2024,B001-2024039093,9093
119213,420,2024-04-30,Pensión Escolar - Abril 2024,B001-2024049093,9093
119214,420,2024-05-20,Pensión Escolar - Mayo 2024,B001-2024059093,9093
119215,420,2024-06-27,Pensión Escolar - Junio 2024,B001-2024069093,9093
119216,420,2024-08-02,Pensión Escolar - Julio 2024,B001-2024079093,9093
119217,420,2024-08-30,Pensión Escolar - Agosto 2024,B001-2024089093,9093
119218,420,2024-10-03,Pensión Escolar - Setiembre 2024,B001-2024099093,9093
119219,420,2024-11-01,Pensión Escolar - Octubre 2024,B001-2024109093,9093
119220,420,2024-11-29,Pensión Escolar - Noviembre 2024,B001-2024119093,9093
119221,420,2024-12-19,Pensión Escolar - Diciembre 2024,B001-2024129093,9093
119222,420,2024-03-26,Pensión Escolar - Marzo 2024,B001-2024039315,9315
119223,420,2024-05-01,Pensión Escolar - Abril 2024,B001-2024049315,9315
119224,420,2024-05-24,Pensión Escolar - Mayo 2024,B001-2024059315,9315
119225,420,2024-06-24,Pensión Escolar - Junio 2024,B001-2024069315,9315
119226,420,2024-07-29,Pensión Escolar - Julio 2024,B001-2024079315,9315
119227,420,2024-08-30,Pensión Escolar - Agosto 2024,B001-2024089315,9315
119228,420,2024-09-23,Pensión Escolar - Setiembre 2024,B001-2024099315,9315
119229,420,2024-10-25,Pensión Escolar - Octubre 2024,B001-2024109315,9315
119230,420,2024-11-22,Pensión Escolar - Noviembre 2024,B001-2024119315,9315
119231,420,2025-01-02,Pensión Escolar - Diciembre 2024,B001-2024129315,9315
119232,420,2024-04-02,Pensión Escolar - Marzo 2024,B001-2024039142,9142
119233,420,2024-05-01,Pensión Escolar - Abril 2024,B001-2024049142,9142
119234,420,2024-05-28,Pensión Escolar - Mayo 2024,B001-2024059142,9142
119235,420,2024-06-20,Pensión Escolar - Junio 2024,B001-2024069142,9142
119236,420,2024-07-19,Pensión Escolar - Julio 2024,B001-2024079142,9142
119237,420,2024-08-20,Pensión Escolar - Agosto 2024,B001-2024089142,9142
119238,420,2024-09-27,Pensión Escolar - Setiembre 2024,B001-2024099142,9142
119239,420,2024-10-21,Pensión Escolar - Octubre 2024,B001-2024109142,9142
119240,420,2024-11-25,Pensión Escolar - Noviembre 2024,B001-2024119142,9142
119241,420,2024-12-30,Pensión Escolar - Diciembre 2024,B001-2024129142,9142
119242,420,2024-03-28,Pensión Escolar - Marzo 2024,B001-2024039217,9217
119243,420,2024-04-26,Pensión Escolar - Abril 2024,B001-2024049217,9217
119244,420,2024-05-17,Pensión Escolar - Mayo 2024,B001-2024059217,9217
119245,420,2024-06-21,Pensión Escolar - Junio 2024,B001-2024069217,9217
119246,420,2024-07-26,Pensión Escolar - Julio 2024,B001-2024079217,9217
119247,420,2024-08-22,Pensión Escolar - Agosto 2024,B001-2024089217,9217
119248,420,2024-09-19,Pensión Escolar - Setiembre 2024,B001-2024099217,9217
119249,420,2024-10-21,Pensión Escolar - Octubre 2024,B001-2024109217,9217
119250,420,2024-11-25,Pensión Escolar - Noviembre 2024,B001-2024119217,9217
119251,420,2025-01-01,Pensión Escolar - Diciembre 2024,B001-2024129217,9217
119252,420,2024-04-01,Pensión Escolar - Marzo 2024,B001-2024039126,9126
119253,420,2024-04-19,Pensión Escolar - Abril 2024,B001-2024049126,9126
119254,420,2024-05-20,Pensión Escolar - Mayo 2024,B001-2024059126,9126
119255,420,2024-06-20,Pensión Escolar - Junio 2024,B001-2024069126,9126
119256,420,2024-07-18,Pensión Escolar - Julio 2024,B001-2024079126,9126
119257,420,2024-08-29,Pensión Escolar - Agosto 2024,B001-2024089126,9126
119258,420,2024-09-20,Pensión Escolar - Setiembre 2024,B001-2024099126,9126
119259,420,2024-10-18,Pensión Escolar - Octubre 2024,B001-2024109126,9126
119260,420,2024-12-26,Pensión Escolar - Diciembre 2024,B001-2024129126,9126
119261,420,2024-03-18,Pensión Escolar - Marzo 2024,B001-2024039070,9070
119262,420,2024-04-26,Pensión Escolar - Abril 2024,B001-2024049070,9070
119263,420,2024-05-31,Pensión Escolar - Mayo 2024,B001-2024059070,9070
119264,420,2024-06-21,Pensión Escolar - Junio 2024,B001-2024069070,9070
119265,420,2024-07-31,Pensión Escolar - Julio 2024,B001-2024079070,9070
119266,420,2024-08-16,Pensión Escolar - Agosto 2024,B001-2024089070,9070
119267,420,2024-10-02,Pensión Escolar - Setiembre 2024,B001-2024099070,9070
119268,420,2024-10-25,Pensión Escolar - Octubre 2024,B001-2024109070,9070
119269,420,2024-11-18,Pensión Escolar - Noviembre 2024,B001-2024119070,9070
119270,420,2024-12-18,Pensión Escolar - Diciembre 2024,B001-2024129070,9070
119271,420,2024-03-27,Pensión Escolar - Marzo 2024,B001-2024039313,9313
119272,420,2024-04-26,Pensión Escolar - Abril 2024,B001-2024049313,9313
119273,420,2024-05-24,Pensión Escolar - Mayo 2024,B001-2024059313,9313
119274,420,2024-06-21,Pensión Escolar - Junio 2024,B001-2024069313,9313
119275,420,2024-07-26,Pensión Escolar - Julio 2024,B001-2024079313,9313
119276,420,2024-09-23,Pensión Escolar - Setiembre 2024,B001-2024099313,9313
119277,420,2024-10-24,Pensión Escolar - Octubre 2024,B001-2024109313,9313
119278,420,2024-12-03,Pensión Escolar - Noviembre 2024,B001-2024119313,9313
119279,420,2024-12-18,Pensión Escolar - Diciembre 2024,B001-2024129313,9313
119280,420,2024-04-01,Pensión Escolar - Marzo 2024,B001-2024039180,9180
119281,420,2024-04-23,Pensión Escolar - Abril 2024,B001-2024049180,9180
119282,420,2024-05-24,Pensión Escolar - Mayo 2024,B001-2024059180,9180
119283,420,2024-06-27,Pensión Escolar - Junio 2024,B001-2024069180,9180
119284,420,2024-07-31,Pensión Escolar - Julio 2024,B001-2024079180,9180
119285,420,2024-08-28,Pensión Escolar - Agosto 2024,B001-2024089180,9180
119286,420,2024-09-26,Pensión Escolar - Setiembre 2024,B001-2024099180,9180
119287,420,2024-10-30,Pensión Escolar - Octubre 2024,B001-2024109180,9180
119288,420,2024-12-03,Pensión Escolar - Noviembre 2024,B001-2024119180,9180
119289,420,2025-01-01,Pensión Escolar - Diciembre 2024,B001-2024129180,9180
119290,420,2024-03-29,Pensión Escolar - Marzo 2024,B001-2024039005,9005
119291,420,2024-04-24,Pensión Escolar - Abril 2024,B001-2024049005,9005
119292,420,2024-05-22,Pensión Escolar - Mayo 2024,B001-2024059005,9005
119293,420,2024-06-28,Pensión Escolar - Junio 2024,B001-2024069005,9005
119294,420,2024-07-26,Pensión Escolar - Julio 2024,B001-2024079005,9005
119295,420,2024-08-30,Pensión Escolar - Agosto 2024,B001-2024089005,9005
119296,420,2024-09-23,Pensión Escolar - Setiembre 2024,B001-2024099005,9005
119297,420,2024-10-25,Pensión Escolar - Octubre 2024,B001-2024109005,9005
119298,420,2024-11-22,Pensión Escolar - Noviembre 2024,B001-2024119005,9005
119299,420,2024-12-27,Pensión Escolar - Diciembre 2024,B001-2024129005,9005
119300,420,2024-03-29,Pensión Escolar - Marzo 2024,B001-2024039244,9244
119301,420,2024-04-22,Pensión Escolar - Abril 2024,B001-2024049244,9244
119302,420,2024-05-24,Pensión Escolar - Mayo 2024,B001-2024059244,9244
119303,420,2024-06-21,Pensión Escolar - Junio 2024,B001-2024069244,9244
119304,420,2024-07-23,Pensión Escolar - Julio 2024,B001-2024079244,9244
119305,420,2024-08-20,Pensión Escolar - Agosto 2024,B001-2024089244,9244
119306,420,2024-09-20,Pensión Escolar - Setiembre 2024,B001-2024099244,9244
119307,420,2024-10-25,Pensión Escolar - Octubre 2024,B001-2024109244,9244
119308,420,2024-11-21,Pensión Escolar - Noviembre 2024,B001-2024119244,9244
119309,420,2024-12-23,Pensión Escolar - Diciembre 2024,B001-2024129244,9244
119310,420,2024-04-02,Pensión Escolar - Marzo 2024,B001-2024039091,9091
119311,420,2024-04-23,Pensión Escolar - Abril 2024,B001-2024049091,9091
119312,420,2024-05-31,Pensión Escolar - Mayo 2024,B001-2024059091,9091
119313,420,2024-06-21,Pensión Escolar - Junio 2024,B001-2024069091,9091
119314,420,2024-07-29,Pensión Escolar - Julio 2024,B001-2024079091,9091
119315,420,2024-08-28,Pensión Escolar - Agosto 2024,B001-2024089091,9091
119316,420,2024-09-19,Pensión Escolar - Setiembre 2024,B001-2024099091,9091
119317,420,2024-10-23,Pensión Escolar - Octubre 2024,B001-2024109091,9091
119318,420,2024-12-03,Pensión Escolar - Noviembre 2024,B001-2024119091,9091
119319,420,2024-12-27,Pensión Escolar - Diciembre 2024,B001-2024129091,9091
119320,420,2024-03-18,Pensión Escolar - Marzo 2024,B001-2024039327,9327
119321,420,2024-04-30,Pensión Escolar - Abril 2024,B001-2024049327,9327
119322,420,2024-05-24,Pensión Escolar - Mayo 2024,B001-2024059327,9327
119323,420,2024-07-03,Pensión Escolar - Junio 2024,B001-2024069327,9327
119324,420,2024-07-26,Pensión Escolar - Julio 2024,B001-2024079327,9327
119325,420,2024-08-30,Pensión Escolar - Agosto 2024,B001-2024089327,9327
119326,420,2024-09-27,Pensión Escolar - Setiembre 2024,B001-2024099327,9327
119327,420,2024-10-24,Pensión Escolar - Octubre 2024,B001-2024109327,9327
119328,420,2024-12-03,Pensión Escolar - Noviembre 2024,B001-2024119327,9327
119329,420,2024-12-25,Pensión Escolar - Diciembre 2024,B001-2024129327,9327
119330,420,2024-03-22,Pensión Escolar - Marzo 2024,B001-2024038986,8986
119331,420,2024-04-22,Pensión Escolar - Abril 2024,B001-2024048986,8986
119332,420,2024-05-31,Pensión Escolar - Mayo 2024,B001-2024058986,8986
119333,420,2024-06-21,Pensión Escolar - Junio 2024,B001-2024068986,8986
119334,420,2024-07-19,Pensión Escolar - Julio 2024,B001-2024078986,8986
119335,420,2024-08-29,Pensión Escolar - Agosto 2024,B001-2024088986,8986
119336,420,2024-09-20,Pensión Escolar - Setiembre 2024,B001-2024098986,8986
119337,420,2024-11-01,Pensión Escolar - Octubre 2024,B001-2024108986,8986
119338,420,2024-11-29,Pensión Escolar - Noviembre 2024,B001-2024118986,8986
119339,420,2024-12-19,Pensión Escolar - Diciembre 2024,B001-2024128986,8986
119340,420,2024-03-26,Pensión Escolar - Marzo 2024,B001-2024039316,9316
119341,420,2024-05-02,Pensión Escolar - Abril 2024,B001-2024049316,9316
119342,420,2024-05-24,Pensión Escolar - Mayo 2024,B001-2024059316,9316
119343,420,2024-06-28,Pensión Escolar - Junio 2024,B001-2024069316,9316
119344,420,2024-07-19,Pensión Escolar - Julio 2024,B001-2024079316,9316
119345,420,2024-08-23,Pensión Escolar - Agosto 2024,B001-2024089316,9316
119346,420,2024-09-20,Pensión Escolar - Setiembre 2024,B001-2024099316,9316
119347,420,2024-10-31,Pensión Escolar - Octubre 2024,B001-2024109316,9316
119348,420,2024-11-25,Pensión Escolar - Noviembre 2024,B001-2024119316,9316
119349,420,2024-12-31,Pensión Escolar - Diciembre 2024,B001-2024129316,9316
119350,420,2024-03-29,Pensión Escolar - Marzo 2024,B001-2024039116,9116
119351,420,2024-04-29,Pensión Escolar - Abril 2024,B001-2024049116,9116
119352,420,2024-05-27,Pensión Escolar - Mayo 2024,B001-2024059116,9116
119353,420,2024-06-21,Pensión Escolar - Junio 2024,B001-2024069116,9116
119354,420,2024-07-18,Pensión Escolar - Julio 2024,B001-2024079116,9116
119355,420,2024-09-02,Pensión Escolar - Agosto 2024,B001-2024089116,9116
119356,420,2024-09-25,Pensión Escolar - Setiembre 2024,B001-2024099116,9116
119357,420,2024-10-21,Pensión Escolar - Octubre 2024,B001-2024109116,9116
119358,420,2024-11-18,Pensión Escolar - Noviembre 2024,B001-2024119116,9116
119359,420,2024-12-30,Pensión Escolar - Diciembre 2024,B001-2024129116,9116
119360,420,2024-03-29,Pensión Escolar - Marzo 2024,B001-2024038979,8979
119361,420,2024-04-26,Pensión Escolar - Abril 2024,B001-2024048979,8979
119362,420,2024-05-17,Pensión Escolar - Mayo 2024,B001-2024058979,8979
119363,420,2024-07-03,Pensión Escolar - Junio 2024,B001-2024068979,8979
119364,420,2024-07-29,Pensión Escolar - Julio 2024,B001-2024078979,8979
119365,420,2024-08-30,Pensión Escolar - Agosto 2024,B001-2024088979,8979
119366,420,2024-09-27,Pensión Escolar - Setiembre 2024,B001-2024098979,8979
119367,420,2024-10-25,Pensión Escolar - Octubre 2024,B001-2024108979,8979
119368,420,2024-11-27,Pensión Escolar - Noviembre 2024,B001-2024118979,8979
119369,420,2024-12-27,Pensión Escolar - Diciembre 2024,B001-2024128979,8979
119370,420,2024-03-26,Pensión Escolar - Marzo 2024,B001-2024038994,8994
119371,420,2024-04-24,Pensión Escolar - Abril 2024,B001-2024048994,8994
119372,420,2024-05-29,Pensión Escolar - Mayo 2024,B001-2024058994,8994
119373,420,2024-06-21,Pensión Escolar - Junio 2024,B001-2024068994,8994
119374,420,2024-07-22,Pensión Escolar - Julio 2024,B001-2024078994,8994
119375,420,2024-08-22,Pensión Escolar - Agosto 2024,B001-2024088994,8994
119376,420,2024-09-27,Pensión Escolar - Setiembre 2024,B001-2024098994,8994
119377,420,2024-11-01,Pensión Escolar - Octubre 2024,B001-2024108994,8994
119378,420,2024-11-22,Pensión Escolar - Noviembre 2024,B001-2024118994,8994
119379,420,2024-12-27,Pensión Escolar - Diciembre 2024,B001-2024128994,8994
119380,420,2024-03-28,Pensión Escolar - Marzo 2024,B001-2024039247,9247
119381,420,2024-04-22,Pensión Escolar - Abril 2024,B001-2024049247,9247
119382,420,2024-05-29,Pensión Escolar - Mayo 2024,B001-2024059247,9247
119383,420,2024-06-20,Pensión Escolar - Junio 2024,B001-2024069247,9247
119384,420,2024-07-24,Pensión Escolar - Julio 2024,B001-2024079247,9247
119385,420,2024-08-21,Pensión Escolar - Agosto 2024,B001-2024089247,9247
119386,420,2024-09-27,Pensión Escolar - Setiembre 2024,B001-2024099247,9247
119387,420,2024-10-29,Pensión Escolar - Octubre 2024,B001-2024109247,9247
119388,420,2024-11-22,Pensión Escolar - Noviembre 2024,B001-2024119247,9247
119389,420,2024-12-20,Pensión Escolar - Diciembre 2024,B001-2024129247,9247
119390,420,2024-03-29,Pensión Escolar - Marzo 2024,B001-2024039206,9206
119391,420,2024-04-23,Pensión Escolar - Abril 2024,B001-2024049206,9206
119392,420,2024-05-17,Pensión Escolar - Mayo 2024,B001-2024059206,9206
119393,420,2024-07-18,Pensión Escolar - Julio 2024,B001-2024079206,9206
119394,420,2024-08-29,Pensión Escolar - Agosto 2024,B001-2024089206,9206
119395,420,2024-09-20,Pensión Escolar - Setiembre 2024,B001-2024099206,9206
119396,420,2024-10-18,Pensión Escolar - Octubre 2024,B001-2024109206,9206
119397,420,2024-11-21,Pensión Escolar - Noviembre 2024,B001-2024119206,9206
119398,420,2024-12-30,Pensión Escolar - Diciembre 2024,B001-2024129206,9206
119399,420,2024-03-27,Pensión Escolar - Marzo 2024,B001-2024039118,9118
119400,420,2024-05-03,Pensión Escolar - Abril 2024,B001-2024049118,9118
119401,420,2024-05-22,Pensión Escolar - Mayo 2024,B001-2024059118,9118
119402,420,2024-07-01,Pensión Escolar - Junio 2024,B001-2024069118,9118
119403,420,2024-07-26,Pensión Escolar - Julio 2024,B001-2024079118,9118
119404,420,2024-08-23,Pensión Escolar - Agosto 2024,B001-2024089118,9118
119405,420,2024-09-27,Pensión Escolar - Setiembre 2024,B001-2024099118,9118
119406,420,2024-11-01,Pensión Escolar - Octubre 2024,B001-2024109118,9118
119407,420,2024-11-29,Pensión Escolar - Noviembre 2024,B001-2024119118,9118
119408,420,2024-12-26,Pensión Escolar - Diciembre 2024,B001-2024129118,9118
119409,420,2024-03-28,Pensión Escolar - Marzo 2024,B001-2024038980,8980
119410,420,2024-04-29,Pensión Escolar - Abril 2024,B001-2024048980,8980
119411,420,2024-05-21,Pensión Escolar - Mayo 2024,B001-2024058980,8980
119412,420,2024-06-21,Pensión Escolar - Junio 2024,B001-2024068980,8980
119413,420,2024-07-30,Pensión Escolar - Julio 2024,B001-2024078980,8980
119414,420,2024-08-23,Pensión Escolar - Agosto 2024,B001-2024088980,8980
119415,420,2024-10-01,Pensión Escolar - Setiembre 2024,B001-2024098980,8980
119416,420,2024-10-25,Pensión Escolar - Octubre 2024,B001-2024108980,8980
119417,420,2024-11-18,Pensión Escolar - Noviembre 2024,B001-2024118980,8980
119418,420,2024-12-23,Pensión Escolar - Diciembre 2024,B001-2024128980,8980
119419,420,2024-03-22,Pensión Escolar - Marzo 2024,B001-2024039326,9326
119420,420,2024-04-26,Pensión Escolar - Abril 2024,B001-2024049326,9326
119421,420,2024-05-27,Pensión Escolar - Mayo 2024,B001-2024059326,9326
119422,420,2024-06-21,Pensión Escolar - Junio 2024,B001-2024069326,9326
119423,420,2024-07-31,Pensión Escolar - Julio 2024,B001-2024079326,9326
119424,420,2024-08-22,Pensión Escolar - Agosto 2024,B001-2024089326,9326
119425,420,2024-09-27,Pensión Escolar - Setiembre 2024,B001-2024099326,9326
119426,420,2024-10-31,Pensión Escolar - Octubre 2024,B001-2024109326,9326
119427,420,2024-11-28,Pensión Escolar - Noviembre 2024,B001-2024119326,9326
119428,420,2024-12-20,Pensión Escolar - Diciembre 2024,B001-2024129326,9326
119429,420,2024-03-22,Pensión Escolar - Marzo 2024,B001-2024039312,9312
119430,420,2024-05-02,Pensión Escolar - Abril 2024,B001-2024049312,9312
119431,420,2024-05-23,Pensión Escolar - Mayo 2024,B001-2024059312,9312
119432,420,2024-07-03,Pensión Escolar - Junio 2024,B001-2024069312,9312
119433,420,2024-07-26,Pensión Escolar - Julio 2024,B001-2024079312,9312
119434,420,2024-08-20,Pensión Escolar - Agosto 2024,B001-2024089312,9312
119435,420,2024-10-03,Pensión Escolar - Setiembre 2024,B001-2024099312,9312
119436,420,2024-10-18,Pensión Escolar - Octubre 2024,B001-2024109312,9312
119437,420,2024-11-20,Pensión Escolar - Noviembre 2024,B001-2024119312,9312
119438,420,2024-12-24,Pensión Escolar - Diciembre 2024,B001-2024129312,9312
119439,420,2024-03-22,Pensión Escolar - Marzo 2024,B001-2024038956,8956
119440,420,2024-04-26,Pensión Escolar - Abril 2024,B001-2024048956,8956
119441,420,2024-05-31,Pensión Escolar - Mayo 2024,B001-2024058956,8956
119442,420,2024-06-27,Pensión Escolar - Junio 2024,B001-2024068956,8956
119443,420,2024-07-30,Pensión Escolar - Julio 2024,B001-2024078956,8956
119444,420,2024-09-02,Pensión Escolar - Agosto 2024,B001-2024088956,8956
119445,420,2024-09-24,Pensión Escolar - Setiembre 2024,B001-2024098956,8956
119446,420,2024-10-25,Pensión Escolar - Octubre 2024,B001-2024108956,8956
119447,420,2024-11-29,Pensión Escolar - Noviembre 2024,B001-2024118956,8956
119448,420,2024-12-31,Pensión Escolar - Diciembre 2024,B001-2024128956,8956
119449,420,2024-03-21,Pensión Escolar - Marzo 2024,B001-2024039269,9269
119450,420,2024-04-24,Pensión Escolar - Abril 2024,B001-2024049269,9269
119451,420,2024-05-28,Pensión Escolar - Mayo 2024,B001-2024059269,9269
119452,420,2024-07-01,Pensión Escolar - Junio 2024,B001-2024069269,9269
119453,420,2024-07-23,Pensión Escolar - Julio 2024,B001-2024079269,9269
119454,420,2024-08-23,Pensión Escolar - Agosto 2024,B001-2024089269,9269
119455,420,2024-09-24,Pensión Escolar - Setiembre 2024,B001-2024099269,9269
119456,420,2024-10-30,Pensión Escolar - Octubre 2024,B001-2024109269,9269
119457,420,2024-11-22,Pensión Escolar - Noviembre 2024,B001-2024119269,9269
119458,420,2025-01-02,Pensión Escolar - Diciembre 2024,B001-2024129269,9269
119459,420,2024-03-29,Pensión Escolar - Marzo 2024,B001-2024039261,9261
119460,420,2024-04-26,Pensión Escolar - Abril 2024,B001-2024049261,9261
119461,420,2024-05-17,Pensión Escolar - Mayo 2024,B001-2024059261,9261
119462,420,2024-07-03,Pensión Escolar - Junio 2024,B001-2024069261,9261
119463,420,2024-07-31,Pensión Escolar - Julio 2024,B001-2024079261,9261
119464,420,2024-08-27,Pensión Escolar - Agosto 2024,B001-2024089261,9261
119465,420,2024-09-23,Pensión Escolar - Setiembre 2024,B001-2024099261,9261
119466,420,2024-10-29,Pensión Escolar - Octubre 2024,B001-2024109261,9261
119467,420,2024-11-18,Pensión Escolar - Noviembre 2024,B001-2024119261,9261
119468,420,2024-12-20,Pensión Escolar - Diciembre 2024,B001-2024129261,9261
119469,420,2024-03-21,Pensión Escolar - Marzo 2024,B001-2024038967,8967
119470,420,2024-04-29,Pensión Escolar - Abril 2024,B001-2024048967,8967
119471,420,2024-05-21,Pensión Escolar - Mayo 2024,B001-2024058967,8967
119472,420,2024-06-28,Pensión Escolar - Junio 2024,B001-2024068967,8967
119473,420,2024-08-01,Pensión Escolar - Julio 2024,B001-2024078967,8967
119474,420,2024-08-30,Pensión Escolar - Agosto 2024,B001-2024088967,8967
119475,420,2024-09-23,Pensión Escolar - Setiembre 2024,B001-2024098967,8967
119476,420,2024-10-18,Pensión Escolar - Octubre 2024,B001-2024108967,8967
119477,420,2024-11-18,Pensión Escolar - Noviembre 2024,B001-2024118967,8967
119478,420,2024-12-27,Pensión Escolar - Diciembre 2024,B001-2024128967,8967
119479,420,2024-03-28,Pensión Escolar - Marzo 2024,B001-2024039023,9023
119480,420,2024-05-01,Pensión Escolar - Abril 2024,B001-2024049023,9023
119481,420,2024-05-17,Pensión Escolar - Mayo 2024,B001-2024059023,9023
119482,420,2024-07-01,Pensión Escolar - Junio 2024,B001-2024069023,9023
119483,420,2024-07-26,Pensión Escolar - Julio 2024,B001-2024079023,9023
119484,420,2024-08-26,Pensión Escolar - Agosto 2024,B001-2024089023,9023
119485,420,2024-09-24,Pensión Escolar - Setiembre 2024,B001-2024099023,9023
119486,420,2024-10-25,Pensión Escolar - Octubre 2024,B001-2024109023,9023
119487,420,2024-11-29,Pensión Escolar - Noviembre 2024,B001-2024119023,9023
119488,420,2024-12-24,Pensión Escolar - Diciembre 2024,B001-2024129023,9023
119489,420,2024-03-20,Pensión Escolar - Marzo 2024,B001-2024039097,9097
119490,420,2024-05-01,Pensión Escolar - Abril 2024,B001-2024049097,9097
119491,420,2024-06-28,Pensión Escolar - Junio 2024,B001-2024069097,9097
119492,420,2024-07-29,Pensión Escolar - Julio 2024,B001-2024079097,9097
119493,420,2024-08-19,Pensión Escolar - Agosto 2024,B001-2024089097,9097
119494,420,2024-09-20,Pensión Escolar - Setiembre 2024,B001-2024099097,9097
119495,420,2024-10-22,Pensión Escolar - Octubre 2024,B001-2024109097,9097
119496,420,2024-11-29,Pensión Escolar - Noviembre 2024,B001-2024119097,9097
119497,420,2024-12-24,Pensión Escolar - Diciembre 2024,B001-2024129097,9097
119498,420,2024-03-29,Pensión Escolar - Marzo 2024,B001-2024039098,9098
119499,420,2024-05-03,Pensión Escolar - Abril 2024,B001-2024049098,9098
119500,420,2024-05-28,Pensión Escolar - Mayo 2024,B001-2024059098,9098
119501,420,2024-07-01,Pensión Escolar - Junio 2024,B001-2024069098,9098
119502,420,2024-08-02,Pensión Escolar - Julio 2024,B001-2024079098,9098
119503,420,2024-08-23,Pensión Escolar - Agosto 2024,B001-2024089098,9098
119504,420,2024-09-23,Pensión Escolar - Setiembre 2024,B001-2024099098,9098
119505,420,2024-10-30,Pensión Escolar - Octubre 2024,B001-2024109098,9098
119506,420,2024-11-26,Pensión Escolar - Noviembre 2024,B001-2024119098,9098
119507,420,2024-12-19,Pensión Escolar - Diciembre 2024,B001-2024129098,9098
119508,350,2025-03-21,Pensión Escolar - Marzo 2025,B001-2025039204,9204
119509,350,2025-04-18,Pensión Escolar - Abril 2025,B001-2025049204,9204
119510,350,2025-05-16,Pensión Escolar - Mayo 2025,B001-2025059204,9204
119511,350,2025-06-25,Pensión Escolar - Junio 2025,B001-2025069204,9204
119512,350,2025-07-18,Pensión Escolar - Julio 2025,B001-2025079204,9204
119513,350,2025-08-19,Pensión Escolar - Agosto 2025,B001-2025089204,9204
119514,350,2025-10-03,Pensión Escolar - Setiembre 2025,B001-2025099204,9204
119515,350,2025-10-30,Pensión Escolar - Octubre 2025,B001-2025109204,9204
119516,350,2025-12-01,Pensión Escolar - Noviembre 2025,B001-2025119204,9204
119517,350,2025-12-19,Pensión Escolar - Diciembre 2025,B001-2025129204,9204
119518,350,2025-03-21,Pensión Escolar - Marzo 2025,B001-2025038970,8970
119519,350,2025-04-22,Pensión Escolar - Abril 2025,B001-2025048970,8970
119520,350,2025-05-27,Pensión Escolar - Mayo 2025,B001-2025058970,8970
119521,350,2025-06-27,Pensión Escolar - Junio 2025,B001-2025068970,8970
119522,350,2025-07-21,Pensión Escolar - Julio 2025,B001-2025078970,8970
119523,350,2025-08-22,Pensión Escolar - Agosto 2025,B001-2025088970,8970
119524,350,2025-09-18,Pensión Escolar - Setiembre 2025,B001-2025098970,8970
119525,350,2025-10-31,Pensión Escolar - Octubre 2025,B001-2025108970,8970
119526,350,2025-11-21,Pensión Escolar - Noviembre 2025,B001-2025118970,8970
119527,350,2025-12-31,Pensión Escolar - Diciembre 2025,B001-2025128970,8970
119528,350,2025-03-31,Pensión Escolar - Marzo 2025,B001-2025038981,8981
119529,350,2025-04-23,Pensión Escolar - Abril 2025,B001-2025048981,8981
119530,350,2025-05-21,Pensión Escolar - Mayo 2025,B001-2025058981,8981
119531,350,2025-06-20,Pensión Escolar - Junio 2025,B001-2025068981,8981
119532,350,2025-07-28,Pensión Escolar - Julio 2025,B001-2025078981,8981
119533,350,2025-09-02,Pensión Escolar - Agosto 2025,B001-2025088981,8981
119534,350,2025-09-26,Pensión Escolar - Setiembre 2025,B001-2025098981,8981
119535,350,2025-10-30,Pensión Escolar - Octubre 2025,B001-2025108981,8981
119536,350,2025-11-28,Pensión Escolar - Noviembre 2025,B001-2025118981,8981
119537,350,2025-12-31,Pensión Escolar - Diciembre 2025,B001-2025128981,8981
119538,350,2025-03-21,Pensión Escolar - Marzo 2025,B001-2025038973,8973
119539,350,2025-04-24,Pensión Escolar - Abril 2025,B001-2025048973,8973
119540,350,2025-05-20,Pensión Escolar - Mayo 2025,B001-2025058973,8973
119541,350,2025-07-01,Pensión Escolar - Junio 2025,B001-2025068973,8973
119542,350,2025-08-01,Pensión Escolar - Julio 2025,B001-2025078973,8973
119543,350,2025-08-26,Pensión Escolar - Agosto 2025,B001-2025088973,8973
119544,350,2025-10-03,Pensión Escolar - Setiembre 2025,B001-2025098973,8973
119545,350,2025-10-31,Pensión Escolar - Octubre 2025,B001-2025108973,8973
119546,350,2025-11-25,Pensión Escolar - Noviembre 2025,B001-2025118973,8973
119547,350,2025-12-26,Pensión Escolar - Diciembre 2025,B001-2025128973,8973
119548,350,2025-03-25,Pensión Escolar - Marzo 2025,B001-2025039116,9116
119549,350,2025-05-02,Pensión Escolar - Abril 2025,B001-2025049116,9116
119550,350,2025-05-21,Pensión Escolar - Mayo 2025,B001-2025059116,9116
119551,350,2025-06-26,Pensión Escolar - Junio 2025,B001-2025069116,9116
119552,350,2025-07-24,Pensión Escolar - Julio 2025,B001-2025079116,9116
119553,350,2025-09-02,Pensión Escolar - Agosto 2025,B001-2025089116,9116
119554,350,2025-09-22,Pensión Escolar - Setiembre 2025,B001-2025099116,9116
119555,350,2025-10-27,Pensión Escolar - Octubre 2025,B001-2025109116,9116
119556,350,2025-11-26,Pensión Escolar - Noviembre 2025,B001-2025119116,9116
119557,350,2025-12-19,Pensión Escolar - Diciembre 2025,B001-2025129116,9116
119558,350,2025-03-19,Pensión Escolar - Marzo 2025,B001-2025038977,8977
119559,350,2025-04-22,Pensión Escolar - Abril 2025,B001-2025048977,8977
119560,350,2025-06-02,Pensión Escolar - Mayo 2025,B001-2025058977,8977
119561,350,2025-06-20,Pensión Escolar - Junio 2025,B001-2025068977,8977
119562,350,2025-07-21,Pensión Escolar - Julio 2025,B001-2025078977,8977
119563,350,2025-08-22,Pensión Escolar - Agosto 2025,B001-2025088977,8977
119564,350,2025-09-26,Pensión Escolar - Setiembre 2025,B001-2025098977,8977
119565,350,2025-10-28,Pensión Escolar - Octubre 2025,B001-2025108977,8977
119566,350,2025-11-28,Pensión Escolar - Noviembre 2025,B001-2025118977,8977
119567,350,2025-12-25,Pensión Escolar - Diciembre 2025,B001-2025128977,8977
119568,350,2025-03-19,Pensión Escolar - Marzo 2025,B001-2025039160,9160
119569,350,2025-04-24,Pensión Escolar - Abril 2025,B001-2025049160,9160
119570,350,2025-05-23,Pensión Escolar - Mayo 2025,B001-2025059160,9160
119571,350,2025-06-20,Pensión Escolar - Junio 2025,B001-2025069160,9160
119572,350,2025-07-30,Pensión Escolar - Julio 2025,B001-2025079160,9160
119573,350,2025-08-26,Pensión Escolar - Agosto 2025,B001-2025089160,9160
119574,350,2025-09-25,Pensión Escolar - Setiembre 2025,B001-2025099160,9160
119575,350,2025-10-31,Pensión Escolar - Octubre 2025,B001-2025109160,9160
119576,350,2025-11-21,Pensión Escolar - Noviembre 2025,B001-2025119160,9160
119577,350,2026-01-01,Pensión Escolar - Diciembre 2025,B001-2025129160,9160
119578,350,2025-04-01,Pensión Escolar - Marzo 2025,B001-2025039170,9170
119579,350,2025-04-21,Pensión Escolar - Abril 2025,B001-2025049170,9170
119580,350,2025-05-30,Pensión Escolar - Mayo 2025,B001-2025059170,9170
119581,350,2025-06-26,Pensión Escolar - Junio 2025,B001-2025069170,9170
119582,350,2025-07-28,Pensión Escolar - Julio 2025,B001-2025079170,9170
119583,350,2025-08-21,Pensión Escolar - Agosto 2025,B001-2025089170,9170
119584,350,2025-09-26,Pensión Escolar - Setiembre 2025,B001-2025099170,9170
119585,350,2025-10-20,Pensión Escolar - Octubre 2025,B001-2025109170,9170
119586,350,2025-11-21,Pensión Escolar - Noviembre 2025,B001-2025119170,9170
119587,350,2025-12-26,Pensión Escolar - Diciembre 2025,B001-2025129170,9170
119588,350,2025-03-27,Pensión Escolar - Marzo 2025,B001-2025039216,9216
119589,350,2025-04-25,Pensión Escolar - Abril 2025,B001-2025049216,9216
119590,350,2025-05-28,Pensión Escolar - Mayo 2025,B001-2025059216,9216
119591,350,2025-06-20,Pensión Escolar - Junio 2025,B001-2025069216,9216
119592,350,2025-07-25,Pensión Escolar - Julio 2025,B001-2025079216,9216
119593,350,2025-08-29,Pensión Escolar - Agosto 2025,B001-2025089216,9216
119594,350,2025-09-29,Pensión Escolar - Setiembre 2025,B001-2025099216,9216
119595,350,2025-10-24,Pensión Escolar - Octubre 2025,B001-2025109216,9216
119596,350,2025-12-29,Pensión Escolar - Diciembre 2025,B001-2025129216,9216
119597,350,2025-03-25,Pensión Escolar - Marzo 2025,B001-2025039316,9316
119598,350,2025-04-30,Pensión Escolar - Abril 2025,B001-2025049316,9316
119599,350,2025-05-19,Pensión Escolar - Mayo 2025,B001-2025059316,9316
119600,350,2025-06-25,Pensión Escolar - Junio 2025,B001-2025069316,9316
119601,350,2025-07-30,Pensión Escolar - Julio 2025,B001-2025079316,9316
119602,350,2025-08-29,Pensión Escolar - Agosto 2025,B001-2025089316,9316
119603,350,2025-09-30,Pensión Escolar - Setiembre 2025,B001-2025099316,9316
119604,350,2025-10-24,Pensión Escolar - Octubre 2025,B001-2025109316,9316
119605,350,2025-11-28,Pensión Escolar - Noviembre 2025,B001-2025119316,9316
119606,350,2025-12-23,Pensión Escolar - Diciembre 2025,B001-2025129316,9316
119607,350,2025-04-02,Pensión Escolar - Marzo 2025,B001-2025039241,9241
119608,350,2025-04-25,Pensión Escolar - Abril 2025,B001-2025049241,9241
119609,350,2025-05-26,Pensión Escolar - Mayo 2025,B001-2025059241,9241
119610,350,2025-06-19,Pensión Escolar - Junio 2025,B001-2025069241,9241
119611,350,2025-07-25,Pensión Escolar - Julio 2025,B001-2025079241,9241
119612,350,2025-08-21,Pensión Escolar - Agosto 2025,B001-2025089241,9241
119613,350,2025-10-24,Pensión Escolar - Octubre 2025,B001-2025109241,9241
119614,350,2025-12-01,Pensión Escolar - Noviembre 2025,B001-2025119241,9241
119615,350,2025-12-29,Pensión Escolar - Diciembre 2025,B001-2025129241,9241
119616,350,2025-04-02,Pensión Escolar - Marzo 2025,B001-2025039056,9056
119617,350,2025-04-18,Pensión Escolar - Abril 2025,B001-2025049056,9056
119618,350,2025-05-16,Pensión Escolar - Mayo 2025,B001-2025059056,9056
119619,350,2025-06-23,Pensión Escolar - Junio 2025,B001-2025069056,9056
119620,350,2025-07-22,Pensión Escolar - Julio 2025,B001-2025079056,9056
119621,350,2025-08-19,Pensión Escolar - Agosto 2025,B001-2025089056,9056
119622,350,2025-09-26,Pensión Escolar - Setiembre 2025,B001-2025099056,9056
119623,350,2025-10-24,Pensión Escolar - Octubre 2025,B001-2025109056,9056
119624,350,2025-12-03,Pensión Escolar - Noviembre 2025,B001-2025119056,9056
119625,350,2025-12-26,Pensión Escolar - Diciembre 2025,B001-2025129056,9056
119626,350,2025-03-21,Pensión Escolar - Marzo 2025,B001-2025039073,9073
119627,350,2025-04-23,Pensión Escolar - Abril 2025,B001-2025049073,9073
119628,350,2025-05-23,Pensión Escolar - Mayo 2025,B001-2025059073,9073
119629,350,2025-06-20,Pensión Escolar - Junio 2025,B001-2025069073,9073
119630,350,2025-08-29,Pensión Escolar - Agosto 2025,B001-2025089073,9073
119631,350,2025-09-29,Pensión Escolar - Setiembre 2025,B001-2025099073,9073
119632,350,2025-10-24,Pensión Escolar - Octubre 2025,B001-2025109073,9073
119633,350,2025-11-28,Pensión Escolar - Noviembre 2025,B001-2025119073,9073
119634,350,2025-12-25,Pensión Escolar - Diciembre 2025,B001-2025129073,9073
119635,350,2025-03-19,Pensión Escolar - Marzo 2025,B001-2025039230,9230
119636,350,2025-04-28,Pensión Escolar - Abril 2025,B001-2025049230,9230
119637,350,2025-05-21,Pensión Escolar - Mayo 2025,B001-2025059230,9230
119638,350,2025-06-18,Pensión Escolar - Junio 2025,B001-2025069230,9230
119639,350,2025-07-25,Pensión Escolar - Julio 2025,B001-2025079230,9230
119640,350,2025-08-29,Pensión Escolar - Agosto 2025,B001-2025089230,9230
119641,350,2025-10-24,Pensión Escolar - Octubre 2025,B001-2025109230,9230
119642,350,2025-11-18,Pensión Escolar - Noviembre 2025,B001-2025119230,9230
119643,350,2025-12-18,Pensión Escolar - Diciembre 2025,B001-2025129230,9230
119644,350,2025-03-24,Pensión Escolar - Marzo 2025,B001-2025039015,9015
119645,350,2025-04-25,Pensión Escolar - Abril 2025,B001-2025049015,9015
119646,350,2025-05-29,Pensión Escolar - Mayo 2025,B001-2025059015,9015
119647,350,2025-06-27,Pensión Escolar - Junio 2025,B001-2025069015,9015
119648,350,2025-07-31,Pensión Escolar - Julio 2025,B001-2025079015,9015
119649,350,2025-08-22,Pensión Escolar - Agosto 2025,B001-2025089015,9015
119650,350,2025-09-26,Pensión Escolar - Setiembre 2025,B001-2025099015,9015
119651,350,2025-10-24,Pensión Escolar - Octubre 2025,B001-2025109015,9015
119652,350,2025-11-18,Pensión Escolar - Noviembre 2025,B001-2025119015,9015
119653,350,2025-12-30,Pensión Escolar - Diciembre 2025,B001-2025129015,9015
119654,350,2025-03-21,Pensión Escolar - Marzo 2025,B001-2025038945,8945
119655,350,2025-04-18,Pensión Escolar - Abril 2025,B001-2025048945,8945
119656,350,2025-05-21,Pensión Escolar - Mayo 2025,B001-2025058945,8945
119657,350,2025-06-27,Pensión Escolar - Junio 2025,B001-2025068945,8945
119658,350,2025-07-29,Pensión Escolar - Julio 2025,B001-2025078945,8945
119659,350,2025-08-25,Pensión Escolar - Agosto 2025,B001-2025088945,8945
119660,350,2025-09-19,Pensión Escolar - Setiembre 2025,B001-2025098945,8945
119661,350,2025-10-22,Pensión Escolar - Octubre 2025,B001-2025108945,8945
119662,350,2025-12-01,Pensión Escolar - Noviembre 2025,B001-2025118945,8945
119663,350,2025-12-26,Pensión Escolar - Diciembre 2025,B001-2025128945,8945
119664,350,2025-04-02,Pensión Escolar - Marzo 2025,B001-2025039310,9310
119665,350,2025-04-29,Pensión Escolar - Abril 2025,B001-2025049310,9310
119666,350,2025-05-16,Pensión Escolar - Mayo 2025,B001-2025059310,9310
119667,350,2025-06-27,Pensión Escolar - Junio 2025,B001-2025069310,9310
119668,350,2025-08-01,Pensión Escolar - Julio 2025,B001-2025079310,9310
119669,350,2025-08-28,Pensión Escolar - Agosto 2025,B001-2025089310,9310
119670,350,2025-09-25,Pensión Escolar - Setiembre 2025,B001-2025099310,9310
119671,350,2025-10-21,Pensión Escolar - Octubre 2025,B001-2025109310,9310
119672,350,2025-11-24,Pensión Escolar - Noviembre 2025,B001-2025119310,9310
119673,350,2025-12-22,Pensión Escolar - Diciembre 2025,B001-2025129310,9310
119674,350,2025-03-21,Pensión Escolar - Marzo 2025,B001-2025039224,9224
119675,350,2025-04-18,Pensión Escolar - Abril 2025,B001-2025049224,9224
119676,350,2025-05-20,Pensión Escolar - Mayo 2025,B001-2025059224,9224
119677,350,2025-06-20,Pensión Escolar - Junio 2025,B001-2025069224,9224
119678,350,2025-07-30,Pensión Escolar - Julio 2025,B001-2025079224,9224
119679,350,2025-09-02,Pensión Escolar - Agosto 2025,B001-2025089224,9224
119680,350,2025-09-25,Pensión Escolar - Setiembre 2025,B001-2025099224,9224
119681,350,2025-10-31,Pensión Escolar - Octubre 2025,B001-2025109224,9224
119682,350,2025-11-24,Pensión Escolar - Noviembre 2025,B001-2025119224,9224
119683,350,2025-12-30,Pensión Escolar - Diciembre 2025,B001-2025129224,9224
119684,350,2025-03-27,Pensión Escolar - Marzo 2025,B001-2025039010,9010
119685,350,2025-04-25,Pensión Escolar - Abril 2025,B001-2025049010,9010
119686,350,2025-05-23,Pensión Escolar - Mayo 2025,B001-2025059010,9010
119687,350,2025-06-20,Pensión Escolar - Junio 2025,B001-2025069010,9010
119688,350,2025-07-22,Pensión Escolar - Julio 2025,B001-2025079010,9010
119689,350,2025-08-29,Pensión Escolar - Agosto 2025,B001-2025089010,9010
119690,350,2025-09-22,Pensión Escolar - Setiembre 2025,B001-2025099010,9010
119691,350,2025-10-28,Pensión Escolar - Octubre 2025,B001-2025109010,9010
119692,350,2025-11-28,Pensión Escolar - Noviembre 2025,B001-2025119010,9010
119693,350,2026-01-01,Pensión Escolar - Diciembre 2025,B001-2025129010,9010
119694,350,2025-04-01,Pensión Escolar - Marzo 2025,B001-2025039280,9280
119695,350,2025-05-02,Pensión Escolar - Abril 2025,B001-2025049280,9280
119696,350,2025-05-30,Pensión Escolar - Mayo 2025,B001-2025059280,9280
119697,350,2025-06-20,Pensión Escolar - Junio 2025,B001-2025069280,9280
119698,350,2025-07-28,Pensión Escolar - Julio 2025,B001-2025079280,9280
119699,350,2025-08-25,Pensión Escolar - Agosto 2025,B001-2025089280,9280
119700,350,2025-09-26,Pensión Escolar - Setiembre 2025,B001-2025099280,9280
119701,350,2025-10-17,Pensión Escolar - Octubre 2025,B001-2025109280,9280
119702,350,2025-11-28,Pensión Escolar - Noviembre 2025,B001-2025119280,9280
119703,350,2025-12-24,Pensión Escolar - Diciembre 2025,B001-2025129280,9280
119704,350,2025-03-21,Pensión Escolar - Marzo 2025,B001-2025039030,9030
119705,350,2025-04-21,Pensión Escolar - Abril 2025,B001-2025049030,9030
119706,350,2025-05-19,Pensión Escolar - Mayo 2025,B001-2025059030,9030
119707,350,2025-07-18,Pensión Escolar - Julio 2025,B001-2025079030,9030
119708,350,2025-08-29,Pensión Escolar - Agosto 2025,B001-2025089030,9030
119709,350,2025-09-19,Pensión Escolar - Setiembre 2025,B001-2025099030,9030
119710,350,2025-10-28,Pensión Escolar - Octubre 2025,B001-2025109030,9030
119711,350,2025-11-21,Pensión Escolar - Noviembre 2025,B001-2025119030,9030
119712,350,2025-12-30,Pensión Escolar - Diciembre 2025,B001-2025129030,9030
119713,350,2025-03-21,Pensión Escolar - Marzo 2025,B001-2025039284,9284
119714,350,2025-04-29,Pensión Escolar - Abril 2025,B001-2025049284,9284
119715,350,2025-05-30,Pensión Escolar - Mayo 2025,B001-2025059284,9284
119716,350,2025-06-20,Pensión Escolar - Junio 2025,B001-2025069284,9284
119717,350,2025-07-28,Pensión Escolar - Julio 2025,B001-2025079284,9284
119718,350,2025-09-02,Pensión Escolar - Agosto 2025,B001-2025089284,9284
119719,350,2025-09-19,Pensión Escolar - Setiembre 2025,B001-2025099284,9284
119720,350,2025-10-31,Pensión Escolar - Octubre 2025,B001-2025109284,9284
119721,350,2025-11-19,Pensión Escolar - Noviembre 2025,B001-2025119284,9284
119722,350,2025-12-30,Pensión Escolar - Diciembre 2025,B001-2025129284,9284
119723,350,2025-03-28,Pensión Escolar - Marzo 2025,B001-2025039147,9147
119724,350,2025-04-18,Pensión Escolar - Abril 2025,B001-2025049147,9147
119725,350,2025-05-28,Pensión Escolar - Mayo 2025,B001-2025059147,9147
119726,350,2025-06-27,Pensión Escolar - Junio 2025,B001-2025069147,9147
119727,350,2025-07-21,Pensión Escolar - Julio 2025,B001-2025079147,9147
119728,350,2025-08-26,Pensión Escolar - Agosto 2025,B001-2025089147,9147
119729,350,2025-09-26,Pensión Escolar - Setiembre 2025,B001-2025099147,9147
119730,350,2025-10-28,Pensión Escolar - Octubre 2025,B001-2025109147,9147
119731,350,2025-11-20,Pensión Escolar - Noviembre 2025,B001-2025119147,9147
119732,350,2025-12-29,Pensión Escolar - Diciembre 2025,B001-2025129147,9147
119733,350,2025-03-18,Pensión Escolar - Marzo 2025,B001-2025039153,9153
119734,350,2025-04-30,Pensión Escolar - Abril 2025,B001-2025049153,9153
119735,350,2025-05-22,Pensión Escolar - Mayo 2025,B001-2025059153,9153
119736,350,2025-06-24,Pensión Escolar - Junio 2025,B001-2025069153,9153
119737,350,2025-07-25,Pensión Escolar - Julio 2025,B001-2025079153,9153
119738,350,2025-08-28,Pensión Escolar - Agosto 2025,B001-2025089153,9153
119739,350,2025-09-25,Pensión Escolar - Setiembre 2025,B001-2025099153,9153
119740,350,2025-10-20,Pensión Escolar - Octubre 2025,B001-2025109153,9153
119741,350,2025-11-27,Pensión Escolar - Noviembre 2025,B001-2025119153,9153
119742,350,2025-12-26,Pensión Escolar - Diciembre 2025,B001-2025129153,9153
119743,350,2025-04-02,Pensión Escolar - Marzo 2025,B001-2025038962,8962
119744,350,2025-04-18,Pensión Escolar - Abril 2025,B001-2025048962,8962
119745,350,2025-05-27,Pensión Escolar - Mayo 2025,B001-2025058962,8962
119746,350,2025-06-19,Pensión Escolar - Junio 2025,B001-2025068962,8962
119747,350,2025-08-22,Pensión Escolar - Agosto 2025,B001-2025088962,8962
119748,350,2025-10-24,Pensión Escolar - Octubre 2025,B001-2025108962,8962
119749,350,2025-11-19,Pensión Escolar - Noviembre 2025,B001-2025118962,8962
119750,350,2025-12-26,Pensión Escolar - Diciembre 2025,B001-2025128962,8962
119751,350,2025-04-02,Pensión Escolar - Marzo 2025,B001-2025039262,9262
119752,350,2025-04-23,Pensión Escolar - Abril 2025,B001-2025049262,9262
119753,350,2025-05-26,Pensión Escolar - Mayo 2025,B001-2025059262,9262
119754,350,2025-06-20,Pensión Escolar - Junio 2025,B001-2025069262,9262
119755,350,2025-07-22,Pensión Escolar - Julio 2025,B001-2025079262,9262
119756,350,2025-08-21,Pensión Escolar - Agosto 2025,B001-2025089262,9262
119757,350,2025-09-19,Pensión Escolar - Setiembre 2025,B001-2025099262,9262
119758,350,2025-10-24,Pensión Escolar - Octubre 2025,B001-2025109262,9262
119759,350,2025-11-24,Pensión Escolar - Noviembre 2025,B001-2025119262,9262
119760,350,2025-12-26,Pensión Escolar - Diciembre 2025,B001-2025129262,9262
119761,350,2025-03-26,Pensión Escolar - Marzo 2025,B001-2025039027,9027
119762,350,2025-05-02,Pensión Escolar - Abril 2025,B001-2025049027,9027
119763,350,2025-05-20,Pensión Escolar - Mayo 2025,B001-2025059027,9027
119764,350,2025-06-23,Pensión Escolar - Junio 2025,B001-2025069027,9027
119765,350,2025-07-28,Pensión Escolar - Julio 2025,B001-2025079027,9027
119766,350,2025-08-28,Pensión Escolar - Agosto 2025,B001-2025089027,9027
119767,350,2025-09-19,Pensión Escolar - Setiembre 2025,B001-2025099027,9027
119768,350,2025-10-22,Pensión Escolar - Octubre 2025,B001-2025109027,9027
119769,350,2025-11-20,Pensión Escolar - Noviembre 2025,B001-2025119027,9027
119770,350,2026-01-02,Pensión Escolar - Diciembre 2025,B001-2025129027,9027
119771,350,2025-04-02,Pensión Escolar - Marzo 2025,B001-2025038992,8992
119772,350,2025-05-02,Pensión Escolar - Abril 2025,B001-2025048992,8992
119773,350,2025-05-27,Pensión Escolar - Mayo 2025,B001-2025058992,8992
119774,350,2025-07-01,Pensión Escolar - Junio 2025,B001-2025068992,8992
119775,350,2025-07-28,Pensión Escolar - Julio 2025,B001-2025078992,8992
119776,350,2025-08-19,Pensión Escolar - Agosto 2025,B001-2025088992,8992
119777,350,2025-09-26,Pensión Escolar - Setiembre 2025,B001-2025098992,8992
119778,350,2025-10-31,Pensión Escolar - Octubre 2025,B001-2025108992,8992
119779,350,2025-11-28,Pensión Escolar - Noviembre 2025,B001-2025118992,8992
119780,350,2025-12-19,Pensión Escolar - Diciembre 2025,B001-2025128992,8992
119781,350,2025-03-21,Pensión Escolar - Marzo 2025,B001-2025039097,9097
119782,350,2025-04-25,Pensión Escolar - Abril 2025,B001-2025049097,9097
119783,350,2025-06-02,Pensión Escolar - Mayo 2025,B001-2025059097,9097
119784,350,2025-07-03,Pensión Escolar - Junio 2025,B001-2025069097,9097
119785,350,2025-08-01,Pensión Escolar - Julio 2025,B001-2025079097,9097
119786,350,2025-08-29,Pensión Escolar - Agosto 2025,B001-2025089097,9097
119787,350,2025-09-19,Pensión Escolar - Setiembre 2025,B001-2025099097,9097
119788,350,2025-10-24,Pensión Escolar - Octubre 2025,B001-2025109097,9097
119789,350,2025-11-21,Pensión Escolar - Noviembre 2025,B001-2025119097,9097
119790,350,2025-12-29,Pensión Escolar - Diciembre 2025,B001-2025129097,9097
119791,350,2025-03-25,Pensión Escolar - Marzo 2025,B001-2025039217,9217
119792,350,2025-04-18,Pensión Escolar - Abril 2025,B001-2025049217,9217
119793,350,2025-05-28,Pensión Escolar - Mayo 2025,B001-2025059217,9217
119794,350,2025-06-30,Pensión Escolar - Junio 2025,B001-2025069217,9217
119795,350,2025-07-31,Pensión Escolar - Julio 2025,B001-2025079217,9217
119796,350,2025-08-29,Pensión Escolar - Agosto 2025,B001-2025089217,9217
119797,350,2025-10-01,Pensión Escolar - Setiembre 2025,B001-2025099217,9217
119798,350,2025-10-23,Pensión Escolar - Octubre 2025,B001-2025109217,9217
119799,350,2025-11-21,Pensión Escolar - Noviembre 2025,B001-2025119217,9217
119800,350,2025-12-18,Pensión Escolar - Diciembre 2025,B001-2025129217,9217
119801,350,2025-03-19,Pensión Escolar - Marzo 2025,B001-2025039171,9171
119802,350,2025-04-25,Pensión Escolar - Abril 2025,B001-2025049171,9171
119803,350,2025-05-22,Pensión Escolar - Mayo 2025,B001-2025059171,9171
119804,350,2025-07-01,Pensión Escolar - Junio 2025,B001-2025069171,9171
119805,350,2025-07-25,Pensión Escolar - Julio 2025,B001-2025079171,9171
119806,350,2025-08-29,Pensión Escolar - Agosto 2025,B001-2025089171,9171
119807,350,2025-10-01,Pensión Escolar - Setiembre 2025,B001-2025099171,9171
119808,350,2025-10-30,Pensión Escolar - Octubre 2025,B001-2025109171,9171
119809,350,2025-11-21,Pensión Escolar - Noviembre 2025,B001-2025119171,9171
119810,350,2025-12-31,Pensión Escolar - Diciembre 2025,B001-2025129171,9171
119811,350,2025-03-18,Pensión Escolar - Marzo 2025,B001-2025039134,9134
119812,350,2025-04-24,Pensión Escolar - Abril 2025,B001-2025049134,9134
119813,350,2025-05-28,Pensión Escolar - Mayo 2025,B001-2025059134,9134
119814,350,2025-06-26,Pensión Escolar - Junio 2025,B001-2025069134,9134
119815,350,2025-07-29,Pensión Escolar - Julio 2025,B001-2025079134,9134
119816,350,2025-09-01,Pensión Escolar - Agosto 2025,B001-2025089134,9134
119817,350,2025-09-19,Pensión Escolar - Setiembre 2025,B001-2025099134,9134
119818,350,2025-10-28,Pensión Escolar - Octubre 2025,B001-2025109134,9134
119819,350,2025-11-26,Pensión Escolar - Noviembre 2025,B001-2025119134,9134
119820,350,2025-12-30,Pensión Escolar - Diciembre 2025,B001-2025129134,9134
119821,350,2025-03-25,Pensión Escolar - Marzo 2025,B001-2025039333,9333
119822,350,2025-05-02,Pensión Escolar - Abril 2025,B001-2025049333,9333
119823,350,2025-05-30,Pensión Escolar - Mayo 2025,B001-2025059333,9333
119824,350,2025-06-23,Pensión Escolar - Junio 2025,B001-2025069333,9333
119825,350,2025-07-22,Pensión Escolar - Julio 2025,B001-2025079333,9333
119826,350,2025-08-27,Pensión Escolar - Agosto 2025,B001-2025089333,9333
119827,350,2025-09-26,Pensión Escolar - Setiembre 2025,B001-2025099333,9333
119828,350,2025-10-24,Pensión Escolar - Octubre 2025,B001-2025109333,9333
119829,350,2025-11-20,Pensión Escolar - Noviembre 2025,B001-2025119333,9333
119830,350,2025-12-23,Pensión Escolar - Diciembre 2025,B001-2025129333,9333
119831,350,2025-03-25,Pensión Escolar - Marzo 2025,B001-2025039011,9011
119832,350,2025-04-25,Pensión Escolar - Abril 2025,B001-2025049011,9011
119833,350,2025-05-23,Pensión Escolar - Mayo 2025,B001-2025059011,9011
119834,350,2025-07-02,Pensión Escolar - Junio 2025,B001-2025069011,9011
119835,350,2025-07-29,Pensión Escolar - Julio 2025,B001-2025079011,9011
119836,350,2025-08-22,Pensión Escolar - Agosto 2025,B001-2025089011,9011
119837,350,2025-09-29,Pensión Escolar - Setiembre 2025,B001-2025099011,9011
119838,350,2025-10-20,Pensión Escolar - Octubre 2025,B001-2025109011,9011
119839,350,2025-11-28,Pensión Escolar - Noviembre 2025,B001-2025119011,9011
119840,350,2025-12-18,Pensión Escolar - Diciembre 2025,B001-2025129011,9011
119841,350,2025-04-01,Pensión Escolar - Marzo 2025,B001-2025038993,8993
119842,350,2025-05-02,Pensión Escolar - Abril 2025,B001-2025048993,8993
119843,350,2025-06-25,Pensión Escolar - Junio 2025,B001-2025068993,8993
119844,350,2025-07-29,Pensión Escolar - Julio 2025,B001-2025078993,8993
119845,350,2025-08-22,Pensión Escolar - Agosto 2025,B001-2025088993,8993
119846,350,2025-09-26,Pensión Escolar - Setiembre 2025,B001-2025098993,8993
119847,350,2025-10-31,Pensión Escolar - Octubre 2025,B001-2025108993,8993
119848,350,2025-11-27,Pensión Escolar - Noviembre 2025,B001-2025118993,8993
119849,350,2025-12-31,Pensión Escolar - Diciembre 2025,B001-2025128993,8993
119850,350,2025-03-21,Pensión Escolar - Marzo 2025,B001-2025039327,9327
119851,350,2025-04-18,Pensión Escolar - Abril 2025,B001-2025049327,9327
119852,350,2025-05-23,Pensión Escolar - Mayo 2025,B001-2025059327,9327
119853,350,2025-07-01,Pensión Escolar - Junio 2025,B001-2025069327,9327
119854,350,2025-07-31,Pensión Escolar - Julio 2025,B001-2025079327,9327
119855,350,2025-09-02,Pensión Escolar - Agosto 2025,B001-2025089327,9327
119856,350,2025-09-30,Pensión Escolar - Setiembre 2025,B001-2025099327,9327
119857,350,2025-10-31,Pensión Escolar - Octubre 2025,B001-2025109327,9327
119858,350,2025-11-21,Pensión Escolar - Noviembre 2025,B001-2025119327,9327
119859,350,2025-12-19,Pensión Escolar - Diciembre 2025,B001-2025129327,9327
119860,350,2025-03-27,Pensión Escolar - Marzo 2025,B001-2025039292,9292
119861,350,2025-05-02,Pensión Escolar - Abril 2025,B001-2025049292,9292
119862,350,2025-05-19,Pensión Escolar - Mayo 2025,B001-2025059292,9292
119863,350,2025-06-20,Pensión Escolar - Junio 2025,B001-2025069292,9292
119864,350,2025-07-28,Pensión Escolar - Julio 2025,B001-2025079292,9292
119865,350,2025-08-18,Pensión Escolar - Agosto 2025,B001-2025089292,9292
119866,350,2025-09-19,Pensión Escolar - Setiembre 2025,B001-2025099292,9292
119867,350,2025-11-26,Pensión Escolar - Noviembre 2025,B001-2025119292,9292
119868,350,2025-12-24,Pensión Escolar - Diciembre 2025,B001-2025129292,9292
119869,350,2025-03-21,Pensión Escolar - Marzo 2025,B001-2025039168,9168
119870,350,2025-04-25,Pensión Escolar - Abril 2025,B001-2025049168,9168
119871,350,2025-05-20,Pensión Escolar - Mayo 2025,B001-2025059168,9168
119872,350,2025-06-24,Pensión Escolar - Junio 2025,B001-2025069168,9168
119873,350,2025-07-18,Pensión Escolar - Julio 2025,B001-2025079168,9168
119874,350,2025-09-01,Pensión Escolar - Agosto 2025,B001-2025089168,9168
119875,350,2025-09-29,Pensión Escolar - Setiembre 2025,B001-2025099168,9168
119876,350,2025-10-30,Pensión Escolar - Octubre 2025,B001-2025109168,9168
119877,350,2025-11-21,Pensión Escolar - Noviembre 2025,B001-2025119168,9168
119878,350,2025-12-18,Pensión Escolar - Diciembre 2025,B001-2025129168,9168
119879,350,2025-03-31,Pensión Escolar - Marzo 2025,B001-2025038943,8943
119880,350,2025-04-25,Pensión Escolar - Abril 2025,B001-2025048943,8943
119881,350,2025-05-21,Pensión Escolar - Mayo 2025,B001-2025058943,8943
119882,350,2025-06-18,Pensión Escolar - Junio 2025,B001-2025068943,8943
119883,350,2025-07-25,Pensión Escolar - Julio 2025,B001-2025078943,8943
119884,350,2025-08-29,Pensión Escolar - Agosto 2025,B001-2025088943,8943
119885,350,2025-10-03,Pensión Escolar - Setiembre 2025,B001-2025098943,8943
119886,350,2025-10-17,Pensión Escolar - Octubre 2025,B001-2025108943,8943
119887,350,2025-11-27,Pensión Escolar - Noviembre 2025,B001-2025118943,8943
119888,350,2025-03-28,Pensión Escolar - Marzo 2025,B001-2025039305,9305
119889,350,2025-04-21,Pensión Escolar - Abril 2025,B001-2025049305,9305
119890,350,2025-05-23,Pensión Escolar - Mayo 2025,B001-2025059305,9305
119891,350,2025-07-02,Pensión Escolar - Junio 2025,B001-2025069305,9305
119892,350,2025-07-23,Pensión Escolar - Julio 2025,B001-2025079305,9305
119893,350,2025-08-22,Pensión Escolar - Agosto 2025,B001-2025089305,9305
119894,350,2025-09-26,Pensión Escolar - Setiembre 2025,B001-2025099305,9305
119895,350,2025-10-31,Pensión Escolar - Octubre 2025,B001-2025109305,9305
119896,350,2025-11-28,Pensión Escolar - Noviembre 2025,B001-2025119305,9305
119897,350,2025-12-25,Pensión Escolar - Diciembre 2025,B001-2025129305,9305
119898,350,2025-03-21,Pensión Escolar - Marzo 2025,B001-2025039063,9063
119899,350,2025-04-30,Pensión Escolar - Abril 2025,B001-2025049063,9063
119900,350,2025-05-27,Pensión Escolar - Mayo 2025,B001-2025059063,9063
119901,350,2025-06-20,Pensión Escolar - Junio 2025,B001-2025069063,9063
119902,350,2025-07-25,Pensión Escolar - Julio 2025,B001-2025079063,9063
119903,350,2025-08-21,Pensión Escolar - Agosto 2025,B001-2025089063,9063
119904,350,2025-10-01,Pensión Escolar - Setiembre 2025,B001-2025099063,9063
119905,350,2025-10-17,Pensión Escolar - Octubre 2025,B001-2025109063,9063
119906,350,2025-11-21,Pensión Escolar - Noviembre 2025,B001-2025119063,9063
119907,350,2026-01-01,Pensión Escolar - Diciembre 2025,B001-2025129063,9063
119908,350,2025-03-19,Pensión Escolar - Marzo 2025,B001-2025039093,9093
119909,350,2025-04-24,Pensión Escolar - Abril 2025,B001-2025049093,9093
119910,350,2025-05-27,Pensión Escolar - Mayo 2025,B001-2025059093,9093
119911,350,2025-06-20,Pensión Escolar - Junio 2025,B001-2025069093,9093
119912,350,2025-07-21,Pensión Escolar - Julio 2025,B001-2025079093,9093
119913,350,2025-09-01,Pensión Escolar - Agosto 2025,B001-2025089093,9093
119914,350,2025-10-01,Pensión Escolar - Setiembre 2025,B001-2025099093,9093
119915,350,2025-10-31,Pensión Escolar - Octubre 2025,B001-2025109093,9093
119916,350,2025-11-20,Pensión Escolar - Noviembre 2025,B001-2025119093,9093
119917,350,2025-12-25,Pensión Escolar - Diciembre 2025,B001-2025129093,9093
119918,350,2025-03-28,Pensión Escolar - Marzo 2025,B001-2025039166,9166
119919,350,2025-04-18,Pensión Escolar - Abril 2025,B001-2025049166,9166
119920,350,2025-05-23,Pensión Escolar - Mayo 2025,B001-2025059166,9166
119921,350,2025-06-25,Pensión Escolar - Junio 2025,B001-2025069166,9166
119922,350,2025-07-28,Pensión Escolar - Julio 2025,B001-2025079166,9166
119923,350,2025-08-29,Pensión Escolar - Agosto 2025,B001-2025089166,9166
119924,350,2025-09-24,Pensión Escolar - Setiembre 2025,B001-2025099166,9166
119925,350,2025-10-21,Pensión Escolar - Octubre 2025,B001-2025109166,9166
119926,350,2025-11-25,Pensión Escolar - Noviembre 2025,B001-2025119166,9166
119927,350,2026-01-01,Pensión Escolar - Diciembre 2025,B001-2025129166,9166
119928,350,2025-03-21,Pensión Escolar - Marzo 2025,B001-2025039018,9018
119929,350,2025-05-02,Pensión Escolar - Abril 2025,B001-2025049018,9018
119930,350,2025-05-29,Pensión Escolar - Mayo 2025,B001-2025059018,9018
119931,350,2025-06-30,Pensión Escolar - Junio 2025,B001-2025069018,9018
119932,350,2025-07-25,Pensión Escolar - Julio 2025,B001-2025079018,9018
119933,350,2025-08-29,Pensión Escolar - Agosto 2025,B001-2025089018,9018
119934,350,2025-10-01,Pensión Escolar - Setiembre 2025,B001-2025099018,9018
119935,350,2025-10-17,Pensión Escolar - Octubre 2025,B001-2025109018,9018
119936,350,2025-11-18,Pensión Escolar - Noviembre 2025,B001-2025119018,9018
119937,350,2025-12-30,Pensión Escolar - Diciembre 2025,B001-2025129018,9018
119938,350,2025-03-25,Pensión Escolar - Marzo 2025,B001-2025039214,9214
119939,350,2025-05-02,Pensión Escolar - Abril 2025,B001-2025049214,9214
119940,350,2025-05-28,Pensión Escolar - Mayo 2025,B001-2025059214,9214
119941,350,2025-06-20,Pensión Escolar - Junio 2025,B001-2025069214,9214
119942,350,2025-07-31,Pensión Escolar - Julio 2025,B001-2025079214,9214
119943,350,2025-09-01,Pensión Escolar - Agosto 2025,B001-2025089214,9214
119944,350,2025-09-18,Pensión Escolar - Setiembre 2025,B001-2025099214,9214
119945,350,2025-10-27,Pensión Escolar - Octubre 2025,B001-2025109214,9214
119946,350,2025-11-21,Pensión Escolar - Noviembre 2025,B001-2025119214,9214
119947,350,2026-01-01,Pensión Escolar - Diciembre 2025,B001-2025129214,9214
119948,350,2025-03-28,Pensión Escolar - Marzo 2025,B001-2025039288,9288
119949,350,2025-04-30,Pensión Escolar - Abril 2025,B001-2025049288,9288
119950,350,2025-05-26,Pensión Escolar - Mayo 2025,B001-2025059288,9288
119951,350,2025-06-27,Pensión Escolar - Junio 2025,B001-2025069288,9288
119952,350,2025-07-31,Pensión Escolar - Julio 2025,B001-2025079288,9288
119953,350,2025-08-22,Pensión Escolar - Agosto 2025,B001-2025089288,9288
119954,350,2025-10-01,Pensión Escolar - Setiembre 2025,B001-2025099288,9288
119955,350,2025-10-31,Pensión Escolar - Octubre 2025,B001-2025109288,9288
119956,350,2025-11-27,Pensión Escolar - Noviembre 2025,B001-2025119288,9288
119957,350,2025-12-26,Pensión Escolar - Diciembre 2025,B001-2025129288,9288
119958,350,2025-03-31,Pensión Escolar - Marzo 2025,B001-2025039151,9151
119959,350,2025-05-02,Pensión Escolar - Abril 2025,B001-2025049151,9151
119960,350,2025-05-23,Pensión Escolar - Mayo 2025,B001-2025059151,9151
119961,350,2025-06-20,Pensión Escolar - Junio 2025,B001-2025069151,9151
119962,350,2025-07-25,Pensión Escolar - Julio 2025,B001-2025079151,9151
119963,350,2025-08-27,Pensión Escolar - Agosto 2025,B001-2025089151,9151
119964,350,2025-09-26,Pensión Escolar - Setiembre 2025,B001-2025099151,9151
119965,350,2025-10-29,Pensión Escolar - Octubre 2025,B001-2025109151,9151
119966,350,2025-11-21,Pensión Escolar - Noviembre 2025,B001-2025119151,9151
119967,350,2025-12-22,Pensión Escolar - Diciembre 2025,B001-2025129151,9151
119968,350,2025-03-28,Pensión Escolar - Marzo 2025,B001-2025039250,9250
119969,350,2025-04-22,Pensión Escolar - Abril 2025,B001-2025049250,9250
119970,350,2025-05-26,Pensión Escolar - Mayo 2025,B001-2025059250,9250
119971,350,2025-06-27,Pensión Escolar - Junio 2025,B001-2025069250,9250
119972,350,2025-07-31,Pensión Escolar - Julio 2025,B001-2025079250,9250
119973,350,2025-08-25,Pensión Escolar - Agosto 2025,B001-2025089250,9250
119974,350,2025-09-19,Pensión Escolar - Setiembre 2025,B001-2025099250,9250
119975,350,2025-10-21,Pensión Escolar - Octubre 2025,B001-2025109250,9250
119976,350,2025-11-19,Pensión Escolar - Noviembre 2025,B001-2025119250,9250
119977,350,2025-12-24,Pensión Escolar - Diciembre 2025,B001-2025129250,9250
119978,350,2025-03-19,Pensión Escolar - Marzo 2025,B001-2025039231,9231
119979,350,2025-04-23,Pensión Escolar - Abril 2025,B001-2025049231,9231
119980,350,2025-05-21,Pensión Escolar - Mayo 2025,B001-2025059231,9231
119981,350,2025-07-02,Pensión Escolar - Junio 2025,B001-2025069231,9231
119982,350,2025-07-18,Pensión Escolar - Julio 2025,B001-2025079231,9231
119983,350,2025-08-18,Pensión Escolar - Agosto 2025,B001-2025089231,9231
119984,350,2025-09-19,Pensión Escolar - Setiembre 2025,B001-2025099231,9231
119985,350,2025-10-24,Pensión Escolar - Octubre 2025,B001-2025109231,9231
119986,350,2025-11-21,Pensión Escolar - Noviembre 2025,B001-2025119231,9231
119987,350,2025-12-19,Pensión Escolar - Diciembre 2025,B001-2025129231,9231
119988,350,2025-04-01,Pensión Escolar - Marzo 2025,B001-2025038944,8944
119989,350,2025-04-28,Pensión Escolar - Abril 2025,B001-2025048944,8944
119990,350,2025-05-27,Pensión Escolar - Mayo 2025,B001-2025058944,8944
119991,350,2025-06-18,Pensión Escolar - Junio 2025,B001-2025068944,8944
119992,350,2025-07-24,Pensión Escolar - Julio 2025,B001-2025078944,8944
119993,350,2025-08-18,Pensión Escolar - Agosto 2025,B001-2025088944,8944
119994,350,2025-09-19,Pensión Escolar - Setiembre 2025,B001-2025098944,8944
119995,350,2025-10-31,Pensión Escolar - Octubre 2025,B001-2025108944,8944
119996,350,2025-11-21,Pensión Escolar - Noviembre 2025,B001-2025118944,8944
119997,350,2025-12-19,Pensión Escolar - Diciembre 2025,B001-2025128944,8944
119998,350,2025-03-31,Pensión Escolar - Marzo 2025,B001-2025038952,8952
119999,350,2025-05-02,Pensión Escolar - Abril 2025,B001-2025048952,8952
120000,350,2025-06-02,Pensión Escolar - Mayo 2025,B001-2025058952,8952
120001,350,2025-06-27,Pensión Escolar - Junio 2025,B001-2025068952,8952
120002,350,2025-07-29,Pensión Escolar - Julio 2025,B001-2025078952,8952
120003,350,2025-08-28,Pensión Escolar - Agosto 2025,B001-2025088952,8952
120004,350,2025-09-22,Pensión Escolar - Setiembre 2025,B001-2025098952,8952
120005,350,2025-10-20,Pensión Escolar - Octubre 2025,B001-2025108952,8952
120006,350,2025-11-26,Pensión Escolar - Noviembre 2025,B001-2025118952,8952
120007,350,2025-12-18,Pensión Escolar - Diciembre 2025,B001-2025128952,8952
120008,350,2025-04-01,Pensión Escolar - Marzo 2025,B001-2025038969,8969
120009,350,2025-04-21,Pensión Escolar - Abril 2025,B001-2025048969,8969
120010,350,2025-06-02,Pensión Escolar - Mayo 2025,B001-2025058969,8969
120011,350,2025-06-30,Pensión Escolar - Junio 2025,B001-2025068969,8969
120012,350,2025-07-25,Pensión Escolar - Julio 2025,B001-2025078969,8969
120013,350,2025-09-02,Pensión Escolar - Agosto 2025,B001-2025088969,8969
120014,350,2025-10-01,Pensión Escolar - Setiembre 2025,B001-2025098969,8969
120015,350,2025-10-17,Pensión Escolar - Octubre 2025,B001-2025108969,8969
120016,350,2025-11-20,Pensión Escolar - Noviembre 2025,B001-2025118969,8969
120017,350,2025-12-26,Pensión Escolar - Diciembre 2025,B001-2025128969,8969
120018,350,2025-03-28,Pensión Escolar - Marzo 2025,B001-2025039131,9131
120019,350,2025-04-18,Pensión Escolar - Abril 2025,B001-2025049131,9131
120020,350,2025-05-20,Pensión Escolar - Mayo 2025,B001-2025059131,9131
120021,350,2025-06-18,Pensión Escolar - Junio 2025,B001-2025069131,9131
120022,350,2025-07-21,Pensión Escolar - Julio 2025,B001-2025079131,9131
120023,350,2025-08-25,Pensión Escolar - Agosto 2025,B001-2025089131,9131
120024,350,2025-09-19,Pensión Escolar - Setiembre 2025,B001-2025099131,9131
120025,350,2025-10-24,Pensión Escolar - Octubre 2025,B001-2025109131,9131
120026,350,2025-12-02,Pensión Escolar - Noviembre 2025,B001-2025119131,9131
120027,350,2025-12-26,Pensión Escolar - Diciembre 2025,B001-2025129131,9131
120028,350,2025-03-25,Pensión Escolar - Marzo 2025,B001-2025038976,8976
120029,350,2025-04-25,Pensión Escolar - Abril 2025,B001-2025048976,8976
120030,350,2025-05-29,Pensión Escolar - Mayo 2025,B001-2025058976,8976
120031,350,2025-06-23,Pensión Escolar - Junio 2025,B001-2025068976,8976
120032,350,2025-07-28,Pensión Escolar - Julio 2025,B001-2025078976,8976
120033,350,2025-08-26,Pensión Escolar - Agosto 2025,B001-2025088976,8976
120034,350,2025-09-29,Pensión Escolar - Setiembre 2025,B001-2025098976,8976
120035,350,2025-10-17,Pensión Escolar - Octubre 2025,B001-2025108976,8976
120036,350,2025-11-19,Pensión Escolar - Noviembre 2025,B001-2025118976,8976
120037,350,2025-12-18,Pensión Escolar - Diciembre 2025,B001-2025128976,8976
120038,350,2025-03-28,Pensión Escolar - Marzo 2025,B001-2025039256,9256
120039,350,2025-04-21,Pensión Escolar - Abril 2025,B001-2025049256,9256
120040,350,2025-05-28,Pensión Escolar - Mayo 2025,B001-2025059256,9256
120041,350,2025-07-01,Pensión Escolar - Junio 2025,B001-2025069256,9256
120042,350,2025-07-18,Pensión Escolar - Julio 2025,B001-2025079256,9256
120043,350,2025-09-02,Pensión Escolar - Agosto 2025,B001-2025089256,9256
120044,350,2025-09-29,Pensión Escolar - Setiembre 2025,B001-2025099256,9256
120045,350,2025-10-31,Pensión Escolar - Octubre 2025,B001-2025109256,9256
120046,350,2025-11-21,Pensión Escolar - Noviembre 2025,B001-2025119256,9256
120047,350,2025-12-19,Pensión Escolar - Diciembre 2025,B001-2025129256,9256
120048,350,2025-03-28,Pensión Escolar - Marzo 2025,B001-2025039080,9080
120049,350,2025-04-25,Pensión Escolar - Abril 2025,B001-2025049080,9080
120050,350,2025-05-27,Pensión Escolar - Mayo 2025,B001-2025059080,9080
120051,350,2025-06-23,Pensión Escolar - Junio 2025,B001-2025069080,9080
120052,350,2025-07-21,Pensión Escolar - Julio 2025,B001-2025079080,9080
120053,350,2025-08-18,Pensión Escolar - Agosto 2025,B001-2025089080,9080
120054,350,2025-09-23,Pensión Escolar - Setiembre 2025,B001-2025099080,9080
120055,350,2025-10-24,Pensión Escolar - Octubre 2025,B001-2025109080,9080
120056,350,2025-11-21,Pensión Escolar - Noviembre 2025,B001-2025119080,9080
120057,350,2025-12-26,Pensión Escolar - Diciembre 2025,B001-2025129080,9080
120058,350,2025-03-27,Pensión Escolar - Marzo 2025,B001-2025039321,9321
120059,350,2025-05-20,Pensión Escolar - Mayo 2025,B001-2025059321,9321
120060,350,2025-07-01,Pensión Escolar - Junio 2025,B001-2025069321,9321
120061,350,2025-07-22,Pensión Escolar - Julio 2025,B001-2025079321,9321
120062,350,2025-08-26,Pensión Escolar - Agosto 2025,B001-2025089321,9321
120063,350,2025-09-24,Pensión Escolar - Setiembre 2025,B001-2025099321,9321
120064,350,2025-10-22,Pensión Escolar - Octubre 2025,B001-2025109321,9321
120065,350,2025-11-20,Pensión Escolar - Noviembre 2025,B001-2025119321,9321
120066,350,2025-12-18,Pensión Escolar - Diciembre 2025,B001-2025129321,9321
120067,350,2025-04-01,Pensión Escolar - Marzo 2025,B001-2025039195,9195
120068,350,2025-04-25,Pensión Escolar - Abril 2025,B001-2025049195,9195
120069,350,2025-05-29,Pensión Escolar - Mayo 2025,B001-2025059195,9195
120070,350,2025-06-19,Pensión Escolar - Junio 2025,B001-2025069195,9195
120071,350,2025-07-25,Pensión Escolar - Julio 2025,B001-2025079195,9195
120072,350,2025-08-22,Pensión Escolar - Agosto 2025,B001-2025089195,9195
120073,350,2025-09-18,Pensión Escolar - Setiembre 2025,B001-2025099195,9195
120074,350,2025-10-31,Pensión Escolar - Octubre 2025,B001-2025109195,9195
120075,350,2025-11-21,Pensión Escolar - Noviembre 2025,B001-2025119195,9195
120076,350,2025-12-30,Pensión Escolar - Diciembre 2025,B001-2025129195,9195
120077,350,2025-03-27,Pensión Escolar - Marzo 2025,B001-2025039155,9155
120078,350,2025-04-25,Pensión Escolar - Abril 2025,B001-2025049155,9155
120079,350,2025-06-02,Pensión Escolar - Mayo 2025,B001-2025059155,9155
120080,350,2025-06-27,Pensión Escolar - Junio 2025,B001-2025069155,9155
120081,350,2025-07-18,Pensión Escolar - Julio 2025,B001-2025079155,9155
120082,350,2025-08-21,Pensión Escolar - Agosto 2025,B001-2025089155,9155
120083,350,2025-09-25,Pensión Escolar - Setiembre 2025,B001-2025099155,9155
120084,350,2025-10-22,Pensión Escolar - Octubre 2025,B001-2025109155,9155
120085,350,2025-11-19,Pensión Escolar - Noviembre 2025,B001-2025119155,9155
120086,350,2025-12-19,Pensión Escolar - Diciembre 2025,B001-2025129155,9155
120087,350,2025-03-25,Pensión Escolar - Marzo 2025,B001-2025039084,9084
120088,350,2025-04-29,Pensión Escolar - Abril 2025,B001-2025049084,9084
120089,350,2025-05-23,Pensión Escolar - Mayo 2025,B001-2025059084,9084
120090,350,2025-07-03,Pensión Escolar - Junio 2025,B001-2025069084,9084
120091,350,2025-07-24,Pensión Escolar - Julio 2025,B001-2025079084,9084
120092,350,2025-08-27,Pensión Escolar - Agosto 2025,B001-2025089084,9084
120093,350,2025-10-01,Pensión Escolar - Setiembre 2025,B001-2025099084,9084
120094,350,2025-10-27,Pensión Escolar - Octubre 2025,B001-2025109084,9084
120095,350,2025-11-28,Pensión Escolar - Noviembre 2025,B001-2025119084,9084
120096,350,2025-12-26,Pensión Escolar - Diciembre 2025,B001-2025129084,9084
120097,350,2025-03-28,Pensión Escolar - Marzo 2025,B001-2025039235,9235
120098,350,2025-05-01,Pensión Escolar - Abril 2025,B001-2025049235,9235
120099,350,2025-05-27,Pensión Escolar - Mayo 2025,B001-2025059235,9235
120100,350,2025-06-25,Pensión Escolar - Junio 2025,B001-2025069235,9235
120101,350,2025-07-18,Pensión Escolar - Julio 2025,B001-2025079235,9235
120102,350,2025-08-22,Pensión Escolar - Agosto 2025,B001-2025089235,9235
120103,350,2025-09-24,Pensión Escolar - Setiembre 2025,B001-2025099235,9235
120104,350,2025-10-22,Pensión Escolar - Octubre 2025,B001-2025109235,9235
120105,350,2025-11-21,Pensión Escolar - Noviembre 2025,B001-2025119235,9235
120106,350,2025-12-31,Pensión Escolar - Diciembre 2025,B001-2025129235,9235
120107,350,2025-03-28,Pensión Escolar - Marzo 2025,B001-2025039052,9052
120108,350,2025-04-18,Pensión Escolar - Abril 2025,B001-2025049052,9052
120109,350,2025-05-16,Pensión Escolar - Mayo 2025,B001-2025059052,9052
120110,350,2025-06-24,Pensión Escolar - Junio 2025,B001-2025069052,9052
120111,350,2025-07-18,Pensión Escolar - Julio 2025,B001-2025079052,9052
120112,350,2025-08-25,Pensión Escolar - Agosto 2025,B001-2025089052,9052
120113,350,2025-10-03,Pensión Escolar - Setiembre 2025,B001-2025099052,9052
120114,350,2025-10-31,Pensión Escolar - Octubre 2025,B001-2025109052,9052
120115,350,2025-11-18,Pensión Escolar - Noviembre 2025,B001-2025119052,9052
120116,350,2025-12-25,Pensión Escolar - Diciembre 2025,B001-2025129052,9052
120117,350,2025-03-28,Pensión Escolar - Marzo 2025,B001-2025038964,8964
120118,350,2025-04-25,Pensión Escolar - Abril 2025,B001-2025048964,8964
120119,350,2025-05-28,Pensión Escolar - Mayo 2025,B001-2025058964,8964
120120,350,2025-06-25,Pensión Escolar - Junio 2025,B001-2025068964,8964
120121,350,2025-07-31,Pensión Escolar - Julio 2025,B001-2025078964,8964
120122,350,2025-08-27,Pensión Escolar - Agosto 2025,B001-2025088964,8964
120123,350,2025-09-25,Pensión Escolar - Setiembre 2025,B001-2025098964,8964
120124,350,2025-10-24,Pensión Escolar - Octubre 2025,B001-2025108964,8964
120125,350,2025-11-28,Pensión Escolar - Noviembre 2025,B001-2025118964,8964
120126,350,2025-12-26,Pensión Escolar - Diciembre 2025,B001-2025128964,8964
120127,350,2025-03-21,Pensión Escolar - Marzo 2025,B001-2025039128,9128
120128,350,2025-04-29,Pensión Escolar - Abril 2025,B001-2025049128,9128
120129,350,2025-05-16,Pensión Escolar - Mayo 2025,B001-2025059128,9128
120130,350,2025-06-20,Pensión Escolar - Junio 2025,B001-2025069128,9128
120131,350,2025-07-25,Pensión Escolar - Julio 2025,B001-2025079128,9128
120132,350,2025-08-19,Pensión Escolar - Agosto 2025,B001-2025089128,9128
120133,350,2025-09-25,Pensión Escolar - Setiembre 2025,B001-2025099128,9128
120134,350,2025-10-21,Pensión Escolar - Octubre 2025,B001-2025109128,9128
120135,350,2025-11-26,Pensión Escolar - Noviembre 2025,B001-2025119128,9128
120136,350,2025-12-24,Pensión Escolar - Diciembre 2025,B001-2025129128,9128
120137,350,2025-03-28,Pensión Escolar - Marzo 2025,B001-2025039104,9104
120138,350,2025-04-18,Pensión Escolar - Abril 2025,B001-2025049104,9104
120139,350,2025-05-23,Pensión Escolar - Mayo 2025,B001-2025059104,9104
120140,350,2025-06-27,Pensión Escolar - Junio 2025,B001-2025069104,9104
120141,350,2025-07-25,Pensión Escolar - Julio 2025,B001-2025079104,9104
120142,350,2025-08-21,Pensión Escolar - Agosto 2025,B001-2025089104,9104
120143,350,2025-09-30,Pensión Escolar - Setiembre 2025,B001-2025099104,9104
120144,350,2025-10-24,Pensión Escolar - Octubre 2025,B001-2025109104,9104
120145,350,2025-11-19,Pensión Escolar - Noviembre 2025,B001-2025119104,9104
120146,350,2025-12-25,Pensión Escolar - Diciembre 2025,B001-2025129104,9104
120147,350,2025-03-28,Pensión Escolar - Marzo 2025,B001-2025039315,9315
120148,350,2025-04-18,Pensión Escolar - Abril 2025,B001-2025049315,9315
120149,350,2025-05-29,Pensión Escolar - Mayo 2025,B001-2025059315,9315
120150,350,2025-06-27,Pensión Escolar - Junio 2025,B001-2025069315,9315
120151,350,2025-07-28,Pensión Escolar - Julio 2025,B001-2025079315,9315
120152,350,2025-09-02,Pensión Escolar - Agosto 2025,B001-2025089315,9315
120153,350,2025-09-26,Pensión Escolar - Setiembre 2025,B001-2025099315,9315
120154,350,2025-10-17,Pensión Escolar - Octubre 2025,B001-2025109315,9315
120155,350,2025-11-26,Pensión Escolar - Noviembre 2025,B001-2025119315,9315
120156,350,2025-12-26,Pensión Escolar - Diciembre 2025,B001-2025129315,9315
120157,350,2025-03-21,Pensión Escolar - Marzo 2025,B001-2025039169,9169
120158,350,2025-05-01,Pensión Escolar - Abril 2025,B001-2025049169,9169
120159,350,2025-05-30,Pensión Escolar - Mayo 2025,B001-2025059169,9169
120160,350,2025-06-27,Pensión Escolar - Junio 2025,B001-2025069169,9169
120161,350,2025-07-30,Pensión Escolar - Julio 2025,B001-2025079169,9169
120162,350,2025-08-21,Pensión Escolar - Agosto 2025,B001-2025089169,9169
120163,350,2025-10-03,Pensión Escolar - Setiembre 2025,B001-2025099169,9169
120164,350,2025-11-27,Pensión Escolar - Noviembre 2025,B001-2025119169,9169
120165,350,2025-12-19,Pensión Escolar - Diciembre 2025,B001-2025129169,9169
120166,350,2025-03-28,Pensión Escolar - Marzo 2025,B001-2025039199,9199
120167,350,2025-05-01,Pensión Escolar - Abril 2025,B001-2025049199,9199
120168,350,2025-05-27,Pensión Escolar - Mayo 2025,B001-2025059199,9199
120169,350,2025-06-20,Pensión Escolar - Junio 2025,B001-2025069199,9199
120170,350,2025-07-23,Pensión Escolar - Julio 2025,B001-2025079199,9199
120171,350,2025-08-22,Pensión Escolar - Agosto 2025,B001-2025089199,9199
120172,350,2025-10-01,Pensión Escolar - Setiembre 2025,B001-2025099199,9199
120173,350,2025-10-29,Pensión Escolar - Octubre 2025,B001-2025109199,9199
120174,350,2025-11-18,Pensión Escolar - Noviembre 2025,B001-2025119199,9199
120175,350,2025-12-31,Pensión Escolar - Diciembre 2025,B001-2025129199,9199
120176,350,2025-04-02,Pensión Escolar - Marzo 2025,B001-2025039324,9324
120177,350,2025-04-25,Pensión Escolar - Abril 2025,B001-2025049324,9324
120178,350,2025-05-30,Pensión Escolar - Mayo 2025,B001-2025059324,9324
120179,350,2025-06-27,Pensión Escolar - Junio 2025,B001-2025069324,9324
120180,350,2025-07-18,Pensión Escolar - Julio 2025,B001-2025079324,9324
120181,350,2025-08-25,Pensión Escolar - Agosto 2025,B001-2025089324,9324
120182,350,2025-09-25,Pensión Escolar - Setiembre 2025,B001-2025099324,9324
120183,350,2025-10-23,Pensión Escolar - Octubre 2025,B001-2025109324,9324
120184,350,2025-11-28,Pensión Escolar - Noviembre 2025,B001-2025119324,9324
120185,350,2025-12-19,Pensión Escolar - Diciembre 2025,B001-2025129324,9324
120186,350,2025-04-01,Pensión Escolar - Marzo 2025,B001-2025039023,9023
120187,350,2025-04-22,Pensión Escolar - Abril 2025,B001-2025049023,9023
120188,350,2025-05-19,Pensión Escolar - Mayo 2025,B001-2025059023,9023
120189,350,2025-06-27,Pensión Escolar - Junio 2025,B001-2025069023,9023
120190,350,2025-08-01,Pensión Escolar - Julio 2025,B001-2025079023,9023
120191,350,2025-08-26,Pensión Escolar - Agosto 2025,B001-2025089023,9023
120192,350,2025-10-03,Pensión Escolar - Setiembre 2025,B001-2025099023,9023
120193,350,2025-10-28,Pensión Escolar - Octubre 2025,B001-2025109023,9023
120194,350,2025-12-01,Pensión Escolar - Noviembre 2025,B001-2025119023,9023
120195,350,2026-01-02,Pensión Escolar - Diciembre 2025,B001-2025129023,9023
120196,350,2025-03-27,Pensión Escolar - Marzo 2025,B001-2025039044,9044
120197,350,2025-04-18,Pensión Escolar - Abril 2025,B001-2025049044,9044
120198,350,2025-05-21,Pensión Escolar - Mayo 2025,B001-2025059044,9044
120199,350,2025-06-26,Pensión Escolar - Junio 2025,B001-2025069044,9044
120200,350,2025-07-28,Pensión Escolar - Julio 2025,B001-2025079044,9044
120201,350,2025-08-26,Pensión Escolar - Agosto 2025,B001-2025089044,9044
120202,350,2025-09-30,Pensión Escolar - Setiembre 2025,B001-2025099044,9044
120203,350,2025-10-24,Pensión Escolar - Octubre 2025,B001-2025109044,9044
120204,350,2025-12-02,Pensión Escolar - Noviembre 2025,B001-2025119044,9044
120205,350,2025-12-26,Pensión Escolar - Diciembre 2025,B001-2025129044,9044
120206,350,2025-03-27,Pensión Escolar - Marzo 2025,B001-2025039154,9154
120207,350,2025-04-18,Pensión Escolar - Abril 2025,B001-2025049154,9154
120208,350,2025-05-30,Pensión Escolar - Mayo 2025,B001-2025059154,9154
120209,350,2025-06-20,Pensión Escolar - Junio 2025,B001-2025069154,9154
120210,350,2025-07-29,Pensión Escolar - Julio 2025,B001-2025079154,9154
120211,350,2025-08-21,Pensión Escolar - Agosto 2025,B001-2025089154,9154
120212,350,2025-09-25,Pensión Escolar - Setiembre 2025,B001-2025099154,9154
120213,350,2025-10-24,Pensión Escolar - Octubre 2025,B001-2025109154,9154
120214,350,2025-12-01,Pensión Escolar - Noviembre 2025,B001-2025119154,9154
120215,350,2025-12-18,Pensión Escolar - Diciembre 2025,B001-2025129154,9154
120216,350,2025-03-20,Pensión Escolar - Marzo 2025,B001-2025039039,9039
120217,350,2025-04-21,Pensión Escolar - Abril 2025,B001-2025049039,9039
120218,350,2025-05-28,Pensión Escolar - Mayo 2025,B001-2025059039,9039
120219,350,2025-06-20,Pensión Escolar - Junio 2025,B001-2025069039,9039
120220,350,2025-07-25,Pensión Escolar - Julio 2025,B001-2025079039,9039
120221,350,2025-08-20,Pensión Escolar - Agosto 2025,B001-2025089039,9039
120222,350,2025-09-25,Pensión Escolar - Setiembre 2025,B001-2025099039,9039
120223,350,2025-10-31,Pensión Escolar - Octubre 2025,B001-2025109039,9039
120224,350,2025-11-27,Pensión Escolar - Noviembre 2025,B001-2025119039,9039
120225,350,2025-12-24,Pensión Escolar - Diciembre 2025,B001-2025129039,9039
120226,350,2025-03-28,Pensión Escolar - Marzo 2025,B001-2025039086,9086
120227,350,2025-05-01,Pensión Escolar - Abril 2025,B001-2025049086,9086
120228,350,2025-05-27,Pensión Escolar - Mayo 2025,B001-2025059086,9086
120229,350,2025-06-27,Pensión Escolar - Junio 2025,B001-2025069086,9086
120230,350,2025-07-31,Pensión Escolar - Julio 2025,B001-2025079086,9086
120231,350,2025-08-22,Pensión Escolar - Agosto 2025,B001-2025089086,9086
120232,350,2025-09-19,Pensión Escolar - Setiembre 2025,B001-2025099086,9086
120233,350,2025-10-29,Pensión Escolar - Octubre 2025,B001-2025109086,9086
120234,350,2025-11-28,Pensión Escolar - Noviembre 2025,B001-2025119086,9086
120235,350,2025-12-24,Pensión Escolar - Diciembre 2025,B001-2025129086,9086
120236,350,2025-03-27,Pensión Escolar - Marzo 2025,B001-2025039148,9148
120237,350,2025-04-23,Pensión Escolar - Abril 2025,B001-2025049148,9148
120238,350,2025-05-21,Pensión Escolar - Mayo 2025,B001-2025059148,9148
120239,350,2025-06-18,Pensión Escolar - Junio 2025,B001-2025069148,9148
120240,350,2025-07-22,Pensión Escolar - Julio 2025,B001-2025079148,9148
120241,350,2025-08-22,Pensión Escolar - Agosto 2025,B001-2025089148,9148
120242,350,2025-10-21,Pensión Escolar - Octubre 2025,B001-2025109148,9148
120243,350,2025-11-26,Pensión Escolar - Noviembre 2025,B001-2025119148,9148
120244,350,2025-12-26,Pensión Escolar - Diciembre 2025,B001-2025129148,9148
120245,350,2025-03-20,Pensión Escolar - Marzo 2025,B001-2025039287,9287
120246,350,2025-04-25,Pensión Escolar - Abril 2025,B001-2025049287,9287
120247,350,2025-05-30,Pensión Escolar - Mayo 2025,B001-2025059287,9287
120248,350,2025-06-27,Pensión Escolar - Junio 2025,B001-2025069287,9287
120249,350,2025-07-31,Pensión Escolar - Julio 2025,B001-2025079287,9287
120250,350,2025-08-22,Pensión Escolar - Agosto 2025,B001-2025089287,9287
120251,350,2025-09-26,Pensión Escolar - Setiembre 2025,B001-2025099287,9287
120252,350,2025-10-17,Pensión Escolar - Octubre 2025,B001-2025109287,9287
120253,350,2025-11-28,Pensión Escolar - Noviembre 2025,B001-2025119287,9287
120254,350,2025-12-24,Pensión Escolar - Diciembre 2025,B001-2025129287,9287
120255,350,2025-03-21,Pensión Escolar - Marzo 2025,B001-2025039312,9312
120256,350,2025-04-21,Pensión Escolar - Abril 2025,B001-2025049312,9312
120257,350,2025-05-23,Pensión Escolar - Mayo 2025,B001-2025059312,9312
120258,350,2025-07-03,Pensión Escolar - Junio 2025,B001-2025069312,9312
120259,350,2025-08-22,Pensión Escolar - Agosto 2025,B001-2025089312,9312
120260,350,2025-09-26,Pensión Escolar - Setiembre 2025,B001-2025099312,9312
120261,350,2025-10-20,Pensión Escolar - Octubre 2025,B001-2025109312,9312
120262,350,2025-12-02,Pensión Escolar - Noviembre 2025,B001-2025119312,9312
120263,350,2025-12-23,Pensión Escolar - Diciembre 2025,B001-2025129312,9312
120264,350,2025-04-02,Pensión Escolar - Marzo 2025,B001-2025039162,9162
120265,350,2025-04-25,Pensión Escolar - Abril 2025,B001-2025049162,9162
120266,350,2025-05-16,Pensión Escolar - Mayo 2025,B001-2025059162,9162
120267,350,2025-06-20,Pensión Escolar - Junio 2025,B001-2025069162,9162
120268,350,2025-07-18,Pensión Escolar - Julio 2025,B001-2025079162,9162
120269,350,2025-08-26,Pensión Escolar - Agosto 2025,B001-2025089162,9162
120270,350,2025-09-22,Pensión Escolar - Setiembre 2025,B001-2025099162,9162
120271,350,2025-10-27,Pensión Escolar - Octubre 2025,B001-2025109162,9162
120272,350,2025-12-02,Pensión Escolar - Noviembre 2025,B001-2025119162,9162
120273,350,2025-12-26,Pensión Escolar - Diciembre 2025,B001-2025129162,9162
120274,350,2025-03-21,Pensión Escolar - Marzo 2025,B001-2025039338,9338
120275,350,2025-04-22,Pensión Escolar - Abril 2025,B001-2025049338,9338
120276,350,2025-05-29,Pensión Escolar - Mayo 2025,B001-2025059338,9338
120277,350,2025-06-27,Pensión Escolar - Junio 2025,B001-2025069338,9338
120278,350,2025-08-01,Pensión Escolar - Julio 2025,B001-2025079338,9338
120279,350,2025-08-29,Pensión Escolar - Agosto 2025,B001-2025089338,9338
120280,350,2025-10-03,Pensión Escolar - Setiembre 2025,B001-2025099338,9338
120281,350,2025-10-17,Pensión Escolar - Octubre 2025,B001-2025109338,9338
120282,350,2025-11-26,Pensión Escolar - Noviembre 2025,B001-2025119338,9338
120283,350,2025-12-23,Pensión Escolar - Diciembre 2025,B001-2025129338,9338
120284,350,2025-03-28,Pensión Escolar - Marzo 2025,B001-2025038947,8947
120285,350,2025-04-18,Pensión Escolar - Abril 2025,B001-2025048947,8947
120286,350,2025-05-21,Pensión Escolar - Mayo 2025,B001-2025058947,8947
120287,350,2025-06-20,Pensión Escolar - Junio 2025,B001-2025068947,8947
120288,350,2025-07-25,Pensión Escolar - Julio 2025,B001-2025078947,8947
120289,350,2025-09-02,Pensión Escolar - Agosto 2025,B001-2025088947,8947
120290,350,2025-10-01,Pensión Escolar - Setiembre 2025,B001-2025098947,8947
120291,350,2025-10-31,Pensión Escolar - Octubre 2025,B001-2025108947,8947
120292,350,2025-11-28,Pensión Escolar - Noviembre 2025,B001-2025118947,8947
120293,350,2025-12-26,Pensión Escolar - Diciembre 2025,B001-2025128947,8947
120294,350,2025-03-25,Pensión Escolar - Marzo 2025,B001-2025039277,9277
120295,350,2025-04-18,Pensión Escolar - Abril 2025,B001-2025049277,9277
120296,350,2025-05-20,Pensión Escolar - Mayo 2025,B001-2025059277,9277
120297,350,2025-06-20,Pensión Escolar - Junio 2025,B001-2025069277,9277
120298,350,2025-07-25,Pensión Escolar - Julio 2025,B001-2025079277,9277
120299,350,2025-08-22,Pensión Escolar - Agosto 2025,B001-2025089277,9277
120300,350,2025-10-03,Pensión Escolar - Setiembre 2025,B001-2025099277,9277
120301,350,2025-10-21,Pensión Escolar - Octubre 2025,B001-2025109277,9277
120302,350,2025-12-01,Pensión Escolar - Noviembre 2025,B001-2025119277,9277
120303,350,2025-12-22,Pensión Escolar - Diciembre 2025,B001-2025129277,9277
120304,350,2025-03-20,Pensión Escolar - Marzo 2025,B001-2025039014,9014
120305,350,2025-04-23,Pensión Escolar - Abril 2025,B001-2025049014,9014
120306,350,2025-05-23,Pensión Escolar - Mayo 2025,B001-2025059014,9014
120307,350,2025-07-01,Pensión Escolar - Junio 2025,B001-2025069014,9014
120308,350,2025-07-18,Pensión Escolar - Julio 2025,B001-2025079014,9014
120309,350,2025-08-19,Pensión Escolar - Agosto 2025,B001-2025089014,9014
120310,350,2025-09-30,Pensión Escolar - Setiembre 2025,B001-2025099014,9014
120311,350,2025-10-31,Pensión Escolar - Octubre 2025,B001-2025109014,9014
120312,350,2025-11-28,Pensión Escolar - Noviembre 2025,B001-2025119014,9014
120313,350,2025-12-25,Pensión Escolar - Diciembre 2025,B001-2025129014,9014
120314,350,2025-03-28,Pensión Escolar - Marzo 2025,B001-2025039065,9065
120315,350,2025-05-01,Pensión Escolar - Abril 2025,B001-2025049065,9065
120316,350,2025-05-30,Pensión Escolar - Mayo 2025,B001-2025059065,9065
120317,350,2025-06-30,Pensión Escolar - Junio 2025,B001-2025069065,9065
120318,350,2025-07-31,Pensión Escolar - Julio 2025,B001-2025079065,9065
120319,350,2025-08-25,Pensión Escolar - Agosto 2025,B001-2025089065,9065
120320,350,2025-09-25,Pensión Escolar - Setiembre 2025,B001-2025099065,9065
120321,350,2025-11-21,Pensión Escolar - Noviembre 2025,B001-2025119065,9065
120322,350,2025-12-26,Pensión Escolar - Diciembre 2025,B001-2025129065,9065
120323,350,2025-03-21,Pensión Escolar - Marzo 2025,B001-2025038967,8967
120324,350,2025-04-18,Pensión Escolar - Abril 2025,B001-2025048967,8967
120325,350,2025-05-20,Pensión Escolar - Mayo 2025,B001-2025058967,8967
120326,350,2025-06-24,Pensión Escolar - Junio 2025,B001-2025068967,8967
120327,350,2025-07-23,Pensión Escolar - Julio 2025,B001-2025078967,8967
120328,350,2025-08-26,Pensión Escolar - Agosto 2025,B001-2025088967,8967
120329,350,2025-09-25,Pensión Escolar - Setiembre 2025,B001-2025098967,8967
120330,350,2025-10-24,Pensión Escolar - Octubre 2025,B001-2025108967,8967
120331,350,2025-12-02,Pensión Escolar - Noviembre 2025,B001-2025118967,8967
120332,350,2025-12-19,Pensión Escolar - Diciembre 2025,B001-2025128967,8967
120333,350,2025-03-21,Pensión Escolar - Marzo 2025,B001-2025039212,9212
120334,350,2025-04-24,Pensión Escolar - Abril 2025,B001-2025049212,9212
120335,350,2025-05-23,Pensión Escolar - Mayo 2025,B001-2025059212,9212
120336,350,2025-06-27,Pensión Escolar - Junio 2025,B001-2025069212,9212
120337,350,2025-07-18,Pensión Escolar - Julio 2025,B001-2025079212,9212
120338,350,2025-08-26,Pensión Escolar - Agosto 2025,B001-2025089212,9212
120339,350,2025-09-19,Pensión Escolar - Setiembre 2025,B001-2025099212,9212
120340,350,2025-10-22,Pensión Escolar - Octubre 2025,B001-2025109212,9212
120341,350,2025-12-02,Pensión Escolar - Noviembre 2025,B001-2025119212,9212
120342,350,2025-12-30,Pensión Escolar - Diciembre 2025,B001-2025129212,9212
120343,350,2025-03-28,Pensión Escolar - Marzo 2025,B001-2025039046,9046
120344,350,2025-04-18,Pensión Escolar - Abril 2025,B001-2025049046,9046
120345,350,2025-05-27,Pensión Escolar - Mayo 2025,B001-2025059046,9046
120346,350,2025-06-19,Pensión Escolar - Junio 2025,B001-2025069046,9046
120347,350,2025-07-18,Pensión Escolar - Julio 2025,B001-2025079046,9046
120348,350,2025-08-21,Pensión Escolar - Agosto 2025,B001-2025089046,9046
120349,350,2025-09-19,Pensión Escolar - Setiembre 2025,B001-2025099046,9046
120350,350,2025-10-31,Pensión Escolar - Octubre 2025,B001-2025109046,9046
120351,350,2025-11-21,Pensión Escolar - Noviembre 2025,B001-2025119046,9046
120352,350,2025-12-19,Pensión Escolar - Diciembre 2025,B001-2025129046,9046
120353,350,2025-03-25,Pensión Escolar - Marzo 2025,B001-2025039163,9163
120354,350,2025-05-01,Pensión Escolar - Abril 2025,B001-2025049163,9163
120355,350,2025-05-30,Pensión Escolar - Mayo 2025,B001-2025059163,9163
120356,350,2025-07-03,Pensión Escolar - Junio 2025,B001-2025069163,9163
120357,350,2025-07-28,Pensión Escolar - Julio 2025,B001-2025079163,9163
120358,350,2025-08-21,Pensión Escolar - Agosto 2025,B001-2025089163,9163
120359,350,2025-09-29,Pensión Escolar - Setiembre 2025,B001-2025099163,9163
120360,350,2025-10-20,Pensión Escolar - Octubre 2025,B001-2025109163,9163
120361,350,2025-12-01,Pensión Escolar - Noviembre 2025,B001-2025119163,9163
120362,350,2025-12-19,Pensión Escolar - Diciembre 2025,B001-2025129163,9163
120363,350,2025-03-19,Pensión Escolar - Marzo 2025,B001-2025039248,9248
120364,350,2025-05-01,Pensión Escolar - Abril 2025,B001-2025049248,9248
120365,350,2025-05-28,Pensión Escolar - Mayo 2025,B001-2025059248,9248
120366,350,2025-06-20,Pensión Escolar - Junio 2025,B001-2025069248,9248
120367,350,2025-07-18,Pensión Escolar - Julio 2025,B001-2025079248,9248
120368,350,2025-08-22,Pensión Escolar - Agosto 2025,B001-2025089248,9248
120369,350,2025-09-25,Pensión Escolar - Setiembre 2025,B001-2025099248,9248
120370,350,2025-10-23,Pensión Escolar - Octubre 2025,B001-2025109248,9248
120371,350,2025-11-21,Pensión Escolar - Noviembre 2025,B001-2025119248,9248
120372,350,2025-12-26,Pensión Escolar - Diciembre 2025,B001-2025129248,9248
120373,350,2025-03-26,Pensión Escolar - Marzo 2025,B001-2025039263,9263
120374,350,2025-05-01,Pensión Escolar - Abril 2025,B001-2025049263,9263
120375,350,2025-05-23,Pensión Escolar - Mayo 2025,B001-2025059263,9263
120376,350,2025-06-20,Pensión Escolar - Junio 2025,B001-2025069263,9263
120377,350,2025-07-29,Pensión Escolar - Julio 2025,B001-2025079263,9263
120378,350,2025-09-01,Pensión Escolar - Agosto 2025,B001-2025089263,9263
120379,350,2025-09-19,Pensión Escolar - Setiembre 2025,B001-2025099263,9263
120380,350,2025-10-22,Pensión Escolar - Octubre 2025,B001-2025109263,9263
120381,350,2025-12-02,Pensión Escolar - Noviembre 2025,B001-2025119263,9263
120382,350,2025-12-26,Pensión Escolar - Diciembre 2025,B001-2025129263,9263
120383,350,2025-03-26,Pensión Escolar - Marzo 2025,B001-2025039276,9276
120384,350,2025-04-25,Pensión Escolar - Abril 2025,B001-2025049276,9276
120385,350,2025-05-30,Pensión Escolar - Mayo 2025,B001-2025059276,9276
120386,350,2025-06-27,Pensión Escolar - Junio 2025,B001-2025069276,9276
120387,350,2025-07-30,Pensión Escolar - Julio 2025,B001-2025079276,9276
120388,350,2025-08-20,Pensión Escolar - Agosto 2025,B001-2025089276,9276
120389,350,2025-09-26,Pensión Escolar - Setiembre 2025,B001-2025099276,9276
120390,350,2025-10-23,Pensión Escolar - Octubre 2025,B001-2025109276,9276
120391,350,2025-11-21,Pensión Escolar - Noviembre 2025,B001-2025119276,9276
120392,350,2025-12-23,Pensión Escolar - Diciembre 2025,B001-2025129276,9276
120393,350,2025-04-02,Pensión Escolar - Marzo 2025,B001-2025039140,9140
120394,350,2025-04-21,Pensión Escolar - Abril 2025,B001-2025049140,9140
120395,350,2025-05-23,Pensión Escolar - Mayo 2025,B001-2025059140,9140
120396,350,2025-07-03,Pensión Escolar - Junio 2025,B001-2025069140,9140
120397,350,2025-07-31,Pensión Escolar - Julio 2025,B001-2025079140,9140
120398,350,2025-08-22,Pensión Escolar - Agosto 2025,B001-2025089140,9140
120399,350,2025-09-19,Pensión Escolar - Setiembre 2025,B001-2025099140,9140
120400,350,2025-10-30,Pensión Escolar - Octubre 2025,B001-2025109140,9140
120401,350,2025-12-02,Pensión Escolar - Noviembre 2025,B001-2025119140,9140
120402,350,2025-12-19,Pensión Escolar - Diciembre 2025,B001-2025129140,9140
120403,350,2025-03-19,Pensión Escolar - Marzo 2025,B001-2025039211,9211
120404,350,2025-04-30,Pensión Escolar - Abril 2025,B001-2025049211,9211
120405,350,2025-05-30,Pensión Escolar - Mayo 2025,B001-2025059211,9211
120406,350,2025-06-20,Pensión Escolar - Junio 2025,B001-2025069211,9211
120407,350,2025-07-23,Pensión Escolar - Julio 2025,B001-2025079211,9211
120408,350,2025-08-25,Pensión Escolar - Agosto 2025,B001-2025089211,9211
120409,350,2025-09-19,Pensión Escolar - Setiembre 2025,B001-2025099211,9211
120410,350,2025-10-22,Pensión Escolar - Octubre 2025,B001-2025109211,9211
120411,350,2025-11-25,Pensión Escolar - Noviembre 2025,B001-2025119211,9211
120412,350,2025-12-22,Pensión Escolar - Diciembre 2025,B001-2025129211,9211
120413,350,2025-03-28,Pensión Escolar - Marzo 2025,B001-2025039223,9223
120414,350,2025-04-29,Pensión Escolar - Abril 2025,B001-2025049223,9223
120415,350,2025-05-19,Pensión Escolar - Mayo 2025,B001-2025059223,9223
120416,350,2025-06-27,Pensión Escolar - Junio 2025,B001-2025069223,9223
120417,350,2025-07-18,Pensión Escolar - Julio 2025,B001-2025079223,9223
120418,350,2025-08-22,Pensión Escolar - Agosto 2025,B001-2025089223,9223
120419,350,2025-10-02,Pensión Escolar - Setiembre 2025,B001-2025099223,9223
120420,350,2025-10-22,Pensión Escolar - Octubre 2025,B001-2025109223,9223
120421,350,2025-11-28,Pensión Escolar - Noviembre 2025,B001-2025119223,9223
120422,350,2025-12-25,Pensión Escolar - Diciembre 2025,B001-2025129223,9223
120423,350,2025-03-21,Pensión Escolar - Marzo 2025,B001-2025039156,9156
120424,350,2025-04-28,Pensión Escolar - Abril 2025,B001-2025049156,9156
120425,350,2025-05-23,Pensión Escolar - Mayo 2025,B001-2025059156,9156
120426,350,2025-07-01,Pensión Escolar - Junio 2025,B001-2025069156,9156
120427,350,2025-07-25,Pensión Escolar - Julio 2025,B001-2025079156,9156
120428,350,2025-08-22,Pensión Escolar - Agosto 2025,B001-2025089156,9156
120429,350,2025-09-26,Pensión Escolar - Setiembre 2025,B001-2025099156,9156
120430,350,2025-10-17,Pensión Escolar - Octubre 2025,B001-2025109156,9156
120431,350,2025-12-01,Pensión Escolar - Noviembre 2025,B001-2025119156,9156
120432,350,2025-12-30,Pensión Escolar - Diciembre 2025,B001-2025129156,9156
120433,350,2025-03-18,Pensión Escolar - Marzo 2025,B001-2025038957,8957
120434,350,2025-04-18,Pensión Escolar - Abril 2025,B001-2025048957,8957
120435,350,2025-05-23,Pensión Escolar - Mayo 2025,B001-2025058957,8957
120436,350,2025-06-18,Pensión Escolar - Junio 2025,B001-2025068957,8957
120437,350,2025-07-22,Pensión Escolar - Julio 2025,B001-2025078957,8957
120438,350,2025-08-29,Pensión Escolar - Agosto 2025,B001-2025088957,8957
120439,350,2025-09-23,Pensión Escolar - Setiembre 2025,B001-2025098957,8957
120440,350,2025-10-17,Pensión Escolar - Octubre 2025,B001-2025108957,8957
120441,350,2025-11-28,Pensión Escolar - Noviembre 2025,B001-2025118957,8957
120442,350,2026-01-02,Pensión Escolar - Diciembre 2025,B001-2025128957,8957
120443,350,2025-03-25,Pensión Escolar - Marzo 2025,B001-2025039005,9005
120444,350,2025-04-24,Pensión Escolar - Abril 2025,B001-2025049005,9005
120445,350,2025-05-20,Pensión Escolar - Mayo 2025,B001-2025059005,9005
120446,350,2025-06-23,Pensión Escolar - Junio 2025,B001-2025069005,9005
120447,350,2025-07-18,Pensión Escolar - Julio 2025,B001-2025079005,9005
120448,350,2025-08-29,Pensión Escolar - Agosto 2025,B001-2025089005,9005
120449,350,2025-09-19,Pensión Escolar - Setiembre 2025,B001-2025099005,9005
120450,350,2025-10-24,Pensión Escolar - Octubre 2025,B001-2025109005,9005
120451,350,2025-11-19,Pensión Escolar - Noviembre 2025,B001-2025119005,9005
120452,350,2026-01-02,Pensión Escolar - Diciembre 2025,B001-2025129005,9005
120453,350,2025-03-20,Pensión Escolar - Marzo 2025,B001-2025039198,9198
120454,350,2025-05-02,Pensión Escolar - Abril 2025,B001-2025049198,9198
120455,350,2025-05-23,Pensión Escolar - Mayo 2025,B001-2025059198,9198
120456,350,2025-06-27,Pensión Escolar - Junio 2025,B001-2025069198,9198
120457,350,2025-08-20,Pensión Escolar - Agosto 2025,B001-2025089198,9198
120458,350,2025-09-26,Pensión Escolar - Setiembre 2025,B001-2025099198,9198
120459,350,2025-10-22,Pensión Escolar - Octubre 2025,B001-2025109198,9198
120460,350,2025-11-27,Pensión Escolar - Noviembre 2025,B001-2025119198,9198
120461,350,2025-12-24,Pensión Escolar - Diciembre 2025,B001-2025129198,9198
120462,350,2025-03-26,Pensión Escolar - Marzo 2025,B001-2025039149,9149
120463,350,2025-04-25,Pensión Escolar - Abril 2025,B001-2025049149,9149
120464,350,2025-05-19,Pensión Escolar - Mayo 2025,B001-2025059149,9149
120465,350,2025-06-27,Pensión Escolar - Junio 2025,B001-2025069149,9149
120466,350,2025-07-25,Pensión Escolar - Julio 2025,B001-2025079149,9149
120467,350,2025-08-25,Pensión Escolar - Agosto 2025,B001-2025089149,9149
120468,350,2025-09-26,Pensión Escolar - Setiembre 2025,B001-2025099149,9149
120469,350,2025-10-31,Pensión Escolar - Octubre 2025,B001-2025109149,9149
120470,350,2025-12-01,Pensión Escolar - Noviembre 2025,B001-2025119149,9149
120471,350,2025-12-23,Pensión Escolar - Diciembre 2025,B001-2025129149,9149
120472,350,2025-03-21,Pensión Escolar - Marzo 2025,B001-2025039165,9165
120473,350,2025-04-18,Pensión Escolar - Abril 2025,B001-2025049165,9165
120474,350,2025-06-02,Pensión Escolar - Mayo 2025,B001-2025059165,9165
120475,350,2025-06-26,Pensión Escolar - Junio 2025,B001-2025069165,9165
120476,350,2025-07-25,Pensión Escolar - Julio 2025,B001-2025079165,9165
120477,350,2025-08-21,Pensión Escolar - Agosto 2025,B001-2025089165,9165
120478,350,2025-09-29,Pensión Escolar - Setiembre 2025,B001-2025099165,9165
120479,350,2025-10-30,Pensión Escolar - Octubre 2025,B001-2025109165,9165
120480,350,2025-11-20,Pensión Escolar - Noviembre 2025,B001-2025119165,9165
120481,350,2025-12-19,Pensión Escolar - Diciembre 2025,B001-2025129165,9165
120482,350,2025-03-27,Pensión Escolar - Marzo 2025,B001-2025039309,9309
120483,350,2025-04-29,Pensión Escolar - Abril 2025,B001-2025049309,9309
120484,350,2025-05-28,Pensión Escolar - Mayo 2025,B001-2025059309,9309
120485,350,2025-07-03,Pensión Escolar - Junio 2025,B001-2025069309,9309
120486,350,2025-07-29,Pensión Escolar - Julio 2025,B001-2025079309,9309
120487,350,2025-08-20,Pensión Escolar - Agosto 2025,B001-2025089309,9309
120488,350,2025-09-18,Pensión Escolar - Setiembre 2025,B001-2025099309,9309
120489,350,2025-10-31,Pensión Escolar - Octubre 2025,B001-2025109309,9309
120490,350,2025-11-25,Pensión Escolar - Noviembre 2025,B001-2025119309,9309
120491,350,2026-01-01,Pensión Escolar - Diciembre 2025,B001-2025129309,9309
120492,350,2025-03-31,Pensión Escolar - Marzo 2025,B001-2025039193,9193
120493,350,2025-04-25,Pensión Escolar - Abril 2025,B001-2025049193,9193
120494,350,2025-05-22,Pensión Escolar - Mayo 2025,B001-2025059193,9193
120495,350,2025-06-30,Pensión Escolar - Junio 2025,B001-2025069193,9193
120496,350,2025-07-22,Pensión Escolar - Julio 2025,B001-2025079193,9193
120497,350,2025-08-22,Pensión Escolar - Agosto 2025,B001-2025089193,9193
120498,350,2025-09-22,Pensión Escolar - Setiembre 2025,B001-2025099193,9193
120499,350,2025-10-24,Pensión Escolar - Octubre 2025,B001-2025109193,9193
120500,350,2025-11-27,Pensión Escolar - Noviembre 2025,B001-2025119193,9193
120501,350,2025-12-18,Pensión Escolar - Diciembre 2025,B001-2025129193,9193
120502,350,2025-03-28,Pensión Escolar - Marzo 2025,B001-2025038941,8941
120503,350,2025-05-02,Pensión Escolar - Abril 2025,B001-2025048941,8941
120504,350,2025-05-27,Pensión Escolar - Mayo 2025,B001-2025058941,8941
120505,350,2025-06-25,Pensión Escolar - Junio 2025,B001-2025068941,8941
120506,350,2025-07-25,Pensión Escolar - Julio 2025,B001-2025078941,8941
120507,350,2025-08-22,Pensión Escolar - Agosto 2025,B001-2025088941,8941
120508,350,2025-09-23,Pensión Escolar - Setiembre 2025,B001-2025098941,8941
120509,350,2025-10-27,Pensión Escolar - Octubre 2025,B001-2025108941,8941
120510,350,2025-12-01,Pensión Escolar - Noviembre 2025,B001-2025118941,8941
120511,350,2025-12-29,Pensión Escolar - Diciembre 2025,B001-2025128941,8941
120512,350,2025-03-19,Pensión Escolar - Marzo 2025,B001-2025039174,9174
120513,350,2025-04-18,Pensión Escolar - Abril 2025,B001-2025049174,9174
120514,350,2025-05-30,Pensión Escolar - Mayo 2025,B001-2025059174,9174
120515,350,2025-06-20,Pensión Escolar - Junio 2025,B001-2025069174,9174
120516,350,2025-08-01,Pensión Escolar - Julio 2025,B001-2025079174,9174
120517,350,2025-08-29,Pensión Escolar - Agosto 2025,B001-2025089174,9174
120518,350,2025-09-19,Pensión Escolar - Setiembre 2025,B001-2025099174,9174
120519,350,2025-10-31,Pensión Escolar - Octubre 2025,B001-2025109174,9174
120520,350,2025-11-28,Pensión Escolar - Noviembre 2025,B001-2025119174,9174
120521,350,2025-12-23,Pensión Escolar - Diciembre 2025,B001-2025129174,9174
120522,350,2025-04-02,Pensión Escolar - Marzo 2025,B001-2025039062,9062
120523,350,2025-05-02,Pensión Escolar - Abril 2025,B001-2025049062,9062
120524,350,2025-05-23,Pensión Escolar - Mayo 2025,B001-2025059062,9062
120525,350,2025-06-18,Pensión Escolar - Junio 2025,B001-2025069062,9062
120526,350,2025-07-25,Pensión Escolar - Julio 2025,B001-2025079062,9062
120527,350,2025-08-20,Pensión Escolar - Agosto 2025,B001-2025089062,9062
120528,350,2025-09-26,Pensión Escolar - Setiembre 2025,B001-2025099062,9062
120529,350,2025-10-21,Pensión Escolar - Octubre 2025,B001-2025109062,9062
120530,350,2025-11-20,Pensión Escolar - Noviembre 2025,B001-2025119062,9062
120531,350,2025-12-26,Pensión Escolar - Diciembre 2025,B001-2025129062,9062
120532,350,2025-03-20,Pensión Escolar - Marzo 2025,B001-2025039295,9295
120533,350,2025-04-21,Pensión Escolar - Abril 2025,B001-2025049295,9295
120534,350,2025-05-23,Pensión Escolar - Mayo 2025,B001-2025059295,9295
120535,350,2025-06-20,Pensión Escolar - Junio 2025,B001-2025069295,9295
120536,350,2025-07-18,Pensión Escolar - Julio 2025,B001-2025079295,9295
120537,350,2025-08-29,Pensión Escolar - Agosto 2025,B001-2025089295,9295
120538,350,2025-10-02,Pensión Escolar - Setiembre 2025,B001-2025099295,9295
120539,350,2025-10-31,Pensión Escolar - Octubre 2025,B001-2025109295,9295
120540,350,2025-12-02,Pensión Escolar - Noviembre 2025,B001-2025119295,9295
120541,350,2025-12-31,Pensión Escolar - Diciembre 2025,B001-2025129295,9295
120542,350,2025-04-23,Pensión Escolar - Abril 2025,B001-2025049082,9082
120543,350,2025-05-30,Pensión Escolar - Mayo 2025,B001-2025059082,9082
120544,350,2025-07-03,Pensión Escolar - Junio 2025,B001-2025069082,9082
120545,350,2025-07-28,Pensión Escolar - Julio 2025,B001-2025079082,9082
120546,350,2025-09-19,Pensión Escolar - Setiembre 2025,B001-2025099082,9082
120547,350,2025-10-20,Pensión Escolar - Octubre 2025,B001-2025109082,9082
120548,350,2025-11-28,Pensión Escolar - Noviembre 2025,B001-2025119082,9082
120549,350,2025-12-29,Pensión Escolar - Diciembre 2025,B001-2025129082,9082
120550,350,2025-04-01,Pensión Escolar - Marzo 2025,B001-2025039233,9233
120551,350,2025-04-29,Pensión Escolar - Abril 2025,B001-2025049233,9233
120552,350,2025-05-30,Pensión Escolar - Mayo 2025,B001-2025059233,9233
120553,350,2025-07-01,Pensión Escolar - Junio 2025,B001-2025069233,9233
120554,350,2025-07-18,Pensión Escolar - Julio 2025,B001-2025079233,9233
120555,350,2025-08-22,Pensión Escolar - Agosto 2025,B001-2025089233,9233
120556,350,2025-09-29,Pensión Escolar - Setiembre 2025,B001-2025099233,9233
120557,350,2025-10-22,Pensión Escolar - Octubre 2025,B001-2025109233,9233
120558,350,2025-11-18,Pensión Escolar - Noviembre 2025,B001-2025119233,9233
120559,350,2025-12-24,Pensión Escolar - Diciembre 2025,B001-2025129233,9233
120560,350,2025-03-19,Pensión Escolar - Marzo 2025,B001-2025039283,9283
120561,350,2025-04-29,Pensión Escolar - Abril 2025,B001-2025049283,9283
120562,350,2025-05-30,Pensión Escolar - Mayo 2025,B001-2025059283,9283
120563,350,2025-06-20,Pensión Escolar - Junio 2025,B001-2025069283,9283
120564,350,2025-07-18,Pensión Escolar - Julio 2025,B001-2025079283,9283
120565,350,2025-08-22,Pensión Escolar - Agosto 2025,B001-2025089283,9283
120566,350,2025-09-26,Pensión Escolar - Setiembre 2025,B001-2025099283,9283
120567,350,2025-10-27,Pensión Escolar - Octubre 2025,B001-2025109283,9283
120568,350,2025-11-27,Pensión Escolar - Noviembre 2025,B001-2025119283,9283
120569,350,2025-12-24,Pensión Escolar - Diciembre 2025,B001-2025129283,9283
120570,350,2025-03-20,Pensión Escolar - Marzo 2025,B001-2025039219,9219
120571,350,2025-04-22,Pensión Escolar - Abril 2025,B001-2025049219,9219
120572,350,2025-05-23,Pensión Escolar - Mayo 2025,B001-2025059219,9219
120573,350,2025-06-27,Pensión Escolar - Junio 2025,B001-2025069219,9219
120574,350,2025-08-01,Pensión Escolar - Julio 2025,B001-2025079219,9219
120575,350,2025-08-27,Pensión Escolar - Agosto 2025,B001-2025089219,9219
120576,350,2025-09-25,Pensión Escolar - Setiembre 2025,B001-2025099219,9219
120577,350,2025-10-17,Pensión Escolar - Octubre 2025,B001-2025109219,9219
120578,350,2025-12-02,Pensión Escolar - Noviembre 2025,B001-2025119219,9219
120579,350,2025-12-23,Pensión Escolar - Diciembre 2025,B001-2025129219,9219
120580,350,2025-03-27,Pensión Escolar - Marzo 2025,B001-2025039300,9300
120581,350,2025-04-28,Pensión Escolar - Abril 2025,B001-2025049300,9300
120582,350,2025-05-30,Pensión Escolar - Mayo 2025,B001-2025059300,9300
120583,350,2025-06-24,Pensión Escolar - Junio 2025,B001-2025069300,9300
120584,350,2025-07-25,Pensión Escolar - Julio 2025,B001-2025079300,9300
120585,350,2025-08-22,Pensión Escolar - Agosto 2025,B001-2025089300,9300
120586,350,2025-09-30,Pensión Escolar - Setiembre 2025,B001-2025099300,9300
120587,350,2025-10-27,Pensión Escolar - Octubre 2025,B001-2025109300,9300
120588,350,2025-11-19,Pensión Escolar - Noviembre 2025,B001-2025119300,9300
120589,350,2025-12-26,Pensión Escolar - Diciembre 2025,B001-2025129300,9300
120590,350,2025-04-25,Pensión Escolar - Abril 2025,B001-2025049191,9191
120591,350,2025-05-19,Pensión Escolar - Mayo 2025,B001-2025059191,9191
120592,350,2025-07-03,Pensión Escolar - Junio 2025,B001-2025069191,9191
120593,350,2025-08-01,Pensión Escolar - Julio 2025,B001-2025079191,9191
120594,350,2025-08-22,Pensión Escolar - Agosto 2025,B001-2025089191,9191
120595,350,2025-09-26,Pensión Escolar - Setiembre 2025,B001-2025099191,9191
120596,350,2025-10-28,Pensión Escolar - Octubre 2025,B001-2025109191,9191
120597,350,2025-11-19,Pensión Escolar - Noviembre 2025,B001-2025119191,9191
120598,350,2025-12-18,Pensión Escolar - Diciembre 2025,B001-2025129191,9191
120599,350,2025-03-28,Pensión Escolar - Marzo 2025,B001-2025039002,9002
120600,350,2025-04-25,Pensión Escolar - Abril 2025,B001-2025049002,9002
120601,350,2025-05-23,Pensión Escolar - Mayo 2025,B001-2025059002,9002
120602,350,2025-06-27,Pensión Escolar - Junio 2025,B001-2025069002,9002
120603,350,2025-08-01,Pensión Escolar - Julio 2025,B001-2025079002,9002
120604,350,2025-08-29,Pensión Escolar - Agosto 2025,B001-2025089002,9002
120605,350,2025-09-19,Pensión Escolar - Setiembre 2025,B001-2025099002,9002
120606,350,2025-11-19,Pensión Escolar - Noviembre 2025,B001-2025119002,9002
120607,350,2025-12-30,Pensión Escolar - Diciembre 2025,B001-2025129002,9002
120608,350,2025-03-24,Pensión Escolar - Marzo 2025,B001-2025039040,9040
120609,350,2025-04-18,Pensión Escolar - Abril 2025,B001-2025049040,9040
120610,350,2025-05-20,Pensión Escolar - Mayo 2025,B001-2025059040,9040
120611,350,2025-06-27,Pensión Escolar - Junio 2025,B001-2025069040,9040
120612,350,2025-07-22,Pensión Escolar - Julio 2025,B001-2025079040,9040
120613,350,2025-08-21,Pensión Escolar - Agosto 2025,B001-2025089040,9040
120614,350,2025-10-01,Pensión Escolar - Setiembre 2025,B001-2025099040,9040
120615,350,2025-10-24,Pensión Escolar - Octubre 2025,B001-2025109040,9040
120616,350,2025-11-21,Pensión Escolar - Noviembre 2025,B001-2025119040,9040
120617,350,2025-12-19,Pensión Escolar - Diciembre 2025,B001-2025129040,9040
120618,350,2025-03-21,Pensión Escolar - Marzo 2025,B001-2025039132,9132
120619,350,2025-04-25,Pensión Escolar - Abril 2025,B001-2025049132,9132
120620,350,2025-05-21,Pensión Escolar - Mayo 2025,B001-2025059132,9132
120621,350,2025-07-01,Pensión Escolar - Junio 2025,B001-2025069132,9132
120622,350,2025-07-31,Pensión Escolar - Julio 2025,B001-2025079132,9132
120623,350,2025-08-20,Pensión Escolar - Agosto 2025,B001-2025089132,9132
120624,350,2025-09-19,Pensión Escolar - Setiembre 2025,B001-2025099132,9132
120625,350,2025-10-24,Pensión Escolar - Octubre 2025,B001-2025109132,9132
120626,350,2025-11-20,Pensión Escolar - Noviembre 2025,B001-2025119132,9132
120627,350,2025-12-26,Pensión Escolar - Diciembre 2025,B001-2025129132,9132
120628,350,2025-03-25,Pensión Escolar - Marzo 2025,B001-2025039115,9115
120629,350,2025-04-30,Pensión Escolar - Abril 2025,B001-2025049115,9115
120630,350,2025-05-26,Pensión Escolar - Mayo 2025,B001-2025059115,9115
120631,350,2025-07-03,Pensión Escolar - Junio 2025,B001-2025069115,9115
120632,350,2025-07-18,Pensión Escolar - Julio 2025,B001-2025079115,9115
120633,350,2025-08-27,Pensión Escolar - Agosto 2025,B001-2025089115,9115
120634,350,2025-09-22,Pensión Escolar - Setiembre 2025,B001-2025099115,9115
120635,350,2025-10-23,Pensión Escolar - Octubre 2025,B001-2025109115,9115
120636,350,2025-11-19,Pensión Escolar - Noviembre 2025,B001-2025119115,9115
120637,350,2025-12-25,Pensión Escolar - Diciembre 2025,B001-2025129115,9115
120638,350,2025-03-28,Pensión Escolar - Marzo 2025,B001-2025039187,9187
120639,350,2025-04-18,Pensión Escolar - Abril 2025,B001-2025049187,9187
120640,350,2025-05-27,Pensión Escolar - Mayo 2025,B001-2025059187,9187
120641,350,2025-06-27,Pensión Escolar - Junio 2025,B001-2025069187,9187
120642,350,2025-07-29,Pensión Escolar - Julio 2025,B001-2025079187,9187
120643,350,2025-08-25,Pensión Escolar - Agosto 2025,B001-2025089187,9187
120644,350,2025-09-18,Pensión Escolar - Setiembre 2025,B001-2025099187,9187
120645,350,2025-10-21,Pensión Escolar - Octubre 2025,B001-2025109187,9187
120646,350,2025-11-20,Pensión Escolar - Noviembre 2025,B001-2025119187,9187
120647,350,2025-12-24,Pensión Escolar - Diciembre 2025,B001-2025129187,9187
120648,350,2025-03-28,Pensión Escolar - Marzo 2025,B001-2025039238,9238
120649,350,2025-05-01,Pensión Escolar - Abril 2025,B001-2025049238,9238
120650,350,2025-05-23,Pensión Escolar - Mayo 2025,B001-2025059238,9238
120651,350,2025-07-03,Pensión Escolar - Junio 2025,B001-2025069238,9238
120652,350,2025-07-18,Pensión Escolar - Julio 2025,B001-2025079238,9238
120653,350,2025-08-29,Pensión Escolar - Agosto 2025,B001-2025089238,9238
120654,350,2025-09-29,Pensión Escolar - Setiembre 2025,B001-2025099238,9238
120655,350,2025-10-27,Pensión Escolar - Octubre 2025,B001-2025109238,9238
120656,350,2025-11-27,Pensión Escolar - Noviembre 2025,B001-2025119238,9238
120657,350,2025-12-26,Pensión Escolar - Diciembre 2025,B001-2025129238,9238
120658,350,2025-03-21,Pensión Escolar - Marzo 2025,B001-2025039072,9072
120659,350,2025-04-18,Pensión Escolar - Abril 2025,B001-2025049072,9072
120660,350,2025-05-23,Pensión Escolar - Mayo 2025,B001-2025059072,9072
120661,350,2025-06-19,Pensión Escolar - Junio 2025,B001-2025069072,9072
120662,350,2025-07-25,Pensión Escolar - Julio 2025,B001-2025079072,9072
120663,350,2025-08-22,Pensión Escolar - Agosto 2025,B001-2025089072,9072
120664,350,2025-09-26,Pensión Escolar - Setiembre 2025,B001-2025099072,9072
120665,350,2025-10-31,Pensión Escolar - Octubre 2025,B001-2025109072,9072
120666,350,2025-11-18,Pensión Escolar - Noviembre 2025,B001-2025119072,9072
120667,350,2025-03-26,Pensión Escolar - Marzo 2025,B001-2025039102,9102
120668,350,2025-04-24,Pensión Escolar - Abril 2025,B001-2025049102,9102
120669,350,2025-05-27,Pensión Escolar - Mayo 2025,B001-2025059102,9102
120670,350,2025-06-30,Pensión Escolar - Junio 2025,B001-2025069102,9102
120671,350,2025-08-01,Pensión Escolar - Julio 2025,B001-2025079102,9102
120672,350,2025-08-29,Pensión Escolar - Agosto 2025,B001-2025089102,9102
120673,350,2025-09-19,Pensión Escolar - Setiembre 2025,B001-2025099102,9102
120674,350,2025-10-22,Pensión Escolar - Octubre 2025,B001-2025109102,9102
120675,350,2025-11-27,Pensión Escolar - Noviembre 2025,B001-2025119102,9102
120676,350,2025-12-30,Pensión Escolar - Diciembre 2025,B001-2025129102,9102
120677,350,2025-03-28,Pensión Escolar - Marzo 2025,B001-2025038994,8994
120678,350,2025-04-25,Pensión Escolar - Abril 2025,B001-2025048994,8994
120679,350,2025-05-23,Pensión Escolar - Mayo 2025,B001-2025058994,8994
120680,350,2025-06-20,Pensión Escolar - Junio 2025,B001-2025068994,8994
120681,350,2025-07-24,Pensión Escolar - Julio 2025,B001-2025078994,8994
120682,350,2025-08-29,Pensión Escolar - Agosto 2025,B001-2025088994,8994
120683,350,2025-09-18,Pensión Escolar - Setiembre 2025,B001-2025098994,8994
120684,350,2025-10-23,Pensión Escolar - Octubre 2025,B001-2025108994,8994
120685,350,2025-11-21,Pensión Escolar - Noviembre 2025,B001-2025118994,8994
120686,350,2025-12-24,Pensión Escolar - Diciembre 2025,B001-2025128994,8994
120687,350,2025-03-27,Pensión Escolar - Marzo 2025,B001-2025039164,9164
120688,350,2025-04-28,Pensión Escolar - Abril 2025,B001-2025049164,9164
120689,350,2025-05-21,Pensión Escolar - Mayo 2025,B001-2025059164,9164
120690,350,2025-06-20,Pensión Escolar - Junio 2025,B001-2025069164,9164
120691,350,2025-07-25,Pensión Escolar - Julio 2025,B001-2025079164,9164
120692,350,2025-08-29,Pensión Escolar - Agosto 2025,B001-2025089164,9164
120693,350,2025-09-25,Pensión Escolar - Setiembre 2025,B001-2025099164,9164
120694,350,2025-10-31,Pensión Escolar - Octubre 2025,B001-2025109164,9164
120695,350,2025-11-28,Pensión Escolar - Noviembre 2025,B001-2025119164,9164
120696,350,2025-12-26,Pensión Escolar - Diciembre 2025,B001-2025129164,9164
120697,350,2025-04-02,Pensión Escolar - Marzo 2025,B001-2025039218,9218
120698,350,2025-05-02,Pensión Escolar - Abril 2025,B001-2025049218,9218
120699,350,2025-05-30,Pensión Escolar - Mayo 2025,B001-2025059218,9218
120700,350,2025-07-03,Pensión Escolar - Junio 2025,B001-2025069218,9218
120701,350,2025-07-25,Pensión Escolar - Julio 2025,B001-2025079218,9218
120702,350,2025-08-28,Pensión Escolar - Agosto 2025,B001-2025089218,9218
120703,350,2025-09-22,Pensión Escolar - Setiembre 2025,B001-2025099218,9218
120704,350,2025-10-17,Pensión Escolar - Octubre 2025,B001-2025109218,9218
120705,350,2025-12-03,Pensión Escolar - Noviembre 2025,B001-2025119218,9218
120706,350,2025-12-30,Pensión Escolar - Diciembre 2025,B001-2025129218,9218
120707,350,2025-03-21,Pensión Escolar - Marzo 2025,B001-2025039257,9257
120708,350,2025-04-21,Pensión Escolar - Abril 2025,B001-2025049257,9257
120709,350,2025-05-27,Pensión Escolar - Mayo 2025,B001-2025059257,9257
120710,350,2025-06-18,Pensión Escolar - Junio 2025,B001-2025069257,9257
120711,350,2025-07-25,Pensión Escolar - Julio 2025,B001-2025079257,9257
120712,350,2025-08-22,Pensión Escolar - Agosto 2025,B001-2025089257,9257
120713,350,2025-09-18,Pensión Escolar - Setiembre 2025,B001-2025099257,9257
120714,350,2025-10-24,Pensión Escolar - Octubre 2025,B001-2025109257,9257
120715,350,2025-11-28,Pensión Escolar - Noviembre 2025,B001-2025119257,9257
120716,350,2025-12-26,Pensión Escolar - Diciembre 2025,B001-2025129257,9257
120717,350,2025-03-19,Pensión Escolar - Marzo 2025,B001-2025039041,9041
120718,350,2025-04-18,Pensión Escolar - Abril 2025,B001-2025049041,9041
120719,350,2025-05-19,Pensión Escolar - Mayo 2025,B001-2025059041,9041
120720,350,2025-07-31,Pensión Escolar - Julio 2025,B001-2025079041,9041
120721,350,2025-08-27,Pensión Escolar - Agosto 2025,B001-2025089041,9041
120722,350,2025-09-23,Pensión Escolar - Setiembre 2025,B001-2025099041,9041
120723,350,2025-10-24,Pensión Escolar - Octubre 2025,B001-2025109041,9041
120724,350,2025-11-26,Pensión Escolar - Noviembre 2025,B001-2025119041,9041
120725,350,2025-12-26,Pensión Escolar - Diciembre 2025,B001-2025129041,9041
120726,350,2025-03-28,Pensión Escolar - Marzo 2025,B001-2025039006,9006
120727,350,2025-04-18,Pensión Escolar - Abril 2025,B001-2025049006,9006
120728,350,2025-06-02,Pensión Escolar - Mayo 2025,B001-2025059006,9006
120729,350,2025-06-18,Pensión Escolar - Junio 2025,B001-2025069006,9006
120730,350,2025-07-30,Pensión Escolar - Julio 2025,B001-2025079006,9006
120731,350,2025-09-01,Pensión Escolar - Agosto 2025,B001-2025089006,9006
120732,350,2025-09-26,Pensión Escolar - Setiembre 2025,B001-2025099006,9006
120733,350,2025-10-24,Pensión Escolar - Octubre 2025,B001-2025109006,9006
120734,350,2025-11-18,Pensión Escolar - Noviembre 2025,B001-2025119006,9006
120735,350,2025-12-19,Pensión Escolar - Diciembre 2025,B001-2025129006,9006
120736,350,2025-03-31,Pensión Escolar - Marzo 2025,B001-2025039031,9031
120737,350,2025-05-01,Pensión Escolar - Abril 2025,B001-2025049031,9031
120738,350,2025-05-23,Pensión Escolar - Mayo 2025,B001-2025059031,9031
120739,350,2025-06-27,Pensión Escolar - Junio 2025,B001-2025069031,9031
120740,350,2025-07-25,Pensión Escolar - Julio 2025,B001-2025079031,9031
120741,350,2025-08-25,Pensión Escolar - Agosto 2025,B001-2025089031,9031
120742,350,2025-09-23,Pensión Escolar - Setiembre 2025,B001-2025099031,9031
120743,350,2025-10-21,Pensión Escolar - Octubre 2025,B001-2025109031,9031
120744,350,2025-11-28,Pensión Escolar - Noviembre 2025,B001-2025119031,9031
120745,350,2025-12-26,Pensión Escolar - Diciembre 2025,B001-2025129031,9031
120746,350,2025-03-19,Pensión Escolar - Marzo 2025,B001-2025039122,9122
120747,350,2025-04-18,Pensión Escolar - Abril 2025,B001-2025049122,9122
120748,350,2025-05-16,Pensión Escolar - Mayo 2025,B001-2025059122,9122
120749,350,2025-06-24,Pensión Escolar - Junio 2025,B001-2025069122,9122
120750,350,2025-07-30,Pensión Escolar - Julio 2025,B001-2025079122,9122
120751,350,2025-08-29,Pensión Escolar - Agosto 2025,B001-2025089122,9122
120752,350,2025-09-19,Pensión Escolar - Setiembre 2025,B001-2025099122,9122
120753,350,2025-10-17,Pensión Escolar - Octubre 2025,B001-2025109122,9122
120754,350,2025-11-21,Pensión Escolar - Noviembre 2025,B001-2025119122,9122
120755,350,2025-12-26,Pensión Escolar - Diciembre 2025,B001-2025129122,9122
120756,350,2025-03-24,Pensión Escolar - Marzo 2025,B001-2025039085,9085
120757,350,2025-06-02,Pensión Escolar - Mayo 2025,B001-2025059085,9085
120758,350,2025-07-21,Pensión Escolar - Julio 2025,B001-2025079085,9085
120759,350,2025-09-01,Pensión Escolar - Agosto 2025,B001-2025089085,9085
120760,350,2025-10-03,Pensión Escolar - Setiembre 2025,B001-2025099085,9085
120761,350,2025-10-24,Pensión Escolar - Octubre 2025,B001-2025109085,9085
120762,350,2025-11-21,Pensión Escolar - Noviembre 2025,B001-2025119085,9085
120763,350,2025-12-23,Pensión Escolar - Diciembre 2025,B001-2025129085,9085
120764,350,2025-03-26,Pensión Escolar - Marzo 2025,B001-2025039314,9314
120765,350,2025-04-21,Pensión Escolar - Abril 2025,B001-2025049314,9314
120766,350,2025-05-26,Pensión Escolar - Mayo 2025,B001-2025059314,9314
120767,350,2025-06-20,Pensión Escolar - Junio 2025,B001-2025069314,9314
120768,350,2025-07-24,Pensión Escolar - Julio 2025,B001-2025079314,9314
120769,350,2025-08-19,Pensión Escolar - Agosto 2025,B001-2025089314,9314
120770,350,2025-09-24,Pensión Escolar - Setiembre 2025,B001-2025099314,9314
120771,350,2025-10-27,Pensión Escolar - Octubre 2025,B001-2025109314,9314
120772,350,2025-11-18,Pensión Escolar - Noviembre 2025,B001-2025119314,9314
120773,350,2026-01-02,Pensión Escolar - Diciembre 2025,B001-2025129314,9314
120774,350,2025-03-28,Pensión Escolar - Marzo 2025,B001-2025039001,9001
120775,350,2025-04-22,Pensión Escolar - Abril 2025,B001-2025049001,9001
120776,350,2025-05-23,Pensión Escolar - Mayo 2025,B001-2025059001,9001
120777,350,2025-06-30,Pensión Escolar - Junio 2025,B001-2025069001,9001
120778,350,2025-07-30,Pensión Escolar - Julio 2025,B001-2025079001,9001
120779,350,2025-09-02,Pensión Escolar - Agosto 2025,B001-2025089001,9001
120780,350,2025-09-24,Pensión Escolar - Setiembre 2025,B001-2025099001,9001
120781,350,2025-10-22,Pensión Escolar - Octubre 2025,B001-2025109001,9001
120782,350,2025-11-21,Pensión Escolar - Noviembre 2025,B001-2025119001,9001
120783,350,2025-12-19,Pensión Escolar - Diciembre 2025,B001-2025129001,9001
120784,350,2025-03-20,Pensión Escolar - Marzo 2025,B001-2025039303,9303
120785,350,2025-04-24,Pensión Escolar - Abril 2025,B001-2025049303,9303
120786,350,2025-05-30,Pensión Escolar - Mayo 2025,B001-2025059303,9303
120787,350,2025-06-23,Pensión Escolar - Junio 2025,B001-2025069303,9303
120788,350,2025-07-18,Pensión Escolar - Julio 2025,B001-2025079303,9303
120789,350,2025-08-22,Pensión Escolar - Agosto 2025,B001-2025089303,9303
120790,350,2025-09-29,Pensión Escolar - Setiembre 2025,B001-2025099303,9303
120791,350,2025-10-24,Pensión Escolar - Octubre 2025,B001-2025109303,9303
120792,350,2025-11-28,Pensión Escolar - Noviembre 2025,B001-2025119303,9303
120793,350,2025-12-30,Pensión Escolar - Diciembre 2025,B001-2025129303,9303
120794,350,2025-03-25,Pensión Escolar - Marzo 2025,B001-2025039144,9144
120795,350,2025-04-30,Pensión Escolar - Abril 2025,B001-2025049144,9144
120796,350,2025-05-20,Pensión Escolar - Mayo 2025,B001-2025059144,9144
120797,350,2025-06-27,Pensión Escolar - Junio 2025,B001-2025069144,9144
120798,350,2025-07-18,Pensión Escolar - Julio 2025,B001-2025079144,9144
120799,350,2025-08-21,Pensión Escolar - Agosto 2025,B001-2025089144,9144
120800,350,2025-09-26,Pensión Escolar - Setiembre 2025,B001-2025099144,9144
120801,350,2025-10-24,Pensión Escolar - Octubre 2025,B001-2025109144,9144
120802,350,2025-11-28,Pensión Escolar - Noviembre 2025,B001-2025119144,9144
120803,350,2025-12-31,Pensión Escolar - Diciembre 2025,B001-2025129144,9144
120804,350,2025-03-25,Pensión Escolar - Marzo 2025,B001-2025039103,9103
120805,350,2025-05-01,Pensión Escolar - Abril 2025,B001-2025049103,9103
120806,350,2025-05-23,Pensión Escolar - Mayo 2025,B001-2025059103,9103
120807,350,2025-07-03,Pensión Escolar - Junio 2025,B001-2025069103,9103
120808,350,2025-07-28,Pensión Escolar - Julio 2025,B001-2025079103,9103
120809,350,2025-08-29,Pensión Escolar - Agosto 2025,B001-2025089103,9103
120810,350,2025-09-25,Pensión Escolar - Setiembre 2025,B001-2025099103,9103
120811,350,2025-10-29,Pensión Escolar - Octubre 2025,B001-2025109103,9103
120812,350,2025-12-02,Pensión Escolar - Noviembre 2025,B001-2025119103,9103
120813,350,2025-12-26,Pensión Escolar - Diciembre 2025,B001-2025129103,9103
120814,350,2025-03-31,Pensión Escolar - Marzo 2025,B001-2025039254,9254
120815,350,2025-04-22,Pensión Escolar - Abril 2025,B001-2025049254,9254
120816,350,2025-06-02,Pensión Escolar - Mayo 2025,B001-2025059254,9254
120817,350,2025-06-20,Pensión Escolar - Junio 2025,B001-2025069254,9254
120818,350,2025-07-23,Pensión Escolar - Julio 2025,B001-2025079254,9254
120819,350,2025-08-20,Pensión Escolar - Agosto 2025,B001-2025089254,9254
120820,350,2025-10-02,Pensión Escolar - Setiembre 2025,B001-2025099254,9254
120821,350,2025-10-22,Pensión Escolar - Octubre 2025,B001-2025109254,9254
120822,350,2025-11-24,Pensión Escolar - Noviembre 2025,B001-2025119254,9254
120823,350,2025-03-31,Pensión Escolar - Marzo 2025,B001-2025039060,9060
120824,350,2025-04-21,Pensión Escolar - Abril 2025,B001-2025049060,9060
120825,350,2025-05-20,Pensión Escolar - Mayo 2025,B001-2025059060,9060
120826,350,2025-06-27,Pensión Escolar - Junio 2025,B001-2025069060,9060
120827,350,2025-08-01,Pensión Escolar - Julio 2025,B001-2025079060,9060
120828,350,2025-08-29,Pensión Escolar - Agosto 2025,B001-2025089060,9060
120829,350,2025-09-19,Pensión Escolar - Setiembre 2025,B001-2025099060,9060
120830,350,2025-10-29,Pensión Escolar - Octubre 2025,B001-2025109060,9060
120831,350,2025-11-25,Pensión Escolar - Noviembre 2025,B001-2025119060,9060
120832,350,2026-01-02,Pensión Escolar - Diciembre 2025,B001-2025129060,9060
120833,350,2025-03-28,Pensión Escolar - Marzo 2025,B001-2025039118,9118
120834,350,2025-04-29,Pensión Escolar - Abril 2025,B001-2025049118,9118
120835,350,2025-05-16,Pensión Escolar - Mayo 2025,B001-2025059118,9118
120836,350,2025-06-19,Pensión Escolar - Junio 2025,B001-2025069118,9118
120837,350,2025-07-30,Pensión Escolar - Julio 2025,B001-2025079118,9118
120838,350,2025-08-21,Pensión Escolar - Agosto 2025,B001-2025089118,9118
120839,350,2025-09-23,Pensión Escolar - Setiembre 2025,B001-2025099118,9118
120840,350,2025-10-24,Pensión Escolar - Octubre 2025,B001-2025109118,9118
120841,350,2025-12-02,Pensión Escolar - Noviembre 2025,B001-2025119118,9118
120842,350,2025-12-24,Pensión Escolar - Diciembre 2025,B001-2025129118,9118
120843,350,2025-03-28,Pensión Escolar - Marzo 2025,B001-2025039229,9229
120844,350,2025-04-23,Pensión Escolar - Abril 2025,B001-2025049229,9229
120845,350,2025-05-26,Pensión Escolar - Mayo 2025,B001-2025059229,9229
120846,350,2025-06-18,Pensión Escolar - Junio 2025,B001-2025069229,9229
120847,350,2025-07-29,Pensión Escolar - Julio 2025,B001-2025079229,9229
120848,350,2025-08-28,Pensión Escolar - Agosto 2025,B001-2025089229,9229
120849,350,2025-09-19,Pensión Escolar - Setiembre 2025,B001-2025099229,9229
120850,350,2025-10-31,Pensión Escolar - Octubre 2025,B001-2025109229,9229
120851,350,2025-11-21,Pensión Escolar - Noviembre 2025,B001-2025119229,9229
120852,350,2025-12-19,Pensión Escolar - Diciembre 2025,B001-2025129229,9229
120853,350,2025-03-21,Pensión Escolar - Marzo 2025,B001-2025039294,9294
120854,350,2025-04-25,Pensión Escolar - Abril 2025,B001-2025049294,9294
120855,350,2025-05-30,Pensión Escolar - Mayo 2025,B001-2025059294,9294
120856,350,2025-06-19,Pensión Escolar - Junio 2025,B001-2025069294,9294
120857,350,2025-07-23,Pensión Escolar - Julio 2025,B001-2025079294,9294
120858,350,2025-09-02,Pensión Escolar - Agosto 2025,B001-2025089294,9294
120859,350,2025-09-19,Pensión Escolar - Setiembre 2025,B001-2025099294,9294
120860,350,2025-10-28,Pensión Escolar - Octubre 2025,B001-2025109294,9294
120861,350,2025-12-01,Pensión Escolar - Noviembre 2025,B001-2025119294,9294
120862,350,2026-01-01,Pensión Escolar - Diciembre 2025,B001-2025129294,9294
120863,350,2025-03-21,Pensión Escolar - Marzo 2025,B001-2025039337,9337
120864,350,2025-04-18,Pensión Escolar - Abril 2025,B001-2025049337,9337
120865,350,2025-05-23,Pensión Escolar - Mayo 2025,B001-2025059337,9337
120866,350,2025-07-23,Pensión Escolar - Julio 2025,B001-2025079337,9337
120867,350,2025-08-27,Pensión Escolar - Agosto 2025,B001-2025089337,9337
120868,350,2025-10-03,Pensión Escolar - Setiembre 2025,B001-2025099337,9337
120869,350,2025-10-17,Pensión Escolar - Octubre 2025,B001-2025109337,9337
120870,350,2025-12-01,Pensión Escolar - Noviembre 2025,B001-2025119337,9337
120871,350,2025-12-24,Pensión Escolar - Diciembre 2025,B001-2025129337,9337
120872,350,2025-03-25,Pensión Escolar - Marzo 2025,B001-2025039172,9172
120873,350,2025-04-21,Pensión Escolar - Abril 2025,B001-2025049172,9172
120874,350,2025-05-19,Pensión Escolar - Mayo 2025,B001-2025059172,9172
120875,350,2025-06-30,Pensión Escolar - Junio 2025,B001-2025069172,9172
120876,350,2025-07-30,Pensión Escolar - Julio 2025,B001-2025079172,9172
120877,350,2025-09-25,Pensión Escolar - Setiembre 2025,B001-2025099172,9172
120878,350,2025-10-21,Pensión Escolar - Octubre 2025,B001-2025109172,9172
120879,350,2025-11-20,Pensión Escolar - Noviembre 2025,B001-2025119172,9172
120880,350,2025-12-30,Pensión Escolar - Diciembre 2025,B001-2025129172,9172
120881,350,2025-03-21,Pensión Escolar - Marzo 2025,B001-2025039111,9111
120882,350,2025-04-29,Pensión Escolar - Abril 2025,B001-2025049111,9111
120883,350,2025-05-29,Pensión Escolar - Mayo 2025,B001-2025059111,9111
120884,350,2025-06-20,Pensión Escolar - Junio 2025,B001-2025069111,9111
120885,350,2025-07-29,Pensión Escolar - Julio 2025,B001-2025079111,9111
120886,350,2025-08-29,Pensión Escolar - Agosto 2025,B001-2025089111,9111
120887,350,2025-09-26,Pensión Escolar - Setiembre 2025,B001-2025099111,9111
120888,350,2025-10-17,Pensión Escolar - Octubre 2025,B001-2025109111,9111
120889,350,2025-11-18,Pensión Escolar - Noviembre 2025,B001-2025119111,9111
120890,350,2025-12-23,Pensión Escolar - Diciembre 2025,B001-2025129111,9111
120891,350,2025-03-19,Pensión Escolar - Marzo 2025,B001-2025039299,9299
120892,350,2025-04-25,Pensión Escolar - Abril 2025,B001-2025049299,9299
120893,350,2025-05-23,Pensión Escolar - Mayo 2025,B001-2025059299,9299
120894,350,2025-07-03,Pensión Escolar - Junio 2025,B001-2025069299,9299
120895,350,2025-07-25,Pensión Escolar - Julio 2025,B001-2025079299,9299
120896,350,2025-09-22,Pensión Escolar - Setiembre 2025,B001-2025099299,9299
120897,350,2025-10-30,Pensión Escolar - Octubre 2025,B001-2025109299,9299
120898,350,2025-11-25,Pensión Escolar - Noviembre 2025,B001-2025119299,9299
120899,350,2026-01-01,Pensión Escolar - Diciembre 2025,B001-2025129299,9299
120900,350,2025-03-18,Pensión Escolar - Marzo 2025,B001-2025039088,9088
120901,350,2025-04-18,Pensión Escolar - Abril 2025,B001-2025049088,9088
120902,350,2025-05-19,Pensión Escolar - Mayo 2025,B001-2025059088,9088
120903,350,2025-06-25,Pensión Escolar - Junio 2025,B001-2025069088,9088
120904,350,2025-07-25,Pensión Escolar - Julio 2025,B001-2025079088,9088
120905,350,2025-08-25,Pensión Escolar - Agosto 2025,B001-2025089088,9088
120906,350,2025-09-19,Pensión Escolar - Setiembre 2025,B001-2025099088,9088
120907,350,2025-10-31,Pensión Escolar - Octubre 2025,B001-2025109088,9088
120908,350,2025-11-28,Pensión Escolar - Noviembre 2025,B001-2025119088,9088
120909,350,2025-12-31,Pensión Escolar - Diciembre 2025,B001-2025129088,9088
120910,350,2025-03-21,Pensión Escolar - Marzo 2025,B001-2025039032,9032
120911,350,2025-05-02,Pensión Escolar - Abril 2025,B001-2025049032,9032
120912,350,2025-05-28,Pensión Escolar - Mayo 2025,B001-2025059032,9032
120913,350,2025-06-27,Pensión Escolar - Junio 2025,B001-2025069032,9032
120914,350,2025-07-23,Pensión Escolar - Julio 2025,B001-2025079032,9032
120915,350,2025-08-26,Pensión Escolar - Agosto 2025,B001-2025089032,9032
120916,350,2025-10-03,Pensión Escolar - Setiembre 2025,B001-2025099032,9032
120917,350,2025-10-31,Pensión Escolar - Octubre 2025,B001-2025109032,9032
120918,350,2025-12-01,Pensión Escolar - Noviembre 2025,B001-2025119032,9032
120919,350,2026-01-01,Pensión Escolar - Diciembre 2025,B001-2025129032,9032
120920,350,2025-03-21,Pensión Escolar - Marzo 2025,B001-2025038956,8956
120921,350,2025-04-24,Pensión Escolar - Abril 2025,B001-2025048956,8956
120922,350,2025-05-21,Pensión Escolar - Mayo 2025,B001-2025058956,8956
120923,350,2025-06-23,Pensión Escolar - Junio 2025,B001-2025068956,8956
120924,350,2025-07-30,Pensión Escolar - Julio 2025,B001-2025078956,8956
120925,350,2025-09-01,Pensión Escolar - Agosto 2025,B001-2025088956,8956
120926,350,2025-09-26,Pensión Escolar - Setiembre 2025,B001-2025098956,8956
120927,350,2025-10-24,Pensión Escolar - Octubre 2025,B001-2025108956,8956
120928,350,2025-11-21,Pensión Escolar - Noviembre 2025,B001-2025118956,8956
120929,350,2025-12-23,Pensión Escolar - Diciembre 2025,B001-2025128956,8956
120930,350,2025-04-02,Pensión Escolar - Marzo 2025,B001-2025039320,9320
120931,350,2025-04-29,Pensión Escolar - Abril 2025,B001-2025049320,9320
120932,350,2025-05-16,Pensión Escolar - Mayo 2025,B001-2025059320,9320
120933,350,2025-06-27,Pensión Escolar - Junio 2025,B001-2025069320,9320
120934,350,2025-07-24,Pensión Escolar - Julio 2025,B001-2025079320,9320
120935,350,2025-08-22,Pensión Escolar - Agosto 2025,B001-2025089320,9320
120936,350,2025-09-26,Pensión Escolar - Setiembre 2025,B001-2025099320,9320
120937,350,2025-10-17,Pensión Escolar - Octubre 2025,B001-2025109320,9320
120938,350,2025-11-20,Pensión Escolar - Noviembre 2025,B001-2025119320,9320
120939,350,2025-12-30,Pensión Escolar - Diciembre 2025,B001-2025129320,9320
120940,350,2025-03-21,Pensión Escolar - Marzo 2025,B001-2025039026,9026
120941,350,2025-04-18,Pensión Escolar - Abril 2025,B001-2025049026,9026
120942,350,2025-05-30,Pensión Escolar - Mayo 2025,B001-2025059026,9026
120943,350,2025-07-02,Pensión Escolar - Junio 2025,B001-2025069026,9026
120944,350,2025-07-30,Pensión Escolar - Julio 2025,B001-2025079026,9026
120945,350,2025-08-18,Pensión Escolar - Agosto 2025,B001-2025089026,9026
120946,350,2025-10-31,Pensión Escolar - Octubre 2025,B001-2025109026,9026
120947,350,2025-11-20,Pensión Escolar - Noviembre 2025,B001-2025119026,9026
120948,350,2025-12-29,Pensión Escolar - Diciembre 2025,B001-2025129026,9026
120949,350,2025-03-19,Pensión Escolar - Marzo 2025,B001-2025038971,8971
120950,350,2025-04-28,Pensión Escolar - Abril 2025,B001-2025048971,8971
120951,350,2025-05-26,Pensión Escolar - Mayo 2025,B001-2025058971,8971
120952,350,2025-06-27,Pensión Escolar - Junio 2025,B001-2025068971,8971
120953,350,2025-08-01,Pensión Escolar - Julio 2025,B001-2025078971,8971
120954,350,2025-08-28,Pensión Escolar - Agosto 2025,B001-2025088971,8971
120955,350,2025-09-19,Pensión Escolar - Setiembre 2025,B001-2025098971,8971
120956,350,2025-10-31,Pensión Escolar - Octubre 2025,B001-2025108971,8971
120957,350,2025-11-18,Pensión Escolar - Noviembre 2025,B001-2025118971,8971
120958,350,2026-01-01,Pensión Escolar - Diciembre 2025,B001-2025128971,8971
120959,350,2025-03-31,Pensión Escolar - Marzo 2025,B001-2025039078,9078
120960,350,2025-04-30,Pensión Escolar - Abril 2025,B001-2025049078,9078
120961,350,2025-05-30,Pensión Escolar - Mayo 2025,B001-2025059078,9078
120962,350,2025-06-26,Pensión Escolar - Junio 2025,B001-2025069078,9078
120963,350,2025-07-21,Pensión Escolar - Julio 2025,B001-2025079078,9078
120964,350,2025-09-01,Pensión Escolar - Agosto 2025,B001-2025089078,9078
120965,350,2025-09-30,Pensión Escolar - Setiembre 2025,B001-2025099078,9078
120966,350,2025-10-17,Pensión Escolar - Octubre 2025,B001-2025109078,9078
120967,350,2025-11-21,Pensión Escolar - Noviembre 2025,B001-2025119078,9078
120968,350,2026-01-01,Pensión Escolar - Diciembre 2025,B001-2025129078,9078
120969,350,2025-03-20,Pensión Escolar - Marzo 2025,B001-2025038983,8983
120970,350,2025-04-30,Pensión Escolar - Abril 2025,B001-2025048983,8983
120971,350,2025-05-29,Pensión Escolar - Mayo 2025,B001-2025058983,8983
120972,350,2025-07-03,Pensión Escolar - Junio 2025,B001-2025068983,8983
120973,350,2025-07-18,Pensión Escolar - Julio 2025,B001-2025078983,8983
120974,350,2025-08-25,Pensión Escolar - Agosto 2025,B001-2025088983,8983
120975,350,2025-09-26,Pensión Escolar - Setiembre 2025,B001-2025098983,8983
120976,350,2025-10-31,Pensión Escolar - Octubre 2025,B001-2025108983,8983
120977,350,2025-11-24,Pensión Escolar - Noviembre 2025,B001-2025118983,8983
120978,350,2025-12-26,Pensión Escolar - Diciembre 2025,B001-2025128983,8983
120979,350,2025-03-21,Pensión Escolar - Marzo 2025,B001-2025039232,9232
120980,350,2025-04-25,Pensión Escolar - Abril 2025,B001-2025049232,9232
120981,350,2025-05-26,Pensión Escolar - Mayo 2025,B001-2025059232,9232
120982,350,2025-06-25,Pensión Escolar - Junio 2025,B001-2025069232,9232
120983,350,2025-07-18,Pensión Escolar - Julio 2025,B001-2025079232,9232
120984,350,2025-08-29,Pensión Escolar - Agosto 2025,B001-2025089232,9232
120985,350,2025-09-19,Pensión Escolar - Setiembre 2025,B001-2025099232,9232
120986,350,2025-10-17,Pensión Escolar - Octubre 2025,B001-2025109232,9232
120987,350,2025-11-21,Pensión Escolar - Noviembre 2025,B001-2025119232,9232
120988,350,2025-12-26,Pensión Escolar - Diciembre 2025,B001-2025129232,9232
120989,350,2025-03-28,Pensión Escolar - Marzo 2025,B001-2025039313,9313
120990,350,2025-04-22,Pensión Escolar - Abril 2025,B001-2025049313,9313
120991,350,2025-05-23,Pensión Escolar - Mayo 2025,B001-2025059313,9313
120992,350,2025-07-01,Pensión Escolar - Junio 2025,B001-2025069313,9313
120993,350,2025-07-30,Pensión Escolar - Julio 2025,B001-2025079313,9313
120994,350,2025-08-26,Pensión Escolar - Agosto 2025,B001-2025089313,9313
120995,350,2025-09-25,Pensión Escolar - Setiembre 2025,B001-2025099313,9313
120996,350,2025-10-31,Pensión Escolar - Octubre 2025,B001-2025109313,9313
120997,350,2025-11-18,Pensión Escolar - Noviembre 2025,B001-2025119313,9313
120998,350,2025-12-19,Pensión Escolar - Diciembre 2025,B001-2025129313,9313
120999,350,2025-03-21,Pensión Escolar - Marzo 2025,B001-2025039253,9253
121000,350,2025-04-18,Pensión Escolar - Abril 2025,B001-2025049253,9253
121001,350,2025-05-16,Pensión Escolar - Mayo 2025,B001-2025059253,9253
121002,350,2025-06-26,Pensión Escolar - Junio 2025,B001-2025069253,9253
121003,350,2025-07-25,Pensión Escolar - Julio 2025,B001-2025079253,9253
121004,350,2025-08-22,Pensión Escolar - Agosto 2025,B001-2025089253,9253
121005,350,2025-09-26,Pensión Escolar - Setiembre 2025,B001-2025099253,9253
121006,350,2025-10-24,Pensión Escolar - Octubre 2025,B001-2025109253,9253
121007,350,2025-11-20,Pensión Escolar - Noviembre 2025,B001-2025119253,9253
121008,350,2025-12-23,Pensión Escolar - Diciembre 2025,B001-2025129253,9253
121009,350,2025-04-02,Pensión Escolar - Marzo 2025,B001-2025039176,9176
121010,350,2025-04-24,Pensión Escolar - Abril 2025,B001-2025049176,9176
121011,350,2025-06-02,Pensión Escolar - Mayo 2025,B001-2025059176,9176
121012,350,2025-06-20,Pensión Escolar - Junio 2025,B001-2025069176,9176
121013,350,2025-07-29,Pensión Escolar - Julio 2025,B001-2025079176,9176
121014,350,2025-09-02,Pensión Escolar - Agosto 2025,B001-2025089176,9176
121015,350,2025-09-18,Pensión Escolar - Setiembre 2025,B001-2025099176,9176
121016,350,2025-10-30,Pensión Escolar - Octubre 2025,B001-2025109176,9176
121017,350,2025-11-20,Pensión Escolar - Noviembre 2025,B001-2025119176,9176
121018,350,2025-12-25,Pensión Escolar - Diciembre 2025,B001-2025129176,9176
121019,350,2025-03-28,Pensión Escolar - Marzo 2025,B001-2025039221,9221
121020,350,2025-04-25,Pensión Escolar - Abril 2025,B001-2025049221,9221
121021,350,2025-05-30,Pensión Escolar - Mayo 2025,B001-2025059221,9221
121022,350,2025-06-20,Pensión Escolar - Junio 2025,B001-2025069221,9221
121023,350,2025-07-18,Pensión Escolar - Julio 2025,B001-2025079221,9221
121024,350,2025-08-29,Pensión Escolar - Agosto 2025,B001-2025089221,9221
121025,350,2025-09-26,Pensión Escolar - Setiembre 2025,B001-2025099221,9221
121026,350,2025-10-31,Pensión Escolar - Octubre 2025,B001-2025109221,9221
121027,350,2025-11-19,Pensión Escolar - Noviembre 2025,B001-2025119221,9221
121028,350,2025-12-25,Pensión Escolar - Diciembre 2025,B001-2025129221,9221
121029,350,2025-04-02,Pensión Escolar - Marzo 2025,B001-2025038972,8972
121030,350,2025-04-25,Pensión Escolar - Abril 2025,B001-2025048972,8972
121031,350,2025-05-29,Pensión Escolar - Mayo 2025,B001-2025058972,8972
121032,350,2025-06-30,Pensión Escolar - Junio 2025,B001-2025068972,8972
121033,350,2025-08-01,Pensión Escolar - Julio 2025,B001-2025078972,8972
121034,350,2025-08-28,Pensión Escolar - Agosto 2025,B001-2025088972,8972
121035,350,2025-09-23,Pensión Escolar - Setiembre 2025,B001-2025098972,8972
121036,350,2025-10-23,Pensión Escolar - Octubre 2025,B001-2025108972,8972
121037,350,2025-11-21,Pensión Escolar - Noviembre 2025,B001-2025118972,8972
121038,350,2025-12-26,Pensión Escolar - Diciembre 2025,B001-2025128972,8972
121039,350,2025-03-21,Pensión Escolar - Marzo 2025,B001-2025039336,9336
121040,350,2025-04-28,Pensión Escolar - Abril 2025,B001-2025049336,9336
121041,350,2025-05-22,Pensión Escolar - Mayo 2025,B001-2025059336,9336
121042,350,2025-07-01,Pensión Escolar - Junio 2025,B001-2025069336,9336
121043,350,2025-08-01,Pensión Escolar - Julio 2025,B001-2025079336,9336
121044,350,2025-08-19,Pensión Escolar - Agosto 2025,B001-2025089336,9336
121045,350,2025-10-02,Pensión Escolar - Setiembre 2025,B001-2025099336,9336
121046,350,2025-10-23,Pensión Escolar - Octubre 2025,B001-2025109336,9336
121047,350,2025-11-28,Pensión Escolar - Noviembre 2025,B001-2025119336,9336
121048,350,2025-12-29,Pensión Escolar - Diciembre 2025,B001-2025129336,9336
121049,350,2025-03-28,Pensión Escolar - Marzo 2025,B001-2025039215,9215
121050,350,2025-04-23,Pensión Escolar - Abril 2025,B001-2025049215,9215
121051,350,2025-05-23,Pensión Escolar - Mayo 2025,B001-2025059215,9215
121052,350,2025-06-20,Pensión Escolar - Junio 2025,B001-2025069215,9215
121053,350,2025-07-18,Pensión Escolar - Julio 2025,B001-2025079215,9215
121054,350,2025-08-21,Pensión Escolar - Agosto 2025,B001-2025089215,9215
121055,350,2025-09-26,Pensión Escolar - Setiembre 2025,B001-2025099215,9215
121056,350,2025-10-24,Pensión Escolar - Octubre 2025,B001-2025109215,9215
121057,350,2025-11-20,Pensión Escolar - Noviembre 2025,B001-2025119215,9215
121058,350,2025-12-24,Pensión Escolar - Diciembre 2025,B001-2025129215,9215
121059,350,2025-03-26,Pensión Escolar - Marzo 2025,B001-2025039167,9167
121060,350,2025-04-23,Pensión Escolar - Abril 2025,B001-2025049167,9167
121061,350,2025-05-26,Pensión Escolar - Mayo 2025,B001-2025059167,9167
121062,350,2025-06-24,Pensión Escolar - Junio 2025,B001-2025069167,9167
121063,350,2025-07-24,Pensión Escolar - Julio 2025,B001-2025079167,9167
121064,350,2025-08-22,Pensión Escolar - Agosto 2025,B001-2025089167,9167
121065,350,2025-10-28,Pensión Escolar - Octubre 2025,B001-2025109167,9167
121066,350,2025-11-21,Pensión Escolar - Noviembre 2025,B001-2025119167,9167
121067,350,2025-12-26,Pensión Escolar - Diciembre 2025,B001-2025129167,9167
121068,350,2025-03-21,Pensión Escolar - Marzo 2025,B001-2025039298,9298
121069,350,2025-04-23,Pensión Escolar - Abril 2025,B001-2025049298,9298
121070,350,2025-05-29,Pensión Escolar - Mayo 2025,B001-2025059298,9298
121071,350,2025-07-01,Pensión Escolar - Junio 2025,B001-2025069298,9298
121072,350,2025-07-25,Pensión Escolar - Julio 2025,B001-2025079298,9298
121073,350,2025-08-29,Pensión Escolar - Agosto 2025,B001-2025089298,9298
121074,350,2025-09-24,Pensión Escolar - Setiembre 2025,B001-2025099298,9298
121075,350,2025-10-31,Pensión Escolar - Octubre 2025,B001-2025109298,9298
121076,350,2025-11-24,Pensión Escolar - Noviembre 2025,B001-2025119298,9298
121077,350,2025-12-18,Pensión Escolar - Diciembre 2025,B001-2025129298,9298
121078,350,2025-03-25,Pensión Escolar - Marzo 2025,B001-2025038996,8996
121079,350,2025-04-25,Pensión Escolar - Abril 2025,B001-2025048996,8996
121080,350,2025-05-23,Pensión Escolar - Mayo 2025,B001-2025058996,8996
121081,350,2025-06-24,Pensión Escolar - Junio 2025,B001-2025068996,8996
121082,350,2025-08-01,Pensión Escolar - Julio 2025,B001-2025078996,8996
121083,350,2025-09-01,Pensión Escolar - Agosto 2025,B001-2025088996,8996
121084,350,2025-10-24,Pensión Escolar - Octubre 2025,B001-2025108996,8996
121085,350,2025-11-19,Pensión Escolar - Noviembre 2025,B001-2025118996,8996
121086,350,2025-12-22,Pensión Escolar - Diciembre 2025,B001-2025128996,8996
121087,350,2025-03-20,Pensión Escolar - Marzo 2025,B001-2025039098,9098
121088,350,2025-04-25,Pensión Escolar - Abril 2025,B001-2025049098,9098
121089,350,2025-05-19,Pensión Escolar - Mayo 2025,B001-2025059098,9098
121090,350,2025-06-20,Pensión Escolar - Junio 2025,B001-2025069098,9098
121091,350,2025-07-25,Pensión Escolar - Julio 2025,B001-2025079098,9098
121092,350,2025-08-28,Pensión Escolar - Agosto 2025,B001-2025089098,9098
121093,350,2025-09-23,Pensión Escolar - Setiembre 2025,B001-2025099098,9098
121094,350,2025-10-17,Pensión Escolar - Octubre 2025,B001-2025109098,9098
121095,350,2025-11-27,Pensión Escolar - Noviembre 2025,B001-2025119098,9098
121096,350,2025-12-19,Pensión Escolar - Diciembre 2025,B001-2025129098,9098
121097,350,2025-03-31,Pensión Escolar - Marzo 2025,B001-2025039286,9286
121098,350,2025-05-02,Pensión Escolar - Abril 2025,B001-2025049286,9286
121099,350,2025-05-23,Pensión Escolar - Mayo 2025,B001-2025059286,9286
121100,350,2025-06-20,Pensión Escolar - Junio 2025,B001-2025069286,9286
121101,350,2025-07-21,Pensión Escolar - Julio 2025,B001-2025079286,9286
121102,350,2025-09-02,Pensión Escolar - Agosto 2025,B001-2025089286,9286
121103,350,2025-09-23,Pensión Escolar - Setiembre 2025,B001-2025099286,9286
121104,350,2025-10-20,Pensión Escolar - Octubre 2025,B001-2025109286,9286
121105,350,2025-11-28,Pensión Escolar - Noviembre 2025,B001-2025119286,9286
121106,350,2025-12-26,Pensión Escolar - Diciembre 2025,B001-2025129286,9286
121107,350,2025-03-25,Pensión Escolar - Marzo 2025,B001-2025039112,9112
121108,350,2025-04-22,Pensión Escolar - Abril 2025,B001-2025049112,9112
121109,350,2025-05-30,Pensión Escolar - Mayo 2025,B001-2025059112,9112
121110,350,2025-06-20,Pensión Escolar - Junio 2025,B001-2025069112,9112
121111,350,2025-07-18,Pensión Escolar - Julio 2025,B001-2025079112,9112
121112,350,2025-09-02,Pensión Escolar - Agosto 2025,B001-2025089112,9112
121113,350,2025-10-03,Pensión Escolar - Setiembre 2025,B001-2025099112,9112
121114,350,2025-10-24,Pensión Escolar - Octubre 2025,B001-2025109112,9112
121115,350,2025-11-28,Pensión Escolar - Noviembre 2025,B001-2025119112,9112
121116,350,2025-12-24,Pensión Escolar - Diciembre 2025,B001-2025129112,9112
121117,350,2025-03-26,Pensión Escolar - Marzo 2025,B001-2025039260,9260
121118,350,2025-04-25,Pensión Escolar - Abril 2025,B001-2025049260,9260
121119,350,2025-05-16,Pensión Escolar - Mayo 2025,B001-2025059260,9260
121120,350,2025-06-27,Pensión Escolar - Junio 2025,B001-2025069260,9260
121121,350,2025-08-01,Pensión Escolar - Julio 2025,B001-2025079260,9260
121122,350,2025-08-29,Pensión Escolar - Agosto 2025,B001-2025089260,9260
121123,350,2025-09-23,Pensión Escolar - Setiembre 2025,B001-2025099260,9260
121124,350,2025-10-30,Pensión Escolar - Octubre 2025,B001-2025109260,9260
121125,350,2025-11-19,Pensión Escolar - Noviembre 2025,B001-2025119260,9260
121126,350,2025-12-24,Pensión Escolar - Diciembre 2025,B001-2025129260,9260
121127,350,2025-03-28,Pensión Escolar - Marzo 2025,B001-2025039145,9145
121128,350,2025-04-24,Pensión Escolar - Abril 2025,B001-2025049145,9145
121129,350,2025-05-19,Pensión Escolar - Mayo 2025,B001-2025059145,9145
121130,350,2025-07-01,Pensión Escolar - Junio 2025,B001-2025069145,9145
121131,350,2025-07-21,Pensión Escolar - Julio 2025,B001-2025079145,9145
121132,350,2025-08-29,Pensión Escolar - Agosto 2025,B001-2025089145,9145
121133,350,2025-09-19,Pensión Escolar - Setiembre 2025,B001-2025099145,9145
121134,350,2025-11-28,Pensión Escolar - Noviembre 2025,B001-2025119145,9145
121135,350,2025-12-26,Pensión Escolar - Diciembre 2025,B001-2025129145,9145
121136,350,2025-03-31,Pensión Escolar - Marzo 2025,B001-2025039123,9123
121137,350,2025-04-30,Pensión Escolar - Abril 2025,B001-2025049123,9123
121138,350,2025-05-30,Pensión Escolar - Mayo 2025,B001-2025059123,9123
121139,350,2025-06-27,Pensión Escolar - Junio 2025,B001-2025069123,9123
121140,350,2025-08-01,Pensión Escolar - Julio 2025,B001-2025079123,9123
121141,350,2025-08-20,Pensión Escolar - Agosto 2025,B001-2025089123,9123
121142,350,2025-09-19,Pensión Escolar - Setiembre 2025,B001-2025099123,9123
121143,350,2025-10-22,Pensión Escolar - Octubre 2025,B001-2025109123,9123
121144,350,2025-11-28,Pensión Escolar - Noviembre 2025,B001-2025119123,9123
121145,350,2025-12-26,Pensión Escolar - Diciembre 2025,B001-2025129123,9123
121146,350,2025-03-21,Pensión Escolar - Marzo 2025,B001-2025038979,8979
121147,350,2025-04-24,Pensión Escolar - Abril 2025,B001-2025048979,8979
121148,350,2025-05-19,Pensión Escolar - Mayo 2025,B001-2025058979,8979
121149,350,2025-06-24,Pensión Escolar - Junio 2025,B001-2025068979,8979
121150,350,2025-07-18,Pensión Escolar - Julio 2025,B001-2025078979,8979
121151,350,2025-09-01,Pensión Escolar - Agosto 2025,B001-2025088979,8979
121152,350,2025-10-03,Pensión Escolar - Setiembre 2025,B001-2025098979,8979
121153,350,2025-10-22,Pensión Escolar - Octubre 2025,B001-2025108979,8979
121154,350,2025-11-28,Pensión Escolar - Noviembre 2025,B001-2025118979,8979
121155,350,2025-12-25,Pensión Escolar - Diciembre 2025,B001-2025128979,8979
121156,350,2025-03-31,Pensión Escolar - Marzo 2025,B001-2025039045,9045
121157,350,2025-04-21,Pensión Escolar - Abril 2025,B001-2025049045,9045
121158,350,2025-05-19,Pensión Escolar - Mayo 2025,B001-2025059045,9045
121159,350,2025-06-23,Pensión Escolar - Junio 2025,B001-2025069045,9045
121160,350,2025-07-21,Pensión Escolar - Julio 2025,B001-2025079045,9045
121161,350,2025-08-18,Pensión Escolar - Agosto 2025,B001-2025089045,9045
121162,350,2025-09-24,Pensión Escolar - Setiembre 2025,B001-2025099045,9045
121163,350,2025-10-28,Pensión Escolar - Octubre 2025,B001-2025109045,9045
121164,350,2025-11-18,Pensión Escolar - Noviembre 2025,B001-2025119045,9045
121165,350,2025-12-19,Pensión Escolar - Diciembre 2025,B001-2025129045,9045
121166,350,2025-03-31,Pensión Escolar - Marzo 2025,B001-2025039240,9240
121167,350,2025-04-22,Pensión Escolar - Abril 2025,B001-2025049240,9240
121168,350,2025-05-26,Pensión Escolar - Mayo 2025,B001-2025059240,9240
121169,350,2025-06-27,Pensión Escolar - Junio 2025,B001-2025069240,9240
121170,350,2025-07-24,Pensión Escolar - Julio 2025,B001-2025079240,9240
121171,350,2025-09-02,Pensión Escolar - Agosto 2025,B001-2025089240,9240
121172,350,2025-09-18,Pensión Escolar - Setiembre 2025,B001-2025099240,9240
121173,350,2025-10-24,Pensión Escolar - Octubre 2025,B001-2025109240,9240
121174,350,2025-11-18,Pensión Escolar - Noviembre 2025,B001-2025119240,9240
121175,350,2025-12-22,Pensión Escolar - Diciembre 2025,B001-2025129240,9240
121176,350,2025-03-18,Pensión Escolar - Marzo 2025,B001-2025039019,9019
121177,350,2025-04-25,Pensión Escolar - Abril 2025,B001-2025049019,9019
121178,350,2025-05-21,Pensión Escolar - Mayo 2025,B001-2025059019,9019
121179,350,2025-06-20,Pensión Escolar - Junio 2025,B001-2025069019,9019
121180,350,2025-07-22,Pensión Escolar - Julio 2025,B001-2025079019,9019
121181,350,2025-09-02,Pensión Escolar - Agosto 2025,B001-2025089019,9019
121182,350,2025-09-26,Pensión Escolar - Setiembre 2025,B001-2025099019,9019
121183,350,2025-10-22,Pensión Escolar - Octubre 2025,B001-2025109019,9019
121184,350,2025-12-02,Pensión Escolar - Noviembre 2025,B001-2025119019,9019
121185,350,2025-12-19,Pensión Escolar - Diciembre 2025,B001-2025129019,9019
121186,350,2025-03-21,Pensión Escolar - Marzo 2025,B001-2025038984,8984
121187,350,2025-05-02,Pensión Escolar - Abril 2025,B001-2025048984,8984
121188,350,2025-05-27,Pensión Escolar - Mayo 2025,B001-2025058984,8984
121189,350,2025-06-20,Pensión Escolar - Junio 2025,B001-2025068984,8984
121190,350,2025-07-30,Pensión Escolar - Julio 2025,B001-2025078984,8984
121191,350,2025-08-22,Pensión Escolar - Agosto 2025,B001-2025088984,8984
121192,350,2025-09-29,Pensión Escolar - Setiembre 2025,B001-2025098984,8984
121193,350,2025-10-27,Pensión Escolar - Octubre 2025,B001-2025108984,8984
121194,350,2025-11-28,Pensión Escolar - Noviembre 2025,B001-2025118984,8984
121195,350,2025-12-18,Pensión Escolar - Diciembre 2025,B001-2025128984,8984
121196,350,2025-03-28,Pensión Escolar - Marzo 2025,B001-2025039274,9274
121197,350,2025-04-29,Pensión Escolar - Abril 2025,B001-2025049274,9274
121198,350,2025-05-19,Pensión Escolar - Mayo 2025,B001-2025059274,9274
121199,350,2025-06-20,Pensión Escolar - Junio 2025,B001-2025069274,9274
121200,350,2025-07-25,Pensión Escolar - Julio 2025,B001-2025079274,9274
121201,350,2025-08-18,Pensión Escolar - Agosto 2025,B001-2025089274,9274
121202,350,2025-09-19,Pensión Escolar - Setiembre 2025,B001-2025099274,9274
121203,350,2025-10-29,Pensión Escolar - Octubre 2025,B001-2025109274,9274
121204,350,2025-11-28,Pensión Escolar - Noviembre 2025,B001-2025119274,9274
121205,350,2025-12-29,Pensión Escolar - Diciembre 2025,B001-2025129274,9274
121206,350,2025-03-24,Pensión Escolar - Marzo 2025,B001-2025038965,8965
121207,350,2025-05-01,Pensión Escolar - Abril 2025,B001-2025048965,8965
121208,350,2025-05-26,Pensión Escolar - Mayo 2025,B001-2025058965,8965
121209,350,2025-06-18,Pensión Escolar - Junio 2025,B001-2025068965,8965
121210,350,2025-07-18,Pensión Escolar - Julio 2025,B001-2025078965,8965
121211,350,2025-09-02,Pensión Escolar - Agosto 2025,B001-2025088965,8965
121212,350,2025-09-25,Pensión Escolar - Setiembre 2025,B001-2025098965,8965
121213,350,2025-10-24,Pensión Escolar - Octubre 2025,B001-2025108965,8965
121214,350,2025-11-20,Pensión Escolar - Noviembre 2025,B001-2025118965,8965
121215,350,2025-12-18,Pensión Escolar - Diciembre 2025,B001-2025128965,8965
121216,350,2025-03-26,Pensión Escolar - Marzo 2025,B001-2025039100,9100
121217,350,2025-04-24,Pensión Escolar - Abril 2025,B001-2025049100,9100
121218,350,2025-06-02,Pensión Escolar - Mayo 2025,B001-2025059100,9100
121219,350,2025-06-18,Pensión Escolar - Junio 2025,B001-2025069100,9100
121220,350,2025-07-31,Pensión Escolar - Julio 2025,B001-2025079100,9100
121221,350,2025-09-01,Pensión Escolar - Agosto 2025,B001-2025089100,9100
121222,350,2025-09-23,Pensión Escolar - Setiembre 2025,B001-2025099100,9100
121223,350,2025-10-17,Pensión Escolar - Octubre 2025,B001-2025109100,9100
121224,350,2025-11-21,Pensión Escolar - Noviembre 2025,B001-2025119100,9100
121225,350,2025-12-26,Pensión Escolar - Diciembre 2025,B001-2025129100,9100
121226,350,2025-03-20,Pensión Escolar - Marzo 2025,B001-2025039237,9237
121227,350,2025-04-22,Pensión Escolar - Abril 2025,B001-2025049237,9237
121228,350,2025-05-16,Pensión Escolar - Mayo 2025,B001-2025059237,9237
121229,350,2025-06-26,Pensión Escolar - Junio 2025,B001-2025069237,9237
121230,350,2025-08-01,Pensión Escolar - Julio 2025,B001-2025079237,9237
121231,350,2025-08-22,Pensión Escolar - Agosto 2025,B001-2025089237,9237
121232,350,2025-09-19,Pensión Escolar - Setiembre 2025,B001-2025099237,9237
121233,350,2025-10-24,Pensión Escolar - Octubre 2025,B001-2025109237,9237
121234,350,2025-11-25,Pensión Escolar - Noviembre 2025,B001-2025119237,9237
121235,350,2025-12-26,Pensión Escolar - Diciembre 2025,B001-2025129237,9237
121236,350,2025-03-21,Pensión Escolar - Marzo 2025,B001-2025039259,9259
121237,350,2025-05-02,Pensión Escolar - Abril 2025,B001-2025049259,9259
121238,350,2025-06-02,Pensión Escolar - Mayo 2025,B001-2025059259,9259
121239,350,2025-06-27,Pensión Escolar - Junio 2025,B001-2025069259,9259
121240,350,2025-07-24,Pensión Escolar - Julio 2025,B001-2025079259,9259
121241,350,2025-09-01,Pensión Escolar - Agosto 2025,B001-2025089259,9259
121242,350,2025-09-22,Pensión Escolar - Setiembre 2025,B001-2025099259,9259
121243,350,2025-10-27,Pensión Escolar - Octubre 2025,B001-2025109259,9259
121244,350,2025-11-28,Pensión Escolar - Noviembre 2025,B001-2025119259,9259
121245,350,2025-12-29,Pensión Escolar - Diciembre 2025,B001-2025129259,9259
121246,350,2025-03-26,Pensión Escolar - Marzo 2025,B001-2025039058,9058
121247,350,2025-04-29,Pensión Escolar - Abril 2025,B001-2025049058,9058
121248,350,2025-05-30,Pensión Escolar - Mayo 2025,B001-2025059058,9058
121249,350,2025-06-30,Pensión Escolar - Junio 2025,B001-2025069058,9058
121250,350,2025-08-01,Pensión Escolar - Julio 2025,B001-2025079058,9058
121251,350,2025-08-26,Pensión Escolar - Agosto 2025,B001-2025089058,9058
121252,350,2025-09-24,Pensión Escolar - Setiembre 2025,B001-2025099058,9058
121253,350,2025-10-23,Pensión Escolar - Octubre 2025,B001-2025109058,9058
121254,350,2025-11-21,Pensión Escolar - Noviembre 2025,B001-2025119058,9058
121255,350,2025-12-26,Pensión Escolar - Diciembre 2025,B001-2025129058,9058
121256,350,2025-03-24,Pensión Escolar - Marzo 2025,B001-2025039069,9069
121257,350,2025-05-02,Pensión Escolar - Abril 2025,B001-2025049069,9069
121258,350,2025-05-30,Pensión Escolar - Mayo 2025,B001-2025059069,9069
121259,350,2025-06-27,Pensión Escolar - Junio 2025,B001-2025069069,9069
121260,350,2025-07-18,Pensión Escolar - Julio 2025,B001-2025079069,9069
121261,350,2025-08-22,Pensión Escolar - Agosto 2025,B001-2025089069,9069
121262,350,2025-09-29,Pensión Escolar - Setiembre 2025,B001-2025099069,9069
121263,350,2025-10-27,Pensión Escolar - Octubre 2025,B001-2025109069,9069
121264,350,2025-11-25,Pensión Escolar - Noviembre 2025,B001-2025119069,9069
121265,350,2025-12-29,Pensión Escolar - Diciembre 2025,B001-2025129069,9069
121266,350,2025-03-28,Pensión Escolar - Marzo 2025,B001-2025039245,9245
121267,350,2025-04-28,Pensión Escolar - Abril 2025,B001-2025049245,9245
121268,350,2025-05-21,Pensión Escolar - Mayo 2025,B001-2025059245,9245
121269,350,2025-06-25,Pensión Escolar - Junio 2025,B001-2025069245,9245
121270,350,2025-08-01,Pensión Escolar - Julio 2025,B001-2025079245,9245
121271,350,2025-08-19,Pensión Escolar - Agosto 2025,B001-2025089245,9245
121272,350,2025-09-25,Pensión Escolar - Setiembre 2025,B001-2025099245,9245
121273,350,2025-10-30,Pensión Escolar - Octubre 2025,B001-2025109245,9245
121274,350,2025-11-28,Pensión Escolar - Noviembre 2025,B001-2025119245,9245
121275,350,2025-12-19,Pensión Escolar - Diciembre 2025,B001-2025129245,9245
121276,350,2025-03-21,Pensión Escolar - Marzo 2025,B001-2025039323,9323
121277,350,2025-04-18,Pensión Escolar - Abril 2025,B001-2025049323,9323
121278,350,2025-05-21,Pensión Escolar - Mayo 2025,B001-2025059323,9323
121279,350,2025-06-23,Pensión Escolar - Junio 2025,B001-2025069323,9323
121280,350,2025-07-25,Pensión Escolar - Julio 2025,B001-2025079323,9323
121281,350,2025-08-19,Pensión Escolar - Agosto 2025,B001-2025089323,9323
121282,350,2025-10-01,Pensión Escolar - Setiembre 2025,B001-2025099323,9323
121283,350,2025-10-28,Pensión Escolar - Octubre 2025,B001-2025109323,9323
121284,350,2025-11-18,Pensión Escolar - Noviembre 2025,B001-2025119323,9323
121285,350,2025-12-25,Pensión Escolar - Diciembre 2025,B001-2025129323,9323
121286,350,2025-03-26,Pensión Escolar - Marzo 2025,B001-2025039089,9089
121287,350,2025-04-24,Pensión Escolar - Abril 2025,B001-2025049089,9089
121288,350,2025-06-02,Pensión Escolar - Mayo 2025,B001-2025059089,9089
121289,350,2025-06-27,Pensión Escolar - Junio 2025,B001-2025069089,9089
121290,350,2025-07-18,Pensión Escolar - Julio 2025,B001-2025079089,9089
121291,350,2025-08-18,Pensión Escolar - Agosto 2025,B001-2025089089,9089
121292,350,2025-10-01,Pensión Escolar - Setiembre 2025,B001-2025099089,9089
121293,350,2025-10-31,Pensión Escolar - Octubre 2025,B001-2025109089,9089
121294,350,2025-12-03,Pensión Escolar - Noviembre 2025,B001-2025119089,9089
121295,350,2025-12-26,Pensión Escolar - Diciembre 2025,B001-2025129089,9089
121296,350,2025-04-02,Pensión Escolar - Marzo 2025,B001-2025039225,9225
121297,350,2025-05-01,Pensión Escolar - Abril 2025,B001-2025049225,9225
121298,350,2025-05-16,Pensión Escolar - Mayo 2025,B001-2025059225,9225
121299,350,2025-06-20,Pensión Escolar - Junio 2025,B001-2025069225,9225
121300,350,2025-07-18,Pensión Escolar - Julio 2025,B001-2025079225,9225
121301,350,2025-08-29,Pensión Escolar - Agosto 2025,B001-2025089225,9225
121302,350,2025-10-01,Pensión Escolar - Setiembre 2025,B001-2025099225,9225
121303,350,2025-10-28,Pensión Escolar - Octubre 2025,B001-2025109225,9225
121304,350,2025-11-25,Pensión Escolar - Noviembre 2025,B001-2025119225,9225
121305,350,2025-12-30,Pensión Escolar - Diciembre 2025,B001-2025129225,9225
121306,350,2025-03-20,Pensión Escolar - Marzo 2025,B001-2025039319,9319
121307,350,2025-04-25,Pensión Escolar - Abril 2025,B001-2025049319,9319
121308,350,2025-05-20,Pensión Escolar - Mayo 2025,B001-2025059319,9319
121309,350,2025-06-20,Pensión Escolar - Junio 2025,B001-2025069319,9319
121310,350,2025-08-01,Pensión Escolar - Julio 2025,B001-2025079319,9319
121311,350,2025-08-21,Pensión Escolar - Agosto 2025,B001-2025089319,9319
121312,350,2025-09-19,Pensión Escolar - Setiembre 2025,B001-2025099319,9319
121313,350,2025-10-28,Pensión Escolar - Octubre 2025,B001-2025109319,9319
121314,350,2025-11-26,Pensión Escolar - Noviembre 2025,B001-2025119319,9319
121315,350,2025-12-19,Pensión Escolar - Diciembre 2025,B001-2025129319,9319
121316,350,2025-03-21,Pensión Escolar - Marzo 2025,B001-2025038991,8991
121317,350,2025-04-18,Pensión Escolar - Abril 2025,B001-2025048991,8991
121318,350,2025-05-21,Pensión Escolar - Mayo 2025,B001-2025058991,8991
121319,350,2025-06-27,Pensión Escolar - Junio 2025,B001-2025068991,8991
121320,350,2025-07-21,Pensión Escolar - Julio 2025,B001-2025078991,8991
121321,350,2025-08-29,Pensión Escolar - Agosto 2025,B001-2025088991,8991
121322,350,2025-09-19,Pensión Escolar - Setiembre 2025,B001-2025098991,8991
121323,350,2025-10-17,Pensión Escolar - Octubre 2025,B001-2025108991,8991
121324,350,2025-11-28,Pensión Escolar - Noviembre 2025,B001-2025118991,8991
121325,350,2025-12-24,Pensión Escolar - Diciembre 2025,B001-2025128991,8991
121326,350,2025-03-28,Pensión Escolar - Marzo 2025,B001-2025039053,9053
121327,350,2025-04-28,Pensión Escolar - Abril 2025,B001-2025049053,9053
121328,350,2025-05-30,Pensión Escolar - Mayo 2025,B001-2025059053,9053
121329,350,2025-06-25,Pensión Escolar - Junio 2025,B001-2025069053,9053
121330,350,2025-07-31,Pensión Escolar - Julio 2025,B001-2025079053,9053
121331,350,2025-08-21,Pensión Escolar - Agosto 2025,B001-2025089053,9053
121332,350,2025-09-25,Pensión Escolar - Setiembre 2025,B001-2025099053,9053
121333,350,2025-10-24,Pensión Escolar - Octubre 2025,B001-2025109053,9053
121334,350,2025-11-25,Pensión Escolar - Noviembre 2025,B001-2025119053,9053
121335,350,2025-12-18,Pensión Escolar - Diciembre 2025,B001-2025129053,9053
121336,350,2025-03-24,Pensión Escolar - Marzo 2025,B001-2025039227,9227
121337,350,2025-04-23,Pensión Escolar - Abril 2025,B001-2025049227,9227
121338,350,2025-05-16,Pensión Escolar - Mayo 2025,B001-2025059227,9227
121339,350,2025-06-18,Pensión Escolar - Junio 2025,B001-2025069227,9227
121340,350,2025-07-21,Pensión Escolar - Julio 2025,B001-2025079227,9227
121341,350,2025-08-25,Pensión Escolar - Agosto 2025,B001-2025089227,9227
121342,350,2025-09-23,Pensión Escolar - Setiembre 2025,B001-2025099227,9227
121343,350,2025-10-31,Pensión Escolar - Octubre 2025,B001-2025109227,9227
121344,350,2025-11-27,Pensión Escolar - Noviembre 2025,B001-2025119227,9227
121345,350,2025-12-31,Pensión Escolar - Diciembre 2025,B001-2025129227,9227
121346,350,2025-03-28,Pensión Escolar - Marzo 2025,B001-2025039249,9249
121347,350,2025-04-25,Pensión Escolar - Abril 2025,B001-2025049249,9249
121348,350,2025-06-02,Pensión Escolar - Mayo 2025,B001-2025059249,9249
121349,350,2025-07-02,Pensión Escolar - Junio 2025,B001-2025069249,9249
121350,350,2025-07-30,Pensión Escolar - Julio 2025,B001-2025079249,9249
121351,350,2025-08-18,Pensión Escolar - Agosto 2025,B001-2025089249,9249
121352,350,2025-09-18,Pensión Escolar - Setiembre 2025,B001-2025099249,9249
121353,350,2025-10-24,Pensión Escolar - Octubre 2025,B001-2025109249,9249
121354,350,2025-12-03,Pensión Escolar - Noviembre 2025,B001-2025119249,9249
121355,350,2025-12-23,Pensión Escolar - Diciembre 2025,B001-2025129249,9249
121356,350,2025-03-28,Pensión Escolar - Marzo 2025,B001-2025038978,8978
121357,350,2025-04-25,Pensión Escolar - Abril 2025,B001-2025048978,8978
121358,350,2025-06-02,Pensión Escolar - Mayo 2025,B001-2025058978,8978
121359,350,2025-06-20,Pensión Escolar - Junio 2025,B001-2025068978,8978
121360,350,2025-07-29,Pensión Escolar - Julio 2025,B001-2025078978,8978
121361,350,2025-08-21,Pensión Escolar - Agosto 2025,B001-2025088978,8978
121362,350,2025-09-29,Pensión Escolar - Setiembre 2025,B001-2025098978,8978
121363,350,2025-10-31,Pensión Escolar - Octubre 2025,B001-2025108978,8978
121364,350,2025-12-03,Pensión Escolar - Noviembre 2025,B001-2025118978,8978
121365,350,2025-12-18,Pensión Escolar - Diciembre 2025,B001-2025128978,8978
121366,350,2025-04-01,Pensión Escolar - Marzo 2025,B001-2025038951,8951
121367,350,2025-04-18,Pensión Escolar - Abril 2025,B001-2025048951,8951
121368,350,2025-05-29,Pensión Escolar - Mayo 2025,B001-2025058951,8951
121369,350,2025-06-20,Pensión Escolar - Junio 2025,B001-2025068951,8951
121370,350,2025-07-18,Pensión Escolar - Julio 2025,B001-2025078951,8951
121371,350,2025-08-29,Pensión Escolar - Agosto 2025,B001-2025088951,8951
121372,350,2025-10-01,Pensión Escolar - Setiembre 2025,B001-2025098951,8951
121373,350,2025-10-27,Pensión Escolar - Octubre 2025,B001-2025108951,8951
121374,350,2025-11-24,Pensión Escolar - Noviembre 2025,B001-2025118951,8951
121375,350,2025-12-22,Pensión Escolar - Diciembre 2025,B001-2025128951,8951
121376,350,2025-03-20,Pensión Escolar - Marzo 2025,B001-2025039234,9234
121377,350,2025-04-18,Pensión Escolar - Abril 2025,B001-2025049234,9234
121378,350,2025-05-22,Pensión Escolar - Mayo 2025,B001-2025059234,9234
121379,350,2025-06-18,Pensión Escolar - Junio 2025,B001-2025069234,9234
121380,350,2025-07-18,Pensión Escolar - Julio 2025,B001-2025079234,9234
121381,350,2025-08-19,Pensión Escolar - Agosto 2025,B001-2025089234,9234
121382,350,2025-10-03,Pensión Escolar - Setiembre 2025,B001-2025099234,9234
121383,350,2025-10-17,Pensión Escolar - Octubre 2025,B001-2025109234,9234
121384,350,2025-11-19,Pensión Escolar - Noviembre 2025,B001-2025119234,9234
121385,350,2025-12-22,Pensión Escolar - Diciembre 2025,B001-2025129234,9234
121386,350,2025-03-20,Pensión Escolar - Marzo 2025,B001-2025039268,9268
121387,350,2025-04-22,Pensión Escolar - Abril 2025,B001-2025049268,9268
121388,350,2025-05-29,Pensión Escolar - Mayo 2025,B001-2025059268,9268
121389,350,2025-06-20,Pensión Escolar - Junio 2025,B001-2025069268,9268
121390,350,2025-07-23,Pensión Escolar - Julio 2025,B001-2025079268,9268
121391,350,2025-08-20,Pensión Escolar - Agosto 2025,B001-2025089268,9268
121392,350,2025-09-29,Pensión Escolar - Setiembre 2025,B001-2025099268,9268
121393,350,2025-10-21,Pensión Escolar - Octubre 2025,B001-2025109268,9268
121394,350,2025-12-01,Pensión Escolar - Noviembre 2025,B001-2025119268,9268
121395,350,2025-12-26,Pensión Escolar - Diciembre 2025,B001-2025129268,9268
121396,350,2025-03-24,Pensión Escolar - Marzo 2025,B001-2025039071,9071
121397,350,2025-04-22,Pensión Escolar - Abril 2025,B001-2025049071,9071
121398,350,2025-05-23,Pensión Escolar - Mayo 2025,B001-2025059071,9071
121399,350,2025-06-24,Pensión Escolar - Junio 2025,B001-2025069071,9071
121400,350,2025-07-18,Pensión Escolar - Julio 2025,B001-2025079071,9071
121401,350,2025-08-22,Pensión Escolar - Agosto 2025,B001-2025089071,9071
121402,350,2025-09-19,Pensión Escolar - Setiembre 2025,B001-2025099071,9071
121403,350,2025-10-27,Pensión Escolar - Octubre 2025,B001-2025109071,9071
121404,350,2025-11-24,Pensión Escolar - Noviembre 2025,B001-2025119071,9071
121405,350,2025-12-26,Pensión Escolar - Diciembre 2025,B001-2025129071,9071
121406,350,2025-03-18,Pensión Escolar - Marzo 2025,B001-2025039130,9130
121407,350,2025-05-02,Pensión Escolar - Abril 2025,B001-2025049130,9130
121408,350,2025-05-23,Pensión Escolar - Mayo 2025,B001-2025059130,9130
121409,350,2025-06-27,Pensión Escolar - Junio 2025,B001-2025069130,9130
121410,350,2025-07-21,Pensión Escolar - Julio 2025,B001-2025079130,9130
121411,350,2025-08-29,Pensión Escolar - Agosto 2025,B001-2025089130,9130
121412,350,2025-10-03,Pensión Escolar - Setiembre 2025,B001-2025099130,9130
121413,350,2025-10-30,Pensión Escolar - Octubre 2025,B001-2025109130,9130
121414,350,2025-11-28,Pensión Escolar - Noviembre 2025,B001-2025119130,9130
121415,350,2026-01-01,Pensión Escolar - Diciembre 2025,B001-2025129130,9130
121416,350,2025-03-26,Pensión Escolar - Marzo 2025,B001-2025038982,8982
121417,350,2025-05-02,Pensión Escolar - Abril 2025,B001-2025048982,8982
121418,350,2025-05-30,Pensión Escolar - Mayo 2025,B001-2025058982,8982
121419,350,2025-06-30,Pensión Escolar - Junio 2025,B001-2025068982,8982
121420,350,2025-07-25,Pensión Escolar - Julio 2025,B001-2025078982,8982
121421,350,2025-09-01,Pensión Escolar - Agosto 2025,B001-2025088982,8982
121422,350,2025-09-26,Pensión Escolar - Setiembre 2025,B001-2025098982,8982
121423,350,2025-10-30,Pensión Escolar - Octubre 2025,B001-2025108982,8982
121424,350,2025-12-03,Pensión Escolar - Noviembre 2025,B001-2025118982,8982
121425,350,2025-12-25,Pensión Escolar - Diciembre 2025,B001-2025128982,8982
121426,420,2025-03-28,Pensión Escolar - Marzo 2025,B001-2025039119,9119
121427,420,2025-04-18,Pensión Escolar - Abril 2025,B001-2025049119,9119
121428,420,2025-05-29,Pensión Escolar - Mayo 2025,B001-2025059119,9119
121429,420,2025-06-20,Pensión Escolar - Junio 2025,B001-2025069119,9119
121430,420,2025-07-23,Pensión Escolar - Julio 2025,B001-2025079119,9119
121431,420,2025-08-18,Pensión Escolar - Agosto 2025,B001-2025089119,9119
121432,420,2025-09-30,Pensión Escolar - Setiembre 2025,B001-2025099119,9119
121433,420,2025-10-30,Pensión Escolar - Octubre 2025,B001-2025109119,9119
121434,420,2025-11-24,Pensión Escolar - Noviembre 2025,B001-2025119119,9119
121435,420,2026-01-01,Pensión Escolar - Diciembre 2025,B001-2025129119,9119
121436,420,2025-04-02,Pensión Escolar - Marzo 2025,B001-2025039272,9272
121437,420,2025-04-21,Pensión Escolar - Abril 2025,B001-2025049272,9272
121438,420,2025-07-01,Pensión Escolar - Junio 2025,B001-2025069272,9272
121439,420,2025-07-18,Pensión Escolar - Julio 2025,B001-2025079272,9272
121440,420,2025-08-29,Pensión Escolar - Agosto 2025,B001-2025089272,9272
121441,420,2025-09-26,Pensión Escolar - Setiembre 2025,B001-2025099272,9272
121442,420,2025-10-24,Pensión Escolar - Octubre 2025,B001-2025109272,9272
121443,420,2025-11-19,Pensión Escolar - Noviembre 2025,B001-2025119272,9272
121444,420,2025-03-21,Pensión Escolar - Marzo 2025,B001-2025039074,9074
121445,420,2025-04-18,Pensión Escolar - Abril 2025,B001-2025049074,9074
121446,420,2025-05-30,Pensión Escolar - Mayo 2025,B001-2025059074,9074
121447,420,2025-06-25,Pensión Escolar - Junio 2025,B001-2025069074,9074
121448,420,2025-07-18,Pensión Escolar - Julio 2025,B001-2025079074,9074
121449,420,2025-08-21,Pensión Escolar - Agosto 2025,B001-2025089074,9074
121450,420,2025-09-26,Pensión Escolar - Setiembre 2025,B001-2025099074,9074
121451,420,2025-10-31,Pensión Escolar - Octubre 2025,B001-2025109074,9074
121452,420,2025-12-01,Pensión Escolar - Noviembre 2025,B001-2025119074,9074
121453,420,2025-03-24,Pensión Escolar - Marzo 2025,B001-2025039194,9194
121454,420,2025-04-22,Pensión Escolar - Abril 2025,B001-2025049194,9194
121455,420,2025-05-22,Pensión Escolar - Mayo 2025,B001-2025059194,9194
121456,420,2025-06-19,Pensión Escolar - Junio 2025,B001-2025069194,9194
121457,420,2025-07-29,Pensión Escolar - Julio 2025,B001-2025079194,9194
121458,420,2025-09-02,Pensión Escolar - Agosto 2025,B001-2025089194,9194
121459,420,2025-09-19,Pensión Escolar - Setiembre 2025,B001-2025099194,9194
121460,420,2025-10-27,Pensión Escolar - Octubre 2025,B001-2025109194,9194
121461,420,2025-12-01,Pensión Escolar - Noviembre 2025,B001-2025119194,9194
121462,420,2025-12-26,Pensión Escolar - Diciembre 2025,B001-2025129194,9194
121463,420,2025-03-27,Pensión Escolar - Marzo 2025,B001-2025039064,9064
121464,420,2025-04-30,Pensión Escolar - Abril 2025,B001-2025049064,9064
121465,420,2025-05-27,Pensión Escolar - Mayo 2025,B001-2025059064,9064
121466,420,2025-06-27,Pensión Escolar - Junio 2025,B001-2025069064,9064
121467,420,2025-07-25,Pensión Escolar - Julio 2025,B001-2025079064,9064
121468,420,2025-08-22,Pensión Escolar - Agosto 2025,B001-2025089064,9064
121469,420,2025-09-19,Pensión Escolar - Setiembre 2025,B001-2025099064,9064
121470,420,2025-10-17,Pensión Escolar - Octubre 2025,B001-2025109064,9064
121471,420,2025-11-24,Pensión Escolar - Noviembre 2025,B001-2025119064,9064
121472,420,2026-01-02,Pensión Escolar - Diciembre 2025,B001-2025129064,9064
121473,420,2025-03-28,Pensión Escolar - Marzo 2025,B001-2025039124,9124
121474,420,2025-05-01,Pensión Escolar - Abril 2025,B001-2025049124,9124
121475,420,2025-05-26,Pensión Escolar - Mayo 2025,B001-2025059124,9124
121476,420,2025-06-20,Pensión Escolar - Junio 2025,B001-2025069124,9124
121477,420,2025-07-24,Pensión Escolar - Julio 2025,B001-2025079124,9124
121478,420,2025-08-22,Pensión Escolar - Agosto 2025,B001-2025089124,9124
121479,420,2025-09-18,Pensión Escolar - Setiembre 2025,B001-2025099124,9124
121480,420,2025-10-31,Pensión Escolar - Octubre 2025,B001-2025109124,9124
121481,420,2025-11-21,Pensión Escolar - Noviembre 2025,B001-2025119124,9124
121482,420,2025-12-19,Pensión Escolar - Diciembre 2025,B001-2025129124,9124
121483,420,2025-03-18,Pensión Escolar - Marzo 2025,B001-2025038950,8950
121484,420,2025-04-25,Pensión Escolar - Abril 2025,B001-2025048950,8950
121485,420,2025-05-28,Pensión Escolar - Mayo 2025,B001-2025058950,8950
121486,420,2025-06-20,Pensión Escolar - Junio 2025,B001-2025068950,8950
121487,420,2025-07-18,Pensión Escolar - Julio 2025,B001-2025078950,8950
121488,420,2025-08-22,Pensión Escolar - Agosto 2025,B001-2025088950,8950
121489,420,2025-09-19,Pensión Escolar - Setiembre 2025,B001-2025098950,8950
121490,420,2025-10-23,Pensión Escolar - Octubre 2025,B001-2025108950,8950
121491,420,2025-11-25,Pensión Escolar - Noviembre 2025,B001-2025118950,8950
121492,420,2025-12-23,Pensión Escolar - Diciembre 2025,B001-2025128950,8950
121493,420,2025-03-19,Pensión Escolar - Marzo 2025,B001-2025039067,9067
121494,420,2025-04-25,Pensión Escolar - Abril 2025,B001-2025049067,9067
121495,420,2025-05-19,Pensión Escolar - Mayo 2025,B001-2025059067,9067
121496,420,2025-06-18,Pensión Escolar - Junio 2025,B001-2025069067,9067
121497,420,2025-07-18,Pensión Escolar - Julio 2025,B001-2025079067,9067
121498,420,2025-08-27,Pensión Escolar - Agosto 2025,B001-2025089067,9067
121499,420,2025-10-27,Pensión Escolar - Octubre 2025,B001-2025109067,9067
121500,420,2025-11-25,Pensión Escolar - Noviembre 2025,B001-2025119067,9067
121501,420,2026-01-01,Pensión Escolar - Diciembre 2025,B001-2025129067,9067
121502,420,2025-03-24,Pensión Escolar - Marzo 2025,B001-2025038955,8955
121503,420,2025-04-18,Pensión Escolar - Abril 2025,B001-2025048955,8955
121504,420,2025-05-23,Pensión Escolar - Mayo 2025,B001-2025058955,8955
121505,420,2025-07-18,Pensión Escolar - Julio 2025,B001-2025078955,8955
121506,420,2025-08-21,Pensión Escolar - Agosto 2025,B001-2025088955,8955
121507,420,2025-10-03,Pensión Escolar - Setiembre 2025,B001-2025098955,8955
121508,420,2025-10-23,Pensión Escolar - Octubre 2025,B001-2025108955,8955
121509,420,2025-11-27,Pensión Escolar - Noviembre 2025,B001-2025118955,8955
121510,420,2025-12-31,Pensión Escolar - Diciembre 2025,B001-2025128955,8955
121511,420,2025-04-01,Pensión Escolar - Marzo 2025,B001-2025039207,9207
121512,420,2025-05-02,Pensión Escolar - Abril 2025,B001-2025049207,9207
121513,420,2025-05-30,Pensión Escolar - Mayo 2025,B001-2025059207,9207
121514,420,2025-06-27,Pensión Escolar - Junio 2025,B001-2025069207,9207
121515,420,2025-07-25,Pensión Escolar - Julio 2025,B001-2025079207,9207
121516,420,2025-08-22,Pensión Escolar - Agosto 2025,B001-2025089207,9207
121517,420,2025-10-02,Pensión Escolar - Setiembre 2025,B001-2025099207,9207
121518,420,2025-10-30,Pensión Escolar - Octubre 2025,B001-2025109207,9207
121519,420,2025-12-03,Pensión Escolar - Noviembre 2025,B001-2025119207,9207
121520,420,2025-12-19,Pensión Escolar - Diciembre 2025,B001-2025129207,9207
121521,420,2025-04-02,Pensión Escolar - Marzo 2025,B001-2025039137,9137
121522,420,2025-04-25,Pensión Escolar - Abril 2025,B001-2025049137,9137
121523,420,2025-05-19,Pensión Escolar - Mayo 2025,B001-2025059137,9137
121524,420,2025-06-25,Pensión Escolar - Junio 2025,B001-2025069137,9137
121525,420,2025-07-29,Pensión Escolar - Julio 2025,B001-2025079137,9137
121526,420,2025-08-22,Pensión Escolar - Agosto 2025,B001-2025089137,9137
121527,420,2025-09-29,Pensión Escolar - Setiembre 2025,B001-2025099137,9137
121528,420,2025-10-24,Pensión Escolar - Octubre 2025,B001-2025109137,9137
121529,420,2025-12-02,Pensión Escolar - Noviembre 2025,B001-2025119137,9137
121530,420,2025-12-19,Pensión Escolar - Diciembre 2025,B001-2025129137,9137
121531,420,2025-03-31,Pensión Escolar - Marzo 2025,B001-2025039127,9127
121532,420,2025-05-02,Pensión Escolar - Abril 2025,B001-2025049127,9127
121533,420,2025-06-26,Pensión Escolar - Junio 2025,B001-2025069127,9127
121534,420,2025-07-21,Pensión Escolar - Julio 2025,B001-2025079127,9127
121535,420,2025-08-26,Pensión Escolar - Agosto 2025,B001-2025089127,9127
121536,420,2025-10-03,Pensión Escolar - Setiembre 2025,B001-2025099127,9127
121537,420,2025-10-17,Pensión Escolar - Octubre 2025,B001-2025109127,9127
121538,420,2025-11-28,Pensión Escolar - Noviembre 2025,B001-2025119127,9127
121539,420,2025-12-24,Pensión Escolar - Diciembre 2025,B001-2025129127,9127
121540,420,2025-03-28,Pensión Escolar - Marzo 2025,B001-2025039282,9282
121541,420,2025-04-29,Pensión Escolar - Abril 2025,B001-2025049282,9282
121542,420,2025-05-30,Pensión Escolar - Mayo 2025,B001-2025059282,9282
121543,420,2025-06-27,Pensión Escolar - Junio 2025,B001-2025069282,9282
121544,420,2025-07-23,Pensión Escolar - Julio 2025,B001-2025079282,9282
121545,420,2025-08-29,Pensión Escolar - Agosto 2025,B001-2025089282,9282
121546,420,2025-09-19,Pensión Escolar - Setiembre 2025,B001-2025099282,9282
121547,420,2025-10-17,Pensión Escolar - Octubre 2025,B001-2025109282,9282
121548,420,2025-11-27,Pensión Escolar - Noviembre 2025,B001-2025119282,9282
121549,420,2025-12-22,Pensión Escolar - Diciembre 2025,B001-2025129282,9282
121550,420,2025-03-28,Pensión Escolar - Marzo 2025,B001-2025039181,9181
121551,420,2025-04-21,Pensión Escolar - Abril 2025,B001-2025049181,9181
121552,420,2025-05-21,Pensión Escolar - Mayo 2025,B001-2025059181,9181
121553,420,2025-06-20,Pensión Escolar - Junio 2025,B001-2025069181,9181
121554,420,2025-07-25,Pensión Escolar - Julio 2025,B001-2025079181,9181
121555,420,2025-08-28,Pensión Escolar - Agosto 2025,B001-2025089181,9181
121556,420,2025-09-26,Pensión Escolar - Setiembre 2025,B001-2025099181,9181
121557,420,2025-10-24,Pensión Escolar - Octubre 2025,B001-2025109181,9181
121558,420,2025-11-19,Pensión Escolar - Noviembre 2025,B001-2025119181,9181
121559,420,2025-12-31,Pensión Escolar - Diciembre 2025,B001-2025129181,9181
121560,420,2025-03-21,Pensión Escolar - Marzo 2025,B001-2025039332,9332
121561,420,2025-04-24,Pensión Escolar - Abril 2025,B001-2025049332,9332
121562,420,2025-05-30,Pensión Escolar - Mayo 2025,B001-2025059332,9332
121563,420,2025-07-03,Pensión Escolar - Junio 2025,B001-2025069332,9332
121564,420,2025-07-18,Pensión Escolar - Julio 2025,B001-2025079332,9332
121565,420,2025-08-28,Pensión Escolar - Agosto 2025,B001-2025089332,9332
121566,420,2025-09-25,Pensión Escolar - Setiembre 2025,B001-2025099332,9332
121567,420,2025-10-24,Pensión Escolar - Octubre 2025,B001-2025109332,9332
121568,420,2025-11-25,Pensión Escolar - Noviembre 2025,B001-2025119332,9332
121569,420,2025-12-25,Pensión Escolar - Diciembre 2025,B001-2025129332,9332
121570,420,2025-04-01,Pensión Escolar - Marzo 2025,B001-2025039325,9325
121571,420,2025-04-25,Pensión Escolar - Abril 2025,B001-2025049325,9325
121572,420,2025-05-23,Pensión Escolar - Mayo 2025,B001-2025059325,9325
121573,420,2025-06-27,Pensión Escolar - Junio 2025,B001-2025069325,9325
121574,420,2025-07-21,Pensión Escolar - Julio 2025,B001-2025079325,9325
121575,420,2025-08-21,Pensión Escolar - Agosto 2025,B001-2025089325,9325
121576,420,2025-09-19,Pensión Escolar - Setiembre 2025,B001-2025099325,9325
121577,420,2025-10-22,Pensión Escolar - Octubre 2025,B001-2025109325,9325
121578,420,2025-11-28,Pensión Escolar - Noviembre 2025,B001-2025119325,9325
121579,420,2025-12-24,Pensión Escolar - Diciembre 2025,B001-2025129325,9325
121580,420,2025-03-19,Pensión Escolar - Marzo 2025,B001-2025038953,8953
121581,420,2025-04-25,Pensión Escolar - Abril 2025,B001-2025048953,8953
121582,420,2025-05-22,Pensión Escolar - Mayo 2025,B001-2025058953,8953
121583,420,2025-06-27,Pensión Escolar - Junio 2025,B001-2025068953,8953
121584,420,2025-07-18,Pensión Escolar - Julio 2025,B001-2025078953,8953
121585,420,2025-08-21,Pensión Escolar - Agosto 2025,B001-2025088953,8953
121586,420,2025-09-19,Pensión Escolar - Setiembre 2025,B001-2025098953,8953
121587,420,2025-10-21,Pensión Escolar - Octubre 2025,B001-2025108953,8953
121588,420,2025-11-21,Pensión Escolar - Noviembre 2025,B001-2025118953,8953
121589,420,2025-12-19,Pensión Escolar - Diciembre 2025,B001-2025128953,8953
121590,420,2025-03-21,Pensión Escolar - Marzo 2025,B001-2025039186,9186
121591,420,2025-04-29,Pensión Escolar - Abril 2025,B001-2025049186,9186
121592,420,2025-05-26,Pensión Escolar - Mayo 2025,B001-2025059186,9186
121593,420,2025-07-30,Pensión Escolar - Julio 2025,B001-2025079186,9186
121594,420,2025-08-29,Pensión Escolar - Agosto 2025,B001-2025089186,9186
121595,420,2025-09-25,Pensión Escolar - Setiembre 2025,B001-2025099186,9186
121596,420,2025-10-29,Pensión Escolar - Octubre 2025,B001-2025109186,9186
121597,420,2025-11-25,Pensión Escolar - Noviembre 2025,B001-2025119186,9186
121598,420,2025-12-22,Pensión Escolar - Diciembre 2025,B001-2025129186,9186
121599,420,2025-03-20,Pensión Escolar - Marzo 2025,B001-2025039108,9108
121600,420,2025-04-29,Pensión Escolar - Abril 2025,B001-2025049108,9108
121601,420,2025-05-30,Pensión Escolar - Mayo 2025,B001-2025059108,9108
121602,420,2025-06-20,Pensión Escolar - Junio 2025,B001-2025069108,9108
121603,420,2025-07-25,Pensión Escolar - Julio 2025,B001-2025079108,9108
121604,420,2025-08-18,Pensión Escolar - Agosto 2025,B001-2025089108,9108
121605,420,2025-10-02,Pensión Escolar - Setiembre 2025,B001-2025099108,9108
121606,420,2025-10-17,Pensión Escolar - Octubre 2025,B001-2025109108,9108
121607,420,2025-11-21,Pensión Escolar - Noviembre 2025,B001-2025119108,9108
121608,420,2025-12-30,Pensión Escolar - Diciembre 2025,B001-2025129108,9108
121609,420,2025-04-02,Pensión Escolar - Marzo 2025,B001-2025038960,8960
121610,420,2025-05-02,Pensión Escolar - Abril 2025,B001-2025048960,8960
121611,420,2025-05-22,Pensión Escolar - Mayo 2025,B001-2025058960,8960
121612,420,2025-06-27,Pensión Escolar - Junio 2025,B001-2025068960,8960
121613,420,2025-07-28,Pensión Escolar - Julio 2025,B001-2025078960,8960
121614,420,2025-09-01,Pensión Escolar - Agosto 2025,B001-2025088960,8960
121615,420,2025-09-25,Pensión Escolar - Setiembre 2025,B001-2025098960,8960
121616,420,2025-10-28,Pensión Escolar - Octubre 2025,B001-2025108960,8960
121617,420,2025-11-21,Pensión Escolar - Noviembre 2025,B001-2025118960,8960
121618,420,2026-01-02,Pensión Escolar - Diciembre 2025,B001-2025128960,8960
121619,420,2025-04-01,Pensión Escolar - Marzo 2025,B001-2025039117,9117
121620,420,2025-04-25,Pensión Escolar - Abril 2025,B001-2025049117,9117
121621,420,2025-05-21,Pensión Escolar - Mayo 2025,B001-2025059117,9117
121622,420,2025-07-01,Pensión Escolar - Junio 2025,B001-2025069117,9117
121623,420,2025-07-23,Pensión Escolar - Julio 2025,B001-2025079117,9117
121624,420,2025-08-19,Pensión Escolar - Agosto 2025,B001-2025089117,9117
121625,420,2025-09-19,Pensión Escolar - Setiembre 2025,B001-2025099117,9117
121626,420,2025-10-23,Pensión Escolar - Octubre 2025,B001-2025109117,9117
121627,420,2025-11-21,Pensión Escolar - Noviembre 2025,B001-2025119117,9117
121628,420,2025-12-25,Pensión Escolar - Diciembre 2025,B001-2025129117,9117
121629,420,2025-03-19,Pensión Escolar - Marzo 2025,B001-2025039173,9173
121630,420,2025-04-30,Pensión Escolar - Abril 2025,B001-2025049173,9173
121631,420,2025-05-30,Pensión Escolar - Mayo 2025,B001-2025059173,9173
121632,420,2025-07-01,Pensión Escolar - Junio 2025,B001-2025069173,9173
121633,420,2025-07-18,Pensión Escolar - Julio 2025,B001-2025079173,9173
121634,420,2025-08-29,Pensión Escolar - Agosto 2025,B001-2025089173,9173
121635,420,2025-09-19,Pensión Escolar - Setiembre 2025,B001-2025099173,9173
121636,420,2025-10-30,Pensión Escolar - Octubre 2025,B001-2025109173,9173
121637,420,2025-11-21,Pensión Escolar - Noviembre 2025,B001-2025119173,9173
121638,420,2025-12-24,Pensión Escolar - Diciembre 2025,B001-2025129173,9173
121639,420,2025-03-25,Pensión Escolar - Marzo 2025,B001-2025039022,9022
121640,420,2025-04-25,Pensión Escolar - Abril 2025,B001-2025049022,9022
121641,420,2025-05-20,Pensión Escolar - Mayo 2025,B001-2025059022,9022
121642,420,2025-06-20,Pensión Escolar - Junio 2025,B001-2025069022,9022
121643,420,2025-07-23,Pensión Escolar - Julio 2025,B001-2025079022,9022
121644,420,2025-08-29,Pensión Escolar - Agosto 2025,B001-2025089022,9022
121645,420,2025-10-01,Pensión Escolar - Setiembre 2025,B001-2025099022,9022
121646,420,2025-10-30,Pensión Escolar - Octubre 2025,B001-2025109022,9022
121647,420,2025-11-19,Pensión Escolar - Noviembre 2025,B001-2025119022,9022
121648,420,2025-12-23,Pensión Escolar - Diciembre 2025,B001-2025129022,9022
121649,420,2025-03-25,Pensión Escolar - Marzo 2025,B001-2025039291,9291
121650,420,2025-04-18,Pensión Escolar - Abril 2025,B001-2025049291,9291
121651,420,2025-06-02,Pensión Escolar - Mayo 2025,B001-2025059291,9291
121652,420,2025-07-02,Pensión Escolar - Junio 2025,B001-2025069291,9291
121653,420,2025-07-18,Pensión Escolar - Julio 2025,B001-2025079291,9291
121654,420,2025-08-19,Pensión Escolar - Agosto 2025,B001-2025089291,9291
121655,420,2025-09-30,Pensión Escolar - Setiembre 2025,B001-2025099291,9291
121656,420,2025-10-21,Pensión Escolar - Octubre 2025,B001-2025109291,9291
121657,420,2025-12-02,Pensión Escolar - Noviembre 2025,B001-2025119291,9291
121658,420,2025-12-23,Pensión Escolar - Diciembre 2025,B001-2025129291,9291
121659,420,2025-03-19,Pensión Escolar - Marzo 2025,B001-2025039125,9125
121660,420,2025-05-02,Pensión Escolar - Abril 2025,B001-2025049125,9125
121661,420,2025-05-30,Pensión Escolar - Mayo 2025,B001-2025059125,9125
121662,420,2025-06-19,Pensión Escolar - Junio 2025,B001-2025069125,9125
121663,420,2025-07-23,Pensión Escolar - Julio 2025,B001-2025079125,9125
121664,420,2025-08-29,Pensión Escolar - Agosto 2025,B001-2025089125,9125
121665,420,2025-09-29,Pensión Escolar - Setiembre 2025,B001-2025099125,9125
121666,420,2025-10-31,Pensión Escolar - Octubre 2025,B001-2025109125,9125
121667,420,2025-11-18,Pensión Escolar - Noviembre 2025,B001-2025119125,9125
121668,420,2025-12-19,Pensión Escolar - Diciembre 2025,B001-2025129125,9125
121669,420,2025-04-02,Pensión Escolar - Marzo 2025,B001-2025039178,9178
121670,420,2025-04-25,Pensión Escolar - Abril 2025,B001-2025049178,9178
121671,420,2025-06-02,Pensión Escolar - Mayo 2025,B001-2025059178,9178
121672,420,2025-06-23,Pensión Escolar - Junio 2025,B001-2025069178,9178
121673,420,2025-07-22,Pensión Escolar - Julio 2025,B001-2025079178,9178
121674,420,2025-08-29,Pensión Escolar - Agosto 2025,B001-2025089178,9178
121675,420,2025-09-22,Pensión Escolar - Setiembre 2025,B001-2025099178,9178
121676,420,2025-10-24,Pensión Escolar - Octubre 2025,B001-2025109178,9178
121677,420,2025-12-26,Pensión Escolar - Diciembre 2025,B001-2025129178,9178
121678,420,2025-03-28,Pensión Escolar - Marzo 2025,B001-2025039208,9208
121679,420,2025-04-25,Pensión Escolar - Abril 2025,B001-2025049208,9208
121680,420,2025-05-16,Pensión Escolar - Mayo 2025,B001-2025059208,9208
121681,420,2025-06-27,Pensión Escolar - Junio 2025,B001-2025069208,9208
121682,420,2025-08-01,Pensión Escolar - Julio 2025,B001-2025079208,9208
121683,420,2025-09-24,Pensión Escolar - Setiembre 2025,B001-2025099208,9208
121684,420,2025-10-31,Pensión Escolar - Octubre 2025,B001-2025109208,9208
121685,420,2025-11-21,Pensión Escolar - Noviembre 2025,B001-2025119208,9208
121686,420,2025-12-30,Pensión Escolar - Diciembre 2025,B001-2025129208,9208
121687,420,2025-03-21,Pensión Escolar - Marzo 2025,B001-2025038963,8963
121688,420,2025-05-02,Pensión Escolar - Abril 2025,B001-2025048963,8963
121689,420,2025-05-29,Pensión Escolar - Mayo 2025,B001-2025058963,8963
121690,420,2025-07-02,Pensión Escolar - Junio 2025,B001-2025068963,8963
121691,420,2025-07-31,Pensión Escolar - Julio 2025,B001-2025078963,8963
121692,420,2025-08-29,Pensión Escolar - Agosto 2025,B001-2025088963,8963
121693,420,2025-09-19,Pensión Escolar - Setiembre 2025,B001-2025098963,8963
121694,420,2025-10-27,Pensión Escolar - Octubre 2025,B001-2025108963,8963
121695,420,2025-12-03,Pensión Escolar - Noviembre 2025,B001-2025118963,8963
121696,420,2025-12-23,Pensión Escolar - Diciembre 2025,B001-2025128963,8963
121697,420,2025-03-20,Pensión Escolar - Marzo 2025,B001-2025039033,9033
121698,420,2025-04-25,Pensión Escolar - Abril 2025,B001-2025049033,9033
121699,420,2025-05-23,Pensión Escolar - Mayo 2025,B001-2025059033,9033
121700,420,2025-07-03,Pensión Escolar - Junio 2025,B001-2025069033,9033
121701,420,2025-07-23,Pensión Escolar - Julio 2025,B001-2025079033,9033
121702,420,2025-08-18,Pensión Escolar - Agosto 2025,B001-2025089033,9033
121703,420,2025-09-22,Pensión Escolar - Setiembre 2025,B001-2025099033,9033
121704,420,2025-10-24,Pensión Escolar - Octubre 2025,B001-2025109033,9033
121705,420,2025-11-28,Pensión Escolar - Noviembre 2025,B001-2025119033,9033
121706,420,2025-12-23,Pensión Escolar - Diciembre 2025,B001-2025129033,9033
121707,420,2025-03-25,Pensión Escolar - Marzo 2025,B001-2025039024,9024
121708,420,2025-04-25,Pensión Escolar - Abril 2025,B001-2025049024,9024
121709,420,2025-05-22,Pensión Escolar - Mayo 2025,B001-2025059024,9024
121710,420,2025-06-27,Pensión Escolar - Junio 2025,B001-2025069024,9024
121711,420,2025-07-29,Pensión Escolar - Julio 2025,B001-2025079024,9024
121712,420,2025-08-29,Pensión Escolar - Agosto 2025,B001-2025089024,9024
121713,420,2025-09-22,Pensión Escolar - Setiembre 2025,B001-2025099024,9024
121714,420,2025-10-31,Pensión Escolar - Octubre 2025,B001-2025109024,9024
121715,420,2025-11-28,Pensión Escolar - Noviembre 2025,B001-2025119024,9024
121716,420,2025-12-19,Pensión Escolar - Diciembre 2025,B001-2025129024,9024
121717,420,2025-03-25,Pensión Escolar - Marzo 2025,B001-2025039270,9270
121718,420,2025-05-02,Pensión Escolar - Abril 2025,B001-2025049270,9270
121719,420,2025-05-30,Pensión Escolar - Mayo 2025,B001-2025059270,9270
121720,420,2025-06-18,Pensión Escolar - Junio 2025,B001-2025069270,9270
121721,420,2025-07-24,Pensión Escolar - Julio 2025,B001-2025079270,9270
121722,420,2025-08-27,Pensión Escolar - Agosto 2025,B001-2025089270,9270
121723,420,2025-09-26,Pensión Escolar - Setiembre 2025,B001-2025099270,9270
121724,420,2025-10-27,Pensión Escolar - Octubre 2025,B001-2025109270,9270
121725,420,2025-12-03,Pensión Escolar - Noviembre 2025,B001-2025119270,9270
121726,420,2025-12-19,Pensión Escolar - Diciembre 2025,B001-2025129270,9270
121727,420,2025-03-31,Pensión Escolar - Marzo 2025,B001-2025039340,9340
121728,420,2025-04-25,Pensión Escolar - Abril 2025,B001-2025049340,9340
121729,420,2025-05-23,Pensión Escolar - Mayo 2025,B001-2025059340,9340
121730,420,2025-06-18,Pensión Escolar - Junio 2025,B001-2025069340,9340
121731,420,2025-07-25,Pensión Escolar - Julio 2025,B001-2025079340,9340
121732,420,2025-08-29,Pensión Escolar - Agosto 2025,B001-2025089340,9340
121733,420,2025-09-23,Pensión Escolar - Setiembre 2025,B001-2025099340,9340
121734,420,2025-10-24,Pensión Escolar - Octubre 2025,B001-2025109340,9340
121735,420,2025-11-21,Pensión Escolar - Noviembre 2025,B001-2025119340,9340
121736,420,2025-12-19,Pensión Escolar - Diciembre 2025,B001-2025129340,9340
121737,420,2025-03-24,Pensión Escolar - Marzo 2025,B001-2025038989,8989
121738,420,2025-04-24,Pensión Escolar - Abril 2025,B001-2025048989,8989
121739,420,2025-05-22,Pensión Escolar - Mayo 2025,B001-2025058989,8989
121740,420,2025-07-03,Pensión Escolar - Junio 2025,B001-2025068989,8989
121741,420,2025-07-31,Pensión Escolar - Julio 2025,B001-2025078989,8989
121742,420,2025-09-02,Pensión Escolar - Agosto 2025,B001-2025088989,8989
121743,420,2025-09-26,Pensión Escolar - Setiembre 2025,B001-2025098989,8989
121744,420,2025-10-20,Pensión Escolar - Octubre 2025,B001-2025108989,8989
121745,420,2025-11-28,Pensión Escolar - Noviembre 2025,B001-2025118989,8989
121746,420,2026-01-02,Pensión Escolar - Diciembre 2025,B001-2025128989,8989
121747,420,2025-03-28,Pensión Escolar - Marzo 2025,B001-2025039059,9059
121748,420,2025-04-30,Pensión Escolar - Abril 2025,B001-2025049059,9059
121749,420,2025-05-27,Pensión Escolar - Mayo 2025,B001-2025059059,9059
121750,420,2025-06-19,Pensión Escolar - Junio 2025,B001-2025069059,9059
121751,420,2025-07-25,Pensión Escolar - Julio 2025,B001-2025079059,9059
121752,420,2025-08-21,Pensión Escolar - Agosto 2025,B001-2025089059,9059
121753,420,2025-10-02,Pensión Escolar - Setiembre 2025,B001-2025099059,9059
121754,420,2025-10-17,Pensión Escolar - Octubre 2025,B001-2025109059,9059
121755,420,2025-11-25,Pensión Escolar - Noviembre 2025,B001-2025119059,9059
121756,420,2025-12-24,Pensión Escolar - Diciembre 2025,B001-2025129059,9059
121757,420,2025-03-25,Pensión Escolar - Marzo 2025,B001-2025039261,9261
121758,420,2025-05-01,Pensión Escolar - Abril 2025,B001-2025049261,9261
121759,420,2025-05-19,Pensión Escolar - Mayo 2025,B001-2025059261,9261
121760,420,2025-06-27,Pensión Escolar - Junio 2025,B001-2025069261,9261
121761,420,2025-07-21,Pensión Escolar - Julio 2025,B001-2025079261,9261
121762,420,2025-08-29,Pensión Escolar - Agosto 2025,B001-2025089261,9261
121763,420,2025-09-26,Pensión Escolar - Setiembre 2025,B001-2025099261,9261
121764,420,2025-10-27,Pensión Escolar - Octubre 2025,B001-2025109261,9261
121765,420,2025-12-01,Pensión Escolar - Noviembre 2025,B001-2025119261,9261
121766,420,2025-12-26,Pensión Escolar - Diciembre 2025,B001-2025129261,9261
121767,420,2025-04-02,Pensión Escolar - Marzo 2025,B001-2025039306,9306
121768,420,2025-04-21,Pensión Escolar - Abril 2025,B001-2025049306,9306
121769,420,2025-05-27,Pensión Escolar - Mayo 2025,B001-2025059306,9306
121770,420,2025-06-20,Pensión Escolar - Junio 2025,B001-2025069306,9306
121771,420,2025-08-01,Pensión Escolar - Julio 2025,B001-2025079306,9306
121772,420,2025-08-20,Pensión Escolar - Agosto 2025,B001-2025089306,9306
121773,420,2025-10-01,Pensión Escolar - Setiembre 2025,B001-2025099306,9306
121774,420,2025-10-17,Pensión Escolar - Octubre 2025,B001-2025109306,9306
121775,420,2025-11-25,Pensión Escolar - Noviembre 2025,B001-2025119306,9306
121776,420,2025-12-19,Pensión Escolar - Diciembre 2025,B001-2025129306,9306
121777,420,2025-03-21,Pensión Escolar - Marzo 2025,B001-2025038995,8995
121778,420,2025-04-29,Pensión Escolar - Abril 2025,B001-2025048995,8995
121779,420,2025-05-16,Pensión Escolar - Mayo 2025,B001-2025058995,8995
121780,420,2025-06-27,Pensión Escolar - Junio 2025,B001-2025068995,8995
121781,420,2025-08-01,Pensión Escolar - Julio 2025,B001-2025078995,8995
121782,420,2025-08-22,Pensión Escolar - Agosto 2025,B001-2025088995,8995
121783,420,2025-09-24,Pensión Escolar - Setiembre 2025,B001-2025098995,8995
121784,420,2025-10-23,Pensión Escolar - Octubre 2025,B001-2025108995,8995
121785,420,2025-11-19,Pensión Escolar - Noviembre 2025,B001-2025118995,8995
121786,420,2025-12-22,Pensión Escolar - Diciembre 2025,B001-2025128995,8995
121787,420,2025-04-01,Pensión Escolar - Marzo 2025,B001-2025039047,9047
121788,420,2025-04-18,Pensión Escolar - Abril 2025,B001-2025049047,9047
121789,420,2025-05-28,Pensión Escolar - Mayo 2025,B001-2025059047,9047
121790,420,2025-08-01,Pensión Escolar - Julio 2025,B001-2025079047,9047
121791,420,2025-09-02,Pensión Escolar - Agosto 2025,B001-2025089047,9047
121792,420,2025-10-02,Pensión Escolar - Setiembre 2025,B001-2025099047,9047
121793,420,2025-10-28,Pensión Escolar - Octubre 2025,B001-2025109047,9047
121794,420,2025-11-21,Pensión Escolar - Noviembre 2025,B001-2025119047,9047
121795,420,2025-12-29,Pensión Escolar - Diciembre 2025,B001-2025129047,9047
121796,420,2025-03-20,Pensión Escolar - Marzo 2025,B001-2025039183,9183
121797,420,2025-04-18,Pensión Escolar - Abril 2025,B001-2025049183,9183
121798,420,2025-05-23,Pensión Escolar - Mayo 2025,B001-2025059183,9183
121799,420,2025-06-24,Pensión Escolar - Junio 2025,B001-2025069183,9183
121800,420,2025-07-25,Pensión Escolar - Julio 2025,B001-2025079183,9183
121801,420,2025-08-22,Pensión Escolar - Agosto 2025,B001-2025089183,9183
121802,420,2025-09-26,Pensión Escolar - Setiembre 2025,B001-2025099183,9183
121803,420,2025-10-30,Pensión Escolar - Octubre 2025,B001-2025109183,9183
121804,420,2025-11-20,Pensión Escolar - Noviembre 2025,B001-2025119183,9183
121805,420,2025-12-25,Pensión Escolar - Diciembre 2025,B001-2025129183,9183
121806,420,2025-03-21,Pensión Escolar - Marzo 2025,B001-2025039273,9273
121807,420,2025-04-23,Pensión Escolar - Abril 2025,B001-2025049273,9273
121808,420,2025-05-28,Pensión Escolar - Mayo 2025,B001-2025059273,9273
121809,420,2025-06-24,Pensión Escolar - Junio 2025,B001-2025069273,9273
121810,420,2025-07-31,Pensión Escolar - Julio 2025,B001-2025079273,9273
121811,420,2025-08-22,Pensión Escolar - Agosto 2025,B001-2025089273,9273
121812,420,2025-10-01,Pensión Escolar - Setiembre 2025,B001-2025099273,9273
121813,420,2025-10-27,Pensión Escolar - Octubre 2025,B001-2025109273,9273
121814,420,2025-11-28,Pensión Escolar - Noviembre 2025,B001-2025119273,9273
121815,420,2025-12-23,Pensión Escolar - Diciembre 2025,B001-2025129273,9273
121816,420,2025-03-19,Pensión Escolar - Marzo 2025,B001-2025039179,9179
121817,420,2025-04-22,Pensión Escolar - Abril 2025,B001-2025049179,9179
121818,420,2025-05-20,Pensión Escolar - Mayo 2025,B001-2025059179,9179
121819,420,2025-06-20,Pensión Escolar - Junio 2025,B001-2025069179,9179
121820,420,2025-07-22,Pensión Escolar - Julio 2025,B001-2025079179,9179
121821,420,2025-08-25,Pensión Escolar - Agosto 2025,B001-2025089179,9179
121822,420,2025-09-29,Pensión Escolar - Setiembre 2025,B001-2025099179,9179
121823,420,2025-10-22,Pensión Escolar - Octubre 2025,B001-2025109179,9179
121824,420,2025-11-21,Pensión Escolar - Noviembre 2025,B001-2025119179,9179
121825,420,2025-12-23,Pensión Escolar - Diciembre 2025,B001-2025129179,9179
121826,420,2025-03-28,Pensión Escolar - Marzo 2025,B001-2025039136,9136
121827,420,2025-04-25,Pensión Escolar - Abril 2025,B001-2025049136,9136
121828,420,2025-05-30,Pensión Escolar - Mayo 2025,B001-2025059136,9136
121829,420,2025-07-01,Pensión Escolar - Junio 2025,B001-2025069136,9136
121830,420,2025-07-21,Pensión Escolar - Julio 2025,B001-2025079136,9136
121831,420,2025-08-28,Pensión Escolar - Agosto 2025,B001-2025089136,9136
121832,420,2025-09-29,Pensión Escolar - Setiembre 2025,B001-2025099136,9136
121833,420,2025-10-23,Pensión Escolar - Octubre 2025,B001-2025109136,9136
121834,420,2025-11-25,Pensión Escolar - Noviembre 2025,B001-2025119136,9136
121835,420,2025-12-18,Pensión Escolar - Diciembre 2025,B001-2025129136,9136
121836,420,2025-03-25,Pensión Escolar - Marzo 2025,B001-2025039289,9289
121837,420,2025-04-18,Pensión Escolar - Abril 2025,B001-2025049289,9289
121838,420,2025-05-30,Pensión Escolar - Mayo 2025,B001-2025059289,9289
121839,420,2025-06-19,Pensión Escolar - Junio 2025,B001-2025069289,9289
121840,420,2025-08-01,Pensión Escolar - Julio 2025,B001-2025079289,9289
121841,420,2025-08-20,Pensión Escolar - Agosto 2025,B001-2025089289,9289
121842,420,2025-09-19,Pensión Escolar - Setiembre 2025,B001-2025099289,9289
121843,420,2025-10-30,Pensión Escolar - Octubre 2025,B001-2025109289,9289
121844,420,2025-11-24,Pensión Escolar - Noviembre 2025,B001-2025119289,9289
121845,420,2025-12-26,Pensión Escolar - Diciembre 2025,B001-2025129289,9289
121846,420,2025-03-25,Pensión Escolar - Marzo 2025,B001-2025039143,9143
121847,420,2025-04-18,Pensión Escolar - Abril 2025,B001-2025049143,9143
121848,420,2025-05-30,Pensión Escolar - Mayo 2025,B001-2025059143,9143
121849,420,2025-06-27,Pensión Escolar - Junio 2025,B001-2025069143,9143
121850,420,2025-07-29,Pensión Escolar - Julio 2025,B001-2025079143,9143
121851,420,2025-08-29,Pensión Escolar - Agosto 2025,B001-2025089143,9143
121852,420,2025-09-26,Pensión Escolar - Setiembre 2025,B001-2025099143,9143
121853,420,2025-10-31,Pensión Escolar - Octubre 2025,B001-2025109143,9143
121854,420,2025-11-21,Pensión Escolar - Noviembre 2025,B001-2025119143,9143
121855,420,2025-12-19,Pensión Escolar - Diciembre 2025,B001-2025129143,9143
121856,420,2025-03-28,Pensión Escolar - Marzo 2025,B001-2025039138,9138
121857,420,2025-04-21,Pensión Escolar - Abril 2025,B001-2025049138,9138
121858,420,2025-06-02,Pensión Escolar - Mayo 2025,B001-2025059138,9138
121859,420,2025-06-20,Pensión Escolar - Junio 2025,B001-2025069138,9138
121860,420,2025-07-31,Pensión Escolar - Julio 2025,B001-2025079138,9138
121861,420,2025-08-22,Pensión Escolar - Agosto 2025,B001-2025089138,9138
121862,420,2025-09-30,Pensión Escolar - Setiembre 2025,B001-2025099138,9138
121863,420,2025-10-31,Pensión Escolar - Octubre 2025,B001-2025109138,9138
121864,420,2025-12-03,Pensión Escolar - Noviembre 2025,B001-2025119138,9138
121865,420,2025-12-23,Pensión Escolar - Diciembre 2025,B001-2025129138,9138
121866,420,2025-03-21,Pensión Escolar - Marzo 2025,B001-2025039177,9177
121867,420,2025-04-21,Pensión Escolar - Abril 2025,B001-2025049177,9177
121868,420,2025-05-22,Pensión Escolar - Mayo 2025,B001-2025059177,9177
121869,420,2025-06-20,Pensión Escolar - Junio 2025,B001-2025069177,9177
121870,420,2025-07-22,Pensión Escolar - Julio 2025,B001-2025079177,9177
121871,420,2025-08-26,Pensión Escolar - Agosto 2025,B001-2025089177,9177
121872,420,2025-09-19,Pensión Escolar - Setiembre 2025,B001-2025099177,9177
121873,420,2025-10-17,Pensión Escolar - Octubre 2025,B001-2025109177,9177
121874,420,2025-11-25,Pensión Escolar - Noviembre 2025,B001-2025119177,9177
121875,420,2026-01-01,Pensión Escolar - Diciembre 2025,B001-2025129177,9177
121876,420,2025-03-27,Pensión Escolar - Marzo 2025,B001-2025039302,9302
121877,420,2025-04-29,Pensión Escolar - Abril 2025,B001-2025049302,9302
121878,420,2025-05-21,Pensión Escolar - Mayo 2025,B001-2025059302,9302
121879,420,2025-06-25,Pensión Escolar - Junio 2025,B001-2025069302,9302
121880,420,2025-07-28,Pensión Escolar - Julio 2025,B001-2025079302,9302
121881,420,2025-08-26,Pensión Escolar - Agosto 2025,B001-2025089302,9302
121882,420,2025-09-18,Pensión Escolar - Setiembre 2025,B001-2025099302,9302
121883,420,2025-10-22,Pensión Escolar - Octubre 2025,B001-2025109302,9302
121884,420,2025-11-21,Pensión Escolar - Noviembre 2025,B001-2025119302,9302
121885,420,2026-01-01,Pensión Escolar - Diciembre 2025,B001-2025129302,9302
121886,420,2025-04-02,Pensión Escolar - Marzo 2025,B001-2025038999,8999
121887,420,2025-05-01,Pensión Escolar - Abril 2025,B001-2025048999,8999
121888,420,2025-05-23,Pensión Escolar - Mayo 2025,B001-2025058999,8999
121889,420,2025-06-27,Pensión Escolar - Junio 2025,B001-2025068999,8999
121890,420,2025-07-30,Pensión Escolar - Julio 2025,B001-2025078999,8999
121891,420,2025-08-22,Pensión Escolar - Agosto 2025,B001-2025088999,8999
121892,420,2025-09-19,Pensión Escolar - Setiembre 2025,B001-2025098999,8999
121893,420,2025-10-28,Pensión Escolar - Octubre 2025,B001-2025108999,8999
121894,420,2025-11-24,Pensión Escolar - Noviembre 2025,B001-2025118999,8999
121895,420,2025-12-19,Pensión Escolar - Diciembre 2025,B001-2025128999,8999
121896,420,2025-03-25,Pensión Escolar - Marzo 2025,B001-2025039290,9290
121897,420,2025-05-02,Pensión Escolar - Abril 2025,B001-2025049290,9290
121898,420,2025-05-27,Pensión Escolar - Mayo 2025,B001-2025059290,9290
121899,420,2025-06-23,Pensión Escolar - Junio 2025,B001-2025069290,9290
121900,420,2025-07-18,Pensión Escolar - Julio 2025,B001-2025079290,9290
121901,420,2025-08-22,Pensión Escolar - Agosto 2025,B001-2025089290,9290
121902,420,2025-09-19,Pensión Escolar - Setiembre 2025,B001-2025099290,9290
121903,420,2025-10-24,Pensión Escolar - Octubre 2025,B001-2025109290,9290
121904,420,2025-11-21,Pensión Escolar - Noviembre 2025,B001-2025119290,9290
121905,420,2025-12-25,Pensión Escolar - Diciembre 2025,B001-2025129290,9290
121906,420,2025-03-28,Pensión Escolar - Marzo 2025,B001-2025039146,9146
121907,420,2025-04-25,Pensión Escolar - Abril 2025,B001-2025049146,9146
121908,420,2025-05-27,Pensión Escolar - Mayo 2025,B001-2025059146,9146
121909,420,2025-06-20,Pensión Escolar - Junio 2025,B001-2025069146,9146
121910,420,2025-07-18,Pensión Escolar - Julio 2025,B001-2025079146,9146
121911,420,2025-08-20,Pensión Escolar - Agosto 2025,B001-2025089146,9146
121912,420,2025-10-01,Pensión Escolar - Setiembre 2025,B001-2025099146,9146
121913,420,2025-10-28,Pensión Escolar - Octubre 2025,B001-2025109146,9146
121914,420,2025-11-24,Pensión Escolar - Noviembre 2025,B001-2025119146,9146
121915,420,2025-12-25,Pensión Escolar - Diciembre 2025,B001-2025129146,9146
121916,420,2025-03-18,Pensión Escolar - Marzo 2025,B001-2025039055,9055
121917,420,2025-04-28,Pensión Escolar - Abril 2025,B001-2025049055,9055
121918,420,2025-05-26,Pensión Escolar - Mayo 2025,B001-2025059055,9055
121919,420,2025-06-19,Pensión Escolar - Junio 2025,B001-2025069055,9055
121920,420,2025-07-24,Pensión Escolar - Julio 2025,B001-2025079055,9055
121921,420,2025-08-27,Pensión Escolar - Agosto 2025,B001-2025089055,9055
121922,420,2025-09-26,Pensión Escolar - Setiembre 2025,B001-2025099055,9055
121923,420,2025-10-24,Pensión Escolar - Octubre 2025,B001-2025109055,9055
121924,420,2025-12-03,Pensión Escolar - Noviembre 2025,B001-2025119055,9055
121925,420,2025-12-23,Pensión Escolar - Diciembre 2025,B001-2025129055,9055
121926,420,2025-03-28,Pensión Escolar - Marzo 2025,B001-2025038998,8998
121927,420,2025-05-02,Pensión Escolar - Abril 2025,B001-2025048998,8998
121928,420,2025-05-28,Pensión Escolar - Mayo 2025,B001-2025058998,8998
121929,420,2025-06-23,Pensión Escolar - Junio 2025,B001-2025068998,8998
121930,420,2025-07-25,Pensión Escolar - Julio 2025,B001-2025078998,8998
121931,420,2025-09-02,Pensión Escolar - Agosto 2025,B001-2025088998,8998
121932,420,2025-09-29,Pensión Escolar - Setiembre 2025,B001-2025098998,8998
121933,420,2025-10-28,Pensión Escolar - Octubre 2025,B001-2025108998,8998
121934,420,2025-11-19,Pensión Escolar - Noviembre 2025,B001-2025118998,8998
121935,420,2025-12-29,Pensión Escolar - Diciembre 2025,B001-2025128998,8998
121936,420,2025-03-28,Pensión Escolar - Marzo 2025,B001-2025039070,9070
121937,420,2025-05-02,Pensión Escolar - Abril 2025,B001-2025049070,9070
121938,420,2025-06-02,Pensión Escolar - Mayo 2025,B001-2025059070,9070
121939,420,2025-06-27,Pensión Escolar - Junio 2025,B001-2025069070,9070
121940,420,2025-07-22,Pensión Escolar - Julio 2025,B001-2025079070,9070
121941,420,2025-08-29,Pensión Escolar - Agosto 2025,B001-2025089070,9070
121942,420,2025-09-19,Pensión Escolar - Setiembre 2025,B001-2025099070,9070
121943,420,2025-10-17,Pensión Escolar - Octubre 2025,B001-2025109070,9070
121944,420,2025-11-24,Pensión Escolar - Noviembre 2025,B001-2025119070,9070
121945,420,2025-12-19,Pensión Escolar - Diciembre 2025,B001-2025129070,9070
121946,420,2025-03-31,Pensión Escolar - Marzo 2025,B001-2025039076,9076
121947,420,2025-04-18,Pensión Escolar - Abril 2025,B001-2025049076,9076
121948,420,2025-06-02,Pensión Escolar - Mayo 2025,B001-2025059076,9076
121949,420,2025-06-18,Pensión Escolar - Junio 2025,B001-2025069076,9076
121950,420,2025-07-23,Pensión Escolar - Julio 2025,B001-2025079076,9076
121951,420,2025-08-25,Pensión Escolar - Agosto 2025,B001-2025089076,9076
121952,420,2025-09-30,Pensión Escolar - Setiembre 2025,B001-2025099076,9076
121953,420,2025-10-17,Pensión Escolar - Octubre 2025,B001-2025109076,9076
121954,420,2025-11-21,Pensión Escolar - Noviembre 2025,B001-2025119076,9076
121955,420,2026-01-01,Pensión Escolar - Diciembre 2025,B001-2025129076,9076
121956,420,2025-03-21,Pensión Escolar - Marzo 2025,B001-2025039096,9096
121957,420,2025-04-29,Pensión Escolar - Abril 2025,B001-2025049096,9096
121958,420,2025-05-28,Pensión Escolar - Mayo 2025,B001-2025059096,9096
121959,420,2025-06-20,Pensión Escolar - Junio 2025,B001-2025069096,9096
121960,420,2025-08-01,Pensión Escolar - Julio 2025,B001-2025079096,9096
121961,420,2025-09-01,Pensión Escolar - Agosto 2025,B001-2025089096,9096
121962,420,2025-09-18,Pensión Escolar - Setiembre 2025,B001-2025099096,9096
121963,420,2025-10-29,Pensión Escolar - Octubre 2025,B001-2025109096,9096
121964,420,2025-11-21,Pensión Escolar - Noviembre 2025,B001-2025119096,9096
121965,420,2026-01-01,Pensión Escolar - Diciembre 2025,B001-2025129096,9096
121966,420,2025-03-31,Pensión Escolar - Marzo 2025,B001-2025039150,9150
121967,420,2025-04-25,Pensión Escolar - Abril 2025,B001-2025049150,9150
121968,420,2025-05-23,Pensión Escolar - Mayo 2025,B001-2025059150,9150
121969,420,2025-06-26,Pensión Escolar - Junio 2025,B001-2025069150,9150
121970,420,2025-07-28,Pensión Escolar - Julio 2025,B001-2025079150,9150
121971,420,2025-08-18,Pensión Escolar - Agosto 2025,B001-2025089150,9150
121972,420,2025-09-23,Pensión Escolar - Setiembre 2025,B001-2025099150,9150
121973,420,2025-10-23,Pensión Escolar - Octubre 2025,B001-2025109150,9150
121974,420,2025-11-28,Pensión Escolar - Noviembre 2025,B001-2025119150,9150
121975,420,2025-12-26,Pensión Escolar - Diciembre 2025,B001-2025129150,9150
121976,420,2025-04-02,Pensión Escolar - Marzo 2025,B001-2025039304,9304
121977,420,2025-04-18,Pensión Escolar - Abril 2025,B001-2025049304,9304
121978,420,2025-05-30,Pensión Escolar - Mayo 2025,B001-2025059304,9304
121979,420,2025-06-20,Pensión Escolar - Junio 2025,B001-2025069304,9304
121980,420,2025-07-29,Pensión Escolar - Julio 2025,B001-2025079304,9304
121981,420,2025-08-29,Pensión Escolar - Agosto 2025,B001-2025089304,9304
121982,420,2025-10-01,Pensión Escolar - Setiembre 2025,B001-2025099304,9304
121983,420,2025-10-24,Pensión Escolar - Octubre 2025,B001-2025109304,9304
121984,420,2025-11-27,Pensión Escolar - Noviembre 2025,B001-2025119304,9304
121985,420,2025-12-24,Pensión Escolar - Diciembre 2025,B001-2025129304,9304
121986,420,2025-03-21,Pensión Escolar - Marzo 2025,B001-2025039189,9189
121987,420,2025-04-21,Pensión Escolar - Abril 2025,B001-2025049189,9189
121988,420,2025-05-20,Pensión Escolar - Mayo 2025,B001-2025059189,9189
121989,420,2025-06-20,Pensión Escolar - Junio 2025,B001-2025069189,9189
121990,420,2025-07-18,Pensión Escolar - Julio 2025,B001-2025079189,9189
121991,420,2025-08-22,Pensión Escolar - Agosto 2025,B001-2025089189,9189
121992,420,2025-09-26,Pensión Escolar - Setiembre 2025,B001-2025099189,9189
121993,420,2025-10-31,Pensión Escolar - Octubre 2025,B001-2025109189,9189
121994,420,2025-12-02,Pensión Escolar - Noviembre 2025,B001-2025119189,9189
121995,420,2025-12-22,Pensión Escolar - Diciembre 2025,B001-2025129189,9189
121996,420,2025-03-18,Pensión Escolar - Marzo 2025,B001-2025039188,9188
121997,420,2025-04-18,Pensión Escolar - Abril 2025,B001-2025049188,9188
121998,420,2025-05-16,Pensión Escolar - Mayo 2025,B001-2025059188,9188
121999,420,2025-06-20,Pensión Escolar - Junio 2025,B001-2025069188,9188
122000,420,2025-07-28,Pensión Escolar - Julio 2025,B001-2025079188,9188
122001,420,2025-08-22,Pensión Escolar - Agosto 2025,B001-2025089188,9188
122002,420,2025-10-01,Pensión Escolar - Setiembre 2025,B001-2025099188,9188
122003,420,2025-10-23,Pensión Escolar - Octubre 2025,B001-2025109188,9188
122004,420,2025-11-19,Pensión Escolar - Noviembre 2025,B001-2025119188,9188
122005,420,2025-12-26,Pensión Escolar - Diciembre 2025,B001-2025129188,9188
122006,420,2025-03-21,Pensión Escolar - Marzo 2025,B001-2025039120,9120
122007,420,2025-05-01,Pensión Escolar - Abril 2025,B001-2025049120,9120
122008,420,2025-05-26,Pensión Escolar - Mayo 2025,B001-2025059120,9120
122009,420,2025-06-23,Pensión Escolar - Junio 2025,B001-2025069120,9120
122010,420,2025-07-28,Pensión Escolar - Julio 2025,B001-2025079120,9120
122011,420,2025-08-28,Pensión Escolar - Agosto 2025,B001-2025089120,9120
122012,420,2025-09-29,Pensión Escolar - Setiembre 2025,B001-2025099120,9120
122013,420,2025-10-24,Pensión Escolar - Octubre 2025,B001-2025109120,9120
122014,420,2025-11-27,Pensión Escolar - Noviembre 2025,B001-2025119120,9120
122015,420,2025-12-29,Pensión Escolar - Diciembre 2025,B001-2025129120,9120
122016,420,2025-03-21,Pensión Escolar - Marzo 2025,B001-2025039008,9008
122017,420,2025-05-02,Pensión Escolar - Abril 2025,B001-2025049008,9008
122018,420,2025-05-30,Pensión Escolar - Mayo 2025,B001-2025059008,9008
122019,420,2025-06-25,Pensión Escolar - Junio 2025,B001-2025069008,9008
122020,420,2025-08-01,Pensión Escolar - Julio 2025,B001-2025079008,9008
122021,420,2025-08-22,Pensión Escolar - Agosto 2025,B001-2025089008,9008
122022,420,2025-09-18,Pensión Escolar - Setiembre 2025,B001-2025099008,9008
122023,420,2025-10-31,Pensión Escolar - Octubre 2025,B001-2025109008,9008
122024,420,2025-11-18,Pensión Escolar - Noviembre 2025,B001-2025119008,9008
122025,420,2025-12-24,Pensión Escolar - Diciembre 2025,B001-2025129008,9008
122026,420,2025-03-27,Pensión Escolar - Marzo 2025,B001-2025039107,9107
122027,420,2025-04-28,Pensión Escolar - Abril 2025,B001-2025049107,9107
122028,420,2025-05-30,Pensión Escolar - Mayo 2025,B001-2025059107,9107
122029,420,2025-06-20,Pensión Escolar - Junio 2025,B001-2025069107,9107
122030,420,2025-07-31,Pensión Escolar - Julio 2025,B001-2025079107,9107
122031,420,2025-08-20,Pensión Escolar - Agosto 2025,B001-2025089107,9107
122032,420,2025-09-26,Pensión Escolar - Setiembre 2025,B001-2025099107,9107
122033,420,2025-10-22,Pensión Escolar - Octubre 2025,B001-2025109107,9107
122034,420,2025-11-21,Pensión Escolar - Noviembre 2025,B001-2025119107,9107
122035,420,2025-12-24,Pensión Escolar - Diciembre 2025,B001-2025129107,9107
122036,420,2025-03-28,Pensión Escolar - Marzo 2025,B001-2025039192,9192
122037,420,2025-05-01,Pensión Escolar - Abril 2025,B001-2025049192,9192
122038,420,2025-05-23,Pensión Escolar - Mayo 2025,B001-2025059192,9192
122039,420,2025-06-20,Pensión Escolar - Junio 2025,B001-2025069192,9192
122040,420,2025-08-01,Pensión Escolar - Julio 2025,B001-2025079192,9192
122041,420,2025-09-01,Pensión Escolar - Agosto 2025,B001-2025089192,9192
122042,420,2025-09-18,Pensión Escolar - Setiembre 2025,B001-2025099192,9192
122043,420,2025-10-17,Pensión Escolar - Octubre 2025,B001-2025109192,9192
122044,420,2025-11-19,Pensión Escolar - Noviembre 2025,B001-2025119192,9192
122045,420,2025-12-29,Pensión Escolar - Diciembre 2025,B001-2025129192,9192
122046,420,2025-03-21,Pensión Escolar - Marzo 2025,B001-2025039017,9017
122047,420,2025-04-22,Pensión Escolar - Abril 2025,B001-2025049017,9017
122048,420,2025-05-30,Pensión Escolar - Mayo 2025,B001-2025059017,9017
122049,420,2025-06-26,Pensión Escolar - Junio 2025,B001-2025069017,9017
122050,420,2025-07-22,Pensión Escolar - Julio 2025,B001-2025079017,9017
122051,420,2025-08-29,Pensión Escolar - Agosto 2025,B001-2025089017,9017
122052,420,2025-10-03,Pensión Escolar - Setiembre 2025,B001-2025099017,9017
122053,420,2025-10-20,Pensión Escolar - Octubre 2025,B001-2025109017,9017
122054,420,2025-11-25,Pensión Escolar - Noviembre 2025,B001-2025119017,9017
122055,420,2025-12-30,Pensión Escolar - Diciembre 2025,B001-2025129017,9017
122056,420,2025-03-21,Pensión Escolar - Marzo 2025,B001-2025039206,9206
122057,420,2025-04-25,Pensión Escolar - Abril 2025,B001-2025049206,9206
122058,420,2025-06-18,Pensión Escolar - Junio 2025,B001-2025069206,9206
122059,420,2025-07-24,Pensión Escolar - Julio 2025,B001-2025079206,9206
122060,420,2025-10-02,Pensión Escolar - Setiembre 2025,B001-2025099206,9206
122061,420,2025-10-17,Pensión Escolar - Octubre 2025,B001-2025109206,9206
122062,420,2025-11-21,Pensión Escolar - Noviembre 2025,B001-2025119206,9206
122063,420,2025-12-30,Pensión Escolar - Diciembre 2025,B001-2025129206,9206
122064,420,2025-03-19,Pensión Escolar - Marzo 2025,B001-2025039252,9252
122065,420,2025-04-25,Pensión Escolar - Abril 2025,B001-2025049252,9252
122066,420,2025-05-29,Pensión Escolar - Mayo 2025,B001-2025059252,9252
122067,420,2025-06-20,Pensión Escolar - Junio 2025,B001-2025069252,9252
122068,420,2025-07-25,Pensión Escolar - Julio 2025,B001-2025079252,9252
122069,420,2025-08-22,Pensión Escolar - Agosto 2025,B001-2025089252,9252
122070,420,2025-09-19,Pensión Escolar - Setiembre 2025,B001-2025099252,9252
122071,420,2025-12-03,Pensión Escolar - Noviembre 2025,B001-2025119252,9252
122072,420,2025-12-26,Pensión Escolar - Diciembre 2025,B001-2025129252,9252
122073,420,2025-03-28,Pensión Escolar - Marzo 2025,B001-2025039279,9279
122074,420,2025-04-24,Pensión Escolar - Abril 2025,B001-2025049279,9279
122075,420,2025-05-29,Pensión Escolar - Mayo 2025,B001-2025059279,9279
122076,420,2025-06-23,Pensión Escolar - Junio 2025,B001-2025069279,9279
122077,420,2025-07-18,Pensión Escolar - Julio 2025,B001-2025079279,9279
122078,420,2025-08-27,Pensión Escolar - Agosto 2025,B001-2025089279,9279
122079,420,2025-09-23,Pensión Escolar - Setiembre 2025,B001-2025099279,9279
122080,420,2025-10-17,Pensión Escolar - Octubre 2025,B001-2025109279,9279
122081,420,2025-11-21,Pensión Escolar - Noviembre 2025,B001-2025119279,9279
122082,420,2025-12-24,Pensión Escolar - Diciembre 2025,B001-2025129279,9279
122083,420,2025-03-28,Pensión Escolar - Marzo 2025,B001-2025039203,9203
122084,420,2025-04-18,Pensión Escolar - Abril 2025,B001-2025049203,9203
122085,420,2025-05-29,Pensión Escolar - Mayo 2025,B001-2025059203,9203
122086,420,2025-06-24,Pensión Escolar - Junio 2025,B001-2025069203,9203
122087,420,2025-07-29,Pensión Escolar - Julio 2025,B001-2025079203,9203
122088,420,2025-08-20,Pensión Escolar - Agosto 2025,B001-2025089203,9203
122089,420,2025-09-26,Pensión Escolar - Setiembre 2025,B001-2025099203,9203
122090,420,2025-10-24,Pensión Escolar - Octubre 2025,B001-2025109203,9203
122091,420,2026-01-01,Pensión Escolar - Diciembre 2025,B001-2025129203,9203
122092,420,2025-03-24,Pensión Escolar - Marzo 2025,B001-2025039092,9092
122093,420,2025-04-23,Pensión Escolar - Abril 2025,B001-2025049092,9092
122094,420,2025-05-29,Pensión Escolar - Mayo 2025,B001-2025059092,9092
122095,420,2025-06-26,Pensión Escolar - Junio 2025,B001-2025069092,9092
122096,420,2025-07-30,Pensión Escolar - Julio 2025,B001-2025079092,9092
122097,420,2025-08-22,Pensión Escolar - Agosto 2025,B001-2025089092,9092
122098,420,2025-09-19,Pensión Escolar - Setiembre 2025,B001-2025099092,9092
122099,420,2025-10-31,Pensión Escolar - Octubre 2025,B001-2025109092,9092
122100,420,2025-11-27,Pensión Escolar - Noviembre 2025,B001-2025119092,9092
122101,420,2025-12-29,Pensión Escolar - Diciembre 2025,B001-2025129092,9092
122102,420,2025-03-21,Pensión Escolar - Marzo 2025,B001-2025039278,9278
122103,420,2025-04-29,Pensión Escolar - Abril 2025,B001-2025049278,9278
122104,420,2025-06-02,Pensión Escolar - Mayo 2025,B001-2025059278,9278
122105,420,2025-06-24,Pensión Escolar - Junio 2025,B001-2025069278,9278
122106,420,2025-07-29,Pensión Escolar - Julio 2025,B001-2025079278,9278
122107,420,2025-08-29,Pensión Escolar - Agosto 2025,B001-2025089278,9278
122108,420,2025-09-26,Pensión Escolar - Setiembre 2025,B001-2025099278,9278
122109,420,2025-10-31,Pensión Escolar - Octubre 2025,B001-2025109278,9278
122110,420,2025-11-21,Pensión Escolar - Noviembre 2025,B001-2025119278,9278
122111,420,2025-12-23,Pensión Escolar - Diciembre 2025,B001-2025129278,9278
122112,420,2025-03-20,Pensión Escolar - Marzo 2025,B001-2025039158,9158
122113,420,2025-04-22,Pensión Escolar - Abril 2025,B001-2025049158,9158
122114,420,2025-05-26,Pensión Escolar - Mayo 2025,B001-2025059158,9158
122115,420,2025-06-18,Pensión Escolar - Junio 2025,B001-2025069158,9158
122116,420,2025-07-18,Pensión Escolar - Julio 2025,B001-2025079158,9158
122117,420,2025-08-22,Pensión Escolar - Agosto 2025,B001-2025089158,9158
122118,420,2025-10-02,Pensión Escolar - Setiembre 2025,B001-2025099158,9158
122119,420,2025-10-30,Pensión Escolar - Octubre 2025,B001-2025109158,9158
122120,420,2025-11-21,Pensión Escolar - Noviembre 2025,B001-2025119158,9158
122121,420,2025-12-29,Pensión Escolar - Diciembre 2025,B001-2025129158,9158
122122,420,2025-03-31,Pensión Escolar - Marzo 2025,B001-2025039185,9185
122123,420,2025-04-21,Pensión Escolar - Abril 2025,B001-2025049185,9185
122124,420,2025-05-30,Pensión Escolar - Mayo 2025,B001-2025059185,9185
122125,420,2025-06-23,Pensión Escolar - Junio 2025,B001-2025069185,9185
122126,420,2025-07-21,Pensión Escolar - Julio 2025,B001-2025079185,9185
122127,420,2025-08-25,Pensión Escolar - Agosto 2025,B001-2025089185,9185
122128,420,2025-09-26,Pensión Escolar - Setiembre 2025,B001-2025099185,9185
122129,420,2025-10-30,Pensión Escolar - Octubre 2025,B001-2025109185,9185
122130,420,2025-11-21,Pensión Escolar - Noviembre 2025,B001-2025119185,9185
122131,420,2025-12-24,Pensión Escolar - Diciembre 2025,B001-2025129185,9185
122132,420,2025-03-24,Pensión Escolar - Marzo 2025,B001-2025038980,8980
122133,420,2025-04-18,Pensión Escolar - Abril 2025,B001-2025048980,8980
122134,420,2025-05-16,Pensión Escolar - Mayo 2025,B001-2025058980,8980
122135,420,2025-06-20,Pensión Escolar - Junio 2025,B001-2025068980,8980
122136,420,2025-07-28,Pensión Escolar - Julio 2025,B001-2025078980,8980
122137,420,2025-08-22,Pensión Escolar - Agosto 2025,B001-2025088980,8980
122138,420,2025-10-03,Pensión Escolar - Setiembre 2025,B001-2025098980,8980
122139,420,2025-10-31,Pensión Escolar - Octubre 2025,B001-2025108980,8980
122140,420,2025-11-25,Pensión Escolar - Noviembre 2025,B001-2025118980,8980
122141,420,2025-12-19,Pensión Escolar - Diciembre 2025,B001-2025128980,8980
122142,420,2025-03-28,Pensión Escolar - Marzo 2025,B001-2025039020,9020
122143,420,2025-05-02,Pensión Escolar - Abril 2025,B001-2025049020,9020
122144,420,2025-05-28,Pensión Escolar - Mayo 2025,B001-2025059020,9020
122145,420,2025-06-26,Pensión Escolar - Junio 2025,B001-2025069020,9020
122146,420,2025-07-30,Pensión Escolar - Julio 2025,B001-2025079020,9020
122147,420,2025-08-29,Pensión Escolar - Agosto 2025,B001-2025089020,9020
122148,420,2025-10-01,Pensión Escolar - Setiembre 2025,B001-2025099020,9020
122149,420,2025-10-17,Pensión Escolar - Octubre 2025,B001-2025109020,9020
122150,420,2025-11-28,Pensión Escolar - Noviembre 2025,B001-2025119020,9020
122151,420,2025-12-23,Pensión Escolar - Diciembre 2025,B001-2025129020,9020
122152,420,2025-03-20,Pensión Escolar - Marzo 2025,B001-2025039247,9247
122153,420,2025-04-22,Pensión Escolar - Abril 2025,B001-2025049247,9247
122154,420,2025-05-23,Pensión Escolar - Mayo 2025,B001-2025059247,9247
122155,420,2025-06-27,Pensión Escolar - Junio 2025,B001-2025069247,9247
122156,420,2025-07-30,Pensión Escolar - Julio 2025,B001-2025079247,9247
122157,420,2025-08-29,Pensión Escolar - Agosto 2025,B001-2025089247,9247
122158,420,2025-09-23,Pensión Escolar - Setiembre 2025,B001-2025099247,9247
122159,420,2025-10-23,Pensión Escolar - Octubre 2025,B001-2025109247,9247
122160,420,2025-11-25,Pensión Escolar - Noviembre 2025,B001-2025119247,9247
122161,420,2025-12-23,Pensión Escolar - Diciembre 2025,B001-2025129247,9247
122162,420,2025-03-28,Pensión Escolar - Marzo 2025,B001-2025039061,9061
122163,420,2025-04-21,Pensión Escolar - Abril 2025,B001-2025049061,9061
122164,420,2025-05-30,Pensión Escolar - Mayo 2025,B001-2025059061,9061
122165,420,2025-06-30,Pensión Escolar - Junio 2025,B001-2025069061,9061
122166,420,2025-08-01,Pensión Escolar - Julio 2025,B001-2025079061,9061
122167,420,2025-08-29,Pensión Escolar - Agosto 2025,B001-2025089061,9061
122168,420,2025-09-30,Pensión Escolar - Setiembre 2025,B001-2025099061,9061
122169,420,2025-10-17,Pensión Escolar - Octubre 2025,B001-2025109061,9061
122170,420,2025-12-03,Pensión Escolar - Noviembre 2025,B001-2025119061,9061
122171,420,2025-12-19,Pensión Escolar - Diciembre 2025,B001-2025129061,9061
122172,420,2025-03-18,Pensión Escolar - Marzo 2025,B001-2025039007,9007
122173,420,2025-04-21,Pensión Escolar - Abril 2025,B001-2025049007,9007
122174,420,2025-05-26,Pensión Escolar - Mayo 2025,B001-2025059007,9007
122175,420,2025-06-25,Pensión Escolar - Junio 2025,B001-2025069007,9007
122176,420,2025-07-25,Pensión Escolar - Julio 2025,B001-2025079007,9007
122177,420,2025-09-29,Pensión Escolar - Setiembre 2025,B001-2025099007,9007
122178,420,2025-10-17,Pensión Escolar - Octubre 2025,B001-2025109007,9007
122179,420,2025-12-03,Pensión Escolar - Noviembre 2025,B001-2025119007,9007
122180,420,2025-12-19,Pensión Escolar - Diciembre 2025,B001-2025129007,9007
122181,420,2025-03-28,Pensión Escolar - Marzo 2025,B001-2025039331,9331
122182,420,2025-04-23,Pensión Escolar - Abril 2025,B001-2025049331,9331
122183,420,2025-06-02,Pensión Escolar - Mayo 2025,B001-2025059331,9331
122184,420,2025-06-20,Pensión Escolar - Junio 2025,B001-2025069331,9331
122185,420,2025-07-23,Pensión Escolar - Julio 2025,B001-2025079331,9331
122186,420,2025-08-26,Pensión Escolar - Agosto 2025,B001-2025089331,9331
122187,420,2025-09-19,Pensión Escolar - Setiembre 2025,B001-2025099331,9331
122188,420,2025-10-20,Pensión Escolar - Octubre 2025,B001-2025109331,9331
122189,420,2025-11-25,Pensión Escolar - Noviembre 2025,B001-2025119331,9331
122190,420,2025-12-19,Pensión Escolar - Diciembre 2025,B001-2025129331,9331
122191,420,2025-04-02,Pensión Escolar - Marzo 2025,B001-2025039293,9293
122192,420,2025-04-29,Pensión Escolar - Abril 2025,B001-2025049293,9293
122193,420,2025-06-02,Pensión Escolar - Mayo 2025,B001-2025059293,9293
122194,420,2025-06-20,Pensión Escolar - Junio 2025,B001-2025069293,9293
122195,420,2025-07-30,Pensión Escolar - Julio 2025,B001-2025079293,9293
122196,420,2025-09-01,Pensión Escolar - Agosto 2025,B001-2025089293,9293
122197,420,2025-09-26,Pensión Escolar - Setiembre 2025,B001-2025099293,9293
122198,420,2025-10-31,Pensión Escolar - Octubre 2025,B001-2025109293,9293
122199,420,2025-11-21,Pensión Escolar - Noviembre 2025,B001-2025119293,9293
122200,420,2026-01-02,Pensión Escolar - Diciembre 2025,B001-2025129293,9293
122201,420,2025-03-19,Pensión Escolar - Marzo 2025,B001-2025039322,9322
122202,420,2025-04-25,Pensión Escolar - Abril 2025,B001-2025049322,9322
122203,420,2025-05-16,Pensión Escolar - Mayo 2025,B001-2025059322,9322
122204,420,2025-07-03,Pensión Escolar - Junio 2025,B001-2025069322,9322
122205,420,2025-07-25,Pensión Escolar - Julio 2025,B001-2025079322,9322
122206,420,2025-09-02,Pensión Escolar - Agosto 2025,B001-2025089322,9322
122207,420,2025-09-26,Pensión Escolar - Setiembre 2025,B001-2025099322,9322
122208,420,2025-10-24,Pensión Escolar - Octubre 2025,B001-2025109322,9322
122209,420,2025-11-19,Pensión Escolar - Noviembre 2025,B001-2025119322,9322
122210,420,2026-01-01,Pensión Escolar - Diciembre 2025,B001-2025129322,9322
122211,420,2025-03-21,Pensión Escolar - Marzo 2025,B001-2025039175,9175
122212,420,2025-04-29,Pensión Escolar - Abril 2025,B001-2025049175,9175
122213,420,2025-05-19,Pensión Escolar - Mayo 2025,B001-2025059175,9175
122214,420,2025-07-03,Pensión Escolar - Junio 2025,B001-2025069175,9175
122215,420,2025-07-24,Pensión Escolar - Julio 2025,B001-2025079175,9175
122216,420,2025-08-22,Pensión Escolar - Agosto 2025,B001-2025089175,9175
122217,420,2025-09-19,Pensión Escolar - Setiembre 2025,B001-2025099175,9175
122218,420,2025-10-30,Pensión Escolar - Octubre 2025,B001-2025109175,9175
122219,420,2025-11-18,Pensión Escolar - Noviembre 2025,B001-2025119175,9175
122220,420,2025-12-31,Pensión Escolar - Diciembre 2025,B001-2025129175,9175
122221,420,2025-03-21,Pensión Escolar - Marzo 2025,B001-2025039025,9025
122222,420,2025-04-18,Pensión Escolar - Abril 2025,B001-2025049025,9025
122223,420,2025-05-28,Pensión Escolar - Mayo 2025,B001-2025059025,9025
122224,420,2025-07-01,Pensión Escolar - Junio 2025,B001-2025069025,9025
122225,420,2025-07-25,Pensión Escolar - Julio 2025,B001-2025079025,9025
122226,420,2025-08-27,Pensión Escolar - Agosto 2025,B001-2025089025,9025
122227,420,2025-09-26,Pensión Escolar - Setiembre 2025,B001-2025099025,9025
122228,420,2025-10-20,Pensión Escolar - Octubre 2025,B001-2025109025,9025
122229,420,2025-11-27,Pensión Escolar - Noviembre 2025,B001-2025119025,9025
122230,420,2025-12-22,Pensión Escolar - Diciembre 2025,B001-2025129025,9025
122231,420,2025-03-21,Pensión Escolar - Marzo 2025,B001-2025039016,9016
122232,420,2025-04-18,Pensión Escolar - Abril 2025,B001-2025049016,9016
122233,420,2025-05-23,Pensión Escolar - Mayo 2025,B001-2025059016,9016
122234,420,2025-06-27,Pensión Escolar - Junio 2025,B001-2025069016,9016
122235,420,2025-07-30,Pensión Escolar - Julio 2025,B001-2025079016,9016
122236,420,2025-08-29,Pensión Escolar - Agosto 2025,B001-2025089016,9016
122237,420,2025-09-26,Pensión Escolar - Setiembre 2025,B001-2025099016,9016
122238,420,2025-10-28,Pensión Escolar - Octubre 2025,B001-2025109016,9016
122239,420,2025-11-28,Pensión Escolar - Noviembre 2025,B001-2025119016,9016
122240,420,2025-12-19,Pensión Escolar - Diciembre 2025,B001-2025129016,9016
122241,420,2025-03-25,Pensión Escolar - Marzo 2025,B001-2025039035,9035
122242,420,2025-04-21,Pensión Escolar - Abril 2025,B001-2025049035,9035
122243,420,2025-05-23,Pensión Escolar - Mayo 2025,B001-2025059035,9035
122244,420,2025-06-27,Pensión Escolar - Junio 2025,B001-2025069035,9035
122245,420,2025-07-21,Pensión Escolar - Julio 2025,B001-2025079035,9035
122246,420,2025-08-29,Pensión Escolar - Agosto 2025,B001-2025089035,9035
122247,420,2025-10-03,Pensión Escolar - Setiembre 2025,B001-2025099035,9035
122248,420,2025-10-22,Pensión Escolar - Octubre 2025,B001-2025109035,9035
122249,420,2025-11-19,Pensión Escolar - Noviembre 2025,B001-2025119035,9035
122250,420,2025-12-22,Pensión Escolar - Diciembre 2025,B001-2025129035,9035
122251,420,2025-04-02,Pensión Escolar - Marzo 2025,B001-2025039275,9275
122252,420,2025-04-18,Pensión Escolar - Abril 2025,B001-2025049275,9275
122253,420,2025-05-22,Pensión Escolar - Mayo 2025,B001-2025059275,9275
122254,420,2025-06-19,Pensión Escolar - Junio 2025,B001-2025069275,9275
122255,420,2025-07-31,Pensión Escolar - Julio 2025,B001-2025079275,9275
122256,420,2025-08-26,Pensión Escolar - Agosto 2025,B001-2025089275,9275
122257,420,2025-10-03,Pensión Escolar - Setiembre 2025,B001-2025099275,9275
122258,420,2025-10-29,Pensión Escolar - Octubre 2025,B001-2025109275,9275
122259,420,2025-11-21,Pensión Escolar - Noviembre 2025,B001-2025119275,9275
122260,420,2025-12-22,Pensión Escolar - Diciembre 2025,B001-2025129275,9275
122261,420,2025-03-21,Pensión Escolar - Marzo 2025,B001-2025039113,9113
122262,420,2025-04-22,Pensión Escolar - Abril 2025,B001-2025049113,9113
122263,420,2025-05-23,Pensión Escolar - Mayo 2025,B001-2025059113,9113
122264,420,2025-06-20,Pensión Escolar - Junio 2025,B001-2025069113,9113
122265,420,2025-07-25,Pensión Escolar - Julio 2025,B001-2025079113,9113
122266,420,2025-08-22,Pensión Escolar - Agosto 2025,B001-2025089113,9113
122267,420,2025-09-19,Pensión Escolar - Setiembre 2025,B001-2025099113,9113
122268,420,2025-10-31,Pensión Escolar - Octubre 2025,B001-2025109113,9113
122269,420,2025-11-28,Pensión Escolar - Noviembre 2025,B001-2025119113,9113
122270,420,2025-12-18,Pensión Escolar - Diciembre 2025,B001-2025129113,9113
122271,420,2025-03-18,Pensión Escolar - Marzo 2025,B001-2025039271,9271
122272,420,2025-04-29,Pensión Escolar - Abril 2025,B001-2025049271,9271
122273,420,2025-06-02,Pensión Escolar - Mayo 2025,B001-2025059271,9271
122274,420,2025-07-02,Pensión Escolar - Junio 2025,B001-2025069271,9271
122275,420,2025-07-21,Pensión Escolar - Julio 2025,B001-2025079271,9271
122276,420,2025-09-01,Pensión Escolar - Agosto 2025,B001-2025089271,9271
122277,420,2025-09-26,Pensión Escolar - Setiembre 2025,B001-2025099271,9271
122278,420,2025-10-30,Pensión Escolar - Octubre 2025,B001-2025109271,9271
122279,420,2025-11-28,Pensión Escolar - Noviembre 2025,B001-2025119271,9271
122280,420,2025-12-26,Pensión Escolar - Diciembre 2025,B001-2025129271,9271
122281,420,2025-03-31,Pensión Escolar - Marzo 2025,B001-2025039012,9012
122282,420,2025-04-25,Pensión Escolar - Abril 2025,B001-2025049012,9012
122283,420,2025-05-23,Pensión Escolar - Mayo 2025,B001-2025059012,9012
122284,420,2025-06-27,Pensión Escolar - Junio 2025,B001-2025069012,9012
122285,420,2025-08-01,Pensión Escolar - Julio 2025,B001-2025079012,9012
122286,420,2025-08-28,Pensión Escolar - Agosto 2025,B001-2025089012,9012
122287,420,2025-09-25,Pensión Escolar - Setiembre 2025,B001-2025099012,9012
122288,420,2025-10-29,Pensión Escolar - Octubre 2025,B001-2025109012,9012
122289,420,2025-11-24,Pensión Escolar - Noviembre 2025,B001-2025119012,9012
122290,420,2025-12-19,Pensión Escolar - Diciembre 2025,B001-2025129012,9012
122291,420,2025-04-01,Pensión Escolar - Marzo 2025,B001-2025039028,9028
122292,420,2025-04-30,Pensión Escolar - Abril 2025,B001-2025049028,9028
122293,420,2025-05-30,Pensión Escolar - Mayo 2025,B001-2025059028,9028
122294,420,2025-06-20,Pensión Escolar - Junio 2025,B001-2025069028,9028
122295,420,2025-07-23,Pensión Escolar - Julio 2025,B001-2025079028,9028
122296,420,2025-08-21,Pensión Escolar - Agosto 2025,B001-2025089028,9028
122297,420,2025-09-26,Pensión Escolar - Setiembre 2025,B001-2025099028,9028
122298,420,2025-10-31,Pensión Escolar - Octubre 2025,B001-2025109028,9028
122299,420,2025-12-03,Pensión Escolar - Noviembre 2025,B001-2025119028,9028
122300,420,2025-12-26,Pensión Escolar - Diciembre 2025,B001-2025129028,9028
122301,420,2025-03-18,Pensión Escolar - Marzo 2025,B001-2025039317,9317
122302,420,2025-04-28,Pensión Escolar - Abril 2025,B001-2025049317,9317
122303,420,2025-05-28,Pensión Escolar - Mayo 2025,B001-2025059317,9317
122304,420,2025-06-27,Pensión Escolar - Junio 2025,B001-2025069317,9317
122305,420,2025-07-24,Pensión Escolar - Julio 2025,B001-2025079317,9317
122306,420,2025-08-26,Pensión Escolar - Agosto 2025,B001-2025089317,9317
122307,420,2025-10-02,Pensión Escolar - Setiembre 2025,B001-2025099317,9317
122308,420,2025-10-21,Pensión Escolar - Octubre 2025,B001-2025109317,9317
122309,420,2025-11-20,Pensión Escolar - Noviembre 2025,B001-2025119317,9317
122310,420,2025-12-26,Pensión Escolar - Diciembre 2025,B001-2025129317,9317
122311,420,2025-03-28,Pensión Escolar - Marzo 2025,B001-2025039197,9197
122312,420,2025-04-25,Pensión Escolar - Abril 2025,B001-2025049197,9197
122313,420,2025-06-02,Pensión Escolar - Mayo 2025,B001-2025059197,9197
122314,420,2025-06-20,Pensión Escolar - Junio 2025,B001-2025069197,9197
122315,420,2025-07-25,Pensión Escolar - Julio 2025,B001-2025079197,9197
122316,420,2025-08-29,Pensión Escolar - Agosto 2025,B001-2025089197,9197
122317,420,2025-09-24,Pensión Escolar - Setiembre 2025,B001-2025099197,9197
122318,420,2025-10-24,Pensión Escolar - Octubre 2025,B001-2025109197,9197
122319,420,2025-12-02,Pensión Escolar - Noviembre 2025,B001-2025119197,9197
122320,420,2025-12-19,Pensión Escolar - Diciembre 2025,B001-2025129197,9197
122321,420,2025-03-26,Pensión Escolar - Marzo 2025,B001-2025039328,9328
122322,420,2025-05-01,Pensión Escolar - Abril 2025,B001-2025049328,9328
122323,420,2025-05-23,Pensión Escolar - Mayo 2025,B001-2025059328,9328
122324,420,2025-06-30,Pensión Escolar - Junio 2025,B001-2025069328,9328
122325,420,2025-07-30,Pensión Escolar - Julio 2025,B001-2025079328,9328
122326,420,2025-08-18,Pensión Escolar - Agosto 2025,B001-2025089328,9328
122327,420,2025-09-30,Pensión Escolar - Setiembre 2025,B001-2025099328,9328
122328,420,2025-10-20,Pensión Escolar - Octubre 2025,B001-2025109328,9328
122329,420,2025-11-27,Pensión Escolar - Noviembre 2025,B001-2025119328,9328
122330,420,2026-01-01,Pensión Escolar - Diciembre 2025,B001-2025129328,9328
122331,420,2025-03-28,Pensión Escolar - Marzo 2025,B001-2025039330,9330
122332,420,2025-04-18,Pensión Escolar - Abril 2025,B001-2025049330,9330
122333,420,2025-05-23,Pensión Escolar - Mayo 2025,B001-2025059330,9330
122334,420,2025-06-23,Pensión Escolar - Junio 2025,B001-2025069330,9330
122335,420,2025-07-18,Pensión Escolar - Julio 2025,B001-2025079330,9330
122336,420,2025-08-22,Pensión Escolar - Agosto 2025,B001-2025089330,9330
122337,420,2025-09-30,Pensión Escolar - Setiembre 2025,B001-2025099330,9330
122338,420,2025-10-20,Pensión Escolar - Octubre 2025,B001-2025109330,9330
122339,420,2025-11-21,Pensión Escolar - Noviembre 2025,B001-2025119330,9330
122340,420,2025-12-18,Pensión Escolar - Diciembre 2025,B001-2025129330,9330
122341,420,2025-03-21,Pensión Escolar - Marzo 2025,B001-2025039202,9202
122342,420,2025-05-01,Pensión Escolar - Abril 2025,B001-2025049202,9202
122343,420,2025-06-02,Pensión Escolar - Mayo 2025,B001-2025059202,9202
122344,420,2025-06-30,Pensión Escolar - Junio 2025,B001-2025069202,9202
122345,420,2025-07-25,Pensión Escolar - Julio 2025,B001-2025079202,9202
122346,420,2025-08-19,Pensión Escolar - Agosto 2025,B001-2025089202,9202
122347,420,2025-10-02,Pensión Escolar - Setiembre 2025,B001-2025099202,9202
122348,420,2025-10-17,Pensión Escolar - Octubre 2025,B001-2025109202,9202
122349,420,2025-11-27,Pensión Escolar - Noviembre 2025,B001-2025119202,9202
122350,420,2025-12-26,Pensión Escolar - Diciembre 2025,B001-2025129202,9202
122351,420,2025-03-27,Pensión Escolar - Marzo 2025,B001-2025038990,8990
122352,420,2025-04-25,Pensión Escolar - Abril 2025,B001-2025048990,8990
122353,420,2025-05-23,Pensión Escolar - Mayo 2025,B001-2025058990,8990
122354,420,2025-06-27,Pensión Escolar - Junio 2025,B001-2025068990,8990
122355,420,2025-07-22,Pensión Escolar - Julio 2025,B001-2025078990,8990
122356,420,2025-08-25,Pensión Escolar - Agosto 2025,B001-2025088990,8990
122357,420,2025-10-03,Pensión Escolar - Setiembre 2025,B001-2025098990,8990
122358,420,2025-10-24,Pensión Escolar - Octubre 2025,B001-2025108990,8990
122359,420,2025-11-21,Pensión Escolar - Noviembre 2025,B001-2025118990,8990
122360,420,2025-12-25,Pensión Escolar - Diciembre 2025,B001-2025128990,8990
122361,420,2025-03-19,Pensión Escolar - Marzo 2025,B001-2025039000,9000
122362,420,2025-04-30,Pensión Escolar - Abril 2025,B001-2025049000,9000
122363,420,2025-05-21,Pensión Escolar - Mayo 2025,B001-2025059000,9000
122364,420,2025-06-27,Pensión Escolar - Junio 2025,B001-2025069000,9000
122365,420,2025-07-28,Pensión Escolar - Julio 2025,B001-2025079000,9000
122366,420,2025-08-21,Pensión Escolar - Agosto 2025,B001-2025089000,9000
122367,420,2025-09-19,Pensión Escolar - Setiembre 2025,B001-2025099000,9000
122368,420,2025-10-27,Pensión Escolar - Octubre 2025,B001-2025109000,9000
122369,420,2025-11-21,Pensión Escolar - Noviembre 2025,B001-2025119000,9000
122370,420,2025-12-26,Pensión Escolar - Diciembre 2025,B001-2025129000,9000
122371,420,2025-03-26,Pensión Escolar - Marzo 2025,B001-2025039133,9133
122372,420,2025-04-28,Pensión Escolar - Abril 2025,B001-2025049133,9133
122373,420,2025-05-29,Pensión Escolar - Mayo 2025,B001-2025059133,9133
122374,420,2025-06-30,Pensión Escolar - Junio 2025,B001-2025069133,9133
122375,420,2025-07-24,Pensión Escolar - Julio 2025,B001-2025079133,9133
122376,420,2025-08-26,Pensión Escolar - Agosto 2025,B001-2025089133,9133
122377,420,2025-09-26,Pensión Escolar - Setiembre 2025,B001-2025099133,9133
122378,420,2025-10-28,Pensión Escolar - Octubre 2025,B001-2025109133,9133
122379,420,2025-11-21,Pensión Escolar - Noviembre 2025,B001-2025119133,9133
122380,420,2025-12-30,Pensión Escolar - Diciembre 2025,B001-2025129133,9133
122381,420,2025-03-27,Pensión Escolar - Marzo 2025,B001-2025039311,9311
122382,420,2025-04-18,Pensión Escolar - Abril 2025,B001-2025049311,9311
122383,420,2025-05-26,Pensión Escolar - Mayo 2025,B001-2025059311,9311
122384,420,2025-06-23,Pensión Escolar - Junio 2025,B001-2025069311,9311
122385,420,2025-07-29,Pensión Escolar - Julio 2025,B001-2025079311,9311
122386,420,2025-08-22,Pensión Escolar - Agosto 2025,B001-2025089311,9311
122387,420,2025-10-02,Pensión Escolar - Setiembre 2025,B001-2025099311,9311
122388,420,2025-10-17,Pensión Escolar - Octubre 2025,B001-2025109311,9311
122389,420,2025-11-28,Pensión Escolar - Noviembre 2025,B001-2025119311,9311
122390,420,2025-12-24,Pensión Escolar - Diciembre 2025,B001-2025129311,9311
122391,420,2025-03-28,Pensión Escolar - Marzo 2025,B001-2025038968,8968
122392,420,2025-04-30,Pensión Escolar - Abril 2025,B001-2025048968,8968
122393,420,2025-05-23,Pensión Escolar - Mayo 2025,B001-2025058968,8968
122394,420,2025-07-18,Pensión Escolar - Julio 2025,B001-2025078968,8968
122395,420,2025-08-22,Pensión Escolar - Agosto 2025,B001-2025088968,8968
122396,420,2025-10-17,Pensión Escolar - Octubre 2025,B001-2025108968,8968
122397,420,2025-11-18,Pensión Escolar - Noviembre 2025,B001-2025118968,8968
122398,420,2025-04-02,Pensión Escolar - Marzo 2025,B001-2025038949,8949
122399,420,2025-04-30,Pensión Escolar - Abril 2025,B001-2025048949,8949
122400,420,2025-05-23,Pensión Escolar - Mayo 2025,B001-2025058949,8949
122401,420,2025-06-20,Pensión Escolar - Junio 2025,B001-2025068949,8949
122402,420,2025-07-21,Pensión Escolar - Julio 2025,B001-2025078949,8949
122403,420,2025-08-20,Pensión Escolar - Agosto 2025,B001-2025088949,8949
122404,420,2025-09-25,Pensión Escolar - Setiembre 2025,B001-2025098949,8949
122405,420,2025-10-22,Pensión Escolar - Octubre 2025,B001-2025108949,8949
122406,420,2025-12-02,Pensión Escolar - Noviembre 2025,B001-2025118949,8949
122407,420,2025-12-24,Pensión Escolar - Diciembre 2025,B001-2025128949,8949
122408,420,2025-03-21,Pensión Escolar - Marzo 2025,B001-2025039258,9258
122409,420,2025-04-18,Pensión Escolar - Abril 2025,B001-2025049258,9258
122410,420,2025-05-30,Pensión Escolar - Mayo 2025,B001-2025059258,9258
122411,420,2025-06-18,Pensión Escolar - Junio 2025,B001-2025069258,9258
122412,420,2025-07-23,Pensión Escolar - Julio 2025,B001-2025079258,9258
122413,420,2025-08-29,Pensión Escolar - Agosto 2025,B001-2025089258,9258
122414,420,2025-10-03,Pensión Escolar - Setiembre 2025,B001-2025099258,9258
122415,420,2025-10-24,Pensión Escolar - Octubre 2025,B001-2025109258,9258
122416,420,2025-11-25,Pensión Escolar - Noviembre 2025,B001-2025119258,9258
122417,420,2026-01-02,Pensión Escolar - Diciembre 2025,B001-2025129258,9258
122418,420,2025-03-28,Pensión Escolar - Marzo 2025,B001-2025039110,9110
122419,420,2025-04-18,Pensión Escolar - Abril 2025,B001-2025049110,9110
122420,420,2025-05-21,Pensión Escolar - Mayo 2025,B001-2025059110,9110
122421,420,2025-06-26,Pensión Escolar - Junio 2025,B001-2025069110,9110
122422,420,2025-07-25,Pensión Escolar - Julio 2025,B001-2025079110,9110
122423,420,2025-08-25,Pensión Escolar - Agosto 2025,B001-2025089110,9110
122424,420,2025-10-02,Pensión Escolar - Setiembre 2025,B001-2025099110,9110
122425,420,2025-10-30,Pensión Escolar - Octubre 2025,B001-2025109110,9110
122426,420,2025-12-03,Pensión Escolar - Noviembre 2025,B001-2025119110,9110
122427,420,2026-01-02,Pensión Escolar - Diciembre 2025,B001-2025129110,9110
122428,420,2025-03-20,Pensión Escolar - Marzo 2025,B001-2025039226,9226
122429,420,2025-04-22,Pensión Escolar - Abril 2025,B001-2025049226,9226
122430,420,2025-05-30,Pensión Escolar - Mayo 2025,B001-2025059226,9226
122431,420,2025-06-23,Pensión Escolar - Junio 2025,B001-2025069226,9226
122432,420,2025-07-18,Pensión Escolar - Julio 2025,B001-2025079226,9226
122433,420,2025-08-25,Pensión Escolar - Agosto 2025,B001-2025089226,9226
122434,420,2025-09-30,Pensión Escolar - Setiembre 2025,B001-2025099226,9226
122435,420,2025-10-24,Pensión Escolar - Octubre 2025,B001-2025109226,9226
122436,420,2025-11-20,Pensión Escolar - Noviembre 2025,B001-2025119226,9226
122437,420,2025-12-26,Pensión Escolar - Diciembre 2025,B001-2025129226,9226
122438,420,2025-03-26,Pensión Escolar - Marzo 2025,B001-2025039264,9264
122439,420,2025-05-02,Pensión Escolar - Abril 2025,B001-2025049264,9264
122440,420,2025-05-23,Pensión Escolar - Mayo 2025,B001-2025059264,9264
122441,420,2025-06-26,Pensión Escolar - Junio 2025,B001-2025069264,9264
122442,420,2025-07-29,Pensión Escolar - Julio 2025,B001-2025079264,9264
122443,420,2025-08-18,Pensión Escolar - Agosto 2025,B001-2025089264,9264
122444,420,2025-09-30,Pensión Escolar - Setiembre 2025,B001-2025099264,9264
122445,420,2025-10-17,Pensión Escolar - Octubre 2025,B001-2025109264,9264
122446,420,2025-11-28,Pensión Escolar - Noviembre 2025,B001-2025119264,9264
122447,420,2025-12-22,Pensión Escolar - Diciembre 2025,B001-2025129264,9264
122448,420,2025-03-27,Pensión Escolar - Marzo 2025,B001-2025039269,9269
122449,420,2025-04-18,Pensión Escolar - Abril 2025,B001-2025049269,9269
122450,420,2025-05-20,Pensión Escolar - Mayo 2025,B001-2025059269,9269
122451,420,2025-06-23,Pensión Escolar - Junio 2025,B001-2025069269,9269
122452,420,2025-07-23,Pensión Escolar - Julio 2025,B001-2025079269,9269
122453,420,2025-08-18,Pensión Escolar - Agosto 2025,B001-2025089269,9269
122454,420,2025-09-22,Pensión Escolar - Setiembre 2025,B001-2025099269,9269
122455,420,2025-10-31,Pensión Escolar - Octubre 2025,B001-2025109269,9269
122456,420,2025-11-21,Pensión Escolar - Noviembre 2025,B001-2025119269,9269
122457,420,2026-01-01,Pensión Escolar - Diciembre 2025,B001-2025129269,9269
122458,420,2025-03-18,Pensión Escolar - Marzo 2025,B001-2025039079,9079
122459,420,2025-04-18,Pensión Escolar - Abril 2025,B001-2025049079,9079
122460,420,2025-05-30,Pensión Escolar - Mayo 2025,B001-2025059079,9079
122461,420,2025-07-01,Pensión Escolar - Junio 2025,B001-2025069079,9079
122462,420,2025-07-25,Pensión Escolar - Julio 2025,B001-2025079079,9079
122463,420,2025-08-18,Pensión Escolar - Agosto 2025,B001-2025089079,9079
122464,420,2025-09-26,Pensión Escolar - Setiembre 2025,B001-2025099079,9079
122465,420,2025-10-28,Pensión Escolar - Octubre 2025,B001-2025109079,9079
122466,420,2025-11-25,Pensión Escolar - Noviembre 2025,B001-2025119079,9079
122467,420,2025-12-25,Pensión Escolar - Diciembre 2025,B001-2025129079,9079
122468,420,2025-03-27,Pensión Escolar - Marzo 2025,B001-2025038985,8985
122469,420,2025-04-18,Pensión Escolar - Abril 2025,B001-2025048985,8985
122470,420,2025-05-23,Pensión Escolar - Mayo 2025,B001-2025058985,8985
122471,420,2025-06-25,Pensión Escolar - Junio 2025,B001-2025068985,8985
122472,420,2025-07-25,Pensión Escolar - Julio 2025,B001-2025078985,8985
122473,420,2025-08-22,Pensión Escolar - Agosto 2025,B001-2025088985,8985
122474,420,2025-09-19,Pensión Escolar - Setiembre 2025,B001-2025098985,8985
122475,420,2025-10-17,Pensión Escolar - Octubre 2025,B001-2025108985,8985
122476,420,2025-11-21,Pensión Escolar - Noviembre 2025,B001-2025118985,8985
122477,420,2025-12-18,Pensión Escolar - Diciembre 2025,B001-2025128985,8985
122478,420,2025-03-25,Pensión Escolar - Marzo 2025,B001-2025039246,9246
122479,420,2025-04-18,Pensión Escolar - Abril 2025,B001-2025049246,9246
122480,420,2025-05-30,Pensión Escolar - Mayo 2025,B001-2025059246,9246
122481,420,2025-06-20,Pensión Escolar - Junio 2025,B001-2025069246,9246
122482,420,2025-07-25,Pensión Escolar - Julio 2025,B001-2025079246,9246
122483,420,2025-08-27,Pensión Escolar - Agosto 2025,B001-2025089246,9246
122484,420,2025-10-01,Pensión Escolar - Setiembre 2025,B001-2025099246,9246
122485,420,2025-10-30,Pensión Escolar - Octubre 2025,B001-2025109246,9246
122486,420,2025-11-18,Pensión Escolar - Noviembre 2025,B001-2025119246,9246
122487,420,2025-12-24,Pensión Escolar - Diciembre 2025,B001-2025129246,9246
122488,420,2025-03-31,Pensión Escolar - Marzo 2025,B001-2025039050,9050
122489,420,2025-04-18,Pensión Escolar - Abril 2025,B001-2025049050,9050
122490,420,2025-05-23,Pensión Escolar - Mayo 2025,B001-2025059050,9050
122491,420,2025-06-26,Pensión Escolar - Junio 2025,B001-2025069050,9050
122492,420,2025-08-01,Pensión Escolar - Julio 2025,B001-2025079050,9050
122493,420,2025-09-01,Pensión Escolar - Agosto 2025,B001-2025089050,9050
122494,420,2025-09-25,Pensión Escolar - Setiembre 2025,B001-2025099050,9050
122495,420,2025-10-30,Pensión Escolar - Octubre 2025,B001-2025109050,9050
122496,420,2025-11-21,Pensión Escolar - Noviembre 2025,B001-2025119050,9050
122497,420,2025-12-26,Pensión Escolar - Diciembre 2025,B001-2025129050,9050
122498,420,2025-03-20,Pensión Escolar - Marzo 2025,B001-2025039141,9141
122499,420,2025-05-01,Pensión Escolar - Abril 2025,B001-2025049141,9141
122500,420,2025-05-30,Pensión Escolar - Mayo 2025,B001-2025059141,9141
122501,420,2025-07-01,Pensión Escolar - Junio 2025,B001-2025069141,9141
122502,420,2025-07-24,Pensión Escolar - Julio 2025,B001-2025079141,9141
122503,420,2025-08-29,Pensión Escolar - Agosto 2025,B001-2025089141,9141
122504,420,2025-09-22,Pensión Escolar - Setiembre 2025,B001-2025099141,9141
122505,420,2025-10-20,Pensión Escolar - Octubre 2025,B001-2025109141,9141
122506,420,2025-11-21,Pensión Escolar - Noviembre 2025,B001-2025119141,9141
122507,420,2025-12-23,Pensión Escolar - Diciembre 2025,B001-2025129141,9141
122508,420,2025-03-27,Pensión Escolar - Marzo 2025,B001-2025039142,9142
122509,420,2025-04-21,Pensión Escolar - Abril 2025,B001-2025049142,9142
122510,420,2025-05-20,Pensión Escolar - Mayo 2025,B001-2025059142,9142
122511,420,2025-07-02,Pensión Escolar - Junio 2025,B001-2025069142,9142
122512,420,2025-07-29,Pensión Escolar - Julio 2025,B001-2025079142,9142
122513,420,2025-09-02,Pensión Escolar - Agosto 2025,B001-2025089142,9142
122514,420,2025-09-26,Pensión Escolar - Setiembre 2025,B001-2025099142,9142
122515,420,2025-10-17,Pensión Escolar - Octubre 2025,B001-2025109142,9142
122516,420,2025-11-28,Pensión Escolar - Noviembre 2025,B001-2025119142,9142
122517,420,2025-12-19,Pensión Escolar - Diciembre 2025,B001-2025129142,9142
122518,420,2025-04-01,Pensión Escolar - Marzo 2025,B001-2025039049,9049
122519,420,2025-04-22,Pensión Escolar - Abril 2025,B001-2025049049,9049
122520,420,2025-05-23,Pensión Escolar - Mayo 2025,B001-2025059049,9049
122521,420,2025-06-30,Pensión Escolar - Junio 2025,B001-2025069049,9049
122522,420,2025-07-23,Pensión Escolar - Julio 2025,B001-2025079049,9049
122523,420,2025-08-22,Pensión Escolar - Agosto 2025,B001-2025089049,9049
122524,420,2025-09-23,Pensión Escolar - Setiembre 2025,B001-2025099049,9049
122525,420,2025-10-17,Pensión Escolar - Octubre 2025,B001-2025109049,9049
122526,420,2025-11-20,Pensión Escolar - Noviembre 2025,B001-2025119049,9049
122527,420,2025-12-19,Pensión Escolar - Diciembre 2025,B001-2025129049,9049
122528,420,2025-03-27,Pensión Escolar - Marzo 2025,B001-2025039266,9266
122529,420,2025-04-18,Pensión Escolar - Abril 2025,B001-2025049266,9266
122530,420,2025-05-16,Pensión Escolar - Mayo 2025,B001-2025059266,9266
122531,420,2025-07-02,Pensión Escolar - Junio 2025,B001-2025069266,9266
122532,420,2025-07-28,Pensión Escolar - Julio 2025,B001-2025079266,9266
122533,420,2025-08-26,Pensión Escolar - Agosto 2025,B001-2025089266,9266
122534,420,2025-09-19,Pensión Escolar - Setiembre 2025,B001-2025099266,9266
122535,420,2025-10-23,Pensión Escolar - Octubre 2025,B001-2025109266,9266
122536,420,2025-11-25,Pensión Escolar - Noviembre 2025,B001-2025119266,9266
122537,420,2025-12-30,Pensión Escolar - Diciembre 2025,B001-2025129266,9266
122538,420,2025-03-20,Pensión Escolar - Marzo 2025,B001-2025039095,9095
122539,420,2025-04-22,Pensión Escolar - Abril 2025,B001-2025049095,9095
122540,420,2025-06-02,Pensión Escolar - Mayo 2025,B001-2025059095,9095
122541,420,2025-07-03,Pensión Escolar - Junio 2025,B001-2025069095,9095
122542,420,2025-07-18,Pensión Escolar - Julio 2025,B001-2025079095,9095
122543,420,2025-08-20,Pensión Escolar - Agosto 2025,B001-2025089095,9095
122544,420,2025-10-03,Pensión Escolar - Setiembre 2025,B001-2025099095,9095
122545,420,2025-10-31,Pensión Escolar - Octubre 2025,B001-2025109095,9095
122546,420,2025-11-28,Pensión Escolar - Noviembre 2025,B001-2025119095,9095
122547,420,2025-12-26,Pensión Escolar - Diciembre 2025,B001-2025129095,9095
122548,420,2025-04-02,Pensión Escolar - Marzo 2025,B001-2025039255,9255
122549,420,2025-04-25,Pensión Escolar - Abril 2025,B001-2025049255,9255
122550,420,2025-05-20,Pensión Escolar - Mayo 2025,B001-2025059255,9255
122551,420,2025-06-20,Pensión Escolar - Junio 2025,B001-2025069255,9255
122552,420,2025-07-23,Pensión Escolar - Julio 2025,B001-2025079255,9255
122553,420,2025-08-25,Pensión Escolar - Agosto 2025,B001-2025089255,9255
122554,420,2025-10-03,Pensión Escolar - Setiembre 2025,B001-2025099255,9255
122555,420,2025-10-17,Pensión Escolar - Octubre 2025,B001-2025109255,9255
122556,420,2025-11-28,Pensión Escolar - Noviembre 2025,B001-2025119255,9255
122557,420,2026-01-01,Pensión Escolar - Diciembre 2025,B001-2025129255,9255
122558,420,2025-03-28,Pensión Escolar - Marzo 2025,B001-2025039077,9077
122559,420,2025-05-01,Pensión Escolar - Abril 2025,B001-2025049077,9077
122560,420,2025-05-23,Pensión Escolar - Mayo 2025,B001-2025059077,9077
122561,420,2025-06-20,Pensión Escolar - Junio 2025,B001-2025069077,9077
122562,420,2025-07-31,Pensión Escolar - Julio 2025,B001-2025079077,9077
122563,420,2025-08-18,Pensión Escolar - Agosto 2025,B001-2025089077,9077
122564,420,2025-09-26,Pensión Escolar - Setiembre 2025,B001-2025099077,9077
122565,420,2025-10-28,Pensión Escolar - Octubre 2025,B001-2025109077,9077
122566,420,2025-11-28,Pensión Escolar - Noviembre 2025,B001-2025119077,9077
122567,420,2025-12-18,Pensión Escolar - Diciembre 2025,B001-2025129077,9077
122568,420,2025-04-02,Pensión Escolar - Marzo 2025,B001-2025039004,9004
122569,420,2025-04-29,Pensión Escolar - Abril 2025,B001-2025049004,9004
122570,420,2025-05-16,Pensión Escolar - Mayo 2025,B001-2025059004,9004
122571,420,2025-06-19,Pensión Escolar - Junio 2025,B001-2025069004,9004
122572,420,2025-07-25,Pensión Escolar - Julio 2025,B001-2025079004,9004
122573,420,2025-08-25,Pensión Escolar - Agosto 2025,B001-2025089004,9004
122574,420,2025-09-19,Pensión Escolar - Setiembre 2025,B001-2025099004,9004
122575,420,2025-10-21,Pensión Escolar - Octubre 2025,B001-2025109004,9004
122576,420,2025-11-28,Pensión Escolar - Noviembre 2025,B001-2025119004,9004
122577,420,2026-01-01,Pensión Escolar - Diciembre 2025,B001-2025129004,9004
122578,420,2025-03-18,Pensión Escolar - Marzo 2025,B001-2025039042,9042
122579,420,2025-04-18,Pensión Escolar - Abril 2025,B001-2025049042,9042
122580,420,2025-05-23,Pensión Escolar - Mayo 2025,B001-2025059042,9042
122581,420,2025-07-01,Pensión Escolar - Junio 2025,B001-2025069042,9042
122582,420,2025-07-29,Pensión Escolar - Julio 2025,B001-2025079042,9042
122583,420,2025-08-22,Pensión Escolar - Agosto 2025,B001-2025089042,9042
122584,420,2025-09-22,Pensión Escolar - Setiembre 2025,B001-2025099042,9042
122585,420,2025-10-31,Pensión Escolar - Octubre 2025,B001-2025109042,9042
122586,420,2025-12-03,Pensión Escolar - Noviembre 2025,B001-2025119042,9042
122587,420,2025-12-29,Pensión Escolar - Diciembre 2025,B001-2025129042,9042
122588,420,2025-03-21,Pensión Escolar - Marzo 2025,B001-2025039114,9114
122589,420,2025-04-25,Pensión Escolar - Abril 2025,B001-2025049114,9114
122590,420,2025-05-22,Pensión Escolar - Mayo 2025,B001-2025059114,9114
122591,420,2025-06-20,Pensión Escolar - Junio 2025,B001-2025069114,9114
122592,420,2025-07-30,Pensión Escolar - Julio 2025,B001-2025079114,9114
122593,420,2025-08-22,Pensión Escolar - Agosto 2025,B001-2025089114,9114
122594,420,2025-10-03,Pensión Escolar - Setiembre 2025,B001-2025099114,9114
122595,420,2025-10-20,Pensión Escolar - Octubre 2025,B001-2025109114,9114
122596,420,2025-11-18,Pensión Escolar - Noviembre 2025,B001-2025119114,9114
122597,420,2025-12-26,Pensión Escolar - Diciembre 2025,B001-2025129114,9114
122598,420,2025-03-19,Pensión Escolar - Marzo 2025,B001-2025039091,9091
122599,420,2025-04-25,Pensión Escolar - Abril 2025,B001-2025049091,9091
122600,420,2025-05-22,Pensión Escolar - Mayo 2025,B001-2025059091,9091
122601,420,2025-06-24,Pensión Escolar - Junio 2025,B001-2025069091,9091
122602,420,2025-07-22,Pensión Escolar - Julio 2025,B001-2025079091,9091
122603,420,2025-09-01,Pensión Escolar - Agosto 2025,B001-2025089091,9091
122604,420,2025-09-19,Pensión Escolar - Setiembre 2025,B001-2025099091,9091
122605,420,2025-11-26,Pensión Escolar - Noviembre 2025,B001-2025119091,9091
122606,420,2025-12-19,Pensión Escolar - Diciembre 2025,B001-2025129091,9091
122607,420,2025-03-18,Pensión Escolar - Marzo 2025,B001-2025039196,9196
122608,420,2025-05-02,Pensión Escolar - Abril 2025,B001-2025049196,9196
122609,420,2025-06-02,Pensión Escolar - Mayo 2025,B001-2025059196,9196
122610,420,2025-06-27,Pensión Escolar - Junio 2025,B001-2025069196,9196
122611,420,2025-08-01,Pensión Escolar - Julio 2025,B001-2025079196,9196
122612,420,2025-08-25,Pensión Escolar - Agosto 2025,B001-2025089196,9196
122613,420,2025-09-19,Pensión Escolar - Setiembre 2025,B001-2025099196,9196
122614,420,2025-10-24,Pensión Escolar - Octubre 2025,B001-2025109196,9196
122615,420,2025-11-21,Pensión Escolar - Noviembre 2025,B001-2025119196,9196
122616,420,2025-12-31,Pensión Escolar - Diciembre 2025,B001-2025129196,9196
122617,420,2025-03-25,Pensión Escolar - Marzo 2025,B001-2025038954,8954
122618,420,2025-04-29,Pensión Escolar - Abril 2025,B001-2025048954,8954
122619,420,2025-05-29,Pensión Escolar - Mayo 2025,B001-2025058954,8954
122620,420,2025-06-30,Pensión Escolar - Junio 2025,B001-2025068954,8954
122621,420,2025-07-18,Pensión Escolar - Julio 2025,B001-2025078954,8954
122622,420,2025-08-21,Pensión Escolar - Agosto 2025,B001-2025088954,8954
122623,420,2025-09-24,Pensión Escolar - Setiembre 2025,B001-2025098954,8954
122624,420,2025-10-20,Pensión Escolar - Octubre 2025,B001-2025108954,8954
122625,420,2025-12-01,Pensión Escolar - Noviembre 2025,B001-2025118954,8954
122626,420,2025-12-19,Pensión Escolar - Diciembre 2025,B001-2025128954,8954
122627,420,2025-03-21,Pensión Escolar - Marzo 2025,B001-2025038946,8946
122628,420,2025-04-25,Pensión Escolar - Abril 2025,B001-2025048946,8946
122629,420,2025-05-30,Pensión Escolar - Mayo 2025,B001-2025058946,8946
122630,420,2025-06-27,Pensión Escolar - Junio 2025,B001-2025068946,8946
122631,420,2025-08-01,Pensión Escolar - Julio 2025,B001-2025078946,8946
122632,420,2025-08-26,Pensión Escolar - Agosto 2025,B001-2025088946,8946
122633,420,2025-09-19,Pensión Escolar - Setiembre 2025,B001-2025098946,8946
122634,420,2025-10-24,Pensión Escolar - Octubre 2025,B001-2025108946,8946
122635,420,2025-11-26,Pensión Escolar - Noviembre 2025,B001-2025118946,8946
122636,420,2025-12-26,Pensión Escolar - Diciembre 2025,B001-2025128946,8946
122637,420,2025-04-02,Pensión Escolar - Marzo 2025,B001-2025039075,9075
122638,420,2025-05-02,Pensión Escolar - Abril 2025,B001-2025049075,9075
122639,420,2025-05-28,Pensión Escolar - Mayo 2025,B001-2025059075,9075
122640,420,2025-06-18,Pensión Escolar - Junio 2025,B001-2025069075,9075
122641,420,2025-07-18,Pensión Escolar - Julio 2025,B001-2025079075,9075
122642,420,2025-08-22,Pensión Escolar - Agosto 2025,B001-2025089075,9075
122643,420,2025-09-26,Pensión Escolar - Setiembre 2025,B001-2025099075,9075
122644,420,2025-11-21,Pensión Escolar - Noviembre 2025,B001-2025119075,9075
122645,420,2025-12-29,Pensión Escolar - Diciembre 2025,B001-2025129075,9075
122646,420,2025-05-02,Pensión Escolar - Abril 2025,B001-2025048942,8942
122647,420,2025-05-23,Pensión Escolar - Mayo 2025,B001-2025058942,8942
122648,420,2025-06-20,Pensión Escolar - Junio 2025,B001-2025068942,8942
122649,420,2025-07-21,Pensión Escolar - Julio 2025,B001-2025078942,8942
122650,420,2025-08-26,Pensión Escolar - Agosto 2025,B001-2025088942,8942
122651,420,2025-09-22,Pensión Escolar - Setiembre 2025,B001-2025098942,8942
122652,420,2025-10-27,Pensión Escolar - Octubre 2025,B001-2025108942,8942
122653,420,2025-11-21,Pensión Escolar - Noviembre 2025,B001-2025118942,8942
122654,420,2025-12-25,Pensión Escolar - Diciembre 2025,B001-2025128942,8942
122655,420,2025-04-02,Pensión Escolar - Marzo 2025,B001-2025039307,9307
122656,420,2025-04-18,Pensión Escolar - Abril 2025,B001-2025049307,9307
122657,420,2025-05-21,Pensión Escolar - Mayo 2025,B001-2025059307,9307
122658,420,2025-06-23,Pensión Escolar - Junio 2025,B001-2025069307,9307
122659,420,2025-07-25,Pensión Escolar - Julio 2025,B001-2025079307,9307
122660,420,2025-08-26,Pensión Escolar - Agosto 2025,B001-2025089307,9307
122661,420,2025-09-29,Pensión Escolar - Setiembre 2025,B001-2025099307,9307
122662,420,2025-10-31,Pensión Escolar - Octubre 2025,B001-2025109307,9307
122663,420,2025-11-21,Pensión Escolar - Noviembre 2025,B001-2025119307,9307
122664,420,2025-12-29,Pensión Escolar - Diciembre 2025,B001-2025129307,9307
122665,420,2025-03-18,Pensión Escolar - Marzo 2025,B001-2025039126,9126
122666,420,2025-04-25,Pensión Escolar - Abril 2025,B001-2025049126,9126
122667,420,2025-05-30,Pensión Escolar - Mayo 2025,B001-2025059126,9126
122668,420,2025-06-30,Pensión Escolar - Junio 2025,B001-2025069126,9126
122669,420,2025-07-24,Pensión Escolar - Julio 2025,B001-2025079126,9126
122670,420,2025-08-29,Pensión Escolar - Agosto 2025,B001-2025089126,9126
122671,420,2025-10-27,Pensión Escolar - Octubre 2025,B001-2025109126,9126
122672,420,2025-11-21,Pensión Escolar - Noviembre 2025,B001-2025119126,9126
122673,420,2025-12-30,Pensión Escolar - Diciembre 2025,B001-2025129126,9126
122674,420,2025-03-26,Pensión Escolar - Marzo 2025,B001-2025039242,9242
122675,420,2025-04-25,Pensión Escolar - Abril 2025,B001-2025049242,9242
122676,420,2025-05-27,Pensión Escolar - Mayo 2025,B001-2025059242,9242
122677,420,2025-06-27,Pensión Escolar - Junio 2025,B001-2025069242,9242
122678,420,2025-07-29,Pensión Escolar - Julio 2025,B001-2025079242,9242
122679,420,2025-08-28,Pensión Escolar - Agosto 2025,B001-2025089242,9242
122680,420,2025-10-03,Pensión Escolar - Setiembre 2025,B001-2025099242,9242
122681,420,2025-10-24,Pensión Escolar - Octubre 2025,B001-2025109242,9242
122682,420,2025-11-28,Pensión Escolar - Noviembre 2025,B001-2025119242,9242
122683,420,2025-12-22,Pensión Escolar - Diciembre 2025,B001-2025129242,9242
122684,420,2025-03-28,Pensión Escolar - Marzo 2025,B001-2025039326,9326
122685,420,2025-05-01,Pensión Escolar - Abril 2025,B001-2025049326,9326
122686,420,2025-05-30,Pensión Escolar - Mayo 2025,B001-2025059326,9326
122687,420,2025-06-18,Pensión Escolar - Junio 2025,B001-2025069326,9326
122688,420,2025-07-18,Pensión Escolar - Julio 2025,B001-2025079326,9326
122689,420,2025-09-02,Pensión Escolar - Agosto 2025,B001-2025089326,9326
122690,420,2025-10-02,Pensión Escolar - Setiembre 2025,B001-2025099326,9326
122691,420,2025-10-17,Pensión Escolar - Octubre 2025,B001-2025109326,9326
122692,420,2025-11-20,Pensión Escolar - Noviembre 2025,B001-2025119326,9326
122693,420,2026-01-02,Pensión Escolar - Diciembre 2025,B001-2025129326,9326
122694,420,2025-03-31,Pensión Escolar - Marzo 2025,B001-2025039051,9051
122695,420,2025-05-02,Pensión Escolar - Abril 2025,B001-2025049051,9051
122696,420,2025-05-16,Pensión Escolar - Mayo 2025,B001-2025059051,9051
122697,420,2025-06-20,Pensión Escolar - Junio 2025,B001-2025069051,9051
122698,420,2025-07-18,Pensión Escolar - Julio 2025,B001-2025079051,9051
122699,420,2025-09-29,Pensión Escolar - Setiembre 2025,B001-2025099051,9051
122700,420,2025-10-24,Pensión Escolar - Octubre 2025,B001-2025109051,9051
122701,420,2025-11-24,Pensión Escolar - Noviembre 2025,B001-2025119051,9051
122702,420,2025-12-22,Pensión Escolar - Diciembre 2025,B001-2025129051,9051
122703,420,2025-03-25,Pensión Escolar - Marzo 2025,B001-2025039068,9068
122704,420,2025-04-22,Pensión Escolar - Abril 2025,B001-2025049068,9068
122705,420,2025-05-28,Pensión Escolar - Mayo 2025,B001-2025059068,9068
122706,420,2025-06-20,Pensión Escolar - Junio 2025,B001-2025069068,9068
122707,420,2025-08-01,Pensión Escolar - Julio 2025,B001-2025079068,9068
122708,420,2025-09-02,Pensión Escolar - Agosto 2025,B001-2025089068,9068
122709,420,2025-09-18,Pensión Escolar - Setiembre 2025,B001-2025099068,9068
122710,420,2025-10-17,Pensión Escolar - Octubre 2025,B001-2025109068,9068
122711,420,2025-11-28,Pensión Escolar - Noviembre 2025,B001-2025119068,9068
122712,420,2025-12-18,Pensión Escolar - Diciembre 2025,B001-2025129068,9068
122713,420,2025-04-02,Pensión Escolar - Marzo 2025,B001-2025039034,9034
122714,420,2025-04-18,Pensión Escolar - Abril 2025,B001-2025049034,9034
122715,420,2025-05-23,Pensión Escolar - Mayo 2025,B001-2025059034,9034
122716,420,2025-06-27,Pensión Escolar - Junio 2025,B001-2025069034,9034
122717,420,2025-08-26,Pensión Escolar - Agosto 2025,B001-2025089034,9034
122718,420,2025-09-23,Pensión Escolar - Setiembre 2025,B001-2025099034,9034
122719,420,2025-10-31,Pensión Escolar - Octubre 2025,B001-2025109034,9034
122720,420,2025-11-21,Pensión Escolar - Noviembre 2025,B001-2025119034,9034
122721,420,2025-12-22,Pensión Escolar - Diciembre 2025,B001-2025129034,9034
122722,420,2025-03-18,Pensión Escolar - Marzo 2025,B001-2025039228,9228
122723,420,2025-04-23,Pensión Escolar - Abril 2025,B001-2025049228,9228
122724,420,2025-05-19,Pensión Escolar - Mayo 2025,B001-2025059228,9228
122725,420,2025-06-30,Pensión Escolar - Junio 2025,B001-2025069228,9228
122726,420,2025-07-23,Pensión Escolar - Julio 2025,B001-2025079228,9228
122727,420,2025-08-20,Pensión Escolar - Agosto 2025,B001-2025089228,9228
122728,420,2025-09-30,Pensión Escolar - Setiembre 2025,B001-2025099228,9228
122729,420,2025-10-20,Pensión Escolar - Octubre 2025,B001-2025109228,9228
122730,420,2025-11-19,Pensión Escolar - Noviembre 2025,B001-2025119228,9228
122731,420,2026-01-01,Pensión Escolar - Diciembre 2025,B001-2025129228,9228
122732,420,2025-03-25,Pensión Escolar - Marzo 2025,B001-2025039200,9200
122733,420,2025-04-25,Pensión Escolar - Abril 2025,B001-2025049200,9200
122734,420,2025-05-20,Pensión Escolar - Mayo 2025,B001-2025059200,9200
122735,420,2025-06-27,Pensión Escolar - Junio 2025,B001-2025069200,9200
122736,420,2025-07-30,Pensión Escolar - Julio 2025,B001-2025079200,9200
122737,420,2025-08-22,Pensión Escolar - Agosto 2025,B001-2025089200,9200
122738,420,2025-10-01,Pensión Escolar - Setiembre 2025,B001-2025099200,9200
122739,420,2025-10-28,Pensión Escolar - Octubre 2025,B001-2025109200,9200
122740,420,2025-11-24,Pensión Escolar - Noviembre 2025,B001-2025119200,9200
122741,420,2025-12-19,Pensión Escolar - Diciembre 2025,B001-2025129200,9200
122742,420,2025-03-18,Pensión Escolar - Marzo 2025,B001-2025039285,9285
122743,420,2025-04-21,Pensión Escolar - Abril 2025,B001-2025049285,9285
122744,420,2025-05-19,Pensión Escolar - Mayo 2025,B001-2025059285,9285
122745,420,2025-06-26,Pensión Escolar - Junio 2025,B001-2025069285,9285
122746,420,2025-07-25,Pensión Escolar - Julio 2025,B001-2025079285,9285
122747,420,2025-08-22,Pensión Escolar - Agosto 2025,B001-2025089285,9285
122748,420,2025-09-26,Pensión Escolar - Setiembre 2025,B001-2025099285,9285
122749,420,2025-10-23,Pensión Escolar - Octubre 2025,B001-2025109285,9285
122750,420,2025-11-25,Pensión Escolar - Noviembre 2025,B001-2025119285,9285
122751,420,2025-12-29,Pensión Escolar - Diciembre 2025,B001-2025129285,9285
122752,420,2025-03-20,Pensión Escolar - Marzo 2025,B001-2025038986,8986
122753,420,2025-04-18,Pensión Escolar - Abril 2025,B001-2025048986,8986
122754,420,2025-06-27,Pensión Escolar - Junio 2025,B001-2025068986,8986
122755,420,2025-07-18,Pensión Escolar - Julio 2025,B001-2025078986,8986
122756,420,2025-08-19,Pensión Escolar - Agosto 2025,B001-2025088986,8986
122757,420,2025-09-18,Pensión Escolar - Setiembre 2025,B001-2025098986,8986
122758,420,2025-10-22,Pensión Escolar - Octubre 2025,B001-2025108986,8986
122759,420,2025-11-21,Pensión Escolar - Noviembre 2025,B001-2025118986,8986
122760,420,2025-12-22,Pensión Escolar - Diciembre 2025,B001-2025128986,8986
122761,420,2025-03-21,Pensión Escolar - Marzo 2025,B001-2025039054,9054
122762,420,2025-04-22,Pensión Escolar - Abril 2025,B001-2025049054,9054
122763,420,2025-05-22,Pensión Escolar - Mayo 2025,B001-2025059054,9054
122764,420,2025-06-26,Pensión Escolar - Junio 2025,B001-2025069054,9054
122765,420,2025-07-28,Pensión Escolar - Julio 2025,B001-2025079054,9054
122766,420,2025-08-18,Pensión Escolar - Agosto 2025,B001-2025089054,9054
122767,420,2025-10-02,Pensión Escolar - Setiembre 2025,B001-2025099054,9054
122768,420,2025-10-31,Pensión Escolar - Octubre 2025,B001-2025109054,9054
122769,420,2025-11-21,Pensión Escolar - Noviembre 2025,B001-2025119054,9054
122770,420,2025-12-25,Pensión Escolar - Diciembre 2025,B001-2025129054,9054
122771,420,2025-03-20,Pensión Escolar - Marzo 2025,B001-2025039281,9281
122772,420,2025-04-30,Pensión Escolar - Abril 2025,B001-2025049281,9281
122773,420,2025-05-26,Pensión Escolar - Mayo 2025,B001-2025059281,9281
122774,420,2025-06-26,Pensión Escolar - Junio 2025,B001-2025069281,9281
122775,420,2025-07-18,Pensión Escolar - Julio 2025,B001-2025079281,9281
122776,420,2025-08-29,Pensión Escolar - Agosto 2025,B001-2025089281,9281
122777,420,2025-09-30,Pensión Escolar - Setiembre 2025,B001-2025099281,9281
122778,420,2025-10-31,Pensión Escolar - Octubre 2025,B001-2025109281,9281
122779,420,2025-12-24,Pensión Escolar - Diciembre 2025,B001-2025129281,9281
122780,420,2025-03-21,Pensión Escolar - Marzo 2025,B001-2025038961,8961
122781,420,2025-05-02,Pensión Escolar - Abril 2025,B001-2025048961,8961
122782,420,2025-05-20,Pensión Escolar - Mayo 2025,B001-2025058961,8961
122783,420,2025-06-27,Pensión Escolar - Junio 2025,B001-2025068961,8961
122784,420,2025-07-30,Pensión Escolar - Julio 2025,B001-2025078961,8961
122785,420,2025-08-29,Pensión Escolar - Agosto 2025,B001-2025088961,8961
122786,420,2025-09-18,Pensión Escolar - Setiembre 2025,B001-2025098961,8961
122787,420,2025-10-17,Pensión Escolar - Octubre 2025,B001-2025108961,8961
122788,420,2025-11-20,Pensión Escolar - Noviembre 2025,B001-2025118961,8961
122789,420,2025-12-18,Pensión Escolar - Diciembre 2025,B001-2025128961,8961
122790,420,2025-04-01,Pensión Escolar - Marzo 2025,B001-2025039099,9099
122791,420,2025-04-24,Pensión Escolar - Abril 2025,B001-2025049099,9099
122792,420,2025-05-19,Pensión Escolar - Mayo 2025,B001-2025059099,9099
122793,420,2025-06-25,Pensión Escolar - Junio 2025,B001-2025069099,9099
122794,420,2025-07-22,Pensión Escolar - Julio 2025,B001-2025079099,9099
122795,420,2025-08-22,Pensión Escolar - Agosto 2025,B001-2025089099,9099
122796,420,2025-09-22,Pensión Escolar - Setiembre 2025,B001-2025099099,9099
122797,420,2025-10-30,Pensión Escolar - Octubre 2025,B001-2025109099,9099
122798,420,2025-11-20,Pensión Escolar - Noviembre 2025,B001-2025119099,9099
122799,420,2026-01-02,Pensión Escolar - Diciembre 2025,B001-2025129099,9099
122800,420,2025-04-01,Pensión Escolar - Marzo 2025,B001-2025039013,9013
122801,420,2025-04-18,Pensión Escolar - Abril 2025,B001-2025049013,9013
122802,420,2025-05-16,Pensión Escolar - Mayo 2025,B001-2025059013,9013
122803,420,2025-06-30,Pensión Escolar - Junio 2025,B001-2025069013,9013
122804,420,2025-07-23,Pensión Escolar - Julio 2025,B001-2025079013,9013
122805,420,2025-08-19,Pensión Escolar - Agosto 2025,B001-2025089013,9013
122806,420,2025-10-03,Pensión Escolar - Setiembre 2025,B001-2025099013,9013
122807,420,2025-10-23,Pensión Escolar - Octubre 2025,B001-2025109013,9013
122808,420,2025-11-28,Pensión Escolar - Noviembre 2025,B001-2025119013,9013
122809,420,2025-12-23,Pensión Escolar - Diciembre 2025,B001-2025129013,9013
122810,420,2025-03-18,Pensión Escolar - Marzo 2025,B001-2025039105,9105
122811,420,2025-04-24,Pensión Escolar - Abril 2025,B001-2025049105,9105
122812,420,2025-05-30,Pensión Escolar - Mayo 2025,B001-2025059105,9105
122813,420,2025-06-19,Pensión Escolar - Junio 2025,B001-2025069105,9105
122814,420,2025-07-18,Pensión Escolar - Julio 2025,B001-2025079105,9105
122815,420,2025-08-22,Pensión Escolar - Agosto 2025,B001-2025089105,9105
122816,420,2025-09-23,Pensión Escolar - Setiembre 2025,B001-2025099105,9105
122817,420,2025-10-24,Pensión Escolar - Octubre 2025,B001-2025109105,9105
122818,420,2025-11-20,Pensión Escolar - Noviembre 2025,B001-2025119105,9105
122819,420,2025-12-31,Pensión Escolar - Diciembre 2025,B001-2025129105,9105
122820,420,2025-03-28,Pensión Escolar - Marzo 2025,B001-2025039038,9038
122821,420,2025-05-02,Pensión Escolar - Abril 2025,B001-2025049038,9038
122822,420,2025-05-23,Pensión Escolar - Mayo 2025,B001-2025059038,9038
122823,420,2025-07-02,Pensión Escolar - Junio 2025,B001-2025069038,9038
122824,420,2025-07-18,Pensión Escolar - Julio 2025,B001-2025079038,9038
122825,420,2025-08-28,Pensión Escolar - Agosto 2025,B001-2025089038,9038
122826,420,2025-10-03,Pensión Escolar - Setiembre 2025,B001-2025099038,9038
122827,420,2025-10-28,Pensión Escolar - Octubre 2025,B001-2025109038,9038
122828,420,2025-11-26,Pensión Escolar - Noviembre 2025,B001-2025119038,9038
122829,420,2025-12-19,Pensión Escolar - Diciembre 2025,B001-2025129038,9038
122830,420,2025-03-21,Pensión Escolar - Marzo 2025,B001-2025038966,8966
122831,420,2025-04-24,Pensión Escolar - Abril 2025,B001-2025048966,8966
122832,420,2025-05-20,Pensión Escolar - Mayo 2025,B001-2025058966,8966
122833,420,2025-06-27,Pensión Escolar - Junio 2025,B001-2025068966,8966
122834,420,2025-07-23,Pensión Escolar - Julio 2025,B001-2025078966,8966
122835,420,2025-08-18,Pensión Escolar - Agosto 2025,B001-2025088966,8966
122836,420,2025-09-26,Pensión Escolar - Setiembre 2025,B001-2025098966,8966
122837,420,2025-10-28,Pensión Escolar - Octubre 2025,B001-2025108966,8966
122838,420,2025-11-19,Pensión Escolar - Noviembre 2025,B001-2025118966,8966
122839,420,2026-01-02,Pensión Escolar - Diciembre 2025,B001-2025128966,8966
122840,420,2025-03-19,Pensión Escolar - Marzo 2025,B001-2025039121,9121
122841,420,2025-04-18,Pensión Escolar - Abril 2025,B001-2025049121,9121
122842,420,2025-05-30,Pensión Escolar - Mayo 2025,B001-2025059121,9121
122843,420,2025-06-20,Pensión Escolar - Junio 2025,B001-2025069121,9121
122844,420,2025-07-23,Pensión Escolar - Julio 2025,B001-2025079121,9121
122845,420,2025-08-22,Pensión Escolar - Agosto 2025,B001-2025089121,9121
122846,420,2025-10-03,Pensión Escolar - Setiembre 2025,B001-2025099121,9121
122847,420,2025-10-24,Pensión Escolar - Octubre 2025,B001-2025109121,9121
122848,420,2025-11-25,Pensión Escolar - Noviembre 2025,B001-2025119121,9121
122849,420,2026-01-02,Pensión Escolar - Diciembre 2025,B001-2025129121,9121
122850,420,2025-03-28,Pensión Escolar - Marzo 2025,B001-2025039139,9139
122851,420,2025-04-30,Pensión Escolar - Abril 2025,B001-2025049139,9139
122852,420,2025-05-22,Pensión Escolar - Mayo 2025,B001-2025059139,9139
122853,420,2025-06-20,Pensión Escolar - Junio 2025,B001-2025069139,9139
122854,420,2025-07-29,Pensión Escolar - Julio 2025,B001-2025079139,9139
122855,420,2025-08-21,Pensión Escolar - Agosto 2025,B001-2025089139,9139
122856,420,2025-09-26,Pensión Escolar - Setiembre 2025,B001-2025099139,9139
122857,420,2025-10-23,Pensión Escolar - Octubre 2025,B001-2025109139,9139
122858,420,2025-12-03,Pensión Escolar - Noviembre 2025,B001-2025119139,9139
122859,420,2025-12-30,Pensión Escolar - Diciembre 2025,B001-2025129139,9139
122860,420,2025-03-20,Pensión Escolar - Marzo 2025,B001-2025039335,9335
122861,420,2025-04-18,Pensión Escolar - Abril 2025,B001-2025049335,9335
122862,420,2025-05-21,Pensión Escolar - Mayo 2025,B001-2025059335,9335
122863,420,2025-06-27,Pensión Escolar - Junio 2025,B001-2025069335,9335
122864,420,2025-07-25,Pensión Escolar - Julio 2025,B001-2025079335,9335
122865,420,2025-08-25,Pensión Escolar - Agosto 2025,B001-2025089335,9335
122866,420,2025-09-22,Pensión Escolar - Setiembre 2025,B001-2025099335,9335
122867,420,2025-10-22,Pensión Escolar - Octubre 2025,B001-2025109335,9335
122868,420,2025-11-21,Pensión Escolar - Noviembre 2025,B001-2025119335,9335
122869,420,2025-12-26,Pensión Escolar - Diciembre 2025,B001-2025129335,9335
122870,420,2025-03-20,Pensión Escolar - Marzo 2025,B001-2025039243,9243
122871,420,2025-05-02,Pensión Escolar - Abril 2025,B001-2025049243,9243
122872,420,2025-05-28,Pensión Escolar - Mayo 2025,B001-2025059243,9243
122873,420,2025-06-20,Pensión Escolar - Junio 2025,B001-2025069243,9243
122874,420,2025-07-21,Pensión Escolar - Julio 2025,B001-2025079243,9243
122875,420,2025-09-01,Pensión Escolar - Agosto 2025,B001-2025089243,9243
122876,420,2025-09-19,Pensión Escolar - Setiembre 2025,B001-2025099243,9243
122877,420,2025-10-23,Pensión Escolar - Octubre 2025,B001-2025109243,9243
122878,420,2025-11-25,Pensión Escolar - Noviembre 2025,B001-2025119243,9243
122879,420,2025-12-23,Pensión Escolar - Diciembre 2025,B001-2025129243,9243
122880,420,2025-03-31,Pensión Escolar - Marzo 2025,B001-2025039213,9213
122881,420,2025-04-28,Pensión Escolar - Abril 2025,B001-2025049213,9213
122882,420,2025-05-29,Pensión Escolar - Mayo 2025,B001-2025059213,9213
122883,420,2025-06-20,Pensión Escolar - Junio 2025,B001-2025069213,9213
122884,420,2025-07-29,Pensión Escolar - Julio 2025,B001-2025079213,9213
122885,420,2025-08-18,Pensión Escolar - Agosto 2025,B001-2025089213,9213
122886,420,2025-10-01,Pensión Escolar - Setiembre 2025,B001-2025099213,9213
122887,420,2025-10-20,Pensión Escolar - Octubre 2025,B001-2025109213,9213
122888,420,2025-11-18,Pensión Escolar - Noviembre 2025,B001-2025119213,9213
122889,420,2025-12-23,Pensión Escolar - Diciembre 2025,B001-2025129213,9213
122890,420,2025-03-31,Pensión Escolar - Marzo 2025,B001-2025039267,9267
122891,420,2025-04-24,Pensión Escolar - Abril 2025,B001-2025049267,9267
122892,420,2025-05-28,Pensión Escolar - Mayo 2025,B001-2025059267,9267
122893,420,2025-06-18,Pensión Escolar - Junio 2025,B001-2025069267,9267
122894,420,2025-08-01,Pensión Escolar - Julio 2025,B001-2025079267,9267
122895,420,2025-08-20,Pensión Escolar - Agosto 2025,B001-2025089267,9267
122896,420,2025-09-30,Pensión Escolar - Setiembre 2025,B001-2025099267,9267
122897,420,2025-10-21,Pensión Escolar - Octubre 2025,B001-2025109267,9267
122898,420,2025-12-01,Pensión Escolar - Noviembre 2025,B001-2025119267,9267
122899,420,2025-12-31,Pensión Escolar - Diciembre 2025,B001-2025129267,9267
122900,420,2025-03-21,Pensión Escolar - Marzo 2025,B001-2025038987,8987
122901,420,2025-04-18,Pensión Escolar - Abril 2025,B001-2025048987,8987
122902,420,2025-05-21,Pensión Escolar - Mayo 2025,B001-2025058987,8987
122903,420,2025-06-27,Pensión Escolar - Junio 2025,B001-2025068987,8987
122904,420,2025-07-22,Pensión Escolar - Julio 2025,B001-2025078987,8987
122905,420,2025-08-25,Pensión Escolar - Agosto 2025,B001-2025088987,8987
122906,420,2025-10-03,Pensión Escolar - Setiembre 2025,B001-2025098987,8987
122907,420,2025-10-31,Pensión Escolar - Octubre 2025,B001-2025108987,8987
122908,420,2025-11-21,Pensión Escolar - Noviembre 2025,B001-2025118987,8987
122909,420,2025-12-25,Pensión Escolar - Diciembre 2025,B001-2025128987,8987
122910,420,2025-03-20,Pensión Escolar - Marzo 2025,B001-2025039236,9236
122911,420,2025-04-22,Pensión Escolar - Abril 2025,B001-2025049236,9236
122912,420,2025-05-23,Pensión Escolar - Mayo 2025,B001-2025059236,9236
122913,420,2025-06-25,Pensión Escolar - Junio 2025,B001-2025069236,9236
122914,420,2025-07-18,Pensión Escolar - Julio 2025,B001-2025079236,9236
122915,420,2025-08-19,Pensión Escolar - Agosto 2025,B001-2025089236,9236
122916,420,2025-09-25,Pensión Escolar - Setiembre 2025,B001-2025099236,9236
122917,420,2025-10-17,Pensión Escolar - Octubre 2025,B001-2025109236,9236
122918,420,2025-11-20,Pensión Escolar - Noviembre 2025,B001-2025119236,9236
122919,420,2025-12-31,Pensión Escolar - Diciembre 2025,B001-2025129236,9236
122920,420,2025-03-28,Pensión Escolar - Marzo 2025,B001-2025039037,9037
122921,420,2025-04-22,Pensión Escolar - Abril 2025,B001-2025049037,9037
122922,420,2025-05-23,Pensión Escolar - Mayo 2025,B001-2025059037,9037
122923,420,2025-06-24,Pensión Escolar - Junio 2025,B001-2025069037,9037
122924,420,2025-07-23,Pensión Escolar - Julio 2025,B001-2025079037,9037
122925,420,2025-08-29,Pensión Escolar - Agosto 2025,B001-2025089037,9037
122926,420,2025-09-22,Pensión Escolar - Setiembre 2025,B001-2025099037,9037
122927,420,2025-10-31,Pensión Escolar - Octubre 2025,B001-2025109037,9037
122928,420,2025-12-01,Pensión Escolar - Noviembre 2025,B001-2025119037,9037
122929,420,2025-12-29,Pensión Escolar - Diciembre 2025,B001-2025129037,9037
122930,420,2025-03-28,Pensión Escolar - Marzo 2025,B001-2025039239,9239
122931,420,2025-04-29,Pensión Escolar - Abril 2025,B001-2025049239,9239
122932,420,2025-05-23,Pensión Escolar - Mayo 2025,B001-2025059239,9239
122933,420,2025-06-24,Pensión Escolar - Junio 2025,B001-2025069239,9239
122934,420,2025-07-23,Pensión Escolar - Julio 2025,B001-2025079239,9239
122935,420,2025-08-29,Pensión Escolar - Agosto 2025,B001-2025089239,9239
122936,420,2025-09-24,Pensión Escolar - Setiembre 2025,B001-2025099239,9239
122937,420,2025-10-28,Pensión Escolar - Octubre 2025,B001-2025109239,9239
122938,420,2025-11-20,Pensión Escolar - Noviembre 2025,B001-2025119239,9239
122939,420,2025-12-25,Pensión Escolar - Diciembre 2025,B001-2025129239,9239
122940,420,2025-04-02,Pensión Escolar - Marzo 2025,B001-2025039036,9036
122941,420,2025-04-21,Pensión Escolar - Abril 2025,B001-2025049036,9036
122942,420,2025-05-27,Pensión Escolar - Mayo 2025,B001-2025059036,9036
122943,420,2025-06-27,Pensión Escolar - Junio 2025,B001-2025069036,9036
122944,420,2025-07-18,Pensión Escolar - Julio 2025,B001-2025079036,9036
122945,420,2025-08-19,Pensión Escolar - Agosto 2025,B001-2025089036,9036
122946,420,2025-09-25,Pensión Escolar - Setiembre 2025,B001-2025099036,9036
122947,420,2025-10-31,Pensión Escolar - Octubre 2025,B001-2025109036,9036
122948,420,2025-11-25,Pensión Escolar - Noviembre 2025,B001-2025119036,9036
122949,420,2025-12-18,Pensión Escolar - Diciembre 2025,B001-2025129036,9036
122950,420,2025-03-31,Pensión Escolar - Marzo 2025,B001-2025039087,9087
122951,420,2025-05-02,Pensión Escolar - Abril 2025,B001-2025049087,9087
122952,420,2025-05-23,Pensión Escolar - Mayo 2025,B001-2025059087,9087
122953,420,2025-07-01,Pensión Escolar - Junio 2025,B001-2025069087,9087
122954,420,2025-07-25,Pensión Escolar - Julio 2025,B001-2025079087,9087
122955,420,2025-08-22,Pensión Escolar - Agosto 2025,B001-2025089087,9087
122956,420,2025-09-25,Pensión Escolar - Setiembre 2025,B001-2025099087,9087
122957,420,2025-10-24,Pensión Escolar - Octubre 2025,B001-2025109087,9087
122958,420,2025-11-25,Pensión Escolar - Noviembre 2025,B001-2025119087,9087
122959,420,2025-12-19,Pensión Escolar - Diciembre 2025,B001-2025129087,9087
122960,420,2025-03-28,Pensión Escolar - Marzo 2025,B001-2025038948,8948
122961,420,2025-04-25,Pensión Escolar - Abril 2025,B001-2025048948,8948
122962,420,2025-05-30,Pensión Escolar - Mayo 2025,B001-2025058948,8948
122963,420,2025-07-03,Pensión Escolar - Junio 2025,B001-2025068948,8948
122964,420,2025-07-29,Pensión Escolar - Julio 2025,B001-2025078948,8948
122965,420,2025-08-19,Pensión Escolar - Agosto 2025,B001-2025088948,8948
122966,420,2025-09-19,Pensión Escolar - Setiembre 2025,B001-2025098948,8948
122967,420,2025-10-31,Pensión Escolar - Octubre 2025,B001-2025108948,8948
122968,420,2025-11-28,Pensión Escolar - Noviembre 2025,B001-2025118948,8948
122969,420,2025-12-19,Pensión Escolar - Diciembre 2025,B001-2025128948,8948
122970,420,2025-03-28,Pensión Escolar - Marzo 2025,B001-2025039201,9201
122971,420,2025-04-24,Pensión Escolar - Abril 2025,B001-2025049201,9201
122972,420,2025-05-22,Pensión Escolar - Mayo 2025,B001-2025059201,9201
122973,420,2025-06-30,Pensión Escolar - Junio 2025,B001-2025069201,9201
122974,420,2025-07-28,Pensión Escolar - Julio 2025,B001-2025079201,9201
122975,420,2025-08-18,Pensión Escolar - Agosto 2025,B001-2025089201,9201
122976,420,2025-10-01,Pensión Escolar - Setiembre 2025,B001-2025099201,9201
122977,420,2025-10-20,Pensión Escolar - Octubre 2025,B001-2025109201,9201
122978,420,2025-12-02,Pensión Escolar - Noviembre 2025,B001-2025119201,9201
122979,420,2025-12-23,Pensión Escolar - Diciembre 2025,B001-2025129201,9201
122980,420,2025-03-28,Pensión Escolar - Marzo 2025,B001-2025039083,9083
122981,420,2025-04-21,Pensión Escolar - Abril 2025,B001-2025049083,9083
122982,420,2025-05-30,Pensión Escolar - Mayo 2025,B001-2025059083,9083
122983,420,2025-06-18,Pensión Escolar - Junio 2025,B001-2025069083,9083
122984,420,2025-07-22,Pensión Escolar - Julio 2025,B001-2025079083,9083
122985,420,2025-09-02,Pensión Escolar - Agosto 2025,B001-2025089083,9083
122986,420,2025-09-22,Pensión Escolar - Setiembre 2025,B001-2025099083,9083
122987,420,2025-10-17,Pensión Escolar - Octubre 2025,B001-2025109083,9083
122988,420,2025-11-28,Pensión Escolar - Noviembre 2025,B001-2025119083,9083
122989,420,2025-12-29,Pensión Escolar - Diciembre 2025,B001-2025129083,9083
122990,420,2025-03-24,Pensión Escolar - Marzo 2025,B001-2025039057,9057
122991,420,2025-04-28,Pensión Escolar - Abril 2025,B001-2025049057,9057
122992,420,2025-05-19,Pensión Escolar - Mayo 2025,B001-2025059057,9057
122993,420,2025-06-20,Pensión Escolar - Junio 2025,B001-2025069057,9057
122994,420,2025-07-22,Pensión Escolar - Julio 2025,B001-2025079057,9057
122995,420,2025-09-02,Pensión Escolar - Agosto 2025,B001-2025089057,9057
122996,420,2025-09-26,Pensión Escolar - Setiembre 2025,B001-2025099057,9057
122997,420,2025-10-24,Pensión Escolar - Octubre 2025,B001-2025109057,9057
122998,420,2025-11-25,Pensión Escolar - Noviembre 2025,B001-2025119057,9057
122999,420,2025-12-26,Pensión Escolar - Diciembre 2025,B001-2025129057,9057
123000,350,2026-04-01,Pensión Escolar - Marzo 2026,B001-2026038967,8967
123001,350,2026-05-01,Pensión Escolar - Abril 2026,B001-2026048967,8967
123002,350,2026-05-27,Pensión Escolar - Mayo 2026,B001-2026058967,8967
123003,350,2026-07-31,Pensión Escolar - Julio 2026,B001-2026078967,8967
123004,350,2026-03-24,Pensión Escolar - Marzo 2026,B001-2026039305,9305
123005,350,2026-04-23,Pensión Escolar - Abril 2026,B001-2026049305,9305
123006,350,2026-05-19,Pensión Escolar - Mayo 2026,B001-2026059305,9305
123007,350,2026-06-22,Pensión Escolar - Junio 2026,B001-2026069305,9305
123008,350,2026-04-21,Pensión Escolar - Abril 2026,B001-2026049277,9277
123009,350,2026-05-22,Pensión Escolar - Mayo 2026,B001-2026059277,9277
123010,350,2026-06-22,Pensión Escolar - Junio 2026,B001-2026069277,9277
123011,350,2026-03-19,Pensión Escolar - Marzo 2026,B001-2026038995,8995
123012,350,2026-04-29,Pensión Escolar - Abril 2026,B001-2026048995,8995
123013,350,2026-05-29,Pensión Escolar - Mayo 2026,B001-2026058995,8995
123014,350,2026-06-18,Pensión Escolar - Junio 2026,B001-2026068995,8995
123015,350,2026-03-20,Pensión Escolar - Marzo 2026,B001-2026039056,9056
123016,350,2026-04-27,Pensión Escolar - Abril 2026,B001-2026049056,9056
123017,350,2026-05-28,Pensión Escolar - Mayo 2026,B001-2026059056,9056
123018,350,2026-06-24,Pensión Escolar - Junio 2026,B001-2026069056,9056
123019,350,2026-07-31,Pensión Escolar - Julio 2026,B001-2026079056,9056
123020,350,2026-03-31,Pensión Escolar - Marzo 2026,B001-2026038994,8994
123021,350,2026-05-01,Pensión Escolar - Abril 2026,B001-2026048994,8994
123022,350,2026-05-29,Pensión Escolar - Mayo 2026,B001-2026058994,8994
123023,350,2026-07-02,Pensión Escolar - Junio 2026,B001-2026068994,8994
123024,350,2026-07-17,Pensión Escolar - Julio 2026,B001-2026078994,8994
123025,350,2026-03-23,Pensión Escolar - Marzo 2026,B001-2026039255,9255
123026,350,2026-05-01,Pensión Escolar - Abril 2026,B001-2026049255,9255
123027,350,2026-05-28,Pensión Escolar - Mayo 2026,B001-2026059255,9255
123028,350,2026-06-25,Pensión Escolar - Junio 2026,B001-2026069255,9255
123029,350,2026-07-24,Pensión Escolar - Julio 2026,B001-2026079255,9255
123030,350,2026-04-30,Pensión Escolar - Abril 2026,B001-2026048982,8982
123031,350,2026-05-25,Pensión Escolar - Mayo 2026,B001-2026058982,8982
123032,350,2026-06-26,Pensión Escolar - Junio 2026,B001-2026068982,8982
123033,350,2026-04-02,Pensión Escolar - Marzo 2026,B001-2026039294,9294
123034,350,2026-04-22,Pensión Escolar - Abril 2026,B001-2026049294,9294
123035,350,2026-05-20,Pensión Escolar - Mayo 2026,B001-2026059294,9294
123036,350,2026-06-19,Pensión Escolar - Junio 2026,B001-2026069294,9294
123037,350,2026-03-27,Pensión Escolar - Marzo 2026,B001-2026038998,8998
123038,350,2026-05-01,Pensión Escolar - Abril 2026,B001-2026048998,8998
123039,350,2026-05-22,Pensión Escolar - Mayo 2026,B001-2026058998,8998
123040,350,2026-07-01,Pensión Escolar - Junio 2026,B001-2026068998,8998
123041,350,2026-05-01,Pensión Escolar - Abril 2026,B001-2026049080,9080
123042,350,2026-05-22,Pensión Escolar - Mayo 2026,B001-2026059080,9080
123043,350,2026-06-19,Pensión Escolar - Junio 2026,B001-2026069080,9080
123044,350,2026-07-31,Pensión Escolar - Julio 2026,B001-2026079080,9080
123045,350,2026-03-18,Pensión Escolar - Marzo 2026,B001-2026039028,9028
123046,350,2026-04-22,Pensión Escolar - Abril 2026,B001-2026049028,9028
123047,350,2026-06-01,Pensión Escolar - Mayo 2026,B001-2026059028,9028
123048,350,2026-06-25,Pensión Escolar - Junio 2026,B001-2026069028,9028
123049,350,2026-03-27,Pensión Escolar - Marzo 2026,B001-2026039177,9177
123050,350,2026-04-22,Pensión Escolar - Abril 2026,B001-2026049177,9177
123051,350,2026-06-02,Pensión Escolar - Mayo 2026,B001-2026059177,9177
123052,350,2026-06-19,Pensión Escolar - Junio 2026,B001-2026069177,9177
123053,350,2026-03-31,Pensión Escolar - Marzo 2026,B001-2026039332,9332
123054,350,2026-04-21,Pensión Escolar - Abril 2026,B001-2026049332,9332
123055,350,2026-05-19,Pensión Escolar - Mayo 2026,B001-2026059332,9332
123056,350,2026-04-01,Pensión Escolar - Marzo 2026,B001-2026039187,9187
123057,350,2026-04-20,Pensión Escolar - Abril 2026,B001-2026049187,9187
123058,350,2026-05-29,Pensión Escolar - Mayo 2026,B001-2026059187,9187
123059,350,2026-06-26,Pensión Escolar - Junio 2026,B001-2026069187,9187
123060,350,2026-03-30,Pensión Escolar - Marzo 2026,B001-2026039034,9034
123061,350,2026-04-29,Pensión Escolar - Abril 2026,B001-2026049034,9034
123062,350,2026-05-19,Pensión Escolar - Mayo 2026,B001-2026059034,9034
123063,350,2026-07-02,Pensión Escolar - Junio 2026,B001-2026069034,9034
123064,350,2026-03-30,Pensión Escolar - Marzo 2026,B001-2026039031,9031
123065,350,2026-04-30,Pensión Escolar - Abril 2026,B001-2026049031,9031
123066,350,2026-05-29,Pensión Escolar - Mayo 2026,B001-2026059031,9031
123067,350,2026-07-24,Pensión Escolar - Julio 2026,B001-2026079031,9031
123068,350,2026-03-24,Pensión Escolar - Marzo 2026,B001-2026039282,9282
123069,350,2026-06-30,Pensión Escolar - Junio 2026,B001-2026069282,9282
123070,350,2026-07-28,Pensión Escolar - Julio 2026,B001-2026079282,9282
123071,350,2026-03-20,Pensión Escolar - Marzo 2026,B001-2026038979,8979
123072,350,2026-04-24,Pensión Escolar - Abril 2026,B001-2026048979,8979
123073,350,2026-05-19,Pensión Escolar - Mayo 2026,B001-2026058979,8979
123074,350,2026-04-01,Pensión Escolar - Marzo 2026,B001-2026038977,8977
123075,350,2026-04-21,Pensión Escolar - Abril 2026,B001-2026048977,8977
123076,350,2026-05-29,Pensión Escolar - Mayo 2026,B001-2026058977,8977
123077,350,2026-07-01,Pensión Escolar - Junio 2026,B001-2026068977,8977
123078,350,2026-03-27,Pensión Escolar - Marzo 2026,B001-2026039252,9252
123079,350,2026-05-01,Pensión Escolar - Abril 2026,B001-2026049252,9252
123080,350,2026-05-29,Pensión Escolar - Mayo 2026,B001-2026059252,9252
123081,350,2026-06-19,Pensión Escolar - Junio 2026,B001-2026069252,9252
123082,350,2026-07-17,Pensión Escolar - Julio 2026,B001-2026079252,9252
123083,350,2026-03-31,Pensión Escolar - Marzo 2026,B001-2026039125,9125
123084,350,2026-04-29,Pensión Escolar - Abril 2026,B001-2026049125,9125
123085,350,2026-05-26,Pensión Escolar - Mayo 2026,B001-2026059125,9125
123086,350,2026-06-30,Pensión Escolar - Junio 2026,B001-2026069125,9125
123087,350,2026-07-17,Pensión Escolar - Julio 2026,B001-2026079125,9125
123088,350,2026-03-31,Pensión Escolar - Marzo 2026,B001-2026039246,9246
123089,350,2026-04-17,Pensión Escolar - Abril 2026,B001-2026049246,9246
123090,350,2026-05-26,Pensión Escolar - Mayo 2026,B001-2026059246,9246
123091,350,2026-06-23,Pensión Escolar - Junio 2026,B001-2026069246,9246
123092,350,2026-07-24,Pensión Escolar - Julio 2026,B001-2026079246,9246
123093,350,2026-03-19,Pensión Escolar - Marzo 2026,B001-2026039075,9075
123094,350,2026-04-17,Pensión Escolar - Abril 2026,B001-2026049075,9075
123095,350,2026-05-22,Pensión Escolar - Mayo 2026,B001-2026059075,9075
123096,350,2026-07-23,Pensión Escolar - Julio 2026,B001-2026079075,9075
123097,350,2026-04-02,Pensión Escolar - Marzo 2026,B001-2026039223,9223
123098,350,2026-04-17,Pensión Escolar - Abril 2026,B001-2026049223,9223
123099,350,2026-05-21,Pensión Escolar - Mayo 2026,B001-2026059223,9223
123100,350,2026-06-26,Pensión Escolar - Junio 2026,B001-2026069223,9223
123101,350,2026-03-26,Pensión Escolar - Marzo 2026,B001-2026039122,9122
123102,350,2026-04-24,Pensión Escolar - Abril 2026,B001-2026049122,9122
123103,350,2026-05-29,Pensión Escolar - Mayo 2026,B001-2026059122,9122
123104,350,2026-06-26,Pensión Escolar - Junio 2026,B001-2026069122,9122
123105,350,2026-03-20,Pensión Escolar - Marzo 2026,B001-2026039064,9064
123106,350,2026-04-17,Pensión Escolar - Abril 2026,B001-2026049064,9064
123107,350,2026-05-18,Pensión Escolar - Mayo 2026,B001-2026059064,9064
123108,350,2026-06-22,Pensión Escolar - Junio 2026,B001-2026069064,9064
123109,350,2026-03-20,Pensión Escolar - Marzo 2026,B001-2026039314,9314
123110,350,2026-05-01,Pensión Escolar - Abril 2026,B001-2026049314,9314
123111,350,2026-05-26,Pensión Escolar - Mayo 2026,B001-2026059314,9314
123112,350,2026-06-26,Pensión Escolar - Junio 2026,B001-2026069314,9314
123113,350,2026-03-27,Pensión Escolar - Marzo 2026,B001-2026039275,9275
123114,350,2026-05-01,Pensión Escolar - Abril 2026,B001-2026049275,9275
123115,350,2026-05-26,Pensión Escolar - Mayo 2026,B001-2026059275,9275
123116,350,2026-06-26,Pensión Escolar - Junio 2026,B001-2026069275,9275
123117,350,2026-07-23,Pensión Escolar - Julio 2026,B001-2026079275,9275
123118,350,2026-03-27,Pensión Escolar - Marzo 2026,B001-2026039004,9004
123119,350,2026-04-20,Pensión Escolar - Abril 2026,B001-2026049004,9004
123120,350,2026-05-26,Pensión Escolar - Mayo 2026,B001-2026059004,9004
123121,350,2026-06-24,Pensión Escolar - Junio 2026,B001-2026069004,9004
123122,350,2026-07-24,Pensión Escolar - Julio 2026,B001-2026079004,9004
123123,350,2026-03-25,Pensión Escolar - Marzo 2026,B001-2026039293,9293
123124,350,2026-05-22,Pensión Escolar - Mayo 2026,B001-2026059293,9293
123125,350,2026-07-01,Pensión Escolar - Junio 2026,B001-2026069293,9293
123126,350,2026-05-27,Pensión Escolar - Mayo 2026,B001-2026059206,9206
123127,350,2026-06-22,Pensión Escolar - Junio 2026,B001-2026069206,9206
123128,350,2026-03-20,Pensión Escolar - Marzo 2026,B001-2026039079,9079
123129,350,2026-05-22,Pensión Escolar - Mayo 2026,B001-2026059079,9079
123130,350,2026-06-26,Pensión Escolar - Junio 2026,B001-2026069079,9079
123131,350,2026-07-17,Pensión Escolar - Julio 2026,B001-2026079079,9079
123132,350,2026-04-02,Pensión Escolar - Marzo 2026,B001-2026039333,9333
123133,350,2026-04-24,Pensión Escolar - Abril 2026,B001-2026049333,9333
123134,350,2026-05-22,Pensión Escolar - Mayo 2026,B001-2026059333,9333
123135,350,2026-06-26,Pensión Escolar - Junio 2026,B001-2026069333,9333
123136,350,2026-07-29,Pensión Escolar - Julio 2026,B001-2026079333,9333
123137,350,2026-03-31,Pensión Escolar - Marzo 2026,B001-2026039309,9309
123138,350,2026-05-01,Pensión Escolar - Abril 2026,B001-2026049309,9309
123139,350,2026-05-29,Pensión Escolar - Mayo 2026,B001-2026059309,9309
123140,350,2026-06-26,Pensión Escolar - Junio 2026,B001-2026069309,9309
123141,350,2026-04-21,Pensión Escolar - Abril 2026,B001-2026049156,9156
123142,350,2026-05-22,Pensión Escolar - Mayo 2026,B001-2026059156,9156
123143,350,2026-07-01,Pensión Escolar - Junio 2026,B001-2026069156,9156
123144,350,2026-04-01,Pensión Escolar - Marzo 2026,B001-2026039201,9201
123145,350,2026-04-17,Pensión Escolar - Abril 2026,B001-2026049201,9201
123146,350,2026-05-18,Pensión Escolar - Mayo 2026,B001-2026059201,9201
123147,350,2026-06-26,Pensión Escolar - Junio 2026,B001-2026069201,9201
123148,350,2026-03-23,Pensión Escolar - Marzo 2026,B001-2026039173,9173
123149,350,2026-04-29,Pensión Escolar - Abril 2026,B001-2026049173,9173
123150,350,2026-05-28,Pensión Escolar - Mayo 2026,B001-2026059173,9173
123151,350,2026-06-23,Pensión Escolar - Junio 2026,B001-2026069173,9173
123152,350,2026-04-02,Pensión Escolar - Marzo 2026,B001-2026039086,9086
123153,350,2026-05-01,Pensión Escolar - Abril 2026,B001-2026049086,9086
123154,350,2026-05-27,Pensión Escolar - Mayo 2026,B001-2026059086,9086
123155,350,2026-07-03,Pensión Escolar - Junio 2026,B001-2026069086,9086
123156,350,2026-03-20,Pensión Escolar - Marzo 2026,B001-2026039038,9038
123157,350,2026-04-24,Pensión Escolar - Abril 2026,B001-2026049038,9038
123158,350,2026-05-26,Pensión Escolar - Mayo 2026,B001-2026059038,9038
123159,350,2026-06-29,Pensión Escolar - Junio 2026,B001-2026069038,9038
123160,350,2026-05-01,Pensión Escolar - Abril 2026,B001-2026048965,8965
123161,350,2026-05-21,Pensión Escolar - Mayo 2026,B001-2026058965,8965
123162,350,2026-07-17,Pensión Escolar - Julio 2026,B001-2026078965,8965
123163,350,2026-04-02,Pensión Escolar - Marzo 2026,B001-2026039238,9238
123164,350,2026-04-28,Pensión Escolar - Abril 2026,B001-2026049238,9238
123165,350,2026-05-29,Pensión Escolar - Mayo 2026,B001-2026059238,9238
123166,350,2026-06-25,Pensión Escolar - Junio 2026,B001-2026069238,9238
123167,350,2026-03-26,Pensión Escolar - Marzo 2026,B001-2026039313,9313
123168,350,2026-04-17,Pensión Escolar - Abril 2026,B001-2026049313,9313
123169,350,2026-05-22,Pensión Escolar - Mayo 2026,B001-2026059313,9313
123170,350,2026-06-18,Pensión Escolar - Junio 2026,B001-2026069313,9313
123171,350,2026-07-30,Pensión Escolar - Julio 2026,B001-2026079313,9313
123172,350,2026-03-26,Pensión Escolar - Marzo 2026,B001-2026039199,9199
123173,350,2026-04-30,Pensión Escolar - Abril 2026,B001-2026049199,9199
123174,350,2026-05-19,Pensión Escolar - Mayo 2026,B001-2026059199,9199
123175,350,2026-06-23,Pensión Escolar - Junio 2026,B001-2026069199,9199
123176,350,2026-07-20,Pensión Escolar - Julio 2026,B001-2026079199,9199
123177,350,2026-03-20,Pensión Escolar - Marzo 2026,B001-2026038956,8956
123178,350,2026-04-20,Pensión Escolar - Abril 2026,B001-2026048956,8956
123179,350,2026-05-29,Pensión Escolar - Mayo 2026,B001-2026058956,8956
123180,350,2026-03-20,Pensión Escolar - Marzo 2026,B001-2026039054,9054
123181,350,2026-04-21,Pensión Escolar - Abril 2026,B001-2026049054,9054
123182,350,2026-05-26,Pensión Escolar - Mayo 2026,B001-2026059054,9054
123183,350,2026-07-01,Pensión Escolar - Junio 2026,B001-2026069054,9054
123184,350,2026-03-20,Pensión Escolar - Marzo 2026,B001-2026039098,9098
123185,350,2026-04-29,Pensión Escolar - Abril 2026,B001-2026049098,9098
123186,350,2026-05-22,Pensión Escolar - Mayo 2026,B001-2026059098,9098
123187,350,2026-06-23,Pensión Escolar - Junio 2026,B001-2026069098,9098
123188,350,2026-07-20,Pensión Escolar - Julio 2026,B001-2026079098,9098
123189,350,2026-03-19,Pensión Escolar - Marzo 2026,B001-2026039306,9306
123190,350,2026-04-24,Pensión Escolar - Abril 2026,B001-2026049306,9306
123191,350,2026-05-22,Pensión Escolar - Mayo 2026,B001-2026059306,9306
123192,350,2026-06-26,Pensión Escolar - Junio 2026,B001-2026069306,9306
123193,350,2026-07-21,Pensión Escolar - Julio 2026,B001-2026079306,9306
123194,350,2026-03-20,Pensión Escolar - Marzo 2026,B001-2026039310,9310
123195,350,2026-04-22,Pensión Escolar - Abril 2026,B001-2026049310,9310
123196,350,2026-06-01,Pensión Escolar - Mayo 2026,B001-2026059310,9310
123197,350,2026-06-19,Pensión Escolar - Junio 2026,B001-2026069310,9310
123198,350,2026-03-31,Pensión Escolar - Marzo 2026,B001-2026039020,9020
123199,350,2026-04-17,Pensión Escolar - Abril 2026,B001-2026049020,9020
123200,350,2026-05-26,Pensión Escolar - Mayo 2026,B001-2026059020,9020
123201,350,2026-07-02,Pensión Escolar - Junio 2026,B001-2026069020,9020
123202,350,2026-04-30,Pensión Escolar - Abril 2026,B001-2026049171,9171
123203,350,2026-05-22,Pensión Escolar - Mayo 2026,B001-2026059171,9171
123204,350,2026-06-19,Pensión Escolar - Junio 2026,B001-2026069171,9171
123205,350,2026-03-20,Pensión Escolar - Marzo 2026,B001-2026039164,9164
123206,350,2026-04-21,Pensión Escolar - Abril 2026,B001-2026049164,9164
123207,350,2026-05-18,Pensión Escolar - Mayo 2026,B001-2026059164,9164
123208,350,2026-07-02,Pensión Escolar - Junio 2026,B001-2026069164,9164
123209,350,2026-03-30,Pensión Escolar - Marzo 2026,B001-2026039317,9317
123210,350,2026-04-17,Pensión Escolar - Abril 2026,B001-2026049317,9317
123211,350,2026-05-29,Pensión Escolar - Mayo 2026,B001-2026059317,9317
123212,350,2026-06-29,Pensión Escolar - Junio 2026,B001-2026069317,9317
123213,350,2026-07-29,Pensión Escolar - Julio 2026,B001-2026079317,9317
123214,350,2026-03-23,Pensión Escolar - Marzo 2026,B001-2026039181,9181
123215,350,2026-04-20,Pensión Escolar - Abril 2026,B001-2026049181,9181
123216,350,2026-05-19,Pensión Escolar - Mayo 2026,B001-2026059181,9181
123217,350,2026-06-24,Pensión Escolar - Junio 2026,B001-2026069181,9181
123218,350,2026-03-18,Pensión Escolar - Marzo 2026,B001-2026039158,9158
123219,350,2026-04-30,Pensión Escolar - Abril 2026,B001-2026049158,9158
123220,350,2026-05-26,Pensión Escolar - Mayo 2026,B001-2026059158,9158
123221,350,2026-06-19,Pensión Escolar - Junio 2026,B001-2026069158,9158
123222,350,2026-07-17,Pensión Escolar - Julio 2026,B001-2026079158,9158
123223,350,2026-04-02,Pensión Escolar - Marzo 2026,B001-2026038991,8991
123224,350,2026-04-24,Pensión Escolar - Abril 2026,B001-2026048991,8991
123225,350,2026-06-01,Pensión Escolar - Mayo 2026,B001-2026058991,8991
123226,350,2026-06-26,Pensión Escolar - Junio 2026,B001-2026068991,8991
123227,350,2026-07-17,Pensión Escolar - Julio 2026,B001-2026078991,8991
123228,350,2026-03-27,Pensión Escolar - Marzo 2026,B001-2026039159,9159
123229,350,2026-04-21,Pensión Escolar - Abril 2026,B001-2026049159,9159
123230,350,2026-05-21,Pensión Escolar - Mayo 2026,B001-2026059159,9159
123231,350,2026-03-20,Pensión Escolar - Marzo 2026,B001-2026038964,8964
123232,350,2026-04-28,Pensión Escolar - Abril 2026,B001-2026048964,8964
123233,350,2026-05-22,Pensión Escolar - Mayo 2026,B001-2026058964,8964
123234,350,2026-06-29,Pensión Escolar - Junio 2026,B001-2026068964,8964
123235,350,2026-07-29,Pensión Escolar - Julio 2026,B001-2026078964,8964
123236,350,2026-03-23,Pensión Escolar - Marzo 2026,B001-2026039162,9162
123237,350,2026-04-28,Pensión Escolar - Abril 2026,B001-2026049162,9162
123238,350,2026-06-01,Pensión Escolar - Mayo 2026,B001-2026059162,9162
123239,350,2026-07-03,Pensión Escolar - Junio 2026,B001-2026069162,9162
123240,350,2026-07-24,Pensión Escolar - Julio 2026,B001-2026079162,9162
123241,350,2026-03-24,Pensión Escolar - Marzo 2026,B001-2026039302,9302
123242,350,2026-04-17,Pensión Escolar - Abril 2026,B001-2026049302,9302
123243,350,2026-05-22,Pensión Escolar - Mayo 2026,B001-2026059302,9302
123244,350,2026-06-18,Pensión Escolar - Junio 2026,B001-2026069302,9302
123245,350,2026-03-20,Pensión Escolar - Marzo 2026,B001-2026039060,9060
123246,350,2026-05-01,Pensión Escolar - Abril 2026,B001-2026049060,9060
123247,350,2026-06-02,Pensión Escolar - Mayo 2026,B001-2026059060,9060
123248,350,2026-06-23,Pensión Escolar - Junio 2026,B001-2026069060,9060
123249,350,2026-03-19,Pensión Escolar - Marzo 2026,B001-2026039165,9165
123250,350,2026-05-29,Pensión Escolar - Mayo 2026,B001-2026059165,9165
123251,350,2026-06-24,Pensión Escolar - Junio 2026,B001-2026069165,9165
123252,350,2026-07-31,Pensión Escolar - Julio 2026,B001-2026079165,9165
123253,350,2026-03-27,Pensión Escolar - Marzo 2026,B001-2026039089,9089
123254,350,2026-05-01,Pensión Escolar - Abril 2026,B001-2026049089,9089
123255,350,2026-05-22,Pensión Escolar - Mayo 2026,B001-2026059089,9089
123256,350,2026-06-25,Pensión Escolar - Junio 2026,B001-2026069089,9089
123257,350,2026-07-24,Pensión Escolar - Julio 2026,B001-2026079089,9089
123258,350,2026-03-30,Pensión Escolar - Marzo 2026,B001-2026039071,9071
123259,350,2026-05-01,Pensión Escolar - Abril 2026,B001-2026049071,9071
123260,350,2026-05-18,Pensión Escolar - Mayo 2026,B001-2026059071,9071
123261,350,2026-06-26,Pensión Escolar - Junio 2026,B001-2026069071,9071
123262,350,2026-03-20,Pensión Escolar - Marzo 2026,B001-2026039316,9316
123263,350,2026-04-30,Pensión Escolar - Abril 2026,B001-2026049316,9316
123264,350,2026-06-25,Pensión Escolar - Junio 2026,B001-2026069316,9316
123265,350,2026-03-20,Pensión Escolar - Marzo 2026,B001-2026039325,9325
123266,350,2026-04-29,Pensión Escolar - Abril 2026,B001-2026049325,9325
123267,350,2026-05-28,Pensión Escolar - Mayo 2026,B001-2026059325,9325
123268,350,2026-06-26,Pensión Escolar - Junio 2026,B001-2026069325,9325
123269,350,2026-07-28,Pensión Escolar - Julio 2026,B001-2026079325,9325
123270,350,2026-04-30,Pensión Escolar - Abril 2026,B001-2026049110,9110
123271,350,2026-05-29,Pensión Escolar - Mayo 2026,B001-2026059110,9110
123272,350,2026-06-24,Pensión Escolar - Junio 2026,B001-2026069110,9110
123273,350,2026-03-30,Pensión Escolar - Marzo 2026,B001-2026039042,9042
123274,350,2026-04-27,Pensión Escolar - Abril 2026,B001-2026049042,9042
123275,350,2026-06-01,Pensión Escolar - Mayo 2026,B001-2026059042,9042
123276,350,2026-06-19,Pensión Escolar - Junio 2026,B001-2026069042,9042
123277,350,2026-07-20,Pensión Escolar - Julio 2026,B001-2026079042,9042
123278,350,2026-03-25,Pensión Escolar - Marzo 2026,B001-2026038947,8947
123279,350,2026-04-24,Pensión Escolar - Abril 2026,B001-2026048947,8947
123280,350,2026-05-29,Pensión Escolar - Mayo 2026,B001-2026058947,8947
123281,350,2026-07-27,Pensión Escolar - Julio 2026,B001-2026078947,8947
123282,350,2026-03-19,Pensión Escolar - Marzo 2026,B001-2026039311,9311
123283,350,2026-04-20,Pensión Escolar - Abril 2026,B001-2026049311,9311
123284,350,2026-05-29,Pensión Escolar - Mayo 2026,B001-2026059311,9311
123285,350,2026-07-24,Pensión Escolar - Julio 2026,B001-2026079311,9311
123286,350,2026-03-27,Pensión Escolar - Marzo 2026,B001-2026038981,8981
123287,350,2026-04-21,Pensión Escolar - Abril 2026,B001-2026048981,8981
123288,350,2026-05-20,Pensión Escolar - Mayo 2026,B001-2026058981,8981
123289,350,2026-06-23,Pensión Escolar - Junio 2026,B001-2026068981,8981
123290,350,2026-07-28,Pensión Escolar - Julio 2026,B001-2026078981,8981
123291,350,2026-03-27,Pensión Escolar - Marzo 2026,B001-2026039229,9229
123292,350,2026-04-24,Pensión Escolar - Abril 2026,B001-2026049229,9229
123293,350,2026-05-29,Pensión Escolar - Mayo 2026,B001-2026059229,9229
123294,350,2026-06-22,Pensión Escolar - Junio 2026,B001-2026069229,9229
123295,350,2026-03-24,Pensión Escolar - Marzo 2026,B001-2026039208,9208
123296,350,2026-04-28,Pensión Escolar - Abril 2026,B001-2026049208,9208
123297,350,2026-05-19,Pensión Escolar - Mayo 2026,B001-2026059208,9208
123298,350,2026-07-02,Pensión Escolar - Junio 2026,B001-2026069208,9208
123299,350,2026-03-31,Pensión Escolar - Marzo 2026,B001-2026039027,9027
123300,350,2026-04-23,Pensión Escolar - Abril 2026,B001-2026049027,9027
123301,350,2026-05-20,Pensión Escolar - Mayo 2026,B001-2026059027,9027
123302,350,2026-06-19,Pensión Escolar - Junio 2026,B001-2026069027,9027
123303,350,2026-03-30,Pensión Escolar - Marzo 2026,B001-2026039288,9288
123304,350,2026-05-01,Pensión Escolar - Abril 2026,B001-2026049288,9288
123305,350,2026-05-29,Pensión Escolar - Mayo 2026,B001-2026059288,9288
123306,350,2026-06-25,Pensión Escolar - Junio 2026,B001-2026069288,9288
123307,350,2026-03-25,Pensión Escolar - Marzo 2026,B001-2026039109,9109
123308,350,2026-04-22,Pensión Escolar - Abril 2026,B001-2026049109,9109
123309,350,2026-05-20,Pensión Escolar - Mayo 2026,B001-2026059109,9109
123310,350,2026-06-18,Pensión Escolar - Junio 2026,B001-2026069109,9109
123311,350,2026-07-30,Pensión Escolar - Julio 2026,B001-2026079109,9109
123312,350,2026-03-20,Pensión Escolar - Marzo 2026,B001-2026039030,9030
123313,350,2026-05-01,Pensión Escolar - Abril 2026,B001-2026049030,9030
123314,350,2026-05-20,Pensión Escolar - Mayo 2026,B001-2026059030,9030
123315,350,2026-07-02,Pensión Escolar - Junio 2026,B001-2026069030,9030
123316,350,2026-03-25,Pensión Escolar - Marzo 2026,B001-2026039234,9234
123317,350,2026-04-24,Pensión Escolar - Abril 2026,B001-2026049234,9234
123318,350,2026-05-22,Pensión Escolar - Mayo 2026,B001-2026059234,9234
123319,350,2026-06-18,Pensión Escolar - Junio 2026,B001-2026069234,9234
123320,350,2026-07-24,Pensión Escolar - Julio 2026,B001-2026079234,9234
123321,350,2026-03-19,Pensión Escolar - Marzo 2026,B001-2026039084,9084
123322,350,2026-04-24,Pensión Escolar - Abril 2026,B001-2026049084,9084
123323,350,2026-06-19,Pensión Escolar - Junio 2026,B001-2026069084,9084
123324,350,2026-03-27,Pensión Escolar - Marzo 2026,B001-2026039070,9070
123325,350,2026-04-20,Pensión Escolar - Abril 2026,B001-2026049070,9070
123326,350,2026-05-26,Pensión Escolar - Mayo 2026,B001-2026059070,9070
123327,350,2026-07-01,Pensión Escolar - Junio 2026,B001-2026069070,9070
123328,350,2026-07-31,Pensión Escolar - Julio 2026,B001-2026079070,9070
123329,350,2026-03-27,Pensión Escolar - Marzo 2026,B001-2026039132,9132
123330,350,2026-04-27,Pensión Escolar - Abril 2026,B001-2026049132,9132
123331,350,2026-05-22,Pensión Escolar - Mayo 2026,B001-2026059132,9132
123332,350,2026-06-19,Pensión Escolar - Junio 2026,B001-2026069132,9132
123333,350,2026-04-02,Pensión Escolar - Marzo 2026,B001-2026039209,9209
123334,350,2026-04-21,Pensión Escolar - Abril 2026,B001-2026049209,9209
123335,350,2026-05-19,Pensión Escolar - Mayo 2026,B001-2026059209,9209
123336,350,2026-07-02,Pensión Escolar - Junio 2026,B001-2026069209,9209
123337,350,2026-07-21,Pensión Escolar - Julio 2026,B001-2026079209,9209
123338,350,2026-03-23,Pensión Escolar - Marzo 2026,B001-2026039330,9330
123339,350,2026-05-01,Pensión Escolar - Abril 2026,B001-2026049330,9330
123340,350,2026-05-29,Pensión Escolar - Mayo 2026,B001-2026059330,9330
123341,350,2026-07-22,Pensión Escolar - Julio 2026,B001-2026079330,9330
123342,350,2026-03-24,Pensión Escolar - Marzo 2026,B001-2026039202,9202
123343,350,2026-04-24,Pensión Escolar - Abril 2026,B001-2026049202,9202
123344,350,2026-05-19,Pensión Escolar - Mayo 2026,B001-2026059202,9202
123345,350,2026-06-19,Pensión Escolar - Junio 2026,B001-2026069202,9202
123346,350,2026-07-22,Pensión Escolar - Julio 2026,B001-2026079202,9202
123347,350,2026-03-23,Pensión Escolar - Marzo 2026,B001-2026039012,9012
123348,350,2026-04-27,Pensión Escolar - Abril 2026,B001-2026049012,9012
123349,350,2026-05-29,Pensión Escolar - Mayo 2026,B001-2026059012,9012
123350,350,2026-06-26,Pensión Escolar - Junio 2026,B001-2026069012,9012
123351,350,2026-07-31,Pensión Escolar - Julio 2026,B001-2026079012,9012
123352,350,2026-03-20,Pensión Escolar - Marzo 2026,B001-2026039023,9023
123353,350,2026-05-26,Pensión Escolar - Mayo 2026,B001-2026059023,9023
123354,350,2026-06-23,Pensión Escolar - Junio 2026,B001-2026069023,9023
123355,350,2026-07-17,Pensión Escolar - Julio 2026,B001-2026079023,9023
123356,350,2026-03-25,Pensión Escolar - Marzo 2026,B001-2026039013,9013
123357,350,2026-04-30,Pensión Escolar - Abril 2026,B001-2026049013,9013
123358,350,2026-05-21,Pensión Escolar - Mayo 2026,B001-2026059013,9013
123359,350,2026-07-01,Pensión Escolar - Junio 2026,B001-2026069013,9013
123360,350,2026-07-22,Pensión Escolar - Julio 2026,B001-2026079013,9013
123361,350,2026-03-24,Pensión Escolar - Marzo 2026,B001-2026039053,9053
123362,350,2026-06-02,Pensión Escolar - Mayo 2026,B001-2026059053,9053
123363,350,2026-07-02,Pensión Escolar - Junio 2026,B001-2026069053,9053
123364,350,2026-07-30,Pensión Escolar - Julio 2026,B001-2026079053,9053
123365,350,2026-03-20,Pensión Escolar - Marzo 2026,B001-2026039130,9130
123366,350,2026-05-01,Pensión Escolar - Abril 2026,B001-2026049130,9130
123367,350,2026-06-02,Pensión Escolar - Mayo 2026,B001-2026059130,9130
123368,350,2026-06-26,Pensión Escolar - Junio 2026,B001-2026069130,9130
123369,350,2026-07-27,Pensión Escolar - Julio 2026,B001-2026079130,9130
123370,350,2026-03-27,Pensión Escolar - Marzo 2026,B001-2026039216,9216
123371,350,2026-04-24,Pensión Escolar - Abril 2026,B001-2026049216,9216
123372,350,2026-06-01,Pensión Escolar - Mayo 2026,B001-2026059216,9216
123373,350,2026-06-26,Pensión Escolar - Junio 2026,B001-2026069216,9216
123374,350,2026-03-20,Pensión Escolar - Marzo 2026,B001-2026039287,9287
123375,350,2026-04-17,Pensión Escolar - Abril 2026,B001-2026049287,9287
123376,350,2026-05-19,Pensión Escolar - Mayo 2026,B001-2026059287,9287
123377,350,2026-06-19,Pensión Escolar - Junio 2026,B001-2026069287,9287
123378,350,2026-03-19,Pensión Escolar - Marzo 2026,B001-2026038987,8987
123379,350,2026-05-01,Pensión Escolar - Abril 2026,B001-2026048987,8987
123380,350,2026-05-20,Pensión Escolar - Mayo 2026,B001-2026058987,8987
123381,350,2026-03-26,Pensión Escolar - Marzo 2026,B001-2026039111,9111
123382,350,2026-04-27,Pensión Escolar - Abril 2026,B001-2026049111,9111
123383,350,2026-05-20,Pensión Escolar - Mayo 2026,B001-2026059111,9111
123384,350,2026-06-26,Pensión Escolar - Junio 2026,B001-2026069111,9111
123385,350,2026-03-18,Pensión Escolar - Marzo 2026,B001-2026039147,9147
123386,350,2026-05-01,Pensión Escolar - Abril 2026,B001-2026049147,9147
123387,350,2026-05-21,Pensión Escolar - Mayo 2026,B001-2026059147,9147
123388,350,2026-07-01,Pensión Escolar - Junio 2026,B001-2026069147,9147
123389,350,2026-03-20,Pensión Escolar - Marzo 2026,B001-2026039336,9336
123390,350,2026-04-28,Pensión Escolar - Abril 2026,B001-2026049336,9336
123391,350,2026-05-28,Pensión Escolar - Mayo 2026,B001-2026059336,9336
123392,350,2026-06-24,Pensión Escolar - Junio 2026,B001-2026069336,9336
123393,350,2026-07-24,Pensión Escolar - Julio 2026,B001-2026079336,9336
123394,350,2026-03-25,Pensión Escolar - Marzo 2026,B001-2026039131,9131
123395,350,2026-04-24,Pensión Escolar - Abril 2026,B001-2026049131,9131
123396,350,2026-05-19,Pensión Escolar - Mayo 2026,B001-2026059131,9131
123397,350,2026-06-26,Pensión Escolar - Junio 2026,B001-2026069131,9131
123398,350,2026-04-24,Pensión Escolar - Abril 2026,B001-2026049163,9163
123399,350,2026-06-01,Pensión Escolar - Mayo 2026,B001-2026059163,9163
123400,350,2026-06-26,Pensión Escolar - Junio 2026,B001-2026069163,9163
123401,350,2026-04-01,Pensión Escolar - Marzo 2026,B001-2026039200,9200
123402,350,2026-04-24,Pensión Escolar - Abril 2026,B001-2026049200,9200
123403,350,2026-05-20,Pensión Escolar - Mayo 2026,B001-2026059200,9200
123404,350,2026-06-25,Pensión Escolar - Junio 2026,B001-2026069200,9200
123405,350,2026-07-23,Pensión Escolar - Julio 2026,B001-2026079200,9200
123406,350,2026-03-18,Pensión Escolar - Marzo 2026,B001-2026039118,9118
123407,350,2026-04-22,Pensión Escolar - Abril 2026,B001-2026049118,9118
123408,350,2026-05-28,Pensión Escolar - Mayo 2026,B001-2026059118,9118
123409,350,2026-06-23,Pensión Escolar - Junio 2026,B001-2026069118,9118
123410,350,2026-03-20,Pensión Escolar - Marzo 2026,B001-2026039284,9284
123411,350,2026-04-17,Pensión Escolar - Abril 2026,B001-2026049284,9284
123412,350,2026-05-22,Pensión Escolar - Mayo 2026,B001-2026059284,9284
123413,350,2026-06-19,Pensión Escolar - Junio 2026,B001-2026069284,9284
123414,350,2026-07-22,Pensión Escolar - Julio 2026,B001-2026079284,9284
123415,350,2026-03-20,Pensión Escolar - Marzo 2026,B001-2026039214,9214
123416,350,2026-04-22,Pensión Escolar - Abril 2026,B001-2026049214,9214
123417,350,2026-05-22,Pensión Escolar - Mayo 2026,B001-2026059214,9214
123418,350,2026-03-20,Pensión Escolar - Marzo 2026,B001-2026039268,9268
123419,350,2026-04-28,Pensión Escolar - Abril 2026,B001-2026049268,9268
123420,350,2026-05-18,Pensión Escolar - Mayo 2026,B001-2026059268,9268
123421,350,2026-06-22,Pensión Escolar - Junio 2026,B001-2026069268,9268
123422,350,2026-03-24,Pensión Escolar - Marzo 2026,B001-2026039326,9326
123423,350,2026-04-24,Pensión Escolar - Abril 2026,B001-2026049326,9326
123424,350,2026-07-01,Pensión Escolar - Junio 2026,B001-2026069326,9326
123425,350,2026-03-31,Pensión Escolar - Marzo 2026,B001-2026038944,8944
123426,350,2026-04-17,Pensión Escolar - Abril 2026,B001-2026048944,8944
123427,350,2026-05-22,Pensión Escolar - Mayo 2026,B001-2026058944,8944
123428,350,2026-07-01,Pensión Escolar - Junio 2026,B001-2026068944,8944
123429,350,2026-04-17,Pensión Escolar - Abril 2026,B001-2026048988,8988
123430,350,2026-05-26,Pensión Escolar - Mayo 2026,B001-2026058988,8988
123431,350,2026-06-25,Pensión Escolar - Junio 2026,B001-2026068988,8988
123432,350,2026-07-21,Pensión Escolar - Julio 2026,B001-2026078988,8988
123433,350,2026-03-27,Pensión Escolar - Marzo 2026,B001-2026039003,9003
123434,350,2026-04-17,Pensión Escolar - Abril 2026,B001-2026049003,9003
123435,350,2026-06-02,Pensión Escolar - Mayo 2026,B001-2026059003,9003
123436,350,2026-06-25,Pensión Escolar - Junio 2026,B001-2026069003,9003
123437,350,2026-04-02,Pensión Escolar - Marzo 2026,B001-2026039044,9044
123438,350,2026-05-01,Pensión Escolar - Abril 2026,B001-2026049044,9044
123439,350,2026-05-25,Pensión Escolar - Mayo 2026,B001-2026059044,9044
123440,350,2026-06-19,Pensión Escolar - Junio 2026,B001-2026069044,9044
123441,350,2026-07-21,Pensión Escolar - Julio 2026,B001-2026079044,9044
123442,350,2026-03-25,Pensión Escolar - Marzo 2026,B001-2026039254,9254
123443,350,2026-04-27,Pensión Escolar - Abril 2026,B001-2026049254,9254
123444,350,2026-05-29,Pensión Escolar - Mayo 2026,B001-2026059254,9254
123445,350,2026-07-01,Pensión Escolar - Junio 2026,B001-2026069254,9254
123446,350,2026-07-31,Pensión Escolar - Julio 2026,B001-2026079254,9254
123447,350,2026-03-20,Pensión Escolar - Marzo 2026,B001-2026039289,9289
123448,350,2026-04-17,Pensión Escolar - Abril 2026,B001-2026049289,9289
123449,350,2026-06-01,Pensión Escolar - Mayo 2026,B001-2026059289,9289
123450,350,2026-06-30,Pensión Escolar - Junio 2026,B001-2026069289,9289
123451,350,2026-03-25,Pensión Escolar - Marzo 2026,B001-2026039272,9272
123452,350,2026-04-17,Pensión Escolar - Abril 2026,B001-2026049272,9272
123453,350,2026-05-19,Pensión Escolar - Mayo 2026,B001-2026059272,9272
123454,350,2026-06-19,Pensión Escolar - Junio 2026,B001-2026069272,9272
123455,350,2026-04-01,Pensión Escolar - Marzo 2026,B001-2026039174,9174
123456,350,2026-04-28,Pensión Escolar - Abril 2026,B001-2026049174,9174
123457,350,2026-05-19,Pensión Escolar - Mayo 2026,B001-2026059174,9174
123458,350,2026-06-25,Pensión Escolar - Junio 2026,B001-2026069174,9174
123459,350,2026-03-24,Pensión Escolar - Marzo 2026,B001-2026039262,9262
123460,350,2026-04-20,Pensión Escolar - Abril 2026,B001-2026049262,9262
123461,350,2026-05-25,Pensión Escolar - Mayo 2026,B001-2026059262,9262
123462,350,2026-06-25,Pensión Escolar - Junio 2026,B001-2026069262,9262
123463,350,2026-07-31,Pensión Escolar - Julio 2026,B001-2026079262,9262
123464,350,2026-03-25,Pensión Escolar - Marzo 2026,B001-2026039261,9261
123465,350,2026-04-24,Pensión Escolar - Abril 2026,B001-2026049261,9261
123466,350,2026-05-22,Pensión Escolar - Mayo 2026,B001-2026059261,9261
123467,350,2026-06-29,Pensión Escolar - Junio 2026,B001-2026069261,9261
123468,350,2026-07-22,Pensión Escolar - Julio 2026,B001-2026079261,9261
123469,350,2026-03-27,Pensión Escolar - Marzo 2026,B001-2026038963,8963
123470,350,2026-04-21,Pensión Escolar - Abril 2026,B001-2026048963,8963
123471,350,2026-05-29,Pensión Escolar - Mayo 2026,B001-2026058963,8963
123472,350,2026-03-26,Pensión Escolar - Marzo 2026,B001-2026039151,9151
123473,350,2026-05-01,Pensión Escolar - Abril 2026,B001-2026049151,9151
123474,350,2026-05-29,Pensión Escolar - Mayo 2026,B001-2026059151,9151
123475,350,2026-06-25,Pensión Escolar - Junio 2026,B001-2026069151,9151
123476,350,2026-07-30,Pensión Escolar - Julio 2026,B001-2026079151,9151
123477,350,2026-03-19,Pensión Escolar - Marzo 2026,B001-2026039085,9085
123478,350,2026-04-21,Pensión Escolar - Abril 2026,B001-2026049085,9085
123479,350,2026-05-28,Pensión Escolar - Mayo 2026,B001-2026059085,9085
123480,350,2026-06-29,Pensión Escolar - Junio 2026,B001-2026069085,9085
123481,350,2026-07-31,Pensión Escolar - Julio 2026,B001-2026079085,9085
123482,350,2026-03-26,Pensión Escolar - Marzo 2026,B001-2026039186,9186
123483,350,2026-04-27,Pensión Escolar - Abril 2026,B001-2026049186,9186
123484,350,2026-05-20,Pensión Escolar - Mayo 2026,B001-2026059186,9186
123485,350,2026-04-23,Pensión Escolar - Abril 2026,B001-2026049239,9239
123486,350,2026-05-27,Pensión Escolar - Mayo 2026,B001-2026059239,9239
123487,350,2026-07-01,Pensión Escolar - Junio 2026,B001-2026069239,9239
123488,350,2026-07-30,Pensión Escolar - Julio 2026,B001-2026079239,9239
123489,350,2026-03-23,Pensión Escolar - Marzo 2026,B001-2026039137,9137
123490,350,2026-04-27,Pensión Escolar - Abril 2026,B001-2026049137,9137
123491,350,2026-05-22,Pensión Escolar - Mayo 2026,B001-2026059137,9137
123492,350,2026-06-18,Pensión Escolar - Junio 2026,B001-2026069137,9137
123493,350,2026-07-17,Pensión Escolar - Julio 2026,B001-2026079137,9137
123494,350,2026-03-18,Pensión Escolar - Marzo 2026,B001-2026039285,9285
123495,350,2026-04-30,Pensión Escolar - Abril 2026,B001-2026049285,9285
123496,350,2026-05-27,Pensión Escolar - Mayo 2026,B001-2026059285,9285
123497,350,2026-07-24,Pensión Escolar - Julio 2026,B001-2026079285,9285
123498,350,2026-03-27,Pensión Escolar - Marzo 2026,B001-2026039155,9155
123499,350,2026-04-20,Pensión Escolar - Abril 2026,B001-2026049155,9155
123500,350,2026-06-02,Pensión Escolar - Mayo 2026,B001-2026059155,9155
123501,350,2026-06-22,Pensión Escolar - Junio 2026,B001-2026069155,9155
123502,350,2026-03-23,Pensión Escolar - Marzo 2026,B001-2026039051,9051
123503,350,2026-04-24,Pensión Escolar - Abril 2026,B001-2026049051,9051
123504,350,2026-05-22,Pensión Escolar - Mayo 2026,B001-2026059051,9051
123505,350,2026-06-29,Pensión Escolar - Junio 2026,B001-2026069051,9051
123506,350,2026-03-30,Pensión Escolar - Marzo 2026,B001-2026039192,9192
123507,350,2026-04-29,Pensión Escolar - Abril 2026,B001-2026049192,9192
123508,350,2026-05-18,Pensión Escolar - Mayo 2026,B001-2026059192,9192
123509,350,2026-06-26,Pensión Escolar - Junio 2026,B001-2026069192,9192
123510,350,2026-03-18,Pensión Escolar - Marzo 2026,B001-2026039057,9057
123511,350,2026-04-23,Pensión Escolar - Abril 2026,B001-2026049057,9057
123512,350,2026-05-19,Pensión Escolar - Mayo 2026,B001-2026059057,9057
123513,350,2026-06-25,Pensión Escolar - Junio 2026,B001-2026069057,9057
123514,350,2026-07-21,Pensión Escolar - Julio 2026,B001-2026079057,9057
123515,350,2026-03-23,Pensión Escolar - Marzo 2026,B001-2026039324,9324
123516,350,2026-04-30,Pensión Escolar - Abril 2026,B001-2026049324,9324
123517,350,2026-05-27,Pensión Escolar - Mayo 2026,B001-2026059324,9324
123518,350,2026-07-24,Pensión Escolar - Julio 2026,B001-2026079324,9324
123519,350,2026-03-27,Pensión Escolar - Marzo 2026,B001-2026039335,9335
123520,350,2026-04-24,Pensión Escolar - Abril 2026,B001-2026049335,9335
123521,350,2026-06-25,Pensión Escolar - Junio 2026,B001-2026069335,9335
123522,350,2026-03-25,Pensión Escolar - Marzo 2026,B001-2026039136,9136
123523,350,2026-04-29,Pensión Escolar - Abril 2026,B001-2026049136,9136
123524,350,2026-05-29,Pensión Escolar - Mayo 2026,B001-2026059136,9136
123525,350,2026-06-26,Pensión Escolar - Junio 2026,B001-2026069136,9136
123526,350,2026-03-20,Pensión Escolar - Marzo 2026,B001-2026038974,8974
123527,350,2026-04-24,Pensión Escolar - Abril 2026,B001-2026048974,8974
123528,350,2026-05-22,Pensión Escolar - Mayo 2026,B001-2026058974,8974
123529,350,2026-06-22,Pensión Escolar - Junio 2026,B001-2026068974,8974
123530,350,2026-03-20,Pensión Escolar - Marzo 2026,B001-2026039337,9337
123531,350,2026-05-01,Pensión Escolar - Abril 2026,B001-2026049337,9337
123532,350,2026-05-18,Pensión Escolar - Mayo 2026,B001-2026059337,9337
123533,350,2026-06-26,Pensión Escolar - Junio 2026,B001-2026069337,9337
123534,350,2026-04-02,Pensión Escolar - Marzo 2026,B001-2026039093,9093
123535,350,2026-04-24,Pensión Escolar - Abril 2026,B001-2026049093,9093
123536,350,2026-05-22,Pensión Escolar - Mayo 2026,B001-2026059093,9093
123537,350,2026-06-24,Pensión Escolar - Junio 2026,B001-2026069093,9093
123538,350,2026-03-18,Pensión Escolar - Marzo 2026,B001-2026038989,8989
123539,350,2026-04-24,Pensión Escolar - Abril 2026,B001-2026048989,8989
123540,350,2026-05-21,Pensión Escolar - Mayo 2026,B001-2026058989,8989
123541,350,2026-06-30,Pensión Escolar - Junio 2026,B001-2026068989,8989
123542,350,2026-07-30,Pensión Escolar - Julio 2026,B001-2026078989,8989
123543,350,2026-03-19,Pensión Escolar - Marzo 2026,B001-2026038985,8985
123544,350,2026-04-24,Pensión Escolar - Abril 2026,B001-2026048985,8985
123545,350,2026-05-21,Pensión Escolar - Mayo 2026,B001-2026058985,8985
123546,350,2026-06-29,Pensión Escolar - Junio 2026,B001-2026068985,8985
123547,350,2026-07-20,Pensión Escolar - Julio 2026,B001-2026078985,8985
123548,350,2026-03-27,Pensión Escolar - Marzo 2026,B001-2026039247,9247
123549,350,2026-04-24,Pensión Escolar - Abril 2026,B001-2026049247,9247
123550,350,2026-05-19,Pensión Escolar - Mayo 2026,B001-2026059247,9247
123551,350,2026-06-26,Pensión Escolar - Junio 2026,B001-2026069247,9247
123552,350,2026-04-01,Pensión Escolar - Marzo 2026,B001-2026039271,9271
123553,350,2026-04-27,Pensión Escolar - Abril 2026,B001-2026049271,9271
123554,350,2026-05-29,Pensión Escolar - Mayo 2026,B001-2026059271,9271
123555,350,2026-06-19,Pensión Escolar - Junio 2026,B001-2026069271,9271
123556,350,2026-04-01,Pensión Escolar - Marzo 2026,B001-2026039193,9193
123557,350,2026-05-01,Pensión Escolar - Abril 2026,B001-2026049193,9193
123558,350,2026-05-19,Pensión Escolar - Mayo 2026,B001-2026059193,9193
123559,350,2026-03-20,Pensión Escolar - Marzo 2026,B001-2026039231,9231
123560,350,2026-04-27,Pensión Escolar - Abril 2026,B001-2026049231,9231
123561,350,2026-05-28,Pensión Escolar - Mayo 2026,B001-2026059231,9231
123562,350,2026-06-19,Pensión Escolar - Junio 2026,B001-2026069231,9231
123563,350,2026-07-24,Pensión Escolar - Julio 2026,B001-2026079231,9231
123564,350,2026-03-27,Pensión Escolar - Marzo 2026,B001-2026039264,9264
123565,350,2026-04-30,Pensión Escolar - Abril 2026,B001-2026049264,9264
123566,350,2026-06-01,Pensión Escolar - Mayo 2026,B001-2026059264,9264
123567,350,2026-06-19,Pensión Escolar - Junio 2026,B001-2026069264,9264
123568,350,2026-07-27,Pensión Escolar - Julio 2026,B001-2026079264,9264
123569,350,2026-03-27,Pensión Escolar - Marzo 2026,B001-2026039318,9318
123570,350,2026-04-21,Pensión Escolar - Abril 2026,B001-2026049318,9318
123571,350,2026-05-25,Pensión Escolar - Mayo 2026,B001-2026059318,9318
123572,350,2026-06-26,Pensión Escolar - Junio 2026,B001-2026069318,9318
123573,350,2026-07-27,Pensión Escolar - Julio 2026,B001-2026079318,9318
123574,350,2026-05-01,Pensión Escolar - Abril 2026,B001-2026049087,9087
123575,350,2026-05-26,Pensión Escolar - Mayo 2026,B001-2026059087,9087
123576,350,2026-06-19,Pensión Escolar - Junio 2026,B001-2026069087,9087
123577,350,2026-03-30,Pensión Escolar - Marzo 2026,B001-2026038969,8969
123578,350,2026-04-29,Pensión Escolar - Abril 2026,B001-2026048969,8969
123579,350,2026-05-26,Pensión Escolar - Mayo 2026,B001-2026058969,8969
123580,350,2026-06-26,Pensión Escolar - Junio 2026,B001-2026068969,8969
123581,350,2026-07-22,Pensión Escolar - Julio 2026,B001-2026078969,8969
123582,350,2026-03-26,Pensión Escolar - Marzo 2026,B001-2026038942,8942
123583,350,2026-04-29,Pensión Escolar - Abril 2026,B001-2026048942,8942
123584,350,2026-05-29,Pensión Escolar - Mayo 2026,B001-2026058942,8942
123585,350,2026-06-18,Pensión Escolar - Junio 2026,B001-2026068942,8942
123586,350,2026-03-20,Pensión Escolar - Marzo 2026,B001-2026039260,9260
123587,350,2026-04-29,Pensión Escolar - Abril 2026,B001-2026049260,9260
123588,350,2026-05-22,Pensión Escolar - Mayo 2026,B001-2026059260,9260
123589,350,2026-07-29,Pensión Escolar - Julio 2026,B001-2026079260,9260
123590,350,2026-03-30,Pensión Escolar - Marzo 2026,B001-2026039149,9149
123591,350,2026-04-28,Pensión Escolar - Abril 2026,B001-2026049149,9149
123592,350,2026-05-29,Pensión Escolar - Mayo 2026,B001-2026059149,9149
123593,350,2026-06-25,Pensión Escolar - Junio 2026,B001-2026069149,9149
123594,350,2026-03-23,Pensión Escolar - Marzo 2026,B001-2026039327,9327
123595,350,2026-04-29,Pensión Escolar - Abril 2026,B001-2026049327,9327
123596,350,2026-06-02,Pensión Escolar - Mayo 2026,B001-2026059327,9327
123597,350,2026-07-24,Pensión Escolar - Julio 2026,B001-2026079327,9327
123598,350,2026-05-01,Pensión Escolar - Abril 2026,B001-2026048993,8993
123599,350,2026-05-22,Pensión Escolar - Mayo 2026,B001-2026058993,8993
123600,350,2026-06-19,Pensión Escolar - Junio 2026,B001-2026068993,8993
123601,350,2026-03-30,Pensión Escolar - Marzo 2026,B001-2026039320,9320
123602,350,2026-04-24,Pensión Escolar - Abril 2026,B001-2026049320,9320
123603,350,2026-05-26,Pensión Escolar - Mayo 2026,B001-2026059320,9320
123604,350,2026-07-02,Pensión Escolar - Junio 2026,B001-2026069320,9320
123605,350,2026-03-25,Pensión Escolar - Marzo 2026,B001-2026039014,9014
123606,350,2026-04-24,Pensión Escolar - Abril 2026,B001-2026049014,9014
123607,350,2026-06-02,Pensión Escolar - Mayo 2026,B001-2026059014,9014
123608,350,2026-06-19,Pensión Escolar - Junio 2026,B001-2026069014,9014
123609,350,2026-04-02,Pensión Escolar - Marzo 2026,B001-2026039304,9304
123610,350,2026-04-28,Pensión Escolar - Abril 2026,B001-2026049304,9304
123611,350,2026-05-22,Pensión Escolar - Mayo 2026,B001-2026059304,9304
123612,350,2026-06-24,Pensión Escolar - Junio 2026,B001-2026069304,9304
123613,350,2026-03-20,Pensión Escolar - Marzo 2026,B001-2026039001,9001
123614,350,2026-05-01,Pensión Escolar - Abril 2026,B001-2026049001,9001
123615,350,2026-05-19,Pensión Escolar - Mayo 2026,B001-2026059001,9001
123616,350,2026-06-18,Pensión Escolar - Junio 2026,B001-2026069001,9001
123617,350,2026-03-19,Pensión Escolar - Marzo 2026,B001-2026039241,9241
123618,350,2026-05-27,Pensión Escolar - Mayo 2026,B001-2026059241,9241
123619,350,2026-03-18,Pensión Escolar - Marzo 2026,B001-2026039018,9018
123620,350,2026-04-24,Pensión Escolar - Abril 2026,B001-2026049018,9018
123621,350,2026-06-02,Pensión Escolar - Mayo 2026,B001-2026059018,9018
123622,350,2026-07-03,Pensión Escolar - Junio 2026,B001-2026069018,9018
123623,350,2026-07-31,Pensión Escolar - Julio 2026,B001-2026079018,9018
123624,350,2026-03-18,Pensión Escolar - Marzo 2026,B001-2026039059,9059
123625,350,2026-04-24,Pensión Escolar - Abril 2026,B001-2026049059,9059
123626,350,2026-06-19,Pensión Escolar - Junio 2026,B001-2026069059,9059
123627,350,2026-07-29,Pensión Escolar - Julio 2026,B001-2026079059,9059
123628,350,2026-03-27,Pensión Escolar - Marzo 2026,B001-2026039035,9035
123629,350,2026-05-27,Pensión Escolar - Mayo 2026,B001-2026059035,9035
123630,350,2026-06-19,Pensión Escolar - Junio 2026,B001-2026069035,9035
123631,350,2026-03-30,Pensión Escolar - Marzo 2026,B001-2026039036,9036
123632,350,2026-04-27,Pensión Escolar - Abril 2026,B001-2026049036,9036
123633,350,2026-06-02,Pensión Escolar - Mayo 2026,B001-2026059036,9036
123634,350,2026-06-26,Pensión Escolar - Junio 2026,B001-2026069036,9036
123635,350,2026-03-27,Pensión Escolar - Marzo 2026,B001-2026039142,9142
123636,350,2026-04-27,Pensión Escolar - Abril 2026,B001-2026049142,9142
123637,350,2026-05-20,Pensión Escolar - Mayo 2026,B001-2026059142,9142
123638,350,2026-07-03,Pensión Escolar - Junio 2026,B001-2026069142,9142
123639,350,2026-07-27,Pensión Escolar - Julio 2026,B001-2026079142,9142
123640,350,2026-03-27,Pensión Escolar - Marzo 2026,B001-2026039166,9166
123641,350,2026-04-21,Pensión Escolar - Abril 2026,B001-2026049166,9166
123642,350,2026-04-02,Pensión Escolar - Marzo 2026,B001-2026039102,9102
123643,350,2026-04-28,Pensión Escolar - Abril 2026,B001-2026049102,9102
123644,350,2026-05-29,Pensión Escolar - Mayo 2026,B001-2026059102,9102
123645,350,2026-06-23,Pensión Escolar - Junio 2026,B001-2026069102,9102
123646,350,2026-07-24,Pensión Escolar - Julio 2026,B001-2026079102,9102
123647,350,2026-03-27,Pensión Escolar - Marzo 2026,B001-2026039276,9276
123648,350,2026-04-27,Pensión Escolar - Abril 2026,B001-2026049276,9276
123649,350,2026-05-21,Pensión Escolar - Mayo 2026,B001-2026059276,9276
123650,350,2026-06-19,Pensión Escolar - Junio 2026,B001-2026069276,9276
123651,350,2026-03-27,Pensión Escolar - Marzo 2026,B001-2026039298,9298
123652,350,2026-04-17,Pensión Escolar - Abril 2026,B001-2026049298,9298
123653,350,2026-06-01,Pensión Escolar - Mayo 2026,B001-2026059298,9298
123654,350,2026-07-24,Pensión Escolar - Julio 2026,B001-2026079298,9298
123655,350,2026-04-28,Pensión Escolar - Abril 2026,B001-2026049263,9263
123656,350,2026-05-27,Pensión Escolar - Mayo 2026,B001-2026059263,9263
123657,350,2026-03-20,Pensión Escolar - Marzo 2026,B001-2026039076,9076
123658,350,2026-05-25,Pensión Escolar - Mayo 2026,B001-2026059076,9076
123659,350,2026-06-26,Pensión Escolar - Junio 2026,B001-2026069076,9076
123660,350,2026-07-17,Pensión Escolar - Julio 2026,B001-2026079076,9076
123661,350,2026-03-25,Pensión Escolar - Marzo 2026,B001-2026039198,9198
123662,350,2026-04-20,Pensión Escolar - Abril 2026,B001-2026049198,9198
123663,350,2026-05-25,Pensión Escolar - Mayo 2026,B001-2026059198,9198
123664,350,2026-07-02,Pensión Escolar - Junio 2026,B001-2026069198,9198
123665,350,2026-03-27,Pensión Escolar - Marzo 2026,B001-2026039116,9116
123666,350,2026-04-28,Pensión Escolar - Abril 2026,B001-2026049116,9116
123667,350,2026-05-26,Pensión Escolar - Mayo 2026,B001-2026059116,9116
123668,350,2026-07-02,Pensión Escolar - Junio 2026,B001-2026069116,9116
123669,350,2026-03-27,Pensión Escolar - Marzo 2026,B001-2026038984,8984
123670,350,2026-04-28,Pensión Escolar - Abril 2026,B001-2026048984,8984
123671,350,2026-05-22,Pensión Escolar - Mayo 2026,B001-2026058984,8984
123672,350,2026-06-29,Pensión Escolar - Junio 2026,B001-2026068984,8984
123673,350,2026-04-01,Pensión Escolar - Marzo 2026,B001-2026039211,9211
123674,350,2026-04-24,Pensión Escolar - Abril 2026,B001-2026049211,9211
123675,350,2026-06-25,Pensión Escolar - Junio 2026,B001-2026069211,9211
123676,350,2026-03-27,Pensión Escolar - Marzo 2026,B001-2026038980,8980
123677,350,2026-05-01,Pensión Escolar - Abril 2026,B001-2026048980,8980
123678,350,2026-05-29,Pensión Escolar - Mayo 2026,B001-2026058980,8980
123679,350,2026-06-22,Pensión Escolar - Junio 2026,B001-2026068980,8980
123680,350,2026-07-29,Pensión Escolar - Julio 2026,B001-2026078980,8980
123681,350,2026-03-27,Pensión Escolar - Marzo 2026,B001-2026039182,9182
123682,350,2026-04-23,Pensión Escolar - Abril 2026,B001-2026049182,9182
123683,350,2026-05-18,Pensión Escolar - Mayo 2026,B001-2026059182,9182
123684,350,2026-06-30,Pensión Escolar - Junio 2026,B001-2026069182,9182
123685,350,2026-07-17,Pensión Escolar - Julio 2026,B001-2026079182,9182
123686,350,2026-03-27,Pensión Escolar - Marzo 2026,B001-2026039154,9154
123687,350,2026-04-24,Pensión Escolar - Abril 2026,B001-2026049154,9154
123688,350,2026-05-25,Pensión Escolar - Mayo 2026,B001-2026059154,9154
123689,350,2026-06-19,Pensión Escolar - Junio 2026,B001-2026069154,9154
123690,350,2026-03-27,Pensión Escolar - Marzo 2026,B001-2026039052,9052
123691,350,2026-04-23,Pensión Escolar - Abril 2026,B001-2026049052,9052
123692,350,2026-05-22,Pensión Escolar - Mayo 2026,B001-2026059052,9052
123693,350,2026-06-26,Pensión Escolar - Junio 2026,B001-2026069052,9052
123694,350,2026-07-24,Pensión Escolar - Julio 2026,B001-2026079052,9052
123695,350,2026-03-19,Pensión Escolar - Marzo 2026,B001-2026039100,9100
123696,350,2026-04-17,Pensión Escolar - Abril 2026,B001-2026049100,9100
123697,350,2026-05-29,Pensión Escolar - Mayo 2026,B001-2026059100,9100
123698,350,2026-06-22,Pensión Escolar - Junio 2026,B001-2026069100,9100
123699,350,2026-03-27,Pensión Escolar - Marzo 2026,B001-2026038952,8952
123700,350,2026-04-20,Pensión Escolar - Abril 2026,B001-2026048952,8952
123701,350,2026-05-22,Pensión Escolar - Mayo 2026,B001-2026058952,8952
123702,350,2026-06-30,Pensión Escolar - Junio 2026,B001-2026068952,8952
123703,350,2026-03-20,Pensión Escolar - Marzo 2026,B001-2026039270,9270
123704,350,2026-04-20,Pensión Escolar - Abril 2026,B001-2026049270,9270
123705,350,2026-05-28,Pensión Escolar - Mayo 2026,B001-2026059270,9270
123706,350,2026-06-19,Pensión Escolar - Junio 2026,B001-2026069270,9270
123707,350,2026-03-26,Pensión Escolar - Marzo 2026,B001-2026039088,9088
123708,350,2026-04-24,Pensión Escolar - Abril 2026,B001-2026049088,9088
123709,350,2026-06-02,Pensión Escolar - Mayo 2026,B001-2026059088,9088
123710,350,2026-06-26,Pensión Escolar - Junio 2026,B001-2026069088,9088
123711,350,2026-03-23,Pensión Escolar - Marzo 2026,B001-2026039176,9176
123712,350,2026-05-22,Pensión Escolar - Mayo 2026,B001-2026059176,9176
123713,350,2026-03-25,Pensión Escolar - Marzo 2026,B001-2026038996,8996
123714,350,2026-04-29,Pensión Escolar - Abril 2026,B001-2026048996,8996
123715,350,2026-05-20,Pensión Escolar - Mayo 2026,B001-2026058996,8996
123716,350,2026-06-29,Pensión Escolar - Junio 2026,B001-2026068996,8996
123717,350,2026-07-23,Pensión Escolar - Julio 2026,B001-2026078996,8996
123718,350,2026-03-26,Pensión Escolar - Marzo 2026,B001-2026039242,9242
123719,350,2026-04-29,Pensión Escolar - Abril 2026,B001-2026049242,9242
123720,350,2026-05-18,Pensión Escolar - Mayo 2026,B001-2026059242,9242
123721,350,2026-06-30,Pensión Escolar - Junio 2026,B001-2026069242,9242
123722,350,2026-03-20,Pensión Escolar - Marzo 2026,B001-2026039115,9115
123723,350,2026-04-17,Pensión Escolar - Abril 2026,B001-2026049115,9115
123724,350,2026-05-29,Pensión Escolar - Mayo 2026,B001-2026059115,9115
123725,350,2026-07-24,Pensión Escolar - Julio 2026,B001-2026079115,9115
123726,350,2026-03-31,Pensión Escolar - Marzo 2026,B001-2026039236,9236
123727,350,2026-04-17,Pensión Escolar - Abril 2026,B001-2026049236,9236
123728,350,2026-06-01,Pensión Escolar - Mayo 2026,B001-2026059236,9236
123729,350,2026-06-25,Pensión Escolar - Junio 2026,B001-2026069236,9236
123730,350,2026-07-24,Pensión Escolar - Julio 2026,B001-2026079236,9236
123731,350,2026-03-23,Pensión Escolar - Marzo 2026,B001-2026039123,9123
123732,350,2026-04-24,Pensión Escolar - Abril 2026,B001-2026049123,9123
123733,350,2026-06-01,Pensión Escolar - Mayo 2026,B001-2026059123,9123
123734,350,2026-06-23,Pensión Escolar - Junio 2026,B001-2026069123,9123
123735,350,2026-07-22,Pensión Escolar - Julio 2026,B001-2026079123,9123
123736,350,2026-03-27,Pensión Escolar - Marzo 2026,B001-2026039114,9114
123737,350,2026-05-01,Pensión Escolar - Abril 2026,B001-2026049114,9114
123738,350,2026-05-29,Pensión Escolar - Mayo 2026,B001-2026059114,9114
123739,350,2026-03-25,Pensión Escolar - Marzo 2026,B001-2026039269,9269
123740,350,2026-04-29,Pensión Escolar - Abril 2026,B001-2026049269,9269
123741,350,2026-05-25,Pensión Escolar - Mayo 2026,B001-2026059269,9269
123742,350,2026-06-30,Pensión Escolar - Junio 2026,B001-2026069269,9269
123743,350,2026-03-24,Pensión Escolar - Marzo 2026,B001-2026039000,9000
123744,350,2026-04-23,Pensión Escolar - Abril 2026,B001-2026049000,9000
123745,350,2026-06-02,Pensión Escolar - Mayo 2026,B001-2026059000,9000
123746,350,2026-06-23,Pensión Escolar - Junio 2026,B001-2026069000,9000
123747,350,2026-03-19,Pensión Escolar - Marzo 2026,B001-2026039144,9144
123748,350,2026-04-21,Pensión Escolar - Abril 2026,B001-2026049144,9144
123749,350,2026-05-29,Pensión Escolar - Mayo 2026,B001-2026059144,9144
123750,350,2026-06-19,Pensión Escolar - Junio 2026,B001-2026069144,9144
123751,350,2026-03-27,Pensión Escolar - Marzo 2026,B001-2026038953,8953
123752,350,2026-05-01,Pensión Escolar - Abril 2026,B001-2026048953,8953
123753,350,2026-05-29,Pensión Escolar - Mayo 2026,B001-2026058953,8953
123754,350,2026-06-19,Pensión Escolar - Junio 2026,B001-2026068953,8953
123755,350,2026-03-23,Pensión Escolar - Marzo 2026,B001-2026039286,9286
123756,350,2026-04-24,Pensión Escolar - Abril 2026,B001-2026049286,9286
123757,350,2026-05-27,Pensión Escolar - Mayo 2026,B001-2026059286,9286
123758,350,2026-07-31,Pensión Escolar - Julio 2026,B001-2026079286,9286
123759,350,2026-03-23,Pensión Escolar - Marzo 2026,B001-2026039213,9213
123760,350,2026-04-24,Pensión Escolar - Abril 2026,B001-2026049213,9213
123761,350,2026-05-29,Pensión Escolar - Mayo 2026,B001-2026059213,9213
123762,350,2026-06-18,Pensión Escolar - Junio 2026,B001-2026069213,9213
123763,350,2026-07-31,Pensión Escolar - Julio 2026,B001-2026079213,9213
123764,350,2026-03-20,Pensión Escolar - Marzo 2026,B001-2026039248,9248
123765,350,2026-05-01,Pensión Escolar - Abril 2026,B001-2026049248,9248
123766,350,2026-05-18,Pensión Escolar - Mayo 2026,B001-2026059248,9248
123767,350,2026-04-22,Pensión Escolar - Abril 2026,B001-2026049009,9009
123768,350,2026-05-20,Pensión Escolar - Mayo 2026,B001-2026059009,9009
123769,350,2026-06-30,Pensión Escolar - Junio 2026,B001-2026069009,9009
123770,350,2026-07-31,Pensión Escolar - Julio 2026,B001-2026079009,9009
123771,350,2026-03-31,Pensión Escolar - Marzo 2026,B001-2026039048,9048
123772,350,2026-04-22,Pensión Escolar - Abril 2026,B001-2026049048,9048
123773,350,2026-05-22,Pensión Escolar - Mayo 2026,B001-2026059048,9048
123774,350,2026-06-24,Pensión Escolar - Junio 2026,B001-2026069048,9048
123775,350,2026-03-19,Pensión Escolar - Marzo 2026,B001-2026039210,9210
123776,350,2026-04-29,Pensión Escolar - Abril 2026,B001-2026049210,9210
123777,350,2026-05-18,Pensión Escolar - Mayo 2026,B001-2026059210,9210
123778,350,2026-06-19,Pensión Escolar - Junio 2026,B001-2026069210,9210
123779,350,2026-07-31,Pensión Escolar - Julio 2026,B001-2026079210,9210
123780,350,2026-03-27,Pensión Escolar - Marzo 2026,B001-2026039005,9005
123781,350,2026-04-23,Pensión Escolar - Abril 2026,B001-2026049005,9005
123782,350,2026-05-22,Pensión Escolar - Mayo 2026,B001-2026059005,9005
123783,350,2026-06-23,Pensión Escolar - Junio 2026,B001-2026069005,9005
123784,350,2026-03-20,Pensión Escolar - Marzo 2026,B001-2026039297,9297
123785,350,2026-05-01,Pensión Escolar - Abril 2026,B001-2026049297,9297
123786,350,2026-05-28,Pensión Escolar - Mayo 2026,B001-2026059297,9297
123787,350,2026-07-01,Pensión Escolar - Junio 2026,B001-2026069297,9297
123788,350,2026-07-31,Pensión Escolar - Julio 2026,B001-2026079297,9297
123789,350,2026-04-01,Pensión Escolar - Marzo 2026,B001-2026039152,9152
123790,350,2026-04-17,Pensión Escolar - Abril 2026,B001-2026049152,9152
123791,350,2026-05-26,Pensión Escolar - Mayo 2026,B001-2026059152,9152
123792,350,2026-06-29,Pensión Escolar - Junio 2026,B001-2026069152,9152
123793,350,2026-03-18,Pensión Escolar - Marzo 2026,B001-2026039016,9016
123794,350,2026-05-01,Pensión Escolar - Abril 2026,B001-2026049016,9016
123795,350,2026-05-21,Pensión Escolar - Mayo 2026,B001-2026059016,9016
123796,350,2026-07-03,Pensión Escolar - Junio 2026,B001-2026069016,9016
123797,350,2026-03-20,Pensión Escolar - Marzo 2026,B001-2026039094,9094
123798,350,2026-04-24,Pensión Escolar - Abril 2026,B001-2026049094,9094
123799,350,2026-05-22,Pensión Escolar - Mayo 2026,B001-2026059094,9094
123800,350,2026-07-24,Pensión Escolar - Julio 2026,B001-2026079094,9094
123801,350,2026-03-20,Pensión Escolar - Marzo 2026,B001-2026039074,9074
123802,350,2026-04-21,Pensión Escolar - Abril 2026,B001-2026049074,9074
123803,350,2026-05-28,Pensión Escolar - Mayo 2026,B001-2026059074,9074
123804,350,2026-06-26,Pensión Escolar - Junio 2026,B001-2026069074,9074
123805,350,2026-07-20,Pensión Escolar - Julio 2026,B001-2026079074,9074
123806,350,2026-03-27,Pensión Escolar - Marzo 2026,B001-2026039250,9250
123807,350,2026-04-22,Pensión Escolar - Abril 2026,B001-2026049250,9250
123808,350,2026-05-29,Pensión Escolar - Mayo 2026,B001-2026059250,9250
123809,350,2026-07-01,Pensión Escolar - Junio 2026,B001-2026069250,9250
123810,350,2026-03-30,Pensión Escolar - Marzo 2026,B001-2026039119,9119
123811,350,2026-04-28,Pensión Escolar - Abril 2026,B001-2026049119,9119
123812,350,2026-05-18,Pensión Escolar - Mayo 2026,B001-2026059119,9119
123813,350,2026-04-02,Pensión Escolar - Marzo 2026,B001-2026039019,9019
123814,350,2026-05-01,Pensión Escolar - Abril 2026,B001-2026049019,9019
123815,350,2026-05-29,Pensión Escolar - Mayo 2026,B001-2026059019,9019
123816,350,2026-06-19,Pensión Escolar - Junio 2026,B001-2026069019,9019
123817,350,2026-07-27,Pensión Escolar - Julio 2026,B001-2026079019,9019
123818,350,2026-03-26,Pensión Escolar - Marzo 2026,B001-2026039249,9249
123819,350,2026-05-01,Pensión Escolar - Abril 2026,B001-2026049249,9249
123820,350,2026-05-19,Pensión Escolar - Mayo 2026,B001-2026059249,9249
123821,350,2026-06-19,Pensión Escolar - Junio 2026,B001-2026069249,9249
123822,420,2026-03-23,Pensión Escolar - Marzo 2026,B001-2026039283,9283
123823,420,2026-04-21,Pensión Escolar - Abril 2026,B001-2026049283,9283
123824,420,2026-05-22,Pensión Escolar - Mayo 2026,B001-2026059283,9283
123825,420,2026-06-24,Pensión Escolar - Junio 2026,B001-2026069283,9283
123826,420,2026-07-31,Pensión Escolar - Julio 2026,B001-2026079283,9283
123827,420,2026-03-18,Pensión Escolar - Marzo 2026,B001-2026039221,9221
123828,420,2026-04-29,Pensión Escolar - Abril 2026,B001-2026049221,9221
123829,420,2026-05-22,Pensión Escolar - Mayo 2026,B001-2026059221,9221
123830,420,2026-06-19,Pensión Escolar - Junio 2026,B001-2026069221,9221
123831,420,2026-03-20,Pensión Escolar - Marzo 2026,B001-2026039278,9278
123832,420,2026-04-24,Pensión Escolar - Abril 2026,B001-2026049278,9278
123833,420,2026-05-22,Pensión Escolar - Mayo 2026,B001-2026059278,9278
123834,420,2026-06-29,Pensión Escolar - Junio 2026,B001-2026069278,9278
123835,420,2026-03-27,Pensión Escolar - Marzo 2026,B001-2026039183,9183
123836,420,2026-05-01,Pensión Escolar - Abril 2026,B001-2026049183,9183
123837,420,2026-05-28,Pensión Escolar - Mayo 2026,B001-2026059183,9183
123838,420,2026-06-30,Pensión Escolar - Junio 2026,B001-2026069183,9183
123839,420,2026-03-27,Pensión Escolar - Marzo 2026,B001-2026038954,8954
123840,420,2026-04-24,Pensión Escolar - Abril 2026,B001-2026048954,8954
123841,420,2026-05-25,Pensión Escolar - Mayo 2026,B001-2026058954,8954
123842,420,2026-06-24,Pensión Escolar - Junio 2026,B001-2026068954,8954
123843,420,2026-03-18,Pensión Escolar - Marzo 2026,B001-2026039107,9107
123844,420,2026-04-30,Pensión Escolar - Abril 2026,B001-2026049107,9107
123845,420,2026-06-01,Pensión Escolar - Mayo 2026,B001-2026059107,9107
123846,420,2026-06-19,Pensión Escolar - Junio 2026,B001-2026069107,9107
123847,420,2026-04-01,Pensión Escolar - Marzo 2026,B001-2026038968,8968
123848,420,2026-04-27,Pensión Escolar - Abril 2026,B001-2026048968,8968
123849,420,2026-05-29,Pensión Escolar - Mayo 2026,B001-2026058968,8968
123850,420,2026-06-22,Pensión Escolar - Junio 2026,B001-2026068968,8968
123851,420,2026-07-21,Pensión Escolar - Julio 2026,B001-2026078968,8968
123852,420,2026-03-27,Pensión Escolar - Marzo 2026,B001-2026039133,9133
123853,420,2026-04-24,Pensión Escolar - Abril 2026,B001-2026049133,9133
123854,420,2026-05-29,Pensión Escolar - Mayo 2026,B001-2026059133,9133
123855,420,2026-07-24,Pensión Escolar - Julio 2026,B001-2026079133,9133
123856,420,2026-03-20,Pensión Escolar - Marzo 2026,B001-2026039218,9218
123857,420,2026-04-20,Pensión Escolar - Abril 2026,B001-2026049218,9218
123858,420,2026-05-19,Pensión Escolar - Mayo 2026,B001-2026059218,9218
123859,420,2026-06-26,Pensión Escolar - Junio 2026,B001-2026069218,9218
123860,420,2026-03-25,Pensión Escolar - Marzo 2026,B001-2026039113,9113
123861,420,2026-05-01,Pensión Escolar - Abril 2026,B001-2026049113,9113
123862,420,2026-05-22,Pensión Escolar - Mayo 2026,B001-2026059113,9113
123863,420,2026-06-29,Pensión Escolar - Junio 2026,B001-2026069113,9113
123864,420,2026-07-21,Pensión Escolar - Julio 2026,B001-2026079113,9113
123865,420,2026-03-20,Pensión Escolar - Marzo 2026,B001-2026039058,9058
123866,420,2026-04-28,Pensión Escolar - Abril 2026,B001-2026049058,9058
123867,420,2026-05-19,Pensión Escolar - Mayo 2026,B001-2026059058,9058
123868,420,2026-06-25,Pensión Escolar - Junio 2026,B001-2026069058,9058
123869,420,2026-07-23,Pensión Escolar - Julio 2026,B001-2026079058,9058
123870,420,2026-03-27,Pensión Escolar - Marzo 2026,B001-2026039148,9148
123871,420,2026-05-01,Pensión Escolar - Abril 2026,B001-2026049148,9148
123872,420,2026-05-22,Pensión Escolar - Mayo 2026,B001-2026059148,9148
123873,420,2026-07-02,Pensión Escolar - Junio 2026,B001-2026069148,9148
123874,420,2026-07-28,Pensión Escolar - Julio 2026,B001-2026079148,9148
123875,420,2026-03-19,Pensión Escolar - Marzo 2026,B001-2026039232,9232
123876,420,2026-05-01,Pensión Escolar - Abril 2026,B001-2026049232,9232
123877,420,2026-05-18,Pensión Escolar - Mayo 2026,B001-2026059232,9232
123878,420,2026-06-19,Pensión Escolar - Junio 2026,B001-2026069232,9232
123879,420,2026-07-31,Pensión Escolar - Julio 2026,B001-2026079232,9232
123880,420,2026-03-20,Pensión Escolar - Marzo 2026,B001-2026039323,9323
123881,420,2026-04-24,Pensión Escolar - Abril 2026,B001-2026049323,9323
123882,420,2026-05-18,Pensión Escolar - Mayo 2026,B001-2026059323,9323
123883,420,2026-06-30,Pensión Escolar - Junio 2026,B001-2026069323,9323
123884,420,2026-03-23,Pensión Escolar - Marzo 2026,B001-2026039237,9237
123885,420,2026-04-22,Pensión Escolar - Abril 2026,B001-2026049237,9237
123886,420,2026-05-27,Pensión Escolar - Mayo 2026,B001-2026059237,9237
123887,420,2026-07-02,Pensión Escolar - Junio 2026,B001-2026069237,9237
123888,420,2026-03-20,Pensión Escolar - Marzo 2026,B001-2026038949,8949
123889,420,2026-04-17,Pensión Escolar - Abril 2026,B001-2026048949,8949
123890,420,2026-05-20,Pensión Escolar - Mayo 2026,B001-2026058949,8949
123891,420,2026-07-31,Pensión Escolar - Julio 2026,B001-2026078949,8949
123892,420,2026-03-23,Pensión Escolar - Marzo 2026,B001-2026039153,9153
123893,420,2026-04-20,Pensión Escolar - Abril 2026,B001-2026049153,9153
123894,420,2026-05-26,Pensión Escolar - Mayo 2026,B001-2026059153,9153
123895,420,2026-07-24,Pensión Escolar - Julio 2026,B001-2026079153,9153
123896,420,2026-03-30,Pensión Escolar - Marzo 2026,B001-2026039170,9170
123897,420,2026-04-27,Pensión Escolar - Abril 2026,B001-2026049170,9170
123898,420,2026-05-19,Pensión Escolar - Mayo 2026,B001-2026059170,9170
123899,420,2026-06-19,Pensión Escolar - Junio 2026,B001-2026069170,9170
123900,420,2026-04-01,Pensión Escolar - Marzo 2026,B001-2026038970,8970
123901,420,2026-04-24,Pensión Escolar - Abril 2026,B001-2026048970,8970
123902,420,2026-05-29,Pensión Escolar - Mayo 2026,B001-2026058970,8970
123903,420,2026-06-19,Pensión Escolar - Junio 2026,B001-2026068970,8970
123904,420,2026-07-23,Pensión Escolar - Julio 2026,B001-2026078970,8970
123905,420,2026-04-28,Pensión Escolar - Abril 2026,B001-2026049138,9138
123906,420,2026-05-29,Pensión Escolar - Mayo 2026,B001-2026059138,9138
123907,420,2026-06-26,Pensión Escolar - Junio 2026,B001-2026069138,9138
123908,420,2026-07-17,Pensión Escolar - Julio 2026,B001-2026079138,9138
123909,420,2026-03-24,Pensión Escolar - Marzo 2026,B001-2026039082,9082
123910,420,2026-04-30,Pensión Escolar - Abril 2026,B001-2026049082,9082
123911,420,2026-05-22,Pensión Escolar - Mayo 2026,B001-2026059082,9082
123912,420,2026-06-29,Pensión Escolar - Junio 2026,B001-2026069082,9082
123913,420,2026-07-22,Pensión Escolar - Julio 2026,B001-2026079082,9082
123914,420,2026-03-19,Pensión Escolar - Marzo 2026,B001-2026038999,8999
123915,420,2026-04-24,Pensión Escolar - Abril 2026,B001-2026048999,8999
123916,420,2026-05-19,Pensión Escolar - Mayo 2026,B001-2026058999,8999
123917,420,2026-07-01,Pensión Escolar - Junio 2026,B001-2026068999,8999
123918,420,2026-03-25,Pensión Escolar - Marzo 2026,B001-2026038978,8978
123919,420,2026-04-20,Pensión Escolar - Abril 2026,B001-2026048978,8978
123920,420,2026-06-01,Pensión Escolar - Mayo 2026,B001-2026058978,8978
123921,420,2026-03-24,Pensión Escolar - Marzo 2026,B001-2026039025,9025
123922,420,2026-05-01,Pensión Escolar - Abril 2026,B001-2026049025,9025
123923,420,2026-05-28,Pensión Escolar - Mayo 2026,B001-2026059025,9025
123924,420,2026-03-27,Pensión Escolar - Marzo 2026,B001-2026039128,9128
123925,420,2026-05-01,Pensión Escolar - Abril 2026,B001-2026049128,9128
123926,420,2026-06-19,Pensión Escolar - Junio 2026,B001-2026069128,9128
123927,420,2026-03-23,Pensión Escolar - Marzo 2026,B001-2026039069,9069
123928,420,2026-05-01,Pensión Escolar - Abril 2026,B001-2026049069,9069
123929,420,2026-05-18,Pensión Escolar - Mayo 2026,B001-2026059069,9069
123930,420,2026-07-03,Pensión Escolar - Junio 2026,B001-2026069069,9069
123931,420,2026-03-20,Pensión Escolar - Marzo 2026,B001-2026039117,9117
123932,420,2026-04-24,Pensión Escolar - Abril 2026,B001-2026049117,9117
123933,420,2026-06-02,Pensión Escolar - Mayo 2026,B001-2026059117,9117
123934,420,2026-03-31,Pensión Escolar - Marzo 2026,B001-2026038966,8966
123935,420,2026-04-29,Pensión Escolar - Abril 2026,B001-2026048966,8966
123936,420,2026-05-18,Pensión Escolar - Mayo 2026,B001-2026058966,8966
123937,420,2026-06-18,Pensión Escolar - Junio 2026,B001-2026068966,8966
123938,420,2026-03-23,Pensión Escolar - Marzo 2026,B001-2026039032,9032
123939,420,2026-04-24,Pensión Escolar - Abril 2026,B001-2026049032,9032
123940,420,2026-05-29,Pensión Escolar - Mayo 2026,B001-2026059032,9032
123941,420,2026-06-23,Pensión Escolar - Junio 2026,B001-2026069032,9032
123942,420,2026-03-20,Pensión Escolar - Marzo 2026,B001-2026039222,9222
123943,420,2026-05-22,Pensión Escolar - Mayo 2026,B001-2026059222,9222
123944,420,2026-07-02,Pensión Escolar - Junio 2026,B001-2026069222,9222
123945,420,2026-07-27,Pensión Escolar - Julio 2026,B001-2026079222,9222
123946,420,2026-03-20,Pensión Escolar - Marzo 2026,B001-2026039011,9011
123947,420,2026-04-20,Pensión Escolar - Abril 2026,B001-2026049011,9011
123948,420,2026-05-22,Pensión Escolar - Mayo 2026,B001-2026059011,9011
123949,420,2026-06-24,Pensión Escolar - Junio 2026,B001-2026069011,9011
123950,420,2026-07-31,Pensión Escolar - Julio 2026,B001-2026079011,9011
123951,420,2026-03-27,Pensión Escolar - Marzo 2026,B001-2026039243,9243
123952,420,2026-05-01,Pensión Escolar - Abril 2026,B001-2026049243,9243
123953,420,2026-05-25,Pensión Escolar - Mayo 2026,B001-2026059243,9243
123954,420,2026-07-02,Pensión Escolar - Junio 2026,B001-2026069243,9243
123955,420,2026-03-24,Pensión Escolar - Marzo 2026,B001-2026039225,9225
123956,420,2026-04-23,Pensión Escolar - Abril 2026,B001-2026049225,9225
123957,420,2026-05-29,Pensión Escolar - Mayo 2026,B001-2026059225,9225
123958,420,2026-06-19,Pensión Escolar - Junio 2026,B001-2026069225,9225
123959,420,2026-07-31,Pensión Escolar - Julio 2026,B001-2026079225,9225
123960,420,2026-03-31,Pensión Escolar - Marzo 2026,B001-2026039106,9106
123961,420,2026-04-24,Pensión Escolar - Abril 2026,B001-2026049106,9106
123962,420,2026-05-29,Pensión Escolar - Mayo 2026,B001-2026059106,9106
123963,420,2026-06-23,Pensión Escolar - Junio 2026,B001-2026069106,9106
123964,420,2026-07-22,Pensión Escolar - Julio 2026,B001-2026079106,9106
123965,420,2026-03-30,Pensión Escolar - Marzo 2026,B001-2026039215,9215
123966,420,2026-05-01,Pensión Escolar - Abril 2026,B001-2026049215,9215
123967,420,2026-05-18,Pensión Escolar - Mayo 2026,B001-2026059215,9215
123968,420,2026-07-03,Pensión Escolar - Junio 2026,B001-2026069215,9215
123969,420,2026-03-23,Pensión Escolar - Marzo 2026,B001-2026039134,9134
123970,420,2026-04-22,Pensión Escolar - Abril 2026,B001-2026049134,9134
123971,420,2026-05-22,Pensión Escolar - Mayo 2026,B001-2026059134,9134
123972,420,2026-06-18,Pensión Escolar - Junio 2026,B001-2026069134,9134
123973,420,2026-07-24,Pensión Escolar - Julio 2026,B001-2026079134,9134
123974,420,2026-03-18,Pensión Escolar - Marzo 2026,B001-2026039096,9096
123975,420,2026-05-01,Pensión Escolar - Abril 2026,B001-2026049096,9096
123976,420,2026-05-26,Pensión Escolar - Mayo 2026,B001-2026059096,9096
123977,420,2026-07-03,Pensión Escolar - Junio 2026,B001-2026069096,9096
123978,420,2026-03-24,Pensión Escolar - Marzo 2026,B001-2026039296,9296
123979,420,2026-05-01,Pensión Escolar - Abril 2026,B001-2026049296,9296
123980,420,2026-05-26,Pensión Escolar - Mayo 2026,B001-2026059296,9296
123981,420,2026-06-18,Pensión Escolar - Junio 2026,B001-2026069296,9296
123982,420,2026-04-02,Pensión Escolar - Marzo 2026,B001-2026039295,9295
123983,420,2026-04-21,Pensión Escolar - Abril 2026,B001-2026049295,9295
123984,420,2026-05-19,Pensión Escolar - Mayo 2026,B001-2026059295,9295
123985,420,2026-07-03,Pensión Escolar - Junio 2026,B001-2026069295,9295
123986,420,2026-07-28,Pensión Escolar - Julio 2026,B001-2026079295,9295
123987,420,2026-03-20,Pensión Escolar - Marzo 2026,B001-2026039227,9227
123988,420,2026-04-20,Pensión Escolar - Abril 2026,B001-2026049227,9227
123989,420,2026-05-22,Pensión Escolar - Mayo 2026,B001-2026059227,9227
123990,420,2026-07-22,Pensión Escolar - Julio 2026,B001-2026079227,9227
123991,420,2026-03-25,Pensión Escolar - Marzo 2026,B001-2026039280,9280
123992,420,2026-05-01,Pensión Escolar - Abril 2026,B001-2026049280,9280
123993,420,2026-05-29,Pensión Escolar - Mayo 2026,B001-2026059280,9280
123994,420,2026-06-19,Pensión Escolar - Junio 2026,B001-2026069280,9280
123995,420,2026-03-24,Pensión Escolar - Marzo 2026,B001-2026039240,9240
123996,420,2026-05-22,Pensión Escolar - Mayo 2026,B001-2026059240,9240
123997,420,2026-07-02,Pensión Escolar - Junio 2026,B001-2026069240,9240
123998,420,2026-07-31,Pensión Escolar - Julio 2026,B001-2026079240,9240
123999,420,2026-03-27,Pensión Escolar - Marzo 2026,B001-2026038960,8960
124000,420,2026-04-23,Pensión Escolar - Abril 2026,B001-2026048960,8960
124001,420,2026-05-22,Pensión Escolar - Mayo 2026,B001-2026058960,8960
124002,420,2026-07-01,Pensión Escolar - Junio 2026,B001-2026068960,8960
124003,420,2026-03-23,Pensión Escolar - Marzo 2026,B001-2026039185,9185
124004,420,2026-04-21,Pensión Escolar - Abril 2026,B001-2026049185,9185
124005,420,2026-05-21,Pensión Escolar - Mayo 2026,B001-2026059185,9185
124006,420,2026-06-19,Pensión Escolar - Junio 2026,B001-2026069185,9185
124007,420,2026-03-27,Pensión Escolar - Marzo 2026,B001-2026039037,9037
124008,420,2026-04-21,Pensión Escolar - Abril 2026,B001-2026049037,9037
124009,420,2026-05-22,Pensión Escolar - Mayo 2026,B001-2026059037,9037
124010,420,2026-06-19,Pensión Escolar - Junio 2026,B001-2026069037,9037
124011,420,2026-07-29,Pensión Escolar - Julio 2026,B001-2026079037,9037
124012,420,2026-03-27,Pensión Escolar - Marzo 2026,B001-2026039120,9120
124013,420,2026-04-20,Pensión Escolar - Abril 2026,B001-2026049120,9120
124014,420,2026-06-26,Pensión Escolar - Junio 2026,B001-2026069120,9120
124015,420,2026-03-24,Pensión Escolar - Marzo 2026,B001-2026039050,9050
124016,420,2026-04-24,Pensión Escolar - Abril 2026,B001-2026049050,9050
124017,420,2026-05-22,Pensión Escolar - Mayo 2026,B001-2026059050,9050
124018,420,2026-07-03,Pensión Escolar - Junio 2026,B001-2026069050,9050
124019,420,2026-03-18,Pensión Escolar - Marzo 2026,B001-2026038946,8946
124020,420,2026-04-17,Pensión Escolar - Abril 2026,B001-2026048946,8946
124021,420,2026-05-20,Pensión Escolar - Mayo 2026,B001-2026058946,8946
124022,420,2026-06-26,Pensión Escolar - Junio 2026,B001-2026068946,8946
124023,420,2026-03-20,Pensión Escolar - Marzo 2026,B001-2026039312,9312
124024,420,2026-04-21,Pensión Escolar - Abril 2026,B001-2026049312,9312
124025,420,2026-05-18,Pensión Escolar - Mayo 2026,B001-2026059312,9312
124026,420,2026-06-25,Pensión Escolar - Junio 2026,B001-2026069312,9312
124027,420,2026-07-29,Pensión Escolar - Julio 2026,B001-2026079312,9312
124028,420,2026-03-27,Pensión Escolar - Marzo 2026,B001-2026039179,9179
124029,420,2026-04-24,Pensión Escolar - Abril 2026,B001-2026049179,9179
124030,420,2026-05-21,Pensión Escolar - Mayo 2026,B001-2026059179,9179
124031,420,2026-06-19,Pensión Escolar - Junio 2026,B001-2026069179,9179
124032,420,2026-03-19,Pensión Escolar - Marzo 2026,B001-2026039195,9195
124033,420,2026-04-20,Pensión Escolar - Abril 2026,B001-2026049195,9195
124034,420,2026-06-01,Pensión Escolar - Mayo 2026,B001-2026059195,9195
124035,420,2026-06-26,Pensión Escolar - Junio 2026,B001-2026069195,9195
124036,420,2026-03-19,Pensión Escolar - Marzo 2026,B001-2026039077,9077
124037,420,2026-04-21,Pensión Escolar - Abril 2026,B001-2026049077,9077
124038,420,2026-05-26,Pensión Escolar - Mayo 2026,B001-2026059077,9077
124039,420,2026-07-23,Pensión Escolar - Julio 2026,B001-2026079077,9077
124040,420,2026-03-18,Pensión Escolar - Marzo 2026,B001-2026039160,9160
124041,420,2026-04-29,Pensión Escolar - Abril 2026,B001-2026049160,9160
124042,420,2026-05-22,Pensión Escolar - Mayo 2026,B001-2026059160,9160
124043,420,2026-06-19,Pensión Escolar - Junio 2026,B001-2026069160,9160
124044,420,2026-07-21,Pensión Escolar - Julio 2026,B001-2026079160,9160
124045,420,2026-03-23,Pensión Escolar - Marzo 2026,B001-2026039334,9334
124046,420,2026-05-01,Pensión Escolar - Abril 2026,B001-2026049334,9334
124047,420,2026-05-28,Pensión Escolar - Mayo 2026,B001-2026059334,9334
124048,420,2026-06-26,Pensión Escolar - Junio 2026,B001-2026069334,9334
124049,420,2026-03-25,Pensión Escolar - Marzo 2026,B001-2026039092,9092
124050,420,2026-04-17,Pensión Escolar - Abril 2026,B001-2026049092,9092
124051,420,2026-05-29,Pensión Escolar - Mayo 2026,B001-2026059092,9092
124052,420,2026-06-26,Pensión Escolar - Junio 2026,B001-2026069092,9092
124053,420,2026-07-30,Pensión Escolar - Julio 2026,B001-2026079092,9092
124054,420,2026-03-19,Pensión Escolar - Marzo 2026,B001-2026039319,9319
124055,420,2026-04-24,Pensión Escolar - Abril 2026,B001-2026049319,9319
124056,420,2026-05-25,Pensión Escolar - Mayo 2026,B001-2026059319,9319
124057,420,2026-06-29,Pensión Escolar - Junio 2026,B001-2026069319,9319
124058,420,2026-07-24,Pensión Escolar - Julio 2026,B001-2026079319,9319
124059,420,2026-03-27,Pensión Escolar - Marzo 2026,B001-2026038983,8983
124060,420,2026-04-17,Pensión Escolar - Abril 2026,B001-2026048983,8983
124061,420,2026-05-22,Pensión Escolar - Mayo 2026,B001-2026058983,8983
124062,420,2026-07-17,Pensión Escolar - Julio 2026,B001-2026078983,8983
124063,420,2026-03-18,Pensión Escolar - Marzo 2026,B001-2026039194,9194
124064,420,2026-05-01,Pensión Escolar - Abril 2026,B001-2026049194,9194
124065,420,2026-05-25,Pensión Escolar - Mayo 2026,B001-2026059194,9194
124066,420,2026-06-22,Pensión Escolar - Junio 2026,B001-2026069194,9194
124067,420,2026-07-24,Pensión Escolar - Julio 2026,B001-2026079194,9194
124068,420,2026-03-31,Pensión Escolar - Marzo 2026,B001-2026039140,9140
124069,420,2026-04-20,Pensión Escolar - Abril 2026,B001-2026049140,9140
124070,420,2026-06-02,Pensión Escolar - Mayo 2026,B001-2026059140,9140
124071,420,2026-07-01,Pensión Escolar - Junio 2026,B001-2026069140,9140
124072,420,2026-03-25,Pensión Escolar - Marzo 2026,B001-2026038992,8992
124073,420,2026-04-29,Pensión Escolar - Abril 2026,B001-2026048992,8992
124074,420,2026-05-22,Pensión Escolar - Mayo 2026,B001-2026058992,8992
124075,420,2026-06-24,Pensión Escolar - Junio 2026,B001-2026068992,8992
124076,420,2026-07-28,Pensión Escolar - Julio 2026,B001-2026078992,8992
124077,420,2026-04-02,Pensión Escolar - Marzo 2026,B001-2026039253,9253
124078,420,2026-04-22,Pensión Escolar - Abril 2026,B001-2026049253,9253
124079,420,2026-05-29,Pensión Escolar - Mayo 2026,B001-2026059253,9253
124080,420,2026-07-21,Pensión Escolar - Julio 2026,B001-2026079253,9253
124081,420,2026-03-23,Pensión Escolar - Marzo 2026,B001-2026039273,9273
124082,420,2026-04-17,Pensión Escolar - Abril 2026,B001-2026049273,9273
124083,420,2026-05-22,Pensión Escolar - Mayo 2026,B001-2026059273,9273
124084,420,2026-03-25,Pensión Escolar - Marzo 2026,B001-2026039061,9061
124085,420,2026-04-30,Pensión Escolar - Abril 2026,B001-2026049061,9061
124086,420,2026-05-20,Pensión Escolar - Mayo 2026,B001-2026059061,9061
124087,420,2026-06-26,Pensión Escolar - Junio 2026,B001-2026069061,9061
124088,420,2026-03-27,Pensión Escolar - Marzo 2026,B001-2026039340,9340
124089,420,2026-04-17,Pensión Escolar - Abril 2026,B001-2026049340,9340
124090,420,2026-06-01,Pensión Escolar - Mayo 2026,B001-2026059340,9340
124091,420,2026-06-23,Pensión Escolar - Junio 2026,B001-2026069340,9340
124092,420,2026-03-20,Pensión Escolar - Marzo 2026,B001-2026039078,9078
124093,420,2026-05-01,Pensión Escolar - Abril 2026,B001-2026049078,9078
124094,420,2026-05-18,Pensión Escolar - Mayo 2026,B001-2026059078,9078
124095,420,2026-06-25,Pensión Escolar - Junio 2026,B001-2026069078,9078
124096,420,2026-03-20,Pensión Escolar - Marzo 2026,B001-2026038972,8972
124097,420,2026-05-01,Pensión Escolar - Abril 2026,B001-2026048972,8972
124098,420,2026-05-29,Pensión Escolar - Mayo 2026,B001-2026058972,8972
124099,420,2026-07-01,Pensión Escolar - Junio 2026,B001-2026068972,8972
124100,420,2026-07-27,Pensión Escolar - Julio 2026,B001-2026078972,8972
124101,420,2026-03-24,Pensión Escolar - Marzo 2026,B001-2026039299,9299
124102,420,2026-04-29,Pensión Escolar - Abril 2026,B001-2026049299,9299
124103,420,2026-05-29,Pensión Escolar - Mayo 2026,B001-2026059299,9299
124104,420,2026-03-24,Pensión Escolar - Marzo 2026,B001-2026039281,9281
124105,420,2026-04-21,Pensión Escolar - Abril 2026,B001-2026049281,9281
124106,420,2026-06-25,Pensión Escolar - Junio 2026,B001-2026069281,9281
124107,420,2026-03-24,Pensión Escolar - Marzo 2026,B001-2026039002,9002
124108,420,2026-05-01,Pensión Escolar - Abril 2026,B001-2026049002,9002
124109,420,2026-05-28,Pensión Escolar - Mayo 2026,B001-2026059002,9002
124110,420,2026-06-26,Pensión Escolar - Junio 2026,B001-2026069002,9002
124111,420,2026-03-25,Pensión Escolar - Marzo 2026,B001-2026039189,9189
124112,420,2026-05-01,Pensión Escolar - Abril 2026,B001-2026049189,9189
124113,420,2026-05-29,Pensión Escolar - Mayo 2026,B001-2026059189,9189
124114,420,2026-03-18,Pensión Escolar - Marzo 2026,B001-2026039290,9290
124115,420,2026-04-17,Pensión Escolar - Abril 2026,B001-2026049290,9290
124116,420,2026-05-18,Pensión Escolar - Mayo 2026,B001-2026059290,9290
124117,420,2026-06-19,Pensión Escolar - Junio 2026,B001-2026069290,9290
124118,420,2026-07-22,Pensión Escolar - Julio 2026,B001-2026079290,9290
124119,420,2026-03-20,Pensión Escolar - Marzo 2026,B001-2026039315,9315
124120,420,2026-04-24,Pensión Escolar - Abril 2026,B001-2026049315,9315
124121,420,2026-05-26,Pensión Escolar - Mayo 2026,B001-2026059315,9315
124122,420,2026-06-24,Pensión Escolar - Junio 2026,B001-2026069315,9315
124123,420,2026-07-31,Pensión Escolar - Julio 2026,B001-2026079315,9315
124124,420,2026-03-31,Pensión Escolar - Marzo 2026,B001-2026038950,8950
124125,420,2026-04-20,Pensión Escolar - Abril 2026,B001-2026048950,8950
124126,420,2026-05-22,Pensión Escolar - Mayo 2026,B001-2026058950,8950
124127,420,2026-06-30,Pensión Escolar - Junio 2026,B001-2026068950,8950
124128,420,2026-04-02,Pensión Escolar - Marzo 2026,B001-2026039129,9129
124129,420,2026-04-29,Pensión Escolar - Abril 2026,B001-2026049129,9129
124130,420,2026-06-01,Pensión Escolar - Mayo 2026,B001-2026059129,9129
124131,420,2026-06-25,Pensión Escolar - Junio 2026,B001-2026069129,9129
124132,420,2026-07-31,Pensión Escolar - Julio 2026,B001-2026079129,9129
124133,420,2026-03-20,Pensión Escolar - Marzo 2026,B001-2026039008,9008
124134,420,2026-05-01,Pensión Escolar - Abril 2026,B001-2026049008,9008
124135,420,2026-05-20,Pensión Escolar - Mayo 2026,B001-2026059008,9008
124136,420,2026-07-17,Pensión Escolar - Julio 2026,B001-2026079008,9008
124137,420,2026-03-18,Pensión Escolar - Marzo 2026,B001-2026039095,9095
124138,420,2026-04-27,Pensión Escolar - Abril 2026,B001-2026049095,9095
124139,420,2026-05-21,Pensión Escolar - Mayo 2026,B001-2026059095,9095
124140,420,2026-07-31,Pensión Escolar - Julio 2026,B001-2026079095,9095
124141,420,2026-03-18,Pensión Escolar - Marzo 2026,B001-2026039307,9307
124142,420,2026-04-30,Pensión Escolar - Abril 2026,B001-2026049307,9307
124143,420,2026-05-22,Pensión Escolar - Mayo 2026,B001-2026059307,9307
124144,420,2026-06-19,Pensión Escolar - Junio 2026,B001-2026069307,9307
124145,420,2026-04-28,Pensión Escolar - Abril 2026,B001-2026049338,9338
124146,420,2026-05-27,Pensión Escolar - Mayo 2026,B001-2026059338,9338
124147,420,2026-03-18,Pensión Escolar - Marzo 2026,B001-2026039267,9267
124148,420,2026-05-01,Pensión Escolar - Abril 2026,B001-2026049267,9267
124149,420,2026-05-27,Pensión Escolar - Mayo 2026,B001-2026059267,9267
124150,420,2026-06-30,Pensión Escolar - Junio 2026,B001-2026069267,9267
124151,420,2026-03-20,Pensión Escolar - Marzo 2026,B001-2026039073,9073
124152,420,2026-04-24,Pensión Escolar - Abril 2026,B001-2026049073,9073
124153,420,2026-05-22,Pensión Escolar - Mayo 2026,B001-2026059073,9073
124154,420,2026-06-19,Pensión Escolar - Junio 2026,B001-2026069073,9073
124155,420,2026-03-19,Pensión Escolar - Marzo 2026,B001-2026039041,9041
124156,420,2026-04-30,Pensión Escolar - Abril 2026,B001-2026049041,9041
124157,420,2026-06-25,Pensión Escolar - Junio 2026,B001-2026069041,9041
124158,420,2026-03-27,Pensión Escolar - Marzo 2026,B001-2026039097,9097
124159,420,2026-04-17,Pensión Escolar - Abril 2026,B001-2026049097,9097
124160,420,2026-05-21,Pensión Escolar - Mayo 2026,B001-2026059097,9097
124161,420,2026-07-01,Pensión Escolar - Junio 2026,B001-2026069097,9097
124162,420,2026-07-17,Pensión Escolar - Julio 2026,B001-2026079097,9097
124163,420,2026-03-19,Pensión Escolar - Marzo 2026,B001-2026038976,8976
124164,420,2026-04-30,Pensión Escolar - Abril 2026,B001-2026048976,8976
124165,420,2026-06-02,Pensión Escolar - Mayo 2026,B001-2026058976,8976
124166,420,2026-06-19,Pensión Escolar - Junio 2026,B001-2026068976,8976
124167,420,2026-07-28,Pensión Escolar - Julio 2026,B001-2026078976,8976
124168,420,2026-03-27,Pensión Escolar - Marzo 2026,B001-2026039143,9143
124169,420,2026-04-24,Pensión Escolar - Abril 2026,B001-2026049143,9143
124170,420,2026-05-22,Pensión Escolar - Mayo 2026,B001-2026059143,9143
124171,420,2026-06-19,Pensión Escolar - Junio 2026,B001-2026069143,9143
124172,420,2026-07-31,Pensión Escolar - Julio 2026,B001-2026079143,9143
124173,420,2026-03-23,Pensión Escolar - Marzo 2026,B001-2026038961,8961
124174,420,2026-04-24,Pensión Escolar - Abril 2026,B001-2026048961,8961
124175,420,2026-05-27,Pensión Escolar - Mayo 2026,B001-2026058961,8961
124176,420,2026-06-18,Pensión Escolar - Junio 2026,B001-2026068961,8961
124177,420,2026-07-22,Pensión Escolar - Julio 2026,B001-2026078961,8961
124178,420,2026-03-27,Pensión Escolar - Marzo 2026,B001-2026039331,9331
124179,420,2026-04-28,Pensión Escolar - Abril 2026,B001-2026049331,9331
124180,420,2026-05-22,Pensión Escolar - Mayo 2026,B001-2026059331,9331
124181,420,2026-03-25,Pensión Escolar - Marzo 2026,B001-2026039026,9026
124182,420,2026-04-23,Pensión Escolar - Abril 2026,B001-2026049026,9026
124183,420,2026-05-20,Pensión Escolar - Mayo 2026,B001-2026059026,9026
124184,420,2026-06-30,Pensión Escolar - Junio 2026,B001-2026069026,9026
124185,420,2026-07-29,Pensión Escolar - Julio 2026,B001-2026079026,9026
124186,420,2026-03-18,Pensión Escolar - Marzo 2026,B001-2026039322,9322
124187,420,2026-04-28,Pensión Escolar - Abril 2026,B001-2026049322,9322
124188,420,2026-05-27,Pensión Escolar - Mayo 2026,B001-2026059322,9322
124189,420,2026-07-21,Pensión Escolar - Julio 2026,B001-2026079322,9322
124190,420,2026-03-27,Pensión Escolar - Marzo 2026,B001-2026039039,9039
124191,420,2026-04-20,Pensión Escolar - Abril 2026,B001-2026049039,9039
124192,420,2026-06-01,Pensión Escolar - Mayo 2026,B001-2026059039,9039
124193,420,2026-06-26,Pensión Escolar - Junio 2026,B001-2026069039,9039
124194,420,2026-03-26,Pensión Escolar - Marzo 2026,B001-2026039279,9279
124195,420,2026-05-25,Pensión Escolar - Mayo 2026,B001-2026059279,9279
124196,420,2026-07-02,Pensión Escolar - Junio 2026,B001-2026069279,9279
124197,420,2026-03-27,Pensión Escolar - Marzo 2026,B001-2026039197,9197
124198,420,2026-04-17,Pensión Escolar - Abril 2026,B001-2026049197,9197
124199,420,2026-05-20,Pensión Escolar - Mayo 2026,B001-2026059197,9197
124200,420,2026-06-22,Pensión Escolar - Junio 2026,B001-2026069197,9197
124201,420,2026-03-31,Pensión Escolar - Marzo 2026,B001-2026039145,9145
124202,420,2026-04-22,Pensión Escolar - Abril 2026,B001-2026049145,9145
124203,420,2026-05-29,Pensión Escolar - Mayo 2026,B001-2026059145,9145
124204,420,2026-06-19,Pensión Escolar - Junio 2026,B001-2026069145,9145
124205,420,2026-07-22,Pensión Escolar - Julio 2026,B001-2026079145,9145
124206,420,2026-04-01,Pensión Escolar - Marzo 2026,B001-2026039010,9010
124207,420,2026-04-23,Pensión Escolar - Abril 2026,B001-2026049010,9010
124208,420,2026-05-22,Pensión Escolar - Mayo 2026,B001-2026059010,9010
124209,420,2026-07-03,Pensión Escolar - Junio 2026,B001-2026069010,9010
124210,420,2026-07-31,Pensión Escolar - Julio 2026,B001-2026079010,9010
124211,420,2026-04-02,Pensión Escolar - Marzo 2026,B001-2026038945,8945
124212,420,2026-04-30,Pensión Escolar - Abril 2026,B001-2026048945,8945
124213,420,2026-05-22,Pensión Escolar - Mayo 2026,B001-2026058945,8945
124214,420,2026-06-18,Pensión Escolar - Junio 2026,B001-2026068945,8945
124215,420,2026-03-20,Pensión Escolar - Marzo 2026,B001-2026039329,9329
124216,420,2026-05-01,Pensión Escolar - Abril 2026,B001-2026049329,9329
124217,420,2026-06-01,Pensión Escolar - Mayo 2026,B001-2026059329,9329
124218,420,2026-06-26,Pensión Escolar - Junio 2026,B001-2026069329,9329
124219,420,2026-03-27,Pensión Escolar - Marzo 2026,B001-2026038975,8975
124220,420,2026-05-22,Pensión Escolar - Mayo 2026,B001-2026058975,8975
124221,420,2026-07-03,Pensión Escolar - Junio 2026,B001-2026068975,8975
124222,420,2026-07-23,Pensión Escolar - Julio 2026,B001-2026078975,8975
124223,420,2026-03-30,Pensión Escolar - Marzo 2026,B001-2026039135,9135
124224,420,2026-04-20,Pensión Escolar - Abril 2026,B001-2026049135,9135
124225,420,2026-05-26,Pensión Escolar - Mayo 2026,B001-2026059135,9135
124226,420,2026-06-26,Pensión Escolar - Junio 2026,B001-2026069135,9135
124227,420,2026-03-27,Pensión Escolar - Marzo 2026,B001-2026039204,9204
124228,420,2026-04-21,Pensión Escolar - Abril 2026,B001-2026049204,9204
124229,420,2026-05-29,Pensión Escolar - Mayo 2026,B001-2026059204,9204
124230,420,2026-06-22,Pensión Escolar - Junio 2026,B001-2026069204,9204
124231,420,2026-07-31,Pensión Escolar - Julio 2026,B001-2026079204,9204
124232,420,2026-03-27,Pensión Escolar - Marzo 2026,B001-2026039172,9172
124233,420,2026-04-28,Pensión Escolar - Abril 2026,B001-2026049172,9172
124234,420,2026-05-27,Pensión Escolar - Mayo 2026,B001-2026059172,9172
124235,420,2026-06-26,Pensión Escolar - Junio 2026,B001-2026069172,9172
124236,420,2026-03-20,Pensión Escolar - Marzo 2026,B001-2026039292,9292
124237,420,2026-05-26,Pensión Escolar - Mayo 2026,B001-2026059292,9292
124238,420,2026-07-01,Pensión Escolar - Junio 2026,B001-2026069292,9292
124239,420,2026-07-21,Pensión Escolar - Julio 2026,B001-2026079292,9292
124240,420,2026-03-27,Pensión Escolar - Marzo 2026,B001-2026039063,9063
124241,420,2026-04-21,Pensión Escolar - Abril 2026,B001-2026049063,9063
124242,420,2026-05-29,Pensión Escolar - Mayo 2026,B001-2026059063,9063
124243,420,2026-06-26,Pensión Escolar - Junio 2026,B001-2026069063,9063
124244,420,2026-07-24,Pensión Escolar - Julio 2026,B001-2026079063,9063
124245,420,2026-03-23,Pensión Escolar - Marzo 2026,B001-2026039150,9150
124246,420,2026-04-24,Pensión Escolar - Abril 2026,B001-2026049150,9150
124247,420,2026-05-29,Pensión Escolar - Mayo 2026,B001-2026059150,9150
124248,420,2026-06-26,Pensión Escolar - Junio 2026,B001-2026069150,9150
124249,420,2026-03-27,Pensión Escolar - Marzo 2026,B001-2026039300,9300
124250,420,2026-04-24,Pensión Escolar - Abril 2026,B001-2026049300,9300
124251,420,2026-05-22,Pensión Escolar - Mayo 2026,B001-2026059300,9300
124252,420,2026-06-18,Pensión Escolar - Junio 2026,B001-2026069300,9300
124253,420,2026-04-24,Pensión Escolar - Abril 2026,B001-2026049121,9121
124254,420,2026-05-21,Pensión Escolar - Mayo 2026,B001-2026059121,9121
124255,420,2026-06-23,Pensión Escolar - Junio 2026,B001-2026069121,9121
124256,420,2026-03-23,Pensión Escolar - Marzo 2026,B001-2026039212,9212
124257,420,2026-04-20,Pensión Escolar - Abril 2026,B001-2026049212,9212
124258,420,2026-05-18,Pensión Escolar - Mayo 2026,B001-2026059212,9212
124259,420,2026-06-19,Pensión Escolar - Junio 2026,B001-2026069212,9212
124260,420,2026-07-31,Pensión Escolar - Julio 2026,B001-2026079212,9212
124261,420,2026-03-27,Pensión Escolar - Marzo 2026,B001-2026038971,8971
124262,420,2026-04-30,Pensión Escolar - Abril 2026,B001-2026048971,8971
124263,420,2026-05-26,Pensión Escolar - Mayo 2026,B001-2026058971,8971
124264,420,2026-06-26,Pensión Escolar - Junio 2026,B001-2026068971,8971
124265,420,2026-04-01,Pensión Escolar - Marzo 2026,B001-2026039081,9081
124266,420,2026-04-20,Pensión Escolar - Abril 2026,B001-2026049081,9081
124267,420,2026-05-21,Pensión Escolar - Mayo 2026,B001-2026059081,9081
124268,420,2026-06-19,Pensión Escolar - Junio 2026,B001-2026069081,9081
124269,420,2026-07-17,Pensión Escolar - Julio 2026,B001-2026079081,9081
124270,420,2026-03-20,Pensión Escolar - Marzo 2026,B001-2026039219,9219
124271,420,2026-04-21,Pensión Escolar - Abril 2026,B001-2026049219,9219
124272,420,2026-05-27,Pensión Escolar - Mayo 2026,B001-2026059219,9219
124273,420,2026-06-24,Pensión Escolar - Junio 2026,B001-2026069219,9219
124274,420,2026-04-01,Pensión Escolar - Marzo 2026,B001-2026038962,8962
124275,420,2026-04-24,Pensión Escolar - Abril 2026,B001-2026048962,8962
124276,420,2026-05-25,Pensión Escolar - Mayo 2026,B001-2026058962,8962
124277,420,2026-06-30,Pensión Escolar - Junio 2026,B001-2026068962,8962
124278,420,2026-03-27,Pensión Escolar - Marzo 2026,B001-2026039328,9328
124279,420,2026-04-22,Pensión Escolar - Abril 2026,B001-2026049328,9328
124280,420,2026-05-29,Pensión Escolar - Mayo 2026,B001-2026059328,9328
124281,420,2026-07-20,Pensión Escolar - Julio 2026,B001-2026079328,9328
124282,420,2026-03-27,Pensión Escolar - Marzo 2026,B001-2026039257,9257
124283,420,2026-04-27,Pensión Escolar - Abril 2026,B001-2026049257,9257
124284,420,2026-05-25,Pensión Escolar - Mayo 2026,B001-2026059257,9257
124285,420,2026-07-03,Pensión Escolar - Junio 2026,B001-2026069257,9257
124286,420,2026-03-27,Pensión Escolar - Marzo 2026,B001-2026039191,9191
124287,420,2026-04-22,Pensión Escolar - Abril 2026,B001-2026049191,9191
124288,420,2026-05-18,Pensión Escolar - Mayo 2026,B001-2026059191,9191
124289,420,2026-06-22,Pensión Escolar - Junio 2026,B001-2026069191,9191
124290,420,2026-07-30,Pensión Escolar - Julio 2026,B001-2026079191,9191
124291,420,2026-03-25,Pensión Escolar - Marzo 2026,B001-2026039228,9228
124292,420,2026-04-23,Pensión Escolar - Abril 2026,B001-2026049228,9228
124293,420,2026-05-27,Pensión Escolar - Mayo 2026,B001-2026059228,9228
124294,420,2026-06-24,Pensión Escolar - Junio 2026,B001-2026069228,9228
124295,420,2026-07-24,Pensión Escolar - Julio 2026,B001-2026079228,9228
124296,420,2026-03-30,Pensión Escolar - Marzo 2026,B001-2026038948,8948
124297,420,2026-04-27,Pensión Escolar - Abril 2026,B001-2026048948,8948
124298,420,2026-05-19,Pensión Escolar - Mayo 2026,B001-2026058948,8948
124299,420,2026-06-26,Pensión Escolar - Junio 2026,B001-2026068948,8948
124300,420,2026-03-26,Pensión Escolar - Marzo 2026,B001-2026038990,8990
124301,420,2026-04-24,Pensión Escolar - Abril 2026,B001-2026048990,8990
124302,420,2026-05-29,Pensión Escolar - Mayo 2026,B001-2026058990,8990
124303,420,2026-06-22,Pensión Escolar - Junio 2026,B001-2026068990,8990
124304,420,2026-07-24,Pensión Escolar - Julio 2026,B001-2026078990,8990
124305,420,2026-04-01,Pensión Escolar - Marzo 2026,B001-2026039006,9006
124306,420,2026-04-30,Pensión Escolar - Abril 2026,B001-2026049006,9006
124307,420,2026-05-18,Pensión Escolar - Mayo 2026,B001-2026059006,9006
124308,420,2026-06-19,Pensión Escolar - Junio 2026,B001-2026069006,9006
124309,420,2026-07-24,Pensión Escolar - Julio 2026,B001-2026079006,9006
124310,420,2026-03-24,Pensión Escolar - Marzo 2026,B001-2026039207,9207
124311,420,2026-04-24,Pensión Escolar - Abril 2026,B001-2026049207,9207
124312,420,2026-05-27,Pensión Escolar - Mayo 2026,B001-2026059207,9207
124313,420,2026-06-19,Pensión Escolar - Junio 2026,B001-2026069207,9207
124314,420,2026-07-29,Pensión Escolar - Julio 2026,B001-2026079207,9207
124315,420,2026-03-19,Pensión Escolar - Marzo 2026,B001-2026039168,9168
124316,420,2026-04-24,Pensión Escolar - Abril 2026,B001-2026049168,9168
124317,420,2026-05-19,Pensión Escolar - Mayo 2026,B001-2026059168,9168
124318,420,2026-06-19,Pensión Escolar - Junio 2026,B001-2026069168,9168
124319,420,2026-07-21,Pensión Escolar - Julio 2026,B001-2026079168,9168
124320,420,2026-03-20,Pensión Escolar - Marzo 2026,B001-2026039235,9235
124321,420,2026-04-17,Pensión Escolar - Abril 2026,B001-2026049235,9235
124322,420,2026-05-25,Pensión Escolar - Mayo 2026,B001-2026059235,9235
124323,420,2026-06-24,Pensión Escolar - Junio 2026,B001-2026069235,9235
124324,420,2026-04-02,Pensión Escolar - Marzo 2026,B001-2026038959,8959
124325,420,2026-04-28,Pensión Escolar - Abril 2026,B001-2026048959,8959
124326,420,2026-05-20,Pensión Escolar - Mayo 2026,B001-2026058959,8959
124327,420,2026-07-20,Pensión Escolar - Julio 2026,B001-2026078959,8959
124328,420,2026-03-31,Pensión Escolar - Marzo 2026,B001-2026039047,9047
124329,420,2026-06-01,Pensión Escolar - Mayo 2026,B001-2026059047,9047
124330,420,2026-06-26,Pensión Escolar - Junio 2026,B001-2026069047,9047
124331,420,2026-07-17,Pensión Escolar - Julio 2026,B001-2026079047,9047
124332,420,2026-03-27,Pensión Escolar - Marzo 2026,B001-2026039291,9291
124333,420,2026-04-24,Pensión Escolar - Abril 2026,B001-2026049291,9291
124334,420,2026-05-22,Pensión Escolar - Mayo 2026,B001-2026059291,9291
124335,420,2026-06-26,Pensión Escolar - Junio 2026,B001-2026069291,9291
124336,420,2026-07-17,Pensión Escolar - Julio 2026,B001-2026079291,9291
124337,420,2026-03-23,Pensión Escolar - Marzo 2026,B001-2026039099,9099
124338,420,2026-04-17,Pensión Escolar - Abril 2026,B001-2026049099,9099
124339,420,2026-05-22,Pensión Escolar - Mayo 2026,B001-2026059099,9099
124340,420,2026-06-26,Pensión Escolar - Junio 2026,B001-2026069099,9099
124341,420,2026-07-23,Pensión Escolar - Julio 2026,B001-2026079099,9099
124342,420,2026-03-19,Pensión Escolar - Marzo 2026,B001-2026039112,9112
124343,420,2026-05-21,Pensión Escolar - Mayo 2026,B001-2026059112,9112
124344,420,2026-07-01,Pensión Escolar - Junio 2026,B001-2026069112,9112
124345,420,2026-07-24,Pensión Escolar - Julio 2026,B001-2026079112,9112
124346,420,2026-03-20,Pensión Escolar - Marzo 2026,B001-2026039178,9178
124347,420,2026-05-01,Pensión Escolar - Abril 2026,B001-2026049178,9178
124348,420,2026-05-29,Pensión Escolar - Mayo 2026,B001-2026059178,9178
124349,420,2026-06-26,Pensión Escolar - Junio 2026,B001-2026069178,9178
124350,420,2026-07-31,Pensión Escolar - Julio 2026,B001-2026079178,9178
124351,420,2026-03-23,Pensión Escolar - Marzo 2026,B001-2026039062,9062
124352,420,2026-04-24,Pensión Escolar - Abril 2026,B001-2026049062,9062
124353,420,2026-05-29,Pensión Escolar - Mayo 2026,B001-2026059062,9062
124354,420,2026-07-03,Pensión Escolar - Junio 2026,B001-2026069062,9062
124355,420,2026-07-23,Pensión Escolar - Julio 2026,B001-2026079062,9062
124356,420,2026-03-27,Pensión Escolar - Marzo 2026,B001-2026039256,9256
124357,420,2026-04-30,Pensión Escolar - Abril 2026,B001-2026049256,9256
124358,420,2026-05-22,Pensión Escolar - Mayo 2026,B001-2026059256,9256
124359,420,2026-06-26,Pensión Escolar - Junio 2026,B001-2026069256,9256
124360,420,2026-07-24,Pensión Escolar - Julio 2026,B001-2026079256,9256
124361,420,2026-03-25,Pensión Escolar - Marzo 2026,B001-2026039033,9033
124362,420,2026-04-28,Pensión Escolar - Abril 2026,B001-2026049033,9033
124363,420,2026-05-29,Pensión Escolar - Mayo 2026,B001-2026059033,9033
124364,420,2026-06-23,Pensión Escolar - Junio 2026,B001-2026069033,9033
124365,420,2026-03-30,Pensión Escolar - Marzo 2026,B001-2026039067,9067
124366,420,2026-05-01,Pensión Escolar - Abril 2026,B001-2026049067,9067
124367,420,2026-05-22,Pensión Escolar - Mayo 2026,B001-2026059067,9067
124368,420,2026-06-18,Pensión Escolar - Junio 2026,B001-2026069067,9067
124369,420,2026-04-22,Pensión Escolar - Abril 2026,B001-2026049303,9303
124370,420,2026-05-19,Pensión Escolar - Mayo 2026,B001-2026059303,9303
124371,420,2026-06-30,Pensión Escolar - Junio 2026,B001-2026069303,9303
124372,420,2026-07-27,Pensión Escolar - Julio 2026,B001-2026079303,9303
124373,420,2026-03-23,Pensión Escolar - Marzo 2026,B001-2026039090,9090
124374,420,2026-04-22,Pensión Escolar - Abril 2026,B001-2026049090,9090
124375,420,2026-05-29,Pensión Escolar - Mayo 2026,B001-2026059090,9090
124376,420,2026-06-24,Pensión Escolar - Junio 2026,B001-2026069090,9090
124377,420,2026-07-31,Pensión Escolar - Julio 2026,B001-2026079090,9090
124378,420,2026-04-17,Pensión Escolar - Abril 2026,B001-2026049017,9017
124379,420,2026-06-01,Pensión Escolar - Mayo 2026,B001-2026059017,9017
124380,420,2026-07-03,Pensión Escolar - Junio 2026,B001-2026069017,9017
124381,420,2026-03-20,Pensión Escolar - Marzo 2026,B001-2026039104,9104
124382,420,2026-04-24,Pensión Escolar - Abril 2026,B001-2026049104,9104
124383,420,2026-05-20,Pensión Escolar - Mayo 2026,B001-2026059104,9104
124384,420,2026-07-30,Pensión Escolar - Julio 2026,B001-2026079104,9104
124385,420,2026-03-20,Pensión Escolar - Marzo 2026,B001-2026039103,9103
124386,420,2026-04-24,Pensión Escolar - Abril 2026,B001-2026049103,9103
124387,420,2026-06-01,Pensión Escolar - Mayo 2026,B001-2026059103,9103
124388,420,2026-06-24,Pensión Escolar - Junio 2026,B001-2026069103,9103
124389,420,2026-03-23,Pensión Escolar - Marzo 2026,B001-2026039083,9083
124390,420,2026-04-21,Pensión Escolar - Abril 2026,B001-2026049083,9083
124391,420,2026-05-22,Pensión Escolar - Mayo 2026,B001-2026059083,9083
124392,420,2026-07-03,Pensión Escolar - Junio 2026,B001-2026069083,9083
124393,420,2026-07-24,Pensión Escolar - Julio 2026,B001-2026079083,9083
124394,420,2026-03-20,Pensión Escolar - Marzo 2026,B001-2026039245,9245
124395,420,2026-04-24,Pensión Escolar - Abril 2026,B001-2026049245,9245
124396,420,2026-05-29,Pensión Escolar - Mayo 2026,B001-2026059245,9245
124397,420,2026-06-26,Pensión Escolar - Junio 2026,B001-2026069245,9245
124398,420,2026-03-18,Pensión Escolar - Marzo 2026,B001-2026039274,9274
124399,420,2026-05-01,Pensión Escolar - Abril 2026,B001-2026049274,9274
124400,420,2026-05-28,Pensión Escolar - Mayo 2026,B001-2026059274,9274
124401,420,2026-04-02,Pensión Escolar - Marzo 2026,B001-2026039024,9024
124402,420,2026-04-23,Pensión Escolar - Abril 2026,B001-2026049024,9024
124403,420,2026-05-28,Pensión Escolar - Mayo 2026,B001-2026059024,9024
124404,420,2026-06-18,Pensión Escolar - Junio 2026,B001-2026069024,9024
124405,420,2026-03-27,Pensión Escolar - Marzo 2026,B001-2026039321,9321
124406,420,2026-04-27,Pensión Escolar - Abril 2026,B001-2026049321,9321
124407,420,2026-06-19,Pensión Escolar - Junio 2026,B001-2026069321,9321
124408,420,2026-07-20,Pensión Escolar - Julio 2026,B001-2026079321,9321
124409,420,2026-04-01,Pensión Escolar - Marzo 2026,B001-2026039266,9266
124410,420,2026-04-22,Pensión Escolar - Abril 2026,B001-2026049266,9266
124411,420,2026-05-21,Pensión Escolar - Mayo 2026,B001-2026059266,9266
124412,420,2026-03-18,Pensión Escolar - Marzo 2026,B001-2026039040,9040
124413,420,2026-05-01,Pensión Escolar - Abril 2026,B001-2026049040,9040
124414,420,2026-05-20,Pensión Escolar - Mayo 2026,B001-2026059040,9040
124415,420,2026-06-30,Pensión Escolar - Junio 2026,B001-2026069040,9040
124416,420,2026-03-27,Pensión Escolar - Marzo 2026,B001-2026039127,9127
124417,420,2026-04-30,Pensión Escolar - Abril 2026,B001-2026049127,9127
124418,420,2026-05-22,Pensión Escolar - Mayo 2026,B001-2026059127,9127
124419,420,2026-07-02,Pensión Escolar - Junio 2026,B001-2026069127,9127
124420,420,2026-03-20,Pensión Escolar - Marzo 2026,B001-2026039175,9175
124421,420,2026-05-21,Pensión Escolar - Mayo 2026,B001-2026059175,9175
124422,420,2026-07-01,Pensión Escolar - Junio 2026,B001-2026069175,9175
124423,420,2026-07-30,Pensión Escolar - Julio 2026,B001-2026079175,9175
124424,420,2026-03-20,Pensión Escolar - Marzo 2026,B001-2026039167,9167
124425,420,2026-04-24,Pensión Escolar - Abril 2026,B001-2026049167,9167
124426,420,2026-05-22,Pensión Escolar - Mayo 2026,B001-2026059167,9167
124427,420,2026-06-25,Pensión Escolar - Junio 2026,B001-2026069167,9167
124428,420,2026-07-29,Pensión Escolar - Julio 2026,B001-2026079167,9167
124429,420,2026-04-01,Pensión Escolar - Marzo 2026,B001-2026039049,9049
124430,420,2026-04-29,Pensión Escolar - Abril 2026,B001-2026049049,9049
124431,420,2026-05-18,Pensión Escolar - Mayo 2026,B001-2026059049,9049
124432,420,2026-06-19,Pensión Escolar - Junio 2026,B001-2026069049,9049
124433,420,2026-07-24,Pensión Escolar - Julio 2026,B001-2026079049,9049
124434,420,2026-04-01,Pensión Escolar - Marzo 2026,B001-2026038955,8955
124435,420,2026-04-22,Pensión Escolar - Abril 2026,B001-2026048955,8955
124436,420,2026-06-01,Pensión Escolar - Mayo 2026,B001-2026058955,8955
124437,420,2026-06-23,Pensión Escolar - Junio 2026,B001-2026068955,8955
124438,420,2026-03-27,Pensión Escolar - Marzo 2026,B001-2026039226,9226
124439,420,2026-04-20,Pensión Escolar - Abril 2026,B001-2026049226,9226
124440,420,2026-05-27,Pensión Escolar - Mayo 2026,B001-2026059226,9226
124441,420,2026-07-01,Pensión Escolar - Junio 2026,B001-2026069226,9226
124442,420,2026-03-19,Pensión Escolar - Marzo 2026,B001-2026039230,9230
124443,420,2026-04-24,Pensión Escolar - Abril 2026,B001-2026049230,9230
124444,420,2026-05-25,Pensión Escolar - Mayo 2026,B001-2026059230,9230
124445,420,2026-06-22,Pensión Escolar - Junio 2026,B001-2026069230,9230
124446,420,2026-04-01,Pensión Escolar - Marzo 2026,B001-2026038941,8941
124447,420,2026-04-24,Pensión Escolar - Abril 2026,B001-2026048941,8941
124448,420,2026-06-19,Pensión Escolar - Junio 2026,B001-2026068941,8941
124449,420,2026-03-24,Pensión Escolar - Marzo 2026,B001-2026039022,9022
124450,420,2026-04-20,Pensión Escolar - Abril 2026,B001-2026049022,9022
124451,420,2026-05-25,Pensión Escolar - Mayo 2026,B001-2026059022,9022
124452,420,2026-06-25,Pensión Escolar - Junio 2026,B001-2026069022,9022
124453,420,2026-07-20,Pensión Escolar - Julio 2026,B001-2026079022,9022
124454,420,2026-03-31,Pensión Escolar - Marzo 2026,B001-2026039203,9203
124455,420,2026-04-17,Pensión Escolar - Abril 2026,B001-2026049203,9203
124456,420,2026-05-22,Pensión Escolar - Mayo 2026,B001-2026059203,9203
124457,420,2026-06-19,Pensión Escolar - Junio 2026,B001-2026069203,9203
124458,420,2026-07-31,Pensión Escolar - Julio 2026,B001-2026079203,9203
124459,420,2026-03-20,Pensión Escolar - Marzo 2026,B001-2026039055,9055
124460,420,2026-04-20,Pensión Escolar - Abril 2026,B001-2026049055,9055
124461,420,2026-05-21,Pensión Escolar - Mayo 2026,B001-2026059055,9055
124462,420,2026-06-29,Pensión Escolar - Junio 2026,B001-2026069055,9055
124463,420,2026-07-31,Pensión Escolar - Julio 2026,B001-2026079055,9055
124464,420,2026-03-26,Pensión Escolar - Marzo 2026,B001-2026039217,9217
124465,420,2026-04-20,Pensión Escolar - Abril 2026,B001-2026049217,9217
124466,420,2026-06-01,Pensión Escolar - Mayo 2026,B001-2026059217,9217
124467,420,2026-06-18,Pensión Escolar - Junio 2026,B001-2026069217,9217
124468,420,2026-07-17,Pensión Escolar - Julio 2026,B001-2026079217,9217
124469,420,2026-03-23,Pensión Escolar - Marzo 2026,B001-2026039196,9196
124470,420,2026-04-28,Pensión Escolar - Abril 2026,B001-2026049196,9196
124471,420,2026-05-25,Pensión Escolar - Mayo 2026,B001-2026059196,9196
124472,420,2026-06-23,Pensión Escolar - Junio 2026,B001-2026069196,9196
124473,420,2026-03-20,Pensión Escolar - Marzo 2026,B001-2026039126,9126
124474,420,2026-04-29,Pensión Escolar - Abril 2026,B001-2026049126,9126
124475,420,2026-05-28,Pensión Escolar - Mayo 2026,B001-2026059126,9126
124476,420,2026-06-26,Pensión Escolar - Junio 2026,B001-2026069126,9126
124477,420,2026-03-20,Pensión Escolar - Marzo 2026,B001-2026039007,9007
124478,420,2026-04-24,Pensión Escolar - Abril 2026,B001-2026049007,9007
124479,420,2026-05-22,Pensión Escolar - Mayo 2026,B001-2026059007,9007
124480,420,2026-06-19,Pensión Escolar - Junio 2026,B001-2026069007,9007
124481,420,2026-03-24,Pensión Escolar - Marzo 2026,B001-2026039188,9188
124482,420,2026-04-30,Pensión Escolar - Abril 2026,B001-2026049188,9188
124483,420,2026-05-29,Pensión Escolar - Mayo 2026,B001-2026059188,9188
124484,420,2026-07-01,Pensión Escolar - Junio 2026,B001-2026069188,9188
124485,420,2026-07-20,Pensión Escolar - Julio 2026,B001-2026079188,9188
124486,420,2026-03-30,Pensión Escolar - Marzo 2026,B001-2026039072,9072
124487,420,2026-04-24,Pensión Escolar - Abril 2026,B001-2026049072,9072
124488,420,2026-05-29,Pensión Escolar - Mayo 2026,B001-2026059072,9072
124489,420,2026-06-19,Pensión Escolar - Junio 2026,B001-2026069072,9072
124490,420,2026-07-22,Pensión Escolar - Julio 2026,B001-2026079072,9072
124491,420,2026-03-23,Pensión Escolar - Marzo 2026,B001-2026039233,9233
124492,420,2026-04-28,Pensión Escolar - Abril 2026,B001-2026049233,9233
124493,420,2026-05-26,Pensión Escolar - Mayo 2026,B001-2026059233,9233
124494,420,2026-06-24,Pensión Escolar - Junio 2026,B001-2026069233,9233
124495,420,2026-03-20,Pensión Escolar - Marzo 2026,B001-2026039091,9091
124496,420,2026-04-23,Pensión Escolar - Abril 2026,B001-2026049091,9091
124497,420,2026-06-01,Pensión Escolar - Mayo 2026,B001-2026059091,9091
124498,420,2026-06-29,Pensión Escolar - Junio 2026,B001-2026069091,9091
124499,420,2026-07-24,Pensión Escolar - Julio 2026,B001-2026079091,9091
124500,420,2026-03-27,Pensión Escolar - Marzo 2026,B001-2026038986,8986
124501,420,2026-04-30,Pensión Escolar - Abril 2026,B001-2026048986,8986
124502,420,2026-05-29,Pensión Escolar - Mayo 2026,B001-2026058986,8986
124503,420,2026-06-26,Pensión Escolar - Junio 2026,B001-2026068986,8986
124504,420,2026-07-30,Pensión Escolar - Julio 2026,B001-2026078986,8986
124505,420,2026-05-01,Pensión Escolar - Abril 2026,B001-2026048957,8957
124506,420,2026-06-24,Pensión Escolar - Junio 2026,B001-2026068957,8957
124507,420,2026-03-27,Pensión Escolar - Marzo 2026,B001-2026039169,9169
124508,420,2026-05-29,Pensión Escolar - Mayo 2026,B001-2026059169,9169
124509,420,2026-06-23,Pensión Escolar - Junio 2026,B001-2026069169,9169
124510,420,2026-07-31,Pensión Escolar - Julio 2026,B001-2026079169,9169
124511,420,2026-03-27,Pensión Escolar - Marzo 2026,B001-2026039139,9139
124512,420,2026-04-27,Pensión Escolar - Abril 2026,B001-2026049139,9139
124513,420,2026-05-29,Pensión Escolar - Mayo 2026,B001-2026059139,9139
124514,420,2026-07-03,Pensión Escolar - Junio 2026,B001-2026069139,9139
124515,420,2026-07-24,Pensión Escolar - Julio 2026,B001-2026079139,9139
124516,420,2026-03-25,Pensión Escolar - Marzo 2026,B001-2026039258,9258
124517,420,2026-04-20,Pensión Escolar - Abril 2026,B001-2026049258,9258
124518,420,2026-05-21,Pensión Escolar - Mayo 2026,B001-2026059258,9258
124519,420,2026-07-02,Pensión Escolar - Junio 2026,B001-2026069258,9258
