id,periodo,monto,estado,estudiante_id
164275,Marzo 2024,350,Pagado,9322
164276,Abril 2024,350,Pagado,9322
164277,Mayo 2024,350,Pagado,9322
164278,Junio 2024,350,Pagado,9322
164279,Julio 2024,350,Pagado,9322
164280,Agosto 2024,350,Pagado,9322
164281,Setiembre 2024,350,Pagado,9322
164282,Octubre 2024,350,Pagado,9322
164283,Noviembre 2024,350,Pagado,9322
164284,Diciembre 2024,350,Vencido,9322
164285,Marzo 2024,350,Pagado,9148
164286,Abril 2024,350,Pagado,9148
164287,Mayo 2024,350,Pagado,9148
164288,Junio 2024,350,Pagado,9148
164289,Julio 2024,350,Pagado,9148
164290,Agosto 2024,350,Pagado,9148
164291,Setiembre 2024,350,Pagado,9148
164292,Octubre 2024,350,Pagado,9148
164293,Noviembre 2024,350,Pagado,9148
164294,Diciembre 2024,350,Pagado,9148
164295,Marzo 2024,350,Pagado,8991
164296,Abril 2024,350,Pagado,8991
164297,Mayo 2024,350,Pagado,8991
164298,Junio 2024,350,Pagado,8991
164299,Julio 2024,350,Pagado,8991
164300,Agosto 2024,350,Pagado,8991
164301,Setiembre 2024,350,Pagado,8991
164302,Octubre 2024,350,Pagado,8991
164303,Noviembre 2024,350,Pagado,8991
164304,Diciembre 2024,350,Pagado,8991
164305,Marzo 2024,350,Pagado,8952
164306,Abril 2024,350,Pagado,8952
164307,Mayo 2024,350,Pagado,8952
164308,Junio 2024,350,Pagado,8952
164309,Julio 2024,350,Pagado,8952
164310,Agosto 2024,350,Pagado,8952
164311,Setiembre 2024,350,Pagado,8952
164312,Octubre 2024,350,Pagado,8952
164313,Noviembre 2024,350,Pagado,8952
164314,Diciembre 2024,350,Pagado,8952
164315,Marzo 2024,350,Pagado,9280
164316,Abril 2024,350,Pagado,9280
164317,Mayo 2024,350,Pagado,9280
164318,Junio 2024,350,Pagado,9280
164319,Julio 2024,350,Pagado,9280
164320,Agosto 2024,350,Pagado,9280
164321,Setiembre 2024,350,Pagado,9280
164322,Octubre 2024,350,Pagado,9280
164323,Noviembre 2024,350,Pagado,9280
164324,Diciembre 2024,350,Pagado,9280
164325,Marzo 2024,350,Pagado,9034
164326,Abril 2024,350,Pagado,9034
164327,Mayo 2024,350,Pagado,9034
164328,Junio 2024,350,Pagado,9034
164329,Julio 2024,350,Pagado,9034
164330,Agosto 2024,350,Pagado,9034
164331,Setiembre 2024,350,Pagado,9034
164332,Octubre 2024,350,Pagado,9034
164333,Noviembre 2024,350,Pagado,9034
164334,Diciembre 2024,350,Pagado,9034
164335,Marzo 2024,350,Pagado,9279
164336,Abril 2024,350,Pagado,9279
164337,Mayo 2024,350,Pagado,9279
164338,Junio 2024,350,Pagado,9279
164339,Julio 2024,350,Pagado,9279
164340,Agosto 2024,350,Pagado,9279
164341,Setiembre 2024,350,Pagado,9279
164342,Octubre 2024,350,Pagado,9279
164343,Noviembre 2024,350,Pagado,9279
164344,Diciembre 2024,350,Pagado,9279
164345,Marzo 2024,350,Pagado,9123
164346,Abril 2024,350,Pagado,9123
164347,Mayo 2024,350,Pagado,9123
164348,Junio 2024,350,Pagado,9123
164349,Julio 2024,350,Pagado,9123
164350,Agosto 2024,350,Pagado,9123
164351,Setiembre 2024,350,Pagado,9123
164352,Octubre 2024,350,Pagado,9123
164353,Noviembre 2024,350,Pagado,9123
164354,Diciembre 2024,350,Pagado,9123
164355,Marzo 2024,350,Pagado,9309
164356,Abril 2024,350,Pagado,9309
164357,Mayo 2024,350,Pagado,9309
164358,Junio 2024,350,Pagado,9309
164359,Julio 2024,350,Pagado,9309
164360,Agosto 2024,350,Pagado,9309
164361,Setiembre 2024,350,Vencido,9309
164362,Octubre 2024,350,Pagado,9309
164363,Noviembre 2024,350,Pagado,9309
164364,Diciembre 2024,350,Pagado,9309
164365,Marzo 2024,350,Pagado,9272
164366,Abril 2024,350,Pagado,9272
164367,Mayo 2024,350,Pagado,9272
164368,Junio 2024,350,Pagado,9272
164369,Julio 2024,350,Pagado,9272
164370,Agosto 2024,350,Pagado,9272
164371,Setiembre 2024,350,Pagado,9272
164372,Octubre 2024,350,Pagado,9272
164373,Noviembre 2024,350,Pagado,9272
164374,Diciembre 2024,350,Pagado,9272
164375,Marzo 2024,350,Pagado,9018
164376,Abril 2024,350,Pagado,9018
164377,Mayo 2024,350,Pagado,9018
164378,Junio 2024,350,Pagado,9018
164379,Julio 2024,350,Pagado,9018
164380,Agosto 2024,350,Pagado,9018
164381,Setiembre 2024,350,Pagado,9018
164382,Octubre 2024,350,Pagado,9018
164383,Noviembre 2024,350,Pagado,9018
164384,Diciembre 2024,350,Pagado,9018
164385,Marzo 2024,350,Pagado,9246
164386,Abril 2024,350,Pagado,9246
164387,Mayo 2024,350,Pagado,9246
164388,Junio 2024,350,Pagado,9246
164389,Julio 2024,350,Pagado,9246
164390,Agosto 2024,350,Pagado,9246
164391,Setiembre 2024,350,Pagado,9246
164392,Octubre 2024,350,Pagado,9246
164393,Noviembre 2024,350,Pagado,9246
164394,Diciembre 2024,350,Pagado,9246
164395,Marzo 2024,350,Pagado,9287
164396,Abril 2024,350,Pagado,9287
164397,Mayo 2024,350,Pagado,9287
164398,Junio 2024,350,Pagado,9287
164399,Julio 2024,350,Pagado,9287
164400,Agosto 2024,350,Pagado,9287
164401,Setiembre 2024,350,Pagado,9287
164402,Octubre 2024,350,Pagado,9287
164403,Noviembre 2024,350,Pagado,9287
164404,Diciembre 2024,350,Pagado,9287
164405,Marzo 2024,350,Pagado,8961
164406,Abril 2024,350,Pagado,8961
164407,Mayo 2024,350,Pagado,8961
164408,Junio 2024,350,Pagado,8961
164409,Julio 2024,350,Pagado,8961
164410,Agosto 2024,350,Pagado,8961
164411,Setiembre 2024,350,Pagado,8961
164412,Octubre 2024,350,Pagado,8961
164413,Noviembre 2024,350,Pagado,8961
164414,Diciembre 2024,350,Pagado,8961
164415,Marzo 2024,350,Pagado,9300
164416,Abril 2024,350,Pagado,9300
164417,Mayo 2024,350,Pagado,9300
164418,Junio 2024,350,Pagado,9300
164419,Julio 2024,350,Pagado,9300
164420,Agosto 2024,350,Vencido,9300
164421,Setiembre 2024,350,Pagado,9300
164422,Octubre 2024,350,Vencido,9300
164423,Noviembre 2024,350,Pagado,9300
164424,Diciembre 2024,350,Pagado,9300
164425,Marzo 2024,350,Pagado,8968
164426,Abril 2024,350,Pagado,8968
164427,Mayo 2024,350,Pagado,8968
164428,Junio 2024,350,Pagado,8968
164429,Julio 2024,350,Pagado,8968
164430,Agosto 2024,350,Pagado,8968
164431,Setiembre 2024,350,Pagado,8968
164432,Octubre 2024,350,Pagado,8968
164433,Noviembre 2024,350,Pagado,8968
164434,Diciembre 2024,350,Pagado,8968
164435,Marzo 2024,350,Pagado,9107
164436,Abril 2024,350,Pagado,9107
164437,Mayo 2024,350,Pagado,9107
164438,Junio 2024,350,Pagado,9107
164439,Julio 2024,350,Pagado,9107
164440,Agosto 2024,350,Pagado,9107
164441,Setiembre 2024,350,Pagado,9107
164442,Octubre 2024,350,Pagado,9107
164443,Noviembre 2024,350,Pagado,9107
164444,Diciembre 2024,350,Pagado,9107
164445,Marzo 2024,350,Pagado,9307
164446,Abril 2024,350,Pagado,9307
164447,Mayo 2024,350,Pagado,9307
164448,Junio 2024,350,Pagado,9307
164449,Julio 2024,350,Pagado,9307
164450,Agosto 2024,350,Vencido,9307
164451,Setiembre 2024,350,Pagado,9307
164452,Octubre 2024,350,Pagado,9307
164453,Noviembre 2024,350,Pagado,9307
164454,Diciembre 2024,350,Pagado,9307
164455,Marzo 2024,350,Pagado,8983
164456,Abril 2024,350,Pagado,8983
164457,Mayo 2024,350,Pagado,8983
164458,Junio 2024,350,Pagado,8983
164459,Julio 2024,350,Pagado,8983
164460,Agosto 2024,350,Pagado,8983
164461,Setiembre 2024,350,Pagado,8983
164462,Octubre 2024,350,Pagado,8983
164463,Noviembre 2024,350,Pagado,8983
164464,Diciembre 2024,350,Pagado,8983
164465,Marzo 2024,350,Pagado,9146
164466,Abril 2024,350,Pagado,9146
164467,Mayo 2024,350,Pagado,9146
164468,Junio 2024,350,Pagado,9146
164469,Julio 2024,350,Pagado,9146
164470,Agosto 2024,350,Pagado,9146
164471,Setiembre 2024,350,Pagado,9146
164472,Octubre 2024,350,Pagado,9146
164473,Noviembre 2024,350,Pagado,9146
164474,Diciembre 2024,350,Pagado,9146
164475,Marzo 2024,350,Vencido,9317
164476,Abril 2024,350,Pagado,9317
164477,Mayo 2024,350,Pagado,9317
164478,Junio 2024,350,Pagado,9317
164479,Julio 2024,350,Pagado,9317
164480,Agosto 2024,350,Pagado,9317
164481,Setiembre 2024,350,Pagado,9317
164482,Octubre 2024,350,Pagado,9317
164483,Noviembre 2024,350,Vencido,9317
164484,Diciembre 2024,350,Pagado,9317
164485,Marzo 2024,350,Pagado,9127
164486,Abril 2024,350,Pagado,9127
164487,Mayo 2024,350,Pagado,9127
164488,Junio 2024,350,Pagado,9127
164489,Julio 2024,350,Pagado,9127
164490,Agosto 2024,350,Pagado,9127
164491,Setiembre 2024,350,Pagado,9127
164492,Octubre 2024,350,Pagado,9127
164493,Noviembre 2024,350,Pagado,9127
164494,Diciembre 2024,350,Pagado,9127
164495,Marzo 2024,350,Pagado,9257
164496,Abril 2024,350,Pagado,9257
164497,Mayo 2024,350,Pagado,9257
164498,Junio 2024,350,Pagado,9257
164499,Julio 2024,350,Pagado,9257
164500,Agosto 2024,350,Pagado,9257
164501,Setiembre 2024,350,Pagado,9257
164502,Octubre 2024,350,Pagado,9257
164503,Noviembre 2024,350,Pagado,9257
164504,Diciembre 2024,350,Pagado,9257
164505,Marzo 2024,350,Pagado,9085
164506,Abril 2024,350,Pagado,9085
164507,Mayo 2024,350,Pagado,9085
164508,Junio 2024,350,Pagado,9085
164509,Julio 2024,350,Pagado,9085
164510,Agosto 2024,350,Pagado,9085
164511,Setiembre 2024,350,Pagado,9085
164512,Octubre 2024,350,Pagado,9085
164513,Noviembre 2024,350,Pagado,9085
164514,Diciembre 2024,350,Pagado,9085
164515,Marzo 2024,350,Pagado,9230
164516,Abril 2024,350,Pagado,9230
164517,Mayo 2024,350,Pagado,9230
164518,Junio 2024,350,Pagado,9230
164519,Julio 2024,350,Pagado,9230
164520,Agosto 2024,350,Pagado,9230
164521,Setiembre 2024,350,Pagado,9230
164522,Octubre 2024,350,Pagado,9230
164523,Noviembre 2024,350,Pagado,9230
164524,Diciembre 2024,350,Pagado,9230
164525,Marzo 2024,350,Pagado,9056
164526,Abril 2024,350,Pagado,9056
164527,Mayo 2024,350,Vencido,9056
164528,Junio 2024,350,Pagado,9056
164529,Julio 2024,350,Pagado,9056
164530,Agosto 2024,350,Pagado,9056
164531,Setiembre 2024,350,Pagado,9056
164532,Octubre 2024,350,Pagado,9056
164533,Noviembre 2024,350,Pagado,9056
164534,Diciembre 2024,350,Pagado,9056
164535,Marzo 2024,350,Pagado,9176
164536,Abril 2024,350,Pagado,9176
164537,Mayo 2024,350,Pagado,9176
164538,Junio 2024,350,Pagado,9176
164539,Julio 2024,350,Pagado,9176
164540,Agosto 2024,350,Pagado,9176
164541,Setiembre 2024,350,Pagado,9176
164542,Octubre 2024,350,Pagado,9176
164543,Noviembre 2024,350,Pagado,9176
164544,Diciembre 2024,350,Pagado,9176
164545,Marzo 2024,350,Pagado,9240
164546,Abril 2024,350,Pagado,9240
164547,Mayo 2024,350,Pagado,9240
164548,Junio 2024,350,Pagado,9240
164549,Julio 2024,350,Pagado,9240
164550,Agosto 2024,350,Pagado,9240
164551,Setiembre 2024,350,Pagado,9240
164552,Octubre 2024,350,Pagado,9240
164553,Noviembre 2024,350,Pagado,9240
164554,Diciembre 2024,350,Pagado,9240
164555,Marzo 2024,350,Pagado,9190
164556,Abril 2024,350,Pagado,9190
164557,Mayo 2024,350,Pagado,9190
164558,Junio 2024,350,Pagado,9190
164559,Julio 2024,350,Pagado,9190
164560,Agosto 2024,350,Pagado,9190
164561,Setiembre 2024,350,Pagado,9190
164562,Octubre 2024,350,Pagado,9190
164563,Noviembre 2024,350,Pagado,9190
164564,Diciembre 2024,350,Pagado,9190
164565,Marzo 2024,350,Pagado,9204
164566,Abril 2024,350,Pagado,9204
164567,Mayo 2024,350,Pagado,9204
164568,Junio 2024,350,Pagado,9204
164569,Julio 2024,350,Pagado,9204
164570,Agosto 2024,350,Pagado,9204
164571,Setiembre 2024,350,Pagado,9204
164572,Octubre 2024,350,Pagado,9204
164573,Noviembre 2024,350,Pagado,9204
164574,Diciembre 2024,350,Pagado,9204
164575,Marzo 2024,350,Pagado,9002
164576,Abril 2024,350,Pagado,9002
164577,Mayo 2024,350,Pagado,9002
164578,Junio 2024,350,Pagado,9002
164579,Julio 2024,350,Pagado,9002
164580,Agosto 2024,350,Pagado,9002
164581,Setiembre 2024,350,Pagado,9002
164582,Octubre 2024,350,Pagado,9002
164583,Noviembre 2024,350,Pagado,9002
164584,Diciembre 2024,350,Pagado,9002
164585,Marzo 2024,350,Pagado,9278
164586,Abril 2024,350,Pagado,9278
164587,Mayo 2024,350,Pagado,9278
164588,Junio 2024,350,Pagado,9278
164589,Julio 2024,350,Pagado,9278
164590,Agosto 2024,350,Pagado,9278
164591,Setiembre 2024,350,Pagado,9278
164592,Octubre 2024,350,Pagado,9278
164593,Noviembre 2024,350,Pagado,9278
164594,Diciembre 2024,350,Pagado,9278
164595,Marzo 2024,350,Pagado,9202
164596,Abril 2024,350,Pagado,9202
164597,Mayo 2024,350,Pagado,9202
164598,Junio 2024,350,Pagado,9202
164599,Julio 2024,350,Pagado,9202
164600,Agosto 2024,350,Pagado,9202
164601,Setiembre 2024,350,Pagado,9202
164602,Octubre 2024,350,Pagado,9202
164603,Noviembre 2024,350,Pagado,9202
164604,Diciembre 2024,350,Pagado,9202
164605,Marzo 2024,350,Pagado,9032
164606,Abril 2024,350,Pagado,9032
164607,Mayo 2024,350,Pagado,9032
164608,Junio 2024,350,Pagado,9032
164609,Julio 2024,350,Pagado,9032
164610,Agosto 2024,350,Pagado,9032
164611,Setiembre 2024,350,Pagado,9032
164612,Octubre 2024,350,Pagado,9032
164613,Noviembre 2024,350,Pagado,9032
164614,Diciembre 2024,350,Pagado,9032
164615,Marzo 2024,350,Pagado,9047
164616,Abril 2024,350,Pagado,9047
164617,Mayo 2024,350,Pagado,9047
164618,Junio 2024,350,Pagado,9047
164619,Julio 2024,350,Pagado,9047
164620,Agosto 2024,350,Pagado,9047
164621,Setiembre 2024,350,Pagado,9047
164622,Octubre 2024,350,Pagado,9047
164623,Noviembre 2024,350,Pagado,9047
164624,Diciembre 2024,350,Pagado,9047
164625,Marzo 2024,350,Pagado,9286
164626,Abril 2024,350,Pagado,9286
164627,Mayo 2024,350,Vencido,9286
164628,Junio 2024,350,Pagado,9286
164629,Julio 2024,350,Pagado,9286
164630,Agosto 2024,350,Pagado,9286
164631,Setiembre 2024,350,Pagado,9286
164632,Octubre 2024,350,Pagado,9286
164633,Noviembre 2024,350,Pagado,9286
164634,Diciembre 2024,350,Pagado,9286
164635,Marzo 2024,350,Pagado,9082
164636,Abril 2024,350,Pagado,9082
164637,Mayo 2024,350,Pagado,9082
164638,Junio 2024,350,Pagado,9082
164639,Julio 2024,350,Pagado,9082
164640,Agosto 2024,350,Pagado,9082
164641,Setiembre 2024,350,Pagado,9082
164642,Octubre 2024,350,Pagado,9082
164643,Noviembre 2024,350,Pagado,9082
164644,Diciembre 2024,350,Pagado,9082
164645,Marzo 2024,350,Pagado,9221
164646,Abril 2024,350,Pagado,9221
164647,Mayo 2024,350,Vencido,9221
164648,Junio 2024,350,Pagado,9221
164649,Julio 2024,350,Pagado,9221
164650,Agosto 2024,350,Pagado,9221
164651,Setiembre 2024,350,Pagado,9221
164652,Octubre 2024,350,Pagado,9221
164653,Noviembre 2024,350,Pagado,9221
164654,Diciembre 2024,350,Pagado,9221
164655,Marzo 2024,350,Vencido,8995
164656,Abril 2024,350,Pagado,8995
164657,Mayo 2024,350,Pagado,8995
164658,Junio 2024,350,Pagado,8995
164659,Julio 2024,350,Pagado,8995
164660,Agosto 2024,350,Pagado,8995
164661,Setiembre 2024,350,Pagado,8995
164662,Octubre 2024,350,Pagado,8995
164663,Noviembre 2024,350,Pagado,8995
164664,Diciembre 2024,350,Pagado,8995
164665,Marzo 2024,350,Pagado,9265
164666,Abril 2024,350,Pagado,9265
164667,Mayo 2024,350,Pagado,9265
164668,Junio 2024,350,Pagado,9265
164669,Julio 2024,350,Pagado,9265
164670,Agosto 2024,350,Pagado,9265
164671,Setiembre 2024,350,Pagado,9265
164672,Octubre 2024,350,Pagado,9265
164673,Noviembre 2024,350,Pagado,9265
164674,Diciembre 2024,350,Pagado,9265
164675,Marzo 2024,350,Pagado,9025
164676,Abril 2024,350,Pagado,9025
164677,Mayo 2024,350,Pagado,9025
164678,Junio 2024,350,Pagado,9025
164679,Julio 2024,350,Vencido,9025
164680,Agosto 2024,350,Pagado,9025
164681,Setiembre 2024,350,Pagado,9025
164682,Octubre 2024,350,Pagado,9025
164683,Noviembre 2024,350,Pagado,9025
164684,Diciembre 2024,350,Pagado,9025
164685,Marzo 2024,350,Pagado,9324
164686,Abril 2024,350,Pagado,9324
164687,Mayo 2024,350,Pagado,9324
164688,Junio 2024,350,Pagado,9324
164689,Julio 2024,350,Pagado,9324
164690,Agosto 2024,350,Pagado,9324
164691,Setiembre 2024,350,Pagado,9324
164692,Octubre 2024,350,Pagado,9324
164693,Noviembre 2024,350,Pagado,9324
164694,Diciembre 2024,350,Vencido,9324
164695,Marzo 2024,350,Pagado,9227
164696,Abril 2024,350,Pagado,9227
164697,Mayo 2024,350,Pagado,9227
164698,Junio 2024,350,Pagado,9227
164699,Julio 2024,350,Pagado,9227
164700,Agosto 2024,350,Pagado,9227
164701,Setiembre 2024,350,Pagado,9227
164702,Octubre 2024,350,Pagado,9227
164703,Noviembre 2024,350,Pagado,9227
164704,Diciembre 2024,350,Pagado,9227
164705,Marzo 2024,350,Pagado,9259
164706,Abril 2024,350,Pagado,9259
164707,Mayo 2024,350,Pagado,9259
164708,Junio 2024,350,Pagado,9259
164709,Julio 2024,350,Pagado,9259
164710,Agosto 2024,350,Pagado,9259
164711,Setiembre 2024,350,Pagado,9259
164712,Octubre 2024,350,Pagado,9259
164713,Noviembre 2024,350,Pagado,9259
164714,Diciembre 2024,350,Pagado,9259
164715,Marzo 2024,350,Pagado,9301
164716,Abril 2024,350,Pagado,9301
164717,Mayo 2024,350,Pagado,9301
164718,Junio 2024,350,Pagado,9301
164719,Julio 2024,350,Pagado,9301
164720,Agosto 2024,350,Pagado,9301
164721,Setiembre 2024,350,Pagado,9301
164722,Octubre 2024,350,Pagado,9301
164723,Noviembre 2024,350,Pagado,9301
164724,Diciembre 2024,350,Pagado,9301
164725,Marzo 2024,350,Pagado,8945
164726,Abril 2024,350,Pagado,8945
164727,Mayo 2024,350,Pagado,8945
164728,Junio 2024,350,Pagado,8945
164729,Julio 2024,350,Pagado,8945
164730,Agosto 2024,350,Pagado,8945
164731,Setiembre 2024,350,Pagado,8945
164732,Octubre 2024,350,Pagado,8945
164733,Noviembre 2024,350,Pagado,8945
164734,Diciembre 2024,350,Pagado,8945
164735,Marzo 2024,350,Pagado,9197
164736,Abril 2024,350,Pagado,9197
164737,Mayo 2024,350,Pagado,9197
164738,Junio 2024,350,Pagado,9197
164739,Julio 2024,350,Pagado,9197
164740,Agosto 2024,350,Pagado,9197
164741,Setiembre 2024,350,Pagado,9197
164742,Octubre 2024,350,Pagado,9197
164743,Noviembre 2024,350,Pagado,9197
164744,Diciembre 2024,350,Pagado,9197
164745,Marzo 2024,350,Pagado,9232
164746,Abril 2024,350,Pagado,9232
164747,Mayo 2024,350,Pagado,9232
164748,Junio 2024,350,Pagado,9232
164749,Julio 2024,350,Pagado,9232
164750,Agosto 2024,350,Pagado,9232
164751,Setiembre 2024,350,Pagado,9232
164752,Octubre 2024,350,Pagado,9232
164753,Noviembre 2024,350,Pagado,9232
164754,Diciembre 2024,350,Pagado,9232
164755,Marzo 2024,350,Pagado,9078
164756,Abril 2024,350,Pagado,9078
164757,Mayo 2024,350,Pagado,9078
164758,Junio 2024,350,Pagado,9078
164759,Julio 2024,350,Pagado,9078
164760,Agosto 2024,350,Pagado,9078
164761,Setiembre 2024,350,Pagado,9078
164762,Octubre 2024,350,Pagado,9078
164763,Noviembre 2024,350,Pagado,9078
164764,Diciembre 2024,350,Pagado,9078
164765,Marzo 2024,350,Pagado,8946
164766,Abril 2024,350,Pagado,8946
164767,Mayo 2024,350,Pagado,8946
164768,Junio 2024,350,Pagado,8946
164769,Julio 2024,350,Pagado,8946
164770,Agosto 2024,350,Pagado,8946
164771,Setiembre 2024,350,Pagado,8946
164772,Octubre 2024,350,Pagado,8946
164773,Noviembre 2024,350,Pagado,8946
164774,Diciembre 2024,350,Pagado,8946
164775,Marzo 2024,350,Pagado,9119
164776,Abril 2024,350,Pagado,9119
164777,Mayo 2024,350,Pagado,9119
164778,Junio 2024,350,Pagado,9119
164779,Julio 2024,350,Pagado,9119
164780,Agosto 2024,350,Pagado,9119
164781,Setiembre 2024,350,Pagado,9119
164782,Octubre 2024,350,Pagado,9119
164783,Noviembre 2024,350,Vencido,9119
164784,Diciembre 2024,350,Pagado,9119
164785,Marzo 2024,350,Pagado,9212
164786,Abril 2024,350,Pagado,9212
164787,Mayo 2024,350,Pagado,9212
164788,Junio 2024,350,Pagado,9212
164789,Julio 2024,350,Pagado,9212
164790,Agosto 2024,350,Pagado,9212
164791,Setiembre 2024,350,Pagado,9212
164792,Octubre 2024,350,Pagado,9212
164793,Noviembre 2024,350,Pagado,9212
164794,Diciembre 2024,350,Pagado,9212
164795,Marzo 2024,350,Pagado,9248
164796,Abril 2024,350,Pagado,9248
164797,Mayo 2024,350,Pagado,9248
164798,Junio 2024,350,Pagado,9248
164799,Julio 2024,350,Pagado,9248
164800,Agosto 2024,350,Pagado,9248
164801,Setiembre 2024,350,Pagado,9248
164802,Octubre 2024,350,Pagado,9248
164803,Noviembre 2024,350,Pagado,9248
164804,Diciembre 2024,350,Pagado,9248
164805,Marzo 2024,350,Pagado,9185
164806,Abril 2024,350,Pagado,9185
164807,Mayo 2024,350,Pagado,9185
164808,Junio 2024,350,Pagado,9185
164809,Julio 2024,350,Pagado,9185
164810,Agosto 2024,350,Pagado,9185
164811,Setiembre 2024,350,Pagado,9185
164812,Octubre 2024,350,Pagado,9185
164813,Noviembre 2024,350,Pagado,9185
164814,Diciembre 2024,350,Pagado,9185
164815,Marzo 2024,350,Pagado,9036
164816,Abril 2024,350,Pagado,9036
164817,Mayo 2024,350,Pagado,9036
164818,Junio 2024,350,Pagado,9036
164819,Julio 2024,350,Pagado,9036
164820,Agosto 2024,350,Pagado,9036
164821,Setiembre 2024,350,Pagado,9036
164822,Octubre 2024,350,Pagado,9036
164823,Noviembre 2024,350,Pagado,9036
164824,Diciembre 2024,350,Pagado,9036
164825,Marzo 2024,350,Pagado,9000
164826,Abril 2024,350,Pagado,9000
164827,Mayo 2024,350,Pagado,9000
164828,Junio 2024,350,Pagado,9000
164829,Julio 2024,350,Pagado,9000
164830,Agosto 2024,350,Pagado,9000
164831,Setiembre 2024,350,Pagado,9000
164832,Octubre 2024,350,Pagado,9000
164833,Noviembre 2024,350,Pagado,9000
164834,Diciembre 2024,350,Pagado,9000
164835,Marzo 2024,350,Pagado,8955
164836,Abril 2024,350,Pagado,8955
164837,Mayo 2024,350,Pagado,8955
164838,Junio 2024,350,Pagado,8955
164839,Julio 2024,350,Pagado,8955
164840,Agosto 2024,350,Pagado,8955
164841,Setiembre 2024,350,Pagado,8955
164842,Octubre 2024,350,Pagado,8955
164843,Noviembre 2024,350,Pagado,8955
164844,Diciembre 2024,350,Pagado,8955
164845,Marzo 2024,350,Pagado,9288
164846,Abril 2024,350,Pagado,9288
164847,Mayo 2024,350,Pagado,9288
164848,Junio 2024,350,Pagado,9288
164849,Julio 2024,350,Pagado,9288
164850,Agosto 2024,350,Pagado,9288
164851,Setiembre 2024,350,Pagado,9288
164852,Octubre 2024,350,Pagado,9288
164853,Noviembre 2024,350,Pagado,9288
164854,Diciembre 2024,350,Pagado,9288
164855,Marzo 2024,350,Pagado,9014
164856,Abril 2024,350,Pagado,9014
164857,Mayo 2024,350,Pagado,9014
164858,Junio 2024,350,Pagado,9014
164859,Julio 2024,350,Pagado,9014
164860,Agosto 2024,350,Pagado,9014
164861,Setiembre 2024,350,Pagado,9014
164862,Octubre 2024,350,Vencido,9014
164863,Noviembre 2024,350,Pagado,9014
164864,Diciembre 2024,350,Pagado,9014
164865,Marzo 2024,350,Pagado,8999
164866,Abril 2024,350,Pagado,8999
164867,Mayo 2024,350,Pagado,8999
164868,Junio 2024,350,Pagado,8999
164869,Julio 2024,350,Pagado,8999
164870,Agosto 2024,350,Pagado,8999
164871,Setiembre 2024,350,Pagado,8999
164872,Octubre 2024,350,Pagado,8999
164873,Noviembre 2024,350,Pagado,8999
164874,Diciembre 2024,350,Pagado,8999
164875,Marzo 2024,350,Pagado,8944
164876,Abril 2024,350,Pagado,8944
164877,Mayo 2024,350,Pagado,8944
164878,Junio 2024,350,Pagado,8944
164879,Julio 2024,350,Pagado,8944
164880,Agosto 2024,350,Pagado,8944
164881,Setiembre 2024,350,Pagado,8944
164882,Octubre 2024,350,Pagado,8944
164883,Noviembre 2024,350,Pagado,8944
164884,Diciembre 2024,350,Pagado,8944
164885,Marzo 2024,350,Pagado,9213
164886,Abril 2024,350,Pagado,9213
164887,Mayo 2024,350,Pagado,9213
164888,Junio 2024,350,Pagado,9213
164889,Julio 2024,350,Pagado,9213
164890,Agosto 2024,350,Pagado,9213
164891,Setiembre 2024,350,Pagado,9213
164892,Octubre 2024,350,Vencido,9213
164893,Noviembre 2024,350,Pagado,9213
164894,Diciembre 2024,350,Pagado,9213
164895,Marzo 2024,350,Pagado,9105
164896,Abril 2024,350,Pagado,9105
164897,Mayo 2024,350,Pagado,9105
164898,Junio 2024,350,Pagado,9105
164899,Julio 2024,350,Pagado,9105
164900,Agosto 2024,350,Pagado,9105
164901,Setiembre 2024,350,Pagado,9105
164902,Octubre 2024,350,Pagado,9105
164903,Noviembre 2024,350,Pagado,9105
164904,Diciembre 2024,350,Pagado,9105
164905,Marzo 2024,350,Pagado,9273
164906,Abril 2024,350,Pagado,9273
164907,Mayo 2024,350,Pagado,9273
164908,Junio 2024,350,Pagado,9273
164909,Julio 2024,350,Pagado,9273
164910,Agosto 2024,350,Pagado,9273
164911,Setiembre 2024,350,Pagado,9273
164912,Octubre 2024,350,Pagado,9273
164913,Noviembre 2024,350,Pagado,9273
164914,Diciembre 2024,350,Pagado,9273
164915,Marzo 2024,350,Pagado,9140
164916,Abril 2024,350,Pagado,9140
164917,Mayo 2024,350,Pagado,9140
164918,Junio 2024,350,Pagado,9140
164919,Julio 2024,350,Pagado,9140
164920,Agosto 2024,350,Pagado,9140
164921,Setiembre 2024,350,Pagado,9140
164922,Octubre 2024,350,Pagado,9140
164923,Noviembre 2024,350,Pagado,9140
164924,Diciembre 2024,350,Pagado,9140
164925,Marzo 2024,350,Pagado,9131
164926,Abril 2024,350,Pagado,9131
164927,Mayo 2024,350,Pagado,9131
164928,Junio 2024,350,Pagado,9131
164929,Julio 2024,350,Pagado,9131
164930,Agosto 2024,350,Pagado,9131
164931,Setiembre 2024,350,Pagado,9131
164932,Octubre 2024,350,Pagado,9131
164933,Noviembre 2024,350,Pagado,9131
164934,Diciembre 2024,350,Pagado,9131
164935,Marzo 2024,350,Pagado,8984
164936,Abril 2024,350,Pagado,8984
164937,Mayo 2024,350,Pagado,8984
164938,Junio 2024,350,Pagado,8984
164939,Julio 2024,350,Pagado,8984
164940,Agosto 2024,350,Pagado,8984
164941,Setiembre 2024,350,Pagado,8984
164942,Octubre 2024,350,Pagado,8984
164943,Noviembre 2024,350,Pagado,8984
164944,Diciembre 2024,350,Pagado,8984
164945,Marzo 2024,350,Pagado,9042
164946,Abril 2024,350,Pagado,9042
164947,Mayo 2024,350,Pagado,9042
164948,Junio 2024,350,Pagado,9042
164949,Julio 2024,350,Pagado,9042
164950,Agosto 2024,350,Pagado,9042
164951,Setiembre 2024,350,Pagado,9042
164952,Octubre 2024,350,Pagado,9042
164953,Noviembre 2024,350,Pagado,9042
164954,Diciembre 2024,350,Pagado,9042
164955,Marzo 2024,350,Pagado,9151
164956,Abril 2024,350,Pagado,9151
164957,Mayo 2024,350,Pagado,9151
164958,Junio 2024,350,Pagado,9151
164959,Julio 2024,350,Pagado,9151
164960,Agosto 2024,350,Pagado,9151
164961,Setiembre 2024,350,Pagado,9151
164962,Octubre 2024,350,Pagado,9151
164963,Noviembre 2024,350,Pagado,9151
164964,Diciembre 2024,350,Pagado,9151
164965,Marzo 2024,350,Pagado,8976
164966,Abril 2024,350,Pagado,8976
164967,Mayo 2024,350,Pagado,8976
164968,Junio 2024,350,Pagado,8976
164969,Julio 2024,350,Pagado,8976
164970,Agosto 2024,350,Pagado,8976
164971,Setiembre 2024,350,Pagado,8976
164972,Octubre 2024,350,Pagado,8976
164973,Noviembre 2024,350,Pagado,8976
164974,Diciembre 2024,350,Pagado,8976
164975,Marzo 2024,350,Pagado,9104
164976,Abril 2024,350,Pagado,9104
164977,Mayo 2024,350,Pagado,9104
164978,Junio 2024,350,Pagado,9104
164979,Julio 2024,350,Pagado,9104
164980,Agosto 2024,350,Pagado,9104
164981,Setiembre 2024,350,Pagado,9104
164982,Octubre 2024,350,Pagado,9104
164983,Noviembre 2024,350,Pagado,9104
164984,Diciembre 2024,350,Pagado,9104
164985,Marzo 2024,350,Pagado,9170
164986,Abril 2024,350,Pagado,9170
164987,Mayo 2024,350,Pagado,9170
164988,Junio 2024,350,Pagado,9170
164989,Julio 2024,350,Pagado,9170
164990,Agosto 2024,350,Pagado,9170
164991,Setiembre 2024,350,Pagado,9170
164992,Octubre 2024,350,Pagado,9170
164993,Noviembre 2024,350,Pagado,9170
164994,Diciembre 2024,350,Pagado,9170
164995,Marzo 2024,350,Pagado,9141
164996,Abril 2024,350,Pagado,9141
164997,Mayo 2024,350,Pagado,9141
164998,Junio 2024,350,Vencido,9141
164999,Julio 2024,350,Pagado,9141
165000,Agosto 2024,350,Pagado,9141
165001,Setiembre 2024,350,Pagado,9141
165002,Octubre 2024,350,Pagado,9141
165003,Noviembre 2024,350,Pagado,9141
165004,Diciembre 2024,350,Pagado,9141
165005,Marzo 2024,350,Pagado,9164
165006,Abril 2024,350,Pagado,9164
165007,Mayo 2024,350,Pagado,9164
165008,Junio 2024,350,Vencido,9164
165009,Julio 2024,350,Pagado,9164
165010,Agosto 2024,350,Pagado,9164
165011,Setiembre 2024,350,Pagado,9164
165012,Octubre 2024,350,Pagado,9164
165013,Noviembre 2024,350,Pagado,9164
165014,Diciembre 2024,350,Pagado,9164
165015,Marzo 2024,350,Pagado,9256
165016,Abril 2024,350,Vencido,9256
165017,Mayo 2024,350,Pagado,9256
165018,Junio 2024,350,Pagado,9256
165019,Julio 2024,350,Pagado,9256
165020,Agosto 2024,350,Pagado,9256
165021,Setiembre 2024,350,Vencido,9256
165022,Octubre 2024,350,Pagado,9256
165023,Noviembre 2024,350,Pagado,9256
165024,Diciembre 2024,350,Pagado,9256
165025,Marzo 2024,350,Pagado,9144
165026,Abril 2024,350,Pagado,9144
165027,Mayo 2024,350,Pagado,9144
165028,Junio 2024,350,Pagado,9144
165029,Julio 2024,350,Pagado,9144
165030,Agosto 2024,350,Pagado,9144
165031,Setiembre 2024,350,Pagado,9144
165032,Octubre 2024,350,Pagado,9144
165033,Noviembre 2024,350,Pagado,9144
165034,Diciembre 2024,350,Pagado,9144
165035,Marzo 2024,350,Vencido,9079
165036,Abril 2024,350,Pagado,9079
165037,Mayo 2024,350,Pagado,9079
165038,Junio 2024,350,Pagado,9079
165039,Julio 2024,350,Pagado,9079
165040,Agosto 2024,350,Pagado,9079
165041,Setiembre 2024,350,Pagado,9079
165042,Octubre 2024,350,Pagado,9079
165043,Noviembre 2024,350,Pagado,9079
165044,Diciembre 2024,350,Pagado,9079
165045,Marzo 2024,350,Pagado,9150
165046,Abril 2024,350,Pagado,9150
165047,Mayo 2024,350,Pagado,9150
165048,Junio 2024,350,Pagado,9150
165049,Julio 2024,350,Pagado,9150
165050,Agosto 2024,350,Pagado,9150
165051,Setiembre 2024,350,Pagado,9150
165052,Octubre 2024,350,Pagado,9150
165053,Noviembre 2024,350,Vencido,9150
165054,Diciembre 2024,350,Pagado,9150
165055,Marzo 2024,350,Pagado,9274
165056,Abril 2024,350,Pagado,9274
165057,Mayo 2024,350,Pagado,9274
165058,Junio 2024,350,Pagado,9274
165059,Julio 2024,350,Pagado,9274
165060,Agosto 2024,350,Pagado,9274
165061,Setiembre 2024,350,Pagado,9274
165062,Octubre 2024,350,Pagado,9274
165063,Noviembre 2024,350,Pagado,9274
165064,Diciembre 2024,350,Pagado,9274
165065,Marzo 2024,350,Pagado,9335
165066,Abril 2024,350,Pagado,9335
165067,Mayo 2024,350,Pagado,9335
165068,Junio 2024,350,Pagado,9335
165069,Julio 2024,350,Pagado,9335
165070,Agosto 2024,350,Pagado,9335
165071,Setiembre 2024,350,Vencido,9335
165072,Octubre 2024,350,Pagado,9335
165073,Noviembre 2024,350,Pagado,9335
165074,Diciembre 2024,350,Pagado,9335
165075,Marzo 2024,350,Pagado,9010
165076,Abril 2024,350,Pagado,9010
165077,Mayo 2024,350,Pagado,9010
165078,Junio 2024,350,Pagado,9010
165079,Julio 2024,350,Pagado,9010
165080,Agosto 2024,350,Pagado,9010
165081,Setiembre 2024,350,Pagado,9010
165082,Octubre 2024,350,Pagado,9010
165083,Noviembre 2024,350,Pagado,9010
165084,Diciembre 2024,350,Pagado,9010
165085,Marzo 2024,350,Pagado,9320
165086,Abril 2024,350,Pagado,9320
165087,Mayo 2024,350,Pagado,9320
165088,Junio 2024,350,Pagado,9320
165089,Julio 2024,350,Pagado,9320
165090,Agosto 2024,350,Pagado,9320
165091,Setiembre 2024,350,Pagado,9320
165092,Octubre 2024,350,Pagado,9320
165093,Noviembre 2024,350,Pagado,9320
165094,Diciembre 2024,350,Pagado,9320
165095,Marzo 2024,350,Pagado,8943
165096,Abril 2024,350,Pagado,8943
165097,Mayo 2024,350,Pagado,8943
165098,Junio 2024,350,Pagado,8943
165099,Julio 2024,350,Pagado,8943
165100,Agosto 2024,350,Pagado,8943
165101,Setiembre 2024,350,Pagado,8943
165102,Octubre 2024,350,Pagado,8943
165103,Noviembre 2024,350,Pagado,8943
165104,Diciembre 2024,350,Pagado,8943
165105,Marzo 2024,350,Pagado,8992
165106,Abril 2024,350,Pagado,8992
165107,Mayo 2024,350,Pagado,8992
165108,Junio 2024,350,Pagado,8992
165109,Julio 2024,350,Pagado,8992
165110,Agosto 2024,350,Pagado,8992
165111,Setiembre 2024,350,Pagado,8992
165112,Octubre 2024,350,Pagado,8992
165113,Noviembre 2024,350,Pagado,8992
165114,Diciembre 2024,350,Pagado,8992
165115,Marzo 2024,350,Pagado,9258
165116,Abril 2024,350,Pagado,9258
165117,Mayo 2024,350,Pagado,9258
165118,Junio 2024,350,Pagado,9258
165119,Julio 2024,350,Pagado,9258
165120,Agosto 2024,350,Pagado,9258
165121,Setiembre 2024,350,Pagado,9258
165122,Octubre 2024,350,Pagado,9258
165123,Noviembre 2024,350,Pagado,9258
165124,Diciembre 2024,350,Pagado,9258
165125,Marzo 2024,350,Pagado,9187
165126,Abril 2024,350,Pagado,9187
165127,Mayo 2024,350,Pagado,9187
165128,Junio 2024,350,Pagado,9187
165129,Julio 2024,350,Pagado,9187
165130,Agosto 2024,350,Pagado,9187
165131,Setiembre 2024,350,Pagado,9187
165132,Octubre 2024,350,Pagado,9187
165133,Noviembre 2024,350,Pagado,9187
165134,Diciembre 2024,350,Pagado,9187
165135,Marzo 2024,350,Pagado,9063
165136,Abril 2024,350,Pagado,9063
165137,Mayo 2024,350,Pagado,9063
165138,Junio 2024,350,Pagado,9063
165139,Julio 2024,350,Pagado,9063
165140,Agosto 2024,350,Pagado,9063
165141,Setiembre 2024,350,Pagado,9063
165142,Octubre 2024,350,Pagado,9063
165143,Noviembre 2024,350,Pagado,9063
165144,Diciembre 2024,350,Pagado,9063
165145,Marzo 2024,350,Pagado,9262
165146,Abril 2024,350,Pagado,9262
165147,Mayo 2024,350,Pagado,9262
165148,Junio 2024,350,Pagado,9262
165149,Julio 2024,350,Vencido,9262
165150,Agosto 2024,350,Pagado,9262
165151,Setiembre 2024,350,Pagado,9262
165152,Octubre 2024,350,Pagado,9262
165153,Noviembre 2024,350,Pagado,9262
165154,Diciembre 2024,350,Pagado,9262
165155,Marzo 2024,350,Pagado,9149
165156,Abril 2024,350,Pagado,9149
165157,Mayo 2024,350,Pagado,9149
165158,Junio 2024,350,Pagado,9149
165159,Julio 2024,350,Pagado,9149
165160,Agosto 2024,350,Pagado,9149
165161,Setiembre 2024,350,Pagado,9149
165162,Octubre 2024,350,Pagado,9149
165163,Noviembre 2024,350,Pagado,9149
165164,Diciembre 2024,350,Pagado,9149
165165,Marzo 2024,350,Pagado,9050
165166,Abril 2024,350,Pagado,9050
165167,Mayo 2024,350,Pagado,9050
165168,Junio 2024,350,Pagado,9050
165169,Julio 2024,350,Pagado,9050
165170,Agosto 2024,350,Pagado,9050
165171,Setiembre 2024,350,Pagado,9050
165172,Octubre 2024,350,Pagado,9050
165173,Noviembre 2024,350,Pagado,9050
165174,Diciembre 2024,350,Pagado,9050
165175,Marzo 2024,350,Pagado,8958
165176,Abril 2024,350,Pagado,8958
165177,Mayo 2024,350,Pagado,8958
165178,Junio 2024,350,Pagado,8958
165179,Julio 2024,350,Pagado,8958
165180,Agosto 2024,350,Pagado,8958
165181,Setiembre 2024,350,Pagado,8958
165182,Octubre 2024,350,Pagado,8958
165183,Noviembre 2024,350,Pagado,8958
165184,Diciembre 2024,350,Pagado,8958
165185,Marzo 2024,350,Pagado,9323
165186,Abril 2024,350,Pagado,9323
165187,Mayo 2024,350,Pagado,9323
165188,Junio 2024,350,Pagado,9323
165189,Julio 2024,350,Pagado,9323
165190,Agosto 2024,350,Pagado,9323
165191,Setiembre 2024,350,Pagado,9323
165192,Octubre 2024,350,Pagado,9323
165193,Noviembre 2024,350,Pagado,9323
165194,Diciembre 2024,350,Pagado,9323
165195,Marzo 2024,350,Pagado,9087
165196,Abril 2024,350,Pagado,9087
165197,Mayo 2024,350,Pagado,9087
165198,Junio 2024,350,Pagado,9087
165199,Julio 2024,350,Pagado,9087
165200,Agosto 2024,350,Vencido,9087
165201,Setiembre 2024,350,Pagado,9087
165202,Octubre 2024,350,Pagado,9087
165203,Noviembre 2024,350,Pagado,9087
165204,Diciembre 2024,350,Pagado,9087
165205,Marzo 2024,350,Pagado,9179
165206,Abril 2024,350,Pagado,9179
165207,Mayo 2024,350,Pagado,9179
165208,Junio 2024,350,Pagado,9179
165209,Julio 2024,350,Pagado,9179
165210,Agosto 2024,350,Pagado,9179
165211,Setiembre 2024,350,Pagado,9179
165212,Octubre 2024,350,Pagado,9179
165213,Noviembre 2024,350,Pagado,9179
165214,Diciembre 2024,350,Pagado,9179
165215,Marzo 2024,350,Pagado,9167
165216,Abril 2024,350,Pagado,9167
165217,Mayo 2024,350,Pagado,9167
165218,Junio 2024,350,Pagado,9167
165219,Julio 2024,350,Vencido,9167
165220,Agosto 2024,350,Pagado,9167
165221,Setiembre 2024,350,Pagado,9167
165222,Octubre 2024,350,Pagado,9167
165223,Noviembre 2024,350,Pagado,9167
165224,Diciembre 2024,350,Pagado,9167
165225,Marzo 2024,350,Pagado,8963
165226,Abril 2024,350,Pagado,8963
165227,Mayo 2024,350,Pagado,8963
165228,Junio 2024,350,Pagado,8963
165229,Julio 2024,350,Pagado,8963
165230,Agosto 2024,350,Pagado,8963
165231,Setiembre 2024,350,Pagado,8963
165232,Octubre 2024,350,Pagado,8963
165233,Noviembre 2024,350,Pagado,8963
165234,Diciembre 2024,350,Pagado,8963
165235,Marzo 2024,350,Pagado,9125
165236,Abril 2024,350,Pagado,9125
165237,Mayo 2024,350,Pagado,9125
165238,Junio 2024,350,Pagado,9125
165239,Julio 2024,350,Pagado,9125
165240,Agosto 2024,350,Pagado,9125
165241,Setiembre 2024,350,Pagado,9125
165242,Octubre 2024,350,Pagado,9125
165243,Noviembre 2024,350,Pagado,9125
165244,Diciembre 2024,350,Pagado,9125
165245,Marzo 2024,350,Pagado,9029
165246,Abril 2024,350,Pagado,9029
165247,Mayo 2024,350,Pagado,9029
165248,Junio 2024,350,Pagado,9029
165249,Julio 2024,350,Pagado,9029
165250,Agosto 2024,350,Pagado,9029
165251,Setiembre 2024,350,Pagado,9029
165252,Octubre 2024,350,Pagado,9029
165253,Noviembre 2024,350,Pagado,9029
165254,Diciembre 2024,350,Pagado,9029
165255,Marzo 2024,350,Pagado,9015
165256,Abril 2024,350,Pagado,9015
165257,Mayo 2024,350,Pagado,9015
165258,Junio 2024,350,Pagado,9015
165259,Julio 2024,350,Pagado,9015
165260,Agosto 2024,350,Pagado,9015
165261,Setiembre 2024,350,Pagado,9015
165262,Octubre 2024,350,Pagado,9015
165263,Noviembre 2024,350,Pagado,9015
165264,Diciembre 2024,350,Pagado,9015
165265,Marzo 2024,350,Pagado,9084
165266,Abril 2024,350,Pagado,9084
165267,Mayo 2024,350,Pagado,9084
165268,Junio 2024,350,Pagado,9084
165269,Julio 2024,350,Pagado,9084
165270,Agosto 2024,350,Pagado,9084
165271,Setiembre 2024,350,Pagado,9084
165272,Octubre 2024,350,Pagado,9084
165273,Noviembre 2024,350,Pagado,9084
165274,Diciembre 2024,350,Pagado,9084
165275,Marzo 2024,350,Pagado,9147
165276,Abril 2024,350,Pagado,9147
165277,Mayo 2024,350,Pagado,9147
165278,Junio 2024,350,Pagado,9147
165279,Julio 2024,350,Pagado,9147
165280,Agosto 2024,350,Pagado,9147
165281,Setiembre 2024,350,Pagado,9147
165282,Octubre 2024,350,Pagado,9147
165283,Noviembre 2024,350,Pagado,9147
165284,Diciembre 2024,350,Pagado,9147
165285,Marzo 2024,350,Pagado,8948
165286,Abril 2024,350,Pagado,8948
165287,Mayo 2024,350,Pagado,8948
165288,Junio 2024,350,Pagado,8948
165289,Julio 2024,350,Pagado,8948
165290,Agosto 2024,350,Pagado,8948
165291,Setiembre 2024,350,Pagado,8948
165292,Octubre 2024,350,Pagado,8948
165293,Noviembre 2024,350,Pagado,8948
165294,Diciembre 2024,350,Pagado,8948
165295,Marzo 2024,350,Pagado,9295
165296,Abril 2024,350,Pagado,9295
165297,Mayo 2024,350,Pagado,9295
165298,Junio 2024,350,Pagado,9295
165299,Julio 2024,350,Pagado,9295
165300,Agosto 2024,350,Pagado,9295
165301,Setiembre 2024,350,Pagado,9295
165302,Octubre 2024,350,Pagado,9295
165303,Noviembre 2024,350,Pagado,9295
165304,Diciembre 2024,350,Pagado,9295
165305,Marzo 2024,350,Pagado,9136
165306,Abril 2024,350,Pagado,9136
165307,Mayo 2024,350,Pagado,9136
165308,Junio 2024,350,Pagado,9136
165309,Julio 2024,350,Pagado,9136
165310,Agosto 2024,350,Pagado,9136
165311,Setiembre 2024,350,Pagado,9136
165312,Octubre 2024,350,Pagado,9136
165313,Noviembre 2024,350,Pagado,9136
165314,Diciembre 2024,350,Pagado,9136
165315,Marzo 2024,350,Pagado,9339
165316,Abril 2024,350,Pagado,9339
165317,Mayo 2024,350,Pagado,9339
165318,Junio 2024,350,Pagado,9339
165319,Julio 2024,350,Pagado,9339
165320,Agosto 2024,350,Pagado,9339
165321,Setiembre 2024,350,Pagado,9339
165322,Octubre 2024,350,Pagado,9339
165323,Noviembre 2024,350,Pagado,9339
165324,Diciembre 2024,350,Vencido,9339
165325,Marzo 2024,350,Pagado,9171
165326,Abril 2024,350,Pagado,9171
165327,Mayo 2024,350,Pagado,9171
165328,Junio 2024,350,Pagado,9171
165329,Julio 2024,350,Pagado,9171
165330,Agosto 2024,350,Pagado,9171
165331,Setiembre 2024,350,Pagado,9171
165332,Octubre 2024,350,Pagado,9171
165333,Noviembre 2024,350,Pagado,9171
165334,Diciembre 2024,350,Pagado,9171
165335,Marzo 2024,350,Pagado,9201
165336,Abril 2024,350,Pagado,9201
165337,Mayo 2024,350,Pagado,9201
165338,Junio 2024,350,Pagado,9201
165339,Julio 2024,350,Pagado,9201
165340,Agosto 2024,350,Pagado,9201
165341,Setiembre 2024,350,Pagado,9201
165342,Octubre 2024,350,Pagado,9201
165343,Noviembre 2024,350,Pagado,9201
165344,Diciembre 2024,350,Pagado,9201
165345,Marzo 2024,350,Pagado,9306
165346,Abril 2024,350,Pagado,9306
165347,Mayo 2024,350,Pagado,9306
165348,Junio 2024,350,Pagado,9306
165349,Julio 2024,350,Pagado,9306
165350,Agosto 2024,350,Pagado,9306
165351,Setiembre 2024,350,Pagado,9306
165352,Octubre 2024,350,Pagado,9306
165353,Noviembre 2024,350,Pagado,9306
165354,Diciembre 2024,350,Pagado,9306
165355,Marzo 2024,350,Pagado,9249
165356,Abril 2024,350,Pagado,9249
165357,Mayo 2024,350,Pagado,9249
165358,Junio 2024,350,Pagado,9249
165359,Julio 2024,350,Pagado,9249
165360,Agosto 2024,350,Pagado,9249
165361,Setiembre 2024,350,Pagado,9249
165362,Octubre 2024,350,Pagado,9249
165363,Noviembre 2024,350,Vencido,9249
165364,Diciembre 2024,350,Pagado,9249
165365,Marzo 2024,350,Pagado,9203
165366,Abril 2024,350,Pagado,9203
165367,Mayo 2024,350,Pagado,9203
165368,Junio 2024,350,Pagado,9203
165369,Julio 2024,350,Pagado,9203
165370,Agosto 2024,350,Pagado,9203
165371,Setiembre 2024,350,Pagado,9203
165372,Octubre 2024,350,Pagado,9203
165373,Noviembre 2024,350,Pagado,9203
165374,Diciembre 2024,350,Pagado,9203
165375,Marzo 2024,350,Pagado,8972
165376,Abril 2024,350,Pagado,8972
165377,Mayo 2024,350,Pagado,8972
165378,Junio 2024,350,Pagado,8972
165379,Julio 2024,350,Vencido,8972
165380,Agosto 2024,350,Pagado,8972
165381,Setiembre 2024,350,Pagado,8972
165382,Octubre 2024,350,Pagado,8972
165383,Noviembre 2024,350,Pagado,8972
165384,Diciembre 2024,350,Pagado,8972
165385,Marzo 2024,350,Pagado,9020
165386,Abril 2024,350,Pagado,9020
165387,Mayo 2024,350,Pagado,9020
165388,Junio 2024,350,Pagado,9020
165389,Julio 2024,350,Pagado,9020
165390,Agosto 2024,350,Pagado,9020
165391,Setiembre 2024,350,Pagado,9020
165392,Octubre 2024,350,Pagado,9020
165393,Noviembre 2024,350,Pagado,9020
165394,Diciembre 2024,350,Pagado,9020
165395,Marzo 2024,350,Pagado,9080
165396,Abril 2024,350,Pagado,9080
165397,Mayo 2024,350,Pagado,9080
165398,Junio 2024,350,Pagado,9080
165399,Julio 2024,350,Pagado,9080
165400,Agosto 2024,350,Pagado,9080
165401,Setiembre 2024,350,Pagado,9080
165402,Octubre 2024,350,Pagado,9080
165403,Noviembre 2024,350,Pagado,9080
165404,Diciembre 2024,350,Pagado,9080
165405,Marzo 2024,350,Pagado,9311
165406,Abril 2024,350,Pagado,9311
165407,Mayo 2024,350,Pagado,9311
165408,Junio 2024,350,Pagado,9311
165409,Julio 2024,350,Pagado,9311
165410,Agosto 2024,350,Vencido,9311
165411,Setiembre 2024,350,Pagado,9311
165412,Octubre 2024,350,Pagado,9311
165413,Noviembre 2024,350,Pagado,9311
165414,Diciembre 2024,350,Pagado,9311
165415,Marzo 2024,350,Pagado,9154
165416,Abril 2024,350,Pagado,9154
165417,Mayo 2024,350,Pagado,9154
165418,Junio 2024,350,Pagado,9154
165419,Julio 2024,350,Vencido,9154
165420,Agosto 2024,350,Pagado,9154
165421,Setiembre 2024,350,Pagado,9154
165422,Octubre 2024,350,Pagado,9154
165423,Noviembre 2024,350,Pagado,9154
165424,Diciembre 2024,350,Pagado,9154
165425,Marzo 2024,350,Pagado,9052
165426,Abril 2024,350,Pagado,9052
165427,Mayo 2024,350,Pagado,9052
165428,Junio 2024,350,Vencido,9052
165429,Julio 2024,350,Pagado,9052
165430,Agosto 2024,350,Pagado,9052
165431,Setiembre 2024,350,Vencido,9052
165432,Octubre 2024,350,Pagado,9052
165433,Noviembre 2024,350,Pagado,9052
165434,Diciembre 2024,350,Pagado,9052
165435,Marzo 2024,350,Pagado,9101
165436,Abril 2024,350,Pagado,9101
165437,Mayo 2024,350,Pagado,9101
165438,Junio 2024,350,Pagado,9101
165439,Julio 2024,350,Pagado,9101
165440,Agosto 2024,350,Pagado,9101
165441,Setiembre 2024,350,Pagado,9101
165442,Octubre 2024,350,Pagado,9101
165443,Noviembre 2024,350,Pagado,9101
165444,Diciembre 2024,350,Pagado,9101
165445,Marzo 2024,350,Pagado,9205
165446,Abril 2024,350,Pagado,9205
165447,Mayo 2024,350,Pagado,9205
165448,Junio 2024,350,Pagado,9205
165449,Julio 2024,350,Pagado,9205
165450,Agosto 2024,350,Pagado,9205
165451,Setiembre 2024,350,Pagado,9205
165452,Octubre 2024,350,Pagado,9205
165453,Noviembre 2024,350,Pagado,9205
165454,Diciembre 2024,350,Pagado,9205
165455,Marzo 2024,350,Pagado,9113
165456,Abril 2024,350,Pagado,9113
165457,Mayo 2024,350,Pagado,9113
165458,Junio 2024,350,Pagado,9113
165459,Julio 2024,350,Pagado,9113
165460,Agosto 2024,350,Pagado,9113
165461,Setiembre 2024,350,Pagado,9113
165462,Octubre 2024,350,Vencido,9113
165463,Noviembre 2024,350,Pagado,9113
165464,Diciembre 2024,350,Pagado,9113
165465,Marzo 2024,350,Pagado,9096
165466,Abril 2024,350,Pagado,9096
165467,Mayo 2024,350,Pagado,9096
165468,Junio 2024,350,Pagado,9096
165469,Julio 2024,350,Pagado,9096
165470,Agosto 2024,350,Pagado,9096
165471,Setiembre 2024,350,Pagado,9096
165472,Octubre 2024,350,Pagado,9096
165473,Noviembre 2024,350,Pagado,9096
165474,Diciembre 2024,350,Pagado,9096
165475,Marzo 2024,350,Pagado,9021
165476,Abril 2024,350,Pagado,9021
165477,Mayo 2024,350,Pagado,9021
165478,Junio 2024,350,Pagado,9021
165479,Julio 2024,350,Pagado,9021
165480,Agosto 2024,350,Pagado,9021
165481,Setiembre 2024,350,Pagado,9021
165482,Octubre 2024,350,Pagado,9021
165483,Noviembre 2024,350,Pagado,9021
165484,Diciembre 2024,350,Pagado,9021
165485,Marzo 2024,350,Pagado,8990
165486,Abril 2024,350,Pagado,8990
165487,Mayo 2024,350,Pagado,8990
165488,Junio 2024,350,Pagado,8990
165489,Julio 2024,350,Pagado,8990
165490,Agosto 2024,350,Pagado,8990
165491,Setiembre 2024,350,Pagado,8990
165492,Octubre 2024,350,Pagado,8990
165493,Noviembre 2024,350,Pagado,8990
165494,Diciembre 2024,350,Pagado,8990
165495,Marzo 2024,350,Pagado,8966
165496,Abril 2024,350,Pagado,8966
165497,Mayo 2024,350,Pagado,8966
165498,Junio 2024,350,Pagado,8966
165499,Julio 2024,350,Pagado,8966
165500,Agosto 2024,350,Pagado,8966
165501,Setiembre 2024,350,Pagado,8966
165502,Octubre 2024,350,Pagado,8966
165503,Noviembre 2024,350,Pagado,8966
165504,Diciembre 2024,350,Pagado,8966
165505,Marzo 2024,350,Pagado,9200
165506,Abril 2024,350,Pagado,9200
165507,Mayo 2024,350,Pagado,9200
165508,Junio 2024,350,Pagado,9200
165509,Julio 2024,350,Pagado,9200
165510,Agosto 2024,350,Pagado,9200
165511,Setiembre 2024,350,Pagado,9200
165512,Octubre 2024,350,Pagado,9200
165513,Noviembre 2024,350,Pagado,9200
165514,Diciembre 2024,350,Pagado,9200
165515,Marzo 2024,350,Pagado,9283
165516,Abril 2024,350,Pagado,9283
165517,Mayo 2024,350,Pagado,9283
165518,Junio 2024,350,Pagado,9283
165519,Julio 2024,350,Pagado,9283
165520,Agosto 2024,350,Pagado,9283
165521,Setiembre 2024,350,Pagado,9283
165522,Octubre 2024,350,Pagado,9283
165523,Noviembre 2024,350,Pagado,9283
165524,Diciembre 2024,350,Pagado,9283
165525,Marzo 2024,350,Pagado,9114
165526,Abril 2024,350,Pagado,9114
165527,Mayo 2024,350,Pagado,9114
165528,Junio 2024,350,Pagado,9114
165529,Julio 2024,350,Pagado,9114
165530,Agosto 2024,350,Pagado,9114
165531,Setiembre 2024,350,Pagado,9114
165532,Octubre 2024,350,Pagado,9114
165533,Noviembre 2024,350,Pagado,9114
165534,Diciembre 2024,350,Pagado,9114
165535,Marzo 2024,350,Pagado,9245
165536,Abril 2024,350,Pagado,9245
165537,Mayo 2024,350,Pagado,9245
165538,Junio 2024,350,Pagado,9245
165539,Julio 2024,350,Pagado,9245
165540,Agosto 2024,350,Pagado,9245
165541,Setiembre 2024,350,Vencido,9245
165542,Octubre 2024,350,Pagado,9245
165543,Noviembre 2024,350,Pagado,9245
165544,Diciembre 2024,350,Pagado,9245
165545,Marzo 2024,350,Pagado,9058
165546,Abril 2024,350,Pagado,9058
165547,Mayo 2024,350,Pagado,9058
165548,Junio 2024,350,Pagado,9058
165549,Julio 2024,350,Pagado,9058
165550,Agosto 2024,350,Pagado,9058
165551,Setiembre 2024,350,Pagado,9058
165552,Octubre 2024,350,Pagado,9058
165553,Noviembre 2024,350,Pagado,9058
165554,Diciembre 2024,350,Pagado,9058
165555,Marzo 2024,350,Pagado,9124
165556,Abril 2024,350,Pagado,9124
165557,Mayo 2024,350,Pagado,9124
165558,Junio 2024,350,Pagado,9124
165559,Julio 2024,350,Pagado,9124
165560,Agosto 2024,350,Pagado,9124
165561,Setiembre 2024,350,Pagado,9124
165562,Octubre 2024,350,Pagado,9124
165563,Noviembre 2024,350,Pagado,9124
165564,Diciembre 2024,350,Pagado,9124
165565,Marzo 2024,350,Pagado,9276
165566,Abril 2024,350,Pagado,9276
165567,Mayo 2024,350,Pagado,9276
165568,Junio 2024,350,Pagado,9276
165569,Julio 2024,350,Pagado,9276
165570,Agosto 2024,350,Pagado,9276
165571,Setiembre 2024,350,Pagado,9276
165572,Octubre 2024,350,Pagado,9276
165573,Noviembre 2024,350,Pagado,9276
165574,Diciembre 2024,350,Pagado,9276
165575,Marzo 2024,350,Pagado,9077
165576,Abril 2024,350,Pagado,9077
165577,Mayo 2024,350,Pagado,9077
165578,Junio 2024,350,Pagado,9077
165579,Julio 2024,350,Pagado,9077
165580,Agosto 2024,350,Pagado,9077
165581,Setiembre 2024,350,Pagado,9077
165582,Octubre 2024,350,Pagado,9077
165583,Noviembre 2024,350,Pagado,9077
165584,Diciembre 2024,350,Pagado,9077
165585,Marzo 2024,350,Pagado,9139
165586,Abril 2024,350,Pagado,9139
165587,Mayo 2024,350,Pagado,9139
165588,Junio 2024,350,Vencido,9139
165589,Julio 2024,350,Pagado,9139
165590,Agosto 2024,350,Pagado,9139
165591,Setiembre 2024,350,Pagado,9139
165592,Octubre 2024,350,Pagado,9139
165593,Noviembre 2024,350,Pagado,9139
165594,Diciembre 2024,350,Pagado,9139
165595,Marzo 2024,350,Pagado,9238
165596,Abril 2024,350,Pagado,9238
165597,Mayo 2024,350,Pagado,9238
165598,Junio 2024,350,Pagado,9238
165599,Julio 2024,350,Pagado,9238
165600,Agosto 2024,350,Pagado,9238
165601,Setiembre 2024,350,Pagado,9238
165602,Octubre 2024,350,Pagado,9238
165603,Noviembre 2024,350,Pagado,9238
165604,Diciembre 2024,350,Pagado,9238
165605,Marzo 2024,350,Pagado,9057
165606,Abril 2024,350,Pagado,9057
165607,Mayo 2024,350,Pagado,9057
165608,Junio 2024,350,Pagado,9057
165609,Julio 2024,350,Pagado,9057
165610,Agosto 2024,350,Pagado,9057
165611,Setiembre 2024,350,Pagado,9057
165612,Octubre 2024,350,Pagado,9057
165613,Noviembre 2024,350,Pagado,9057
165614,Diciembre 2024,350,Pagado,9057
165615,Marzo 2024,350,Pagado,9043
165616,Abril 2024,350,Pagado,9043
165617,Mayo 2024,350,Pagado,9043
165618,Junio 2024,350,Pagado,9043
165619,Julio 2024,350,Pagado,9043
165620,Agosto 2024,350,Pagado,9043
165621,Setiembre 2024,350,Pagado,9043
165622,Octubre 2024,350,Pagado,9043
165623,Noviembre 2024,350,Pagado,9043
165624,Diciembre 2024,350,Pagado,9043
165625,Marzo 2024,350,Pagado,9061
165626,Abril 2024,350,Pagado,9061
165627,Mayo 2024,350,Pagado,9061
165628,Junio 2024,350,Pagado,9061
165629,Julio 2024,350,Pagado,9061
165630,Agosto 2024,350,Pagado,9061
165631,Setiembre 2024,350,Pagado,9061
165632,Octubre 2024,350,Pagado,9061
165633,Noviembre 2024,350,Pagado,9061
165634,Diciembre 2024,350,Pagado,9061
165635,Marzo 2024,350,Pagado,9338
165636,Abril 2024,350,Pagado,9338
165637,Mayo 2024,350,Pagado,9338
165638,Junio 2024,350,Pagado,9338
165639,Julio 2024,350,Pagado,9338
165640,Agosto 2024,350,Pagado,9338
165641,Setiembre 2024,350,Pagado,9338
165642,Octubre 2024,350,Pagado,9338
165643,Noviembre 2024,350,Pagado,9338
165644,Diciembre 2024,350,Pagado,9338
165645,Marzo 2024,350,Pagado,9037
165646,Abril 2024,350,Pagado,9037
165647,Mayo 2024,350,Pagado,9037
165648,Junio 2024,350,Pagado,9037
165649,Julio 2024,350,Pagado,9037
165650,Agosto 2024,350,Pagado,9037
165651,Setiembre 2024,350,Pagado,9037
165652,Octubre 2024,350,Pagado,9037
165653,Noviembre 2024,350,Pagado,9037
165654,Diciembre 2024,350,Pagado,9037
165655,Marzo 2024,350,Pagado,9290
165656,Abril 2024,350,Pagado,9290
165657,Mayo 2024,350,Pagado,9290
165658,Junio 2024,350,Pagado,9290
165659,Julio 2024,350,Pagado,9290
165660,Agosto 2024,350,Pagado,9290
165661,Setiembre 2024,350,Pagado,9290
165662,Octubre 2024,350,Pagado,9290
165663,Noviembre 2024,350,Pagado,9290
165664,Diciembre 2024,350,Pagado,9290
165665,Marzo 2024,350,Pagado,9076
165666,Abril 2024,350,Pagado,9076
165667,Mayo 2024,350,Pagado,9076
165668,Junio 2024,350,Pagado,9076
165669,Julio 2024,350,Pagado,9076
165670,Agosto 2024,350,Pagado,9076
165671,Setiembre 2024,350,Pagado,9076
165672,Octubre 2024,350,Pagado,9076
165673,Noviembre 2024,350,Pagado,9076
165674,Diciembre 2024,350,Pagado,9076
165675,Marzo 2024,350,Pagado,9189
165676,Abril 2024,350,Pagado,9189
165677,Mayo 2024,350,Pagado,9189
165678,Junio 2024,350,Pagado,9189
165679,Julio 2024,350,Pagado,9189
165680,Agosto 2024,350,Pagado,9189
165681,Setiembre 2024,350,Pagado,9189
165682,Octubre 2024,350,Pagado,9189
165683,Noviembre 2024,350,Pagado,9189
165684,Diciembre 2024,350,Pagado,9189
165685,Marzo 2024,350,Pagado,9199
165686,Abril 2024,350,Pagado,9199
165687,Mayo 2024,350,Pagado,9199
165688,Junio 2024,350,Pagado,9199
165689,Julio 2024,350,Pagado,9199
165690,Agosto 2024,350,Pagado,9199
165691,Setiembre 2024,350,Pagado,9199
165692,Octubre 2024,350,Pagado,9199
165693,Noviembre 2024,350,Pagado,9199
165694,Diciembre 2024,350,Pagado,9199
165695,Marzo 2024,350,Pagado,9218
165696,Abril 2024,350,Pagado,9218
165697,Mayo 2024,350,Pagado,9218
165698,Junio 2024,350,Pagado,9218
165699,Julio 2024,350,Pagado,9218
165700,Agosto 2024,350,Pagado,9218
165701,Setiembre 2024,350,Pagado,9218
165702,Octubre 2024,350,Pagado,9218
165703,Noviembre 2024,350,Pagado,9218
165704,Diciembre 2024,350,Pagado,9218
165705,Marzo 2024,350,Pagado,9074
165706,Abril 2024,350,Pagado,9074
165707,Mayo 2024,350,Pagado,9074
165708,Junio 2024,350,Pagado,9074
165709,Julio 2024,350,Pagado,9074
165710,Agosto 2024,350,Pagado,9074
165711,Setiembre 2024,350,Pagado,9074
165712,Octubre 2024,350,Pagado,9074
165713,Noviembre 2024,350,Pagado,9074
165714,Diciembre 2024,350,Pagado,9074
165715,Marzo 2024,350,Pagado,9068
165716,Abril 2024,350,Pagado,9068
165717,Mayo 2024,350,Pagado,9068
165718,Junio 2024,350,Pagado,9068
165719,Julio 2024,350,Pagado,9068
165720,Agosto 2024,350,Pagado,9068
165721,Setiembre 2024,350,Pagado,9068
165722,Octubre 2024,350,Pagado,9068
165723,Noviembre 2024,350,Pagado,9068
165724,Diciembre 2024,350,Pagado,9068
165725,Marzo 2024,350,Pagado,8953
165726,Abril 2024,350,Pagado,8953
165727,Mayo 2024,350,Vencido,8953
165728,Junio 2024,350,Pagado,8953
165729,Julio 2024,350,Pagado,8953
165730,Agosto 2024,350,Pagado,8953
165731,Setiembre 2024,350,Pagado,8953
165732,Octubre 2024,350,Pagado,8953
165733,Noviembre 2024,350,Pagado,8953
165734,Diciembre 2024,350,Pagado,8953
165735,Marzo 2024,350,Pagado,8989
165736,Abril 2024,350,Pagado,8989
165737,Mayo 2024,350,Pagado,8989
165738,Junio 2024,350,Pagado,8989
165739,Julio 2024,350,Pagado,8989
165740,Agosto 2024,350,Pagado,8989
165741,Setiembre 2024,350,Pagado,8989
165742,Octubre 2024,350,Vencido,8989
165743,Noviembre 2024,350,Pagado,8989
165744,Diciembre 2024,350,Pagado,8989
165745,Marzo 2024,350,Pagado,9291
165746,Abril 2024,350,Pagado,9291
165747,Mayo 2024,350,Pagado,9291
165748,Junio 2024,350,Pagado,9291
165749,Julio 2024,350,Pagado,9291
165750,Agosto 2024,350,Pagado,9291
165751,Setiembre 2024,350,Pagado,9291
165752,Octubre 2024,350,Pagado,9291
165753,Noviembre 2024,350,Pagado,9291
165754,Diciembre 2024,350,Pagado,9291
165755,Marzo 2024,350,Pagado,9271
165756,Abril 2024,350,Pagado,9271
165757,Mayo 2024,350,Pagado,9271
165758,Junio 2024,350,Pagado,9271
165759,Julio 2024,350,Pagado,9271
165760,Agosto 2024,350,Pagado,9271
165761,Setiembre 2024,350,Pagado,9271
165762,Octubre 2024,350,Pagado,9271
165763,Noviembre 2024,350,Pagado,9271
165764,Diciembre 2024,350,Pagado,9271
165765,Marzo 2024,350,Pagado,9277
165766,Abril 2024,350,Pagado,9277
165767,Mayo 2024,350,Pagado,9277
165768,Junio 2024,350,Pagado,9277
165769,Julio 2024,350,Pagado,9277
165770,Agosto 2024,350,Pagado,9277
165771,Setiembre 2024,350,Pagado,9277
165772,Octubre 2024,350,Pagado,9277
165773,Noviembre 2024,350,Pagado,9277
165774,Diciembre 2024,350,Pagado,9277
165775,Marzo 2024,350,Pagado,9163
165776,Abril 2024,350,Pagado,9163
165777,Mayo 2024,350,Pagado,9163
165778,Junio 2024,350,Pagado,9163
165779,Julio 2024,350,Pagado,9163
165780,Agosto 2024,350,Pagado,9163
165781,Setiembre 2024,350,Pagado,9163
165782,Octubre 2024,350,Pagado,9163
165783,Noviembre 2024,350,Pagado,9163
165784,Diciembre 2024,350,Pagado,9163
165785,Marzo 2024,350,Pagado,9285
165786,Abril 2024,350,Pagado,9285
165787,Mayo 2024,350,Pagado,9285
165788,Junio 2024,350,Pagado,9285
165789,Julio 2024,350,Pagado,9285
165790,Agosto 2024,350,Pagado,9285
165791,Setiembre 2024,350,Pagado,9285
165792,Octubre 2024,350,Pagado,9285
165793,Noviembre 2024,350,Pagado,9285
165794,Diciembre 2024,350,Pagado,9285
165795,Marzo 2024,350,Pagado,9224
165796,Abril 2024,350,Pagado,9224
165797,Mayo 2024,350,Pagado,9224
165798,Junio 2024,350,Pagado,9224
165799,Julio 2024,350,Pagado,9224
165800,Agosto 2024,350,Pagado,9224
165801,Setiembre 2024,350,Pagado,9224
165802,Octubre 2024,350,Pagado,9224
165803,Noviembre 2024,350,Pagado,9224
165804,Diciembre 2024,350,Pagado,9224
165805,Marzo 2024,350,Pagado,9066
165806,Abril 2024,350,Pagado,9066
165807,Mayo 2024,350,Pagado,9066
165808,Junio 2024,350,Pagado,9066
165809,Julio 2024,350,Pagado,9066
165810,Agosto 2024,350,Pagado,9066
165811,Setiembre 2024,350,Pagado,9066
165812,Octubre 2024,350,Pagado,9066
165813,Noviembre 2024,350,Pagado,9066
165814,Diciembre 2024,350,Pagado,9066
165815,Marzo 2024,350,Pagado,9069
165816,Abril 2024,350,Pagado,9069
165817,Mayo 2024,350,Pagado,9069
165818,Junio 2024,350,Pagado,9069
165819,Julio 2024,350,Pagado,9069
165820,Agosto 2024,350,Pagado,9069
165821,Setiembre 2024,350,Pagado,9069
165822,Octubre 2024,350,Pagado,9069
165823,Noviembre 2024,350,Pagado,9069
165824,Diciembre 2024,350,Pagado,9069
165825,Marzo 2024,350,Pagado,9160
165826,Abril 2024,350,Pagado,9160
165827,Mayo 2024,350,Pagado,9160
165828,Junio 2024,350,Pagado,9160
165829,Julio 2024,350,Pagado,9160
165830,Agosto 2024,350,Pagado,9160
165831,Setiembre 2024,350,Pagado,9160
165832,Octubre 2024,350,Pagado,9160
165833,Noviembre 2024,350,Pagado,9160
165834,Diciembre 2024,350,Pagado,9160
165835,Marzo 2024,350,Pagado,9325
165836,Abril 2024,350,Pagado,9325
165837,Mayo 2024,350,Pagado,9325
165838,Junio 2024,350,Vencido,9325
165839,Julio 2024,350,Pagado,9325
165840,Agosto 2024,350,Pagado,9325
165841,Setiembre 2024,350,Pagado,9325
165842,Octubre 2024,350,Pagado,9325
165843,Noviembre 2024,350,Pagado,9325
165844,Diciembre 2024,350,Pagado,9325
165845,Marzo 2024,350,Pagado,9155
165846,Abril 2024,350,Pagado,9155
165847,Mayo 2024,350,Vencido,9155
165848,Junio 2024,350,Pagado,9155
165849,Julio 2024,350,Pagado,9155
165850,Agosto 2024,350,Pagado,9155
165851,Setiembre 2024,350,Pagado,9155
165852,Octubre 2024,350,Pagado,9155
165853,Noviembre 2024,350,Pagado,9155
165854,Diciembre 2024,350,Pagado,9155
165855,Marzo 2024,350,Pagado,9214
165856,Abril 2024,350,Pagado,9214
165857,Mayo 2024,350,Pagado,9214
165858,Junio 2024,350,Pagado,9214
165859,Julio 2024,350,Pagado,9214
165860,Agosto 2024,350,Pagado,9214
165861,Setiembre 2024,350,Pagado,9214
165862,Octubre 2024,350,Pagado,9214
165863,Noviembre 2024,350,Pagado,9214
165864,Diciembre 2024,350,Pagado,9214
165865,Marzo 2024,350,Pagado,9219
165866,Abril 2024,350,Pagado,9219
165867,Mayo 2024,350,Pagado,9219
165868,Junio 2024,350,Pagado,9219
165869,Julio 2024,350,Pagado,9219
165870,Agosto 2024,350,Pagado,9219
165871,Setiembre 2024,350,Pagado,9219
165872,Octubre 2024,350,Pagado,9219
165873,Noviembre 2024,350,Pagado,9219
165874,Diciembre 2024,350,Pagado,9219
165875,Marzo 2024,350,Pagado,8949
165876,Abril 2024,350,Pagado,8949
165877,Mayo 2024,350,Pagado,8949
165878,Junio 2024,350,Pagado,8949
165879,Julio 2024,350,Pagado,8949
165880,Agosto 2024,350,Vencido,8949
165881,Setiembre 2024,350,Pagado,8949
165882,Octubre 2024,350,Pagado,8949
165883,Noviembre 2024,350,Pagado,8949
165884,Diciembre 2024,350,Pagado,8949
165885,Marzo 2024,350,Pagado,9305
165886,Abril 2024,350,Pagado,9305
165887,Mayo 2024,350,Pagado,9305
165888,Junio 2024,350,Pagado,9305
165889,Julio 2024,350,Pagado,9305
165890,Agosto 2024,350,Pagado,9305
165891,Setiembre 2024,350,Pagado,9305
165892,Octubre 2024,350,Pagado,9305
165893,Noviembre 2024,350,Pagado,9305
165894,Diciembre 2024,350,Pagado,9305
165895,Marzo 2024,350,Pagado,9194
165896,Abril 2024,350,Pagado,9194
165897,Mayo 2024,350,Pagado,9194
165898,Junio 2024,350,Pagado,9194
165899,Julio 2024,350,Pagado,9194
165900,Agosto 2024,350,Pagado,9194
165901,Setiembre 2024,350,Pagado,9194
165902,Octubre 2024,350,Pagado,9194
165903,Noviembre 2024,350,Pagado,9194
165904,Diciembre 2024,350,Pagado,9194
165905,Marzo 2024,350,Pagado,9228
165906,Abril 2024,350,Pagado,9228
165907,Mayo 2024,350,Pagado,9228
165908,Junio 2024,350,Pagado,9228
165909,Julio 2024,350,Pagado,9228
165910,Agosto 2024,350,Pagado,9228
165911,Setiembre 2024,350,Pagado,9228
165912,Octubre 2024,350,Pagado,9228
165913,Noviembre 2024,350,Pagado,9228
165914,Diciembre 2024,350,Pagado,9228
165915,Marzo 2024,350,Pagado,9225
165916,Abril 2024,350,Pagado,9225
165917,Mayo 2024,350,Pagado,9225
165918,Junio 2024,350,Pagado,9225
165919,Julio 2024,350,Pagado,9225
165920,Agosto 2024,350,Pagado,9225
165921,Setiembre 2024,350,Pagado,9225
165922,Octubre 2024,350,Pagado,9225
165923,Noviembre 2024,350,Pagado,9225
165924,Diciembre 2024,350,Pagado,9225
165925,Marzo 2024,350,Pagado,9299
165926,Abril 2024,350,Pagado,9299
165927,Mayo 2024,350,Pagado,9299
165928,Junio 2024,350,Pagado,9299
165929,Julio 2024,350,Pagado,9299
165930,Agosto 2024,350,Pagado,9299
165931,Setiembre 2024,350,Pagado,9299
165932,Octubre 2024,350,Vencido,9299
165933,Noviembre 2024,350,Pagado,9299
165934,Diciembre 2024,350,Pagado,9299
165935,Marzo 2024,350,Pagado,9092
165936,Abril 2024,350,Pagado,9092
165937,Mayo 2024,350,Pagado,9092
165938,Junio 2024,350,Pagado,9092
165939,Julio 2024,350,Vencido,9092
165940,Agosto 2024,350,Pagado,9092
165941,Setiembre 2024,350,Pagado,9092
165942,Octubre 2024,350,Pagado,9092
165943,Noviembre 2024,350,Pagado,9092
165944,Diciembre 2024,350,Pagado,9092
165945,Marzo 2024,350,Pagado,9234
165946,Abril 2024,350,Pagado,9234
165947,Mayo 2024,350,Pagado,9234
165948,Junio 2024,350,Pagado,9234
165949,Julio 2024,350,Pagado,9234
165950,Agosto 2024,350,Pagado,9234
165951,Setiembre 2024,350,Pagado,9234
165952,Octubre 2024,350,Pagado,9234
165953,Noviembre 2024,350,Pagado,9234
165954,Diciembre 2024,350,Pagado,9234
165955,Marzo 2024,350,Pagado,9319
165956,Abril 2024,350,Pagado,9319
165957,Mayo 2024,350,Pagado,9319
165958,Junio 2024,350,Pagado,9319
165959,Julio 2024,350,Pagado,9319
165960,Agosto 2024,350,Pagado,9319
165961,Setiembre 2024,350,Pagado,9319
165962,Octubre 2024,350,Pagado,9319
165963,Noviembre 2024,350,Pagado,9319
165964,Diciembre 2024,350,Pagado,9319
165965,Marzo 2024,350,Pagado,9130
165966,Abril 2024,350,Pagado,9130
165967,Mayo 2024,350,Pagado,9130
165968,Junio 2024,350,Pagado,9130
165969,Julio 2024,350,Pagado,9130
165970,Agosto 2024,350,Pagado,9130
165971,Setiembre 2024,350,Pagado,9130
165972,Octubre 2024,350,Pagado,9130
165973,Noviembre 2024,350,Pagado,9130
165974,Diciembre 2024,350,Pagado,9130
165975,Marzo 2024,350,Pagado,9054
165976,Abril 2024,350,Pagado,9054
165977,Mayo 2024,350,Pagado,9054
165978,Junio 2024,350,Pagado,9054
165979,Julio 2024,350,Pagado,9054
165980,Agosto 2024,350,Pagado,9054
165981,Setiembre 2024,350,Pagado,9054
165982,Octubre 2024,350,Pagado,9054
165983,Noviembre 2024,350,Pagado,9054
165984,Diciembre 2024,350,Pagado,9054
165985,Marzo 2024,350,Pagado,9111
165986,Abril 2024,350,Pagado,9111
165987,Mayo 2024,350,Pagado,9111
165988,Junio 2024,350,Pagado,9111
165989,Julio 2024,350,Pagado,9111
165990,Agosto 2024,350,Pagado,9111
165991,Setiembre 2024,350,Pagado,9111
165992,Octubre 2024,350,Pagado,9111
165993,Noviembre 2024,350,Pagado,9111
165994,Diciembre 2024,350,Pagado,9111
165995,Marzo 2024,350,Pagado,9268
165996,Abril 2024,350,Pagado,9268
165997,Mayo 2024,350,Pagado,9268
165998,Junio 2024,350,Pagado,9268
165999,Julio 2024,350,Pagado,9268
166000,Agosto 2024,350,Pagado,9268
166001,Setiembre 2024,350,Pagado,9268
166002,Octubre 2024,350,Pagado,9268
166003,Noviembre 2024,350,Pagado,9268
166004,Diciembre 2024,350,Pagado,9268
166005,Marzo 2024,350,Pagado,9284
166006,Abril 2024,350,Pagado,9284
166007,Mayo 2024,350,Pagado,9284
166008,Junio 2024,350,Pagado,9284
166009,Julio 2024,350,Pagado,9284
166010,Agosto 2024,350,Pagado,9284
166011,Setiembre 2024,350,Pagado,9284
166012,Octubre 2024,350,Pagado,9284
166013,Noviembre 2024,350,Pagado,9284
166014,Diciembre 2024,350,Pagado,9284
166015,Marzo 2024,350,Pagado,8981
166016,Abril 2024,350,Pagado,8981
166017,Mayo 2024,350,Pagado,8981
166018,Junio 2024,350,Pagado,8981
166019,Julio 2024,350,Pagado,8981
166020,Agosto 2024,350,Pagado,8981
166021,Setiembre 2024,350,Pagado,8981
166022,Octubre 2024,350,Pagado,8981
166023,Noviembre 2024,350,Pagado,8981
166024,Diciembre 2024,350,Pagado,8981
166025,Marzo 2024,350,Pagado,9156
166026,Abril 2024,350,Pagado,9156
166027,Mayo 2024,350,Pagado,9156
166028,Junio 2024,350,Pagado,9156
166029,Julio 2024,350,Pagado,9156
166030,Agosto 2024,350,Pagado,9156
166031,Setiembre 2024,350,Pagado,9156
166032,Octubre 2024,350,Pagado,9156
166033,Noviembre 2024,350,Pagado,9156
166034,Diciembre 2024,350,Pagado,9156
166035,Marzo 2024,350,Pagado,9046
166036,Abril 2024,350,Pagado,9046
166037,Mayo 2024,350,Pagado,9046
166038,Junio 2024,350,Pagado,9046
166039,Julio 2024,350,Pagado,9046
166040,Agosto 2024,350,Pagado,9046
166041,Setiembre 2024,350,Pagado,9046
166042,Octubre 2024,350,Pagado,9046
166043,Noviembre 2024,350,Pagado,9046
166044,Diciembre 2024,350,Vencido,9046
166045,Marzo 2024,350,Pagado,9031
166046,Abril 2024,350,Pagado,9031
166047,Mayo 2024,350,Pagado,9031
166048,Junio 2024,350,Pagado,9031
166049,Julio 2024,350,Pagado,9031
166050,Agosto 2024,350,Pagado,9031
166051,Setiembre 2024,350,Pagado,9031
166052,Octubre 2024,350,Pagado,9031
166053,Noviembre 2024,350,Pagado,9031
166054,Diciembre 2024,350,Pagado,9031
166055,Marzo 2024,350,Vencido,9243
166056,Abril 2024,350,Vencido,9243
166057,Mayo 2024,350,Pagado,9243
166058,Junio 2024,350,Pagado,9243
166059,Julio 2024,350,Pagado,9243
166060,Agosto 2024,350,Pagado,9243
166061,Setiembre 2024,350,Pagado,9243
166062,Octubre 2024,350,Pagado,9243
166063,Noviembre 2024,350,Pagado,9243
166064,Diciembre 2024,350,Pagado,9243
166065,Marzo 2024,350,Pagado,9241
166066,Abril 2024,350,Pagado,9241
166067,Mayo 2024,350,Pagado,9241
166068,Junio 2024,350,Pagado,9241
166069,Julio 2024,350,Pagado,9241
166070,Agosto 2024,350,Pagado,9241
166071,Setiembre 2024,350,Pagado,9241
166072,Octubre 2024,350,Pagado,9241
166073,Noviembre 2024,350,Pagado,9241
166074,Diciembre 2024,350,Pagado,9241
166075,Marzo 2024,350,Pagado,8964
166076,Abril 2024,350,Pagado,8964
166077,Mayo 2024,350,Pagado,8964
166078,Junio 2024,350,Pagado,8964
166079,Julio 2024,350,Pagado,8964
166080,Agosto 2024,350,Pagado,8964
166081,Setiembre 2024,350,Pagado,8964
166082,Octubre 2024,350,Pagado,8964
166083,Noviembre 2024,350,Pagado,8964
166084,Diciembre 2024,350,Pagado,8964
166085,Marzo 2024,350,Pagado,9071
166086,Abril 2024,350,Pagado,9071
166087,Mayo 2024,350,Pagado,9071
166088,Junio 2024,350,Pagado,9071
166089,Julio 2024,350,Pagado,9071
166090,Agosto 2024,350,Pagado,9071
166091,Setiembre 2024,350,Pagado,9071
166092,Octubre 2024,350,Pagado,9071
166093,Noviembre 2024,350,Pagado,9071
166094,Diciembre 2024,350,Pagado,9071
166095,Marzo 2024,350,Pagado,9019
166096,Abril 2024,350,Pagado,9019
166097,Mayo 2024,350,Pagado,9019
166098,Junio 2024,350,Pagado,9019
166099,Julio 2024,350,Pagado,9019
166100,Agosto 2024,350,Pagado,9019
166101,Setiembre 2024,350,Pagado,9019
166102,Octubre 2024,350,Pagado,9019
166103,Noviembre 2024,350,Pagado,9019
166104,Diciembre 2024,350,Pagado,9019
166105,Marzo 2024,350,Pagado,9035
166106,Abril 2024,350,Pagado,9035
166107,Mayo 2024,350,Pagado,9035
166108,Junio 2024,350,Pagado,9035
166109,Julio 2024,350,Pagado,9035
166110,Agosto 2024,350,Pagado,9035
166111,Setiembre 2024,350,Pagado,9035
166112,Octubre 2024,350,Pagado,9035
166113,Noviembre 2024,350,Pagado,9035
166114,Diciembre 2024,350,Pagado,9035
166115,Marzo 2024,350,Pagado,9175
166116,Abril 2024,350,Pagado,9175
166117,Mayo 2024,350,Pagado,9175
166118,Junio 2024,350,Pagado,9175
166119,Julio 2024,350,Pagado,9175
166120,Agosto 2024,350,Pagado,9175
166121,Setiembre 2024,350,Pagado,9175
166122,Octubre 2024,350,Pagado,9175
166123,Noviembre 2024,350,Pagado,9175
166124,Diciembre 2024,350,Pagado,9175
166125,Marzo 2024,350,Pagado,9242
166126,Abril 2024,350,Pagado,9242
166127,Mayo 2024,350,Pagado,9242
166128,Junio 2024,350,Pagado,9242
166129,Julio 2024,350,Pagado,9242
166130,Agosto 2024,350,Pagado,9242
166131,Setiembre 2024,350,Pagado,9242
166132,Octubre 2024,350,Pagado,9242
166133,Noviembre 2024,350,Pagado,9242
166134,Diciembre 2024,350,Pagado,9242
166135,Marzo 2024,420,Pagado,9121
166136,Abril 2024,420,Pagado,9121
166137,Mayo 2024,420,Pagado,9121
166138,Junio 2024,420,Pagado,9121
166139,Julio 2024,420,Pagado,9121
166140,Agosto 2024,420,Pagado,9121
166141,Setiembre 2024,420,Pagado,9121
166142,Octubre 2024,420,Pagado,9121
166143,Noviembre 2024,420,Pagado,9121
166144,Diciembre 2024,420,Pagado,9121
166145,Marzo 2024,420,Pagado,9095
166146,Abril 2024,420,Vencido,9095
166147,Mayo 2024,420,Pagado,9095
166148,Junio 2024,420,Pagado,9095
166149,Julio 2024,420,Pagado,9095
166150,Agosto 2024,420,Pagado,9095
166151,Setiembre 2024,420,Pagado,9095
166152,Octubre 2024,420,Pagado,9095
166153,Noviembre 2024,420,Pagado,9095
166154,Diciembre 2024,420,Pagado,9095
166155,Marzo 2024,420,Pagado,9266
166156,Abril 2024,420,Pagado,9266
166157,Mayo 2024,420,Vencido,9266
166158,Junio 2024,420,Pagado,9266
166159,Julio 2024,420,Pagado,9266
166160,Agosto 2024,420,Pagado,9266
166161,Setiembre 2024,420,Pagado,9266
166162,Octubre 2024,420,Vencido,9266
166163,Noviembre 2024,420,Pagado,9266
166164,Diciembre 2024,420,Pagado,9266
166165,Marzo 2024,420,Pagado,9006
166166,Abril 2024,420,Pagado,9006
166167,Mayo 2024,420,Pagado,9006
166168,Junio 2024,420,Pagado,9006
166169,Julio 2024,420,Pagado,9006
166170,Agosto 2024,420,Pagado,9006
166171,Setiembre 2024,420,Pagado,9006
166172,Octubre 2024,420,Pagado,9006
166173,Noviembre 2024,420,Pagado,9006
166174,Diciembre 2024,420,Pagado,9006
166175,Marzo 2024,420,Pagado,8962
166176,Abril 2024,420,Pagado,8962
166177,Mayo 2024,420,Pagado,8962
166178,Junio 2024,420,Pagado,8962
166179,Julio 2024,420,Pagado,8962
166180,Agosto 2024,420,Pagado,8962
166181,Setiembre 2024,420,Pagado,8962
166182,Octubre 2024,420,Pagado,8962
166183,Noviembre 2024,420,Pagado,8962
166184,Diciembre 2024,420,Pagado,8962
166185,Marzo 2024,420,Pagado,9181
166186,Abril 2024,420,Pagado,9181
166187,Mayo 2024,420,Pagado,9181
166188,Junio 2024,420,Pagado,9181
166189,Julio 2024,420,Pagado,9181
166190,Agosto 2024,420,Pagado,9181
166191,Setiembre 2024,420,Pagado,9181
166192,Octubre 2024,420,Pagado,9181
166193,Noviembre 2024,420,Pagado,9181
166194,Diciembre 2024,420,Pagado,9181
166195,Marzo 2024,420,Pagado,9231
166196,Abril 2024,420,Pagado,9231
166197,Mayo 2024,420,Pagado,9231
166198,Junio 2024,420,Pagado,9231
166199,Julio 2024,420,Pagado,9231
166200,Agosto 2024,420,Pagado,9231
166201,Setiembre 2024,420,Pagado,9231
166202,Octubre 2024,420,Pagado,9231
166203,Noviembre 2024,420,Pagado,9231
166204,Diciembre 2024,420,Pagado,9231
166205,Marzo 2024,420,Vencido,9174
166206,Abril 2024,420,Pagado,9174
166207,Mayo 2024,420,Pagado,9174
166208,Junio 2024,420,Pagado,9174
166209,Julio 2024,420,Pagado,9174
166210,Agosto 2024,420,Pagado,9174
166211,Setiembre 2024,420,Pagado,9174
166212,Octubre 2024,420,Pagado,9174
166213,Noviembre 2024,420,Vencido,9174
166214,Diciembre 2024,420,Pagado,9174
166215,Marzo 2024,420,Pagado,9310
166216,Abril 2024,420,Pagado,9310
166217,Mayo 2024,420,Pagado,9310
166218,Junio 2024,420,Pagado,9310
166219,Julio 2024,420,Pagado,9310
166220,Agosto 2024,420,Pagado,9310
166221,Setiembre 2024,420,Pagado,9310
166222,Octubre 2024,420,Pagado,9310
166223,Noviembre 2024,420,Pagado,9310
166224,Diciembre 2024,420,Pagado,9310
166225,Marzo 2024,420,Pagado,9340
166226,Abril 2024,420,Pagado,9340
166227,Mayo 2024,420,Pagado,9340
166228,Junio 2024,420,Pagado,9340
166229,Julio 2024,420,Pagado,9340
166230,Agosto 2024,420,Pagado,9340
166231,Setiembre 2024,420,Pagado,9340
166232,Octubre 2024,420,Pagado,9340
166233,Noviembre 2024,420,Pagado,9340
166234,Diciembre 2024,420,Pagado,9340
166235,Marzo 2024,420,Pagado,9226
166236,Abril 2024,420,Pagado,9226
166237,Mayo 2024,420,Pagado,9226
166238,Junio 2024,420,Pagado,9226
166239,Julio 2024,420,Pagado,9226
166240,Agosto 2024,420,Pagado,9226
166241,Setiembre 2024,420,Pagado,9226
166242,Octubre 2024,420,Pagado,9226
166243,Noviembre 2024,420,Pagado,9226
166244,Diciembre 2024,420,Pagado,9226
166245,Marzo 2024,420,Pagado,9330
166246,Abril 2024,420,Pagado,9330
166247,Mayo 2024,420,Pagado,9330
166248,Junio 2024,420,Pagado,9330
166249,Julio 2024,420,Pagado,9330
166250,Agosto 2024,420,Pagado,9330
166251,Setiembre 2024,420,Pagado,9330
166252,Octubre 2024,420,Pagado,9330
166253,Noviembre 2024,420,Pagado,9330
166254,Diciembre 2024,420,Pagado,9330
166255,Marzo 2024,420,Pagado,8965
166256,Abril 2024,420,Pagado,8965
166257,Mayo 2024,420,Pagado,8965
166258,Junio 2024,420,Pagado,8965
166259,Julio 2024,420,Pagado,8965
166260,Agosto 2024,420,Pagado,8965
166261,Setiembre 2024,420,Pagado,8965
166262,Octubre 2024,420,Pagado,8965
166263,Noviembre 2024,420,Pagado,8965
166264,Diciembre 2024,420,Pagado,8965
166265,Marzo 2024,420,Pagado,9004
166266,Abril 2024,420,Pagado,9004
166267,Mayo 2024,420,Pagado,9004
166268,Junio 2024,420,Pagado,9004
166269,Julio 2024,420,Pagado,9004
166270,Agosto 2024,420,Pagado,9004
166271,Setiembre 2024,420,Pagado,9004
166272,Octubre 2024,420,Pagado,9004
166273,Noviembre 2024,420,Pagado,9004
166274,Diciembre 2024,420,Pagado,9004
166275,Marzo 2024,420,Pagado,9137
166276,Abril 2024,420,Pagado,9137
166277,Mayo 2024,420,Pagado,9137
166278,Junio 2024,420,Pagado,9137
166279,Julio 2024,420,Pagado,9137
166280,Agosto 2024,420,Pagado,9137
166281,Setiembre 2024,420,Pagado,9137
166282,Octubre 2024,420,Pagado,9137
166283,Noviembre 2024,420,Pagado,9137
166284,Diciembre 2024,420,Pagado,9137
166285,Marzo 2024,420,Pagado,9216
166286,Abril 2024,420,Pagado,9216
166287,Mayo 2024,420,Pagado,9216
166288,Junio 2024,420,Pagado,9216
166289,Julio 2024,420,Pagado,9216
166290,Agosto 2024,420,Pagado,9216
166291,Setiembre 2024,420,Pagado,9216
166292,Octubre 2024,420,Pagado,9216
166293,Noviembre 2024,420,Pagado,9216
166294,Diciembre 2024,420,Pagado,9216
166295,Marzo 2024,420,Pagado,9100
166296,Abril 2024,420,Pagado,9100
166297,Mayo 2024,420,Pagado,9100
166298,Junio 2024,420,Pagado,9100
166299,Julio 2024,420,Pagado,9100
166300,Agosto 2024,420,Pagado,9100
166301,Setiembre 2024,420,Pagado,9100
166302,Octubre 2024,420,Pagado,9100
166303,Noviembre 2024,420,Pagado,9100
166304,Diciembre 2024,420,Pagado,9100
166305,Marzo 2024,420,Pagado,9223
166306,Abril 2024,420,Pagado,9223
166307,Mayo 2024,420,Pagado,9223
166308,Junio 2024,420,Pagado,9223
166309,Julio 2024,420,Pagado,9223
166310,Agosto 2024,420,Pagado,9223
166311,Setiembre 2024,420,Pagado,9223
166312,Octubre 2024,420,Pagado,9223
166313,Noviembre 2024,420,Pagado,9223
166314,Diciembre 2024,420,Pagado,9223
166315,Marzo 2024,420,Pagado,9183
166316,Abril 2024,420,Pagado,9183
166317,Mayo 2024,420,Pagado,9183
166318,Junio 2024,420,Pagado,9183
166319,Julio 2024,420,Pagado,9183
166320,Agosto 2024,420,Pagado,9183
166321,Setiembre 2024,420,Pagado,9183
166322,Octubre 2024,420,Pagado,9183
166323,Noviembre 2024,420,Pagado,9183
166324,Diciembre 2024,420,Pagado,9183
166325,Marzo 2024,420,Pagado,9044
166326,Abril 2024,420,Pagado,9044
166327,Mayo 2024,420,Pagado,9044
166328,Junio 2024,420,Pagado,9044
166329,Julio 2024,420,Pagado,9044
166330,Agosto 2024,420,Pagado,9044
166331,Setiembre 2024,420,Pagado,9044
166332,Octubre 2024,420,Pagado,9044
166333,Noviembre 2024,420,Vencido,9044
166334,Diciembre 2024,420,Pagado,9044
166335,Marzo 2024,420,Pagado,9303
166336,Abril 2024,420,Pagado,9303
166337,Mayo 2024,420,Pagado,9303
166338,Junio 2024,420,Pagado,9303
166339,Julio 2024,420,Pagado,9303
166340,Agosto 2024,420,Pagado,9303
166341,Setiembre 2024,420,Pagado,9303
166342,Octubre 2024,420,Pagado,9303
166343,Noviembre 2024,420,Pagado,9303
166344,Diciembre 2024,420,Pagado,9303
166345,Marzo 2024,420,Pagado,9038
166346,Abril 2024,420,Pagado,9038
166347,Mayo 2024,420,Pagado,9038
166348,Junio 2024,420,Pagado,9038
166349,Julio 2024,420,Pagado,9038
166350,Agosto 2024,420,Pagado,9038
166351,Setiembre 2024,420,Pagado,9038
166352,Octubre 2024,420,Pagado,9038
166353,Noviembre 2024,420,Pagado,9038
166354,Diciembre 2024,420,Pagado,9038
166355,Marzo 2024,420,Pagado,9294
166356,Abril 2024,420,Pagado,9294
166357,Mayo 2024,420,Pagado,9294
166358,Junio 2024,420,Pagado,9294
166359,Julio 2024,420,Pagado,9294
166360,Agosto 2024,420,Pagado,9294
166361,Setiembre 2024,420,Pagado,9294
166362,Octubre 2024,420,Pagado,9294
166363,Noviembre 2024,420,Pagado,9294
166364,Diciembre 2024,420,Pagado,9294
166365,Marzo 2024,420,Pagado,9133
166366,Abril 2024,420,Pagado,9133
166367,Mayo 2024,420,Pagado,9133
166368,Junio 2024,420,Pagado,9133
166369,Julio 2024,420,Pagado,9133
166370,Agosto 2024,420,Pagado,9133
166371,Setiembre 2024,420,Pagado,9133
166372,Octubre 2024,420,Pagado,9133
166373,Noviembre 2024,420,Pagado,9133
166374,Diciembre 2024,420,Pagado,9133
166375,Marzo 2024,420,Pagado,9008
166376,Abril 2024,420,Pagado,9008
166377,Mayo 2024,420,Pagado,9008
166378,Junio 2024,420,Pagado,9008
166379,Julio 2024,420,Pagado,9008
166380,Agosto 2024,420,Pagado,9008
166381,Setiembre 2024,420,Pagado,9008
166382,Octubre 2024,420,Pagado,9008
166383,Noviembre 2024,420,Pagado,9008
166384,Diciembre 2024,420,Pagado,9008
166385,Marzo 2024,420,Pagado,8942
166386,Abril 2024,420,Pagado,8942
166387,Mayo 2024,420,Pagado,8942
166388,Junio 2024,420,Pagado,8942
166389,Julio 2024,420,Pagado,8942
166390,Agosto 2024,420,Pagado,8942
166391,Setiembre 2024,420,Pagado,8942
166392,Octubre 2024,420,Pagado,8942
166393,Noviembre 2024,420,Pagado,8942
166394,Diciembre 2024,420,Pagado,8942
166395,Marzo 2024,420,Pagado,8954
166396,Abril 2024,420,Pagado,8954
166397,Mayo 2024,420,Pagado,8954
166398,Junio 2024,420,Pagado,8954
166399,Julio 2024,420,Pagado,8954
166400,Agosto 2024,420,Pagado,8954
166401,Setiembre 2024,420,Pagado,8954
166402,Octubre 2024,420,Pagado,8954
166403,Noviembre 2024,420,Pagado,8954
166404,Diciembre 2024,420,Pagado,8954
166405,Marzo 2024,420,Pagado,9067
166406,Abril 2024,420,Pagado,9067
166407,Mayo 2024,420,Pagado,9067
166408,Junio 2024,420,Pagado,9067
166409,Julio 2024,420,Pagado,9067
166410,Agosto 2024,420,Pagado,9067
166411,Setiembre 2024,420,Pagado,9067
166412,Octubre 2024,420,Pagado,9067
166413,Noviembre 2024,420,Pagado,9067
166414,Diciembre 2024,420,Pagado,9067
166415,Marzo 2024,420,Pagado,9099
166416,Abril 2024,420,Pagado,9099
166417,Mayo 2024,420,Pagado,9099
166418,Junio 2024,420,Pagado,9099
166419,Julio 2024,420,Pagado,9099
166420,Agosto 2024,420,Pagado,9099
166421,Setiembre 2024,420,Pagado,9099
166422,Octubre 2024,420,Pagado,9099
166423,Noviembre 2024,420,Pagado,9099
166424,Diciembre 2024,420,Pagado,9099
166425,Marzo 2024,420,Pagado,8973
166426,Abril 2024,420,Pagado,8973
166427,Mayo 2024,420,Pagado,8973
166428,Junio 2024,420,Pagado,8973
166429,Julio 2024,420,Pagado,8973
166430,Agosto 2024,420,Pagado,8973
166431,Setiembre 2024,420,Pagado,8973
166432,Octubre 2024,420,Pagado,8973
166433,Noviembre 2024,420,Pagado,8973
166434,Diciembre 2024,420,Pagado,8973
166435,Marzo 2024,420,Pagado,9022
166436,Abril 2024,420,Pagado,9022
166437,Mayo 2024,420,Pagado,9022
166438,Junio 2024,420,Pagado,9022
166439,Julio 2024,420,Pagado,9022
166440,Agosto 2024,420,Pagado,9022
166441,Setiembre 2024,420,Pagado,9022
166442,Octubre 2024,420,Pagado,9022
166443,Noviembre 2024,420,Pagado,9022
166444,Diciembre 2024,420,Pagado,9022
166445,Marzo 2024,420,Pagado,9112
166446,Abril 2024,420,Pagado,9112
166447,Mayo 2024,420,Pagado,9112
166448,Junio 2024,420,Pagado,9112
166449,Julio 2024,420,Pagado,9112
166450,Agosto 2024,420,Pagado,9112
166451,Setiembre 2024,420,Pagado,9112
166452,Octubre 2024,420,Pagado,9112
166453,Noviembre 2024,420,Pagado,9112
166454,Diciembre 2024,420,Pagado,9112
166455,Marzo 2024,420,Pagado,9328
166456,Abril 2024,420,Pagado,9328
166457,Mayo 2024,420,Pagado,9328
166458,Junio 2024,420,Pagado,9328
166459,Julio 2024,420,Pagado,9328
166460,Agosto 2024,420,Pagado,9328
166461,Setiembre 2024,420,Pagado,9328
166462,Octubre 2024,420,Pagado,9328
166463,Noviembre 2024,420,Pagado,9328
166464,Diciembre 2024,420,Pagado,9328
166465,Marzo 2024,420,Pagado,9143
166466,Abril 2024,420,Pagado,9143
166467,Mayo 2024,420,Pagado,9143
166468,Junio 2024,420,Pagado,9143
166469,Julio 2024,420,Pagado,9143
166470,Agosto 2024,420,Pagado,9143
166471,Setiembre 2024,420,Pagado,9143
166472,Octubre 2024,420,Pagado,9143
166473,Noviembre 2024,420,Pagado,9143
166474,Diciembre 2024,420,Pagado,9143
166475,Marzo 2024,420,Pagado,8993
166476,Abril 2024,420,Pagado,8993
166477,Mayo 2024,420,Pagado,8993
166478,Junio 2024,420,Pagado,8993
166479,Julio 2024,420,Pagado,8993
166480,Agosto 2024,420,Pagado,8993
166481,Setiembre 2024,420,Pagado,8993
166482,Octubre 2024,420,Pagado,8993
166483,Noviembre 2024,420,Pagado,8993
166484,Diciembre 2024,420,Pagado,8993
166485,Marzo 2024,420,Pagado,9166
166486,Abril 2024,420,Pagado,9166
166487,Mayo 2024,420,Pagado,9166
166488,Junio 2024,420,Pagado,9166
166489,Julio 2024,420,Pagado,9166
166490,Agosto 2024,420,Pagado,9166
166491,Setiembre 2024,420,Pagado,9166
166492,Octubre 2024,420,Pagado,9166
166493,Noviembre 2024,420,Pagado,9166
166494,Diciembre 2024,420,Pagado,9166
166495,Marzo 2024,420,Pagado,9065
166496,Abril 2024,420,Pagado,9065
166497,Mayo 2024,420,Pagado,9065
166498,Junio 2024,420,Pagado,9065
166499,Julio 2024,420,Pagado,9065
166500,Agosto 2024,420,Pagado,9065
166501,Setiembre 2024,420,Pagado,9065
166502,Octubre 2024,420,Pagado,9065
166503,Noviembre 2024,420,Pagado,9065
166504,Diciembre 2024,420,Pagado,9065
166505,Marzo 2024,420,Pagado,9333
166506,Abril 2024,420,Pagado,9333
166507,Mayo 2024,420,Pagado,9333
166508,Junio 2024,420,Pagado,9333
166509,Julio 2024,420,Pagado,9333
166510,Agosto 2024,420,Pagado,9333
166511,Setiembre 2024,420,Pagado,9333
166512,Octubre 2024,420,Pagado,9333
166513,Noviembre 2024,420,Pagado,9333
166514,Diciembre 2024,420,Pagado,9333
166515,Marzo 2024,420,Vencido,9120
166516,Abril 2024,420,Pagado,9120
166517,Mayo 2024,420,Pagado,9120
166518,Junio 2024,420,Pagado,9120
166519,Julio 2024,420,Pagado,9120
166520,Agosto 2024,420,Pagado,9120
166521,Setiembre 2024,420,Pagado,9120
166522,Octubre 2024,420,Pagado,9120
166523,Noviembre 2024,420,Pagado,9120
166524,Diciembre 2024,420,Pagado,9120
166525,Marzo 2024,420,Pagado,8947
166526,Abril 2024,420,Pagado,8947
166527,Mayo 2024,420,Pagado,8947
166528,Junio 2024,420,Pagado,8947
166529,Julio 2024,420,Pagado,8947
166530,Agosto 2024,420,Pagado,8947
166531,Setiembre 2024,420,Pagado,8947
166532,Octubre 2024,420,Pagado,8947
166533,Noviembre 2024,420,Pagado,8947
166534,Diciembre 2024,420,Pagado,8947
166535,Marzo 2024,420,Pagado,9215
166536,Abril 2024,420,Pagado,9215
166537,Mayo 2024,420,Pagado,9215
166538,Junio 2024,420,Pagado,9215
166539,Julio 2024,420,Pagado,9215
166540,Agosto 2024,420,Pagado,9215
166541,Setiembre 2024,420,Pagado,9215
166542,Octubre 2024,420,Pagado,9215
166543,Noviembre 2024,420,Pagado,9215
166544,Diciembre 2024,420,Pagado,9215
166545,Marzo 2024,420,Pagado,8950
166546,Abril 2024,420,Pagado,8950
166547,Mayo 2024,420,Pagado,8950
166548,Junio 2024,420,Pagado,8950
166549,Julio 2024,420,Pagado,8950
166550,Agosto 2024,420,Vencido,8950
166551,Setiembre 2024,420,Pagado,8950
166552,Octubre 2024,420,Pagado,8950
166553,Noviembre 2024,420,Vencido,8950
166554,Diciembre 2024,420,Pagado,8950
166555,Marzo 2024,420,Pagado,9198
166556,Abril 2024,420,Pagado,9198
166557,Mayo 2024,420,Pagado,9198
166558,Junio 2024,420,Pagado,9198
166559,Julio 2024,420,Pagado,9198
166560,Agosto 2024,420,Pagado,9198
166561,Setiembre 2024,420,Pagado,9198
166562,Octubre 2024,420,Pagado,9198
166563,Noviembre 2024,420,Pagado,9198
166564,Diciembre 2024,420,Pagado,9198
166565,Marzo 2024,420,Pagado,9045
166566,Abril 2024,420,Pagado,9045
166567,Mayo 2024,420,Pagado,9045
166568,Junio 2024,420,Pagado,9045
166569,Julio 2024,420,Pagado,9045
166570,Agosto 2024,420,Pagado,9045
166571,Setiembre 2024,420,Pagado,9045
166572,Octubre 2024,420,Pagado,9045
166573,Noviembre 2024,420,Pagado,9045
166574,Diciembre 2024,420,Pagado,9045
166575,Marzo 2024,420,Pagado,9108
166576,Abril 2024,420,Pagado,9108
166577,Mayo 2024,420,Pagado,9108
166578,Junio 2024,420,Pagado,9108
166579,Julio 2024,420,Pagado,9108
166580,Agosto 2024,420,Pagado,9108
166581,Setiembre 2024,420,Pagado,9108
166582,Octubre 2024,420,Pagado,9108
166583,Noviembre 2024,420,Pagado,9108
166584,Diciembre 2024,420,Pagado,9108
166585,Marzo 2024,420,Pagado,9083
166586,Abril 2024,420,Pagado,9083
166587,Mayo 2024,420,Pagado,9083
166588,Junio 2024,420,Pagado,9083
166589,Julio 2024,420,Pagado,9083
166590,Agosto 2024,420,Pagado,9083
166591,Setiembre 2024,420,Pagado,9083
166592,Octubre 2024,420,Pagado,9083
166593,Noviembre 2024,420,Pagado,9083
166594,Diciembre 2024,420,Pagado,9083
166595,Marzo 2024,420,Pagado,9336
166596,Abril 2024,420,Pagado,9336
166597,Mayo 2024,420,Pagado,9336
166598,Junio 2024,420,Pagado,9336
166599,Julio 2024,420,Pagado,9336
166600,Agosto 2024,420,Pagado,9336
166601,Setiembre 2024,420,Pagado,9336
166602,Octubre 2024,420,Pagado,9336
166603,Noviembre 2024,420,Pagado,9336
166604,Diciembre 2024,420,Pagado,9336
166605,Marzo 2024,420,Pagado,9251
166606,Abril 2024,420,Pagado,9251
166607,Mayo 2024,420,Pagado,9251
166608,Junio 2024,420,Pagado,9251
166609,Julio 2024,420,Pagado,9251
166610,Agosto 2024,420,Pagado,9251
166611,Setiembre 2024,420,Pagado,9251
166612,Octubre 2024,420,Pagado,9251
166613,Noviembre 2024,420,Pagado,9251
166614,Diciembre 2024,420,Pagado,9251
166615,Marzo 2024,420,Pagado,9102
166616,Abril 2024,420,Pagado,9102
166617,Mayo 2024,420,Vencido,9102
166618,Junio 2024,420,Pagado,9102
166619,Julio 2024,420,Pagado,9102
166620,Agosto 2024,420,Pagado,9102
166621,Setiembre 2024,420,Pagado,9102
166622,Octubre 2024,420,Pagado,9102
166623,Noviembre 2024,420,Pagado,9102
166624,Diciembre 2024,420,Vencido,9102
166625,Marzo 2024,420,Pagado,9267
166626,Abril 2024,420,Pagado,9267
166627,Mayo 2024,420,Pagado,9267
166628,Junio 2024,420,Pagado,9267
166629,Julio 2024,420,Pagado,9267
166630,Agosto 2024,420,Pagado,9267
166631,Setiembre 2024,420,Pagado,9267
166632,Octubre 2024,420,Pagado,9267
166633,Noviembre 2024,420,Pagado,9267
166634,Diciembre 2024,420,Pagado,9267
166635,Marzo 2024,420,Pagado,9281
166636,Abril 2024,420,Pagado,9281
166637,Mayo 2024,420,Pagado,9281
166638,Junio 2024,420,Pagado,9281
166639,Julio 2024,420,Pagado,9281
166640,Agosto 2024,420,Pagado,9281
166641,Setiembre 2024,420,Pagado,9281
166642,Octubre 2024,420,Pagado,9281
166643,Noviembre 2024,420,Pagado,9281
166644,Diciembre 2024,420,Pagado,9281
166645,Marzo 2024,420,Pagado,9117
166646,Abril 2024,420,Pagado,9117
166647,Mayo 2024,420,Pagado,9117
166648,Junio 2024,420,Pagado,9117
166649,Julio 2024,420,Pagado,9117
166650,Agosto 2024,420,Pagado,9117
166651,Setiembre 2024,420,Pagado,9117
166652,Octubre 2024,420,Pagado,9117
166653,Noviembre 2024,420,Pagado,9117
166654,Diciembre 2024,420,Pagado,9117
166655,Marzo 2024,420,Pagado,9013
166656,Abril 2024,420,Pagado,9013
166657,Mayo 2024,420,Pagado,9013
166658,Junio 2024,420,Pagado,9013
166659,Julio 2024,420,Pagado,9013
166660,Agosto 2024,420,Pagado,9013
166661,Setiembre 2024,420,Pagado,9013
166662,Octubre 2024,420,Pagado,9013
166663,Noviembre 2024,420,Pagado,9013
166664,Diciembre 2024,420,Pagado,9013
166665,Marzo 2024,420,Pagado,9220
166666,Abril 2024,420,Pagado,9220
166667,Mayo 2024,420,Pagado,9220
166668,Junio 2024,420,Pagado,9220
166669,Julio 2024,420,Pagado,9220
166670,Agosto 2024,420,Pagado,9220
166671,Setiembre 2024,420,Pagado,9220
166672,Octubre 2024,420,Pagado,9220
166673,Noviembre 2024,420,Pagado,9220
166674,Diciembre 2024,420,Pagado,9220
166675,Marzo 2024,420,Pagado,9055
166676,Abril 2024,420,Pagado,9055
166677,Mayo 2024,420,Pagado,9055
166678,Junio 2024,420,Pagado,9055
166679,Julio 2024,420,Pagado,9055
166680,Agosto 2024,420,Pagado,9055
166681,Setiembre 2024,420,Pagado,9055
166682,Octubre 2024,420,Pagado,9055
166683,Noviembre 2024,420,Pagado,9055
166684,Diciembre 2024,420,Pagado,9055
166685,Marzo 2024,420,Pagado,9115
166686,Abril 2024,420,Pagado,9115
166687,Mayo 2024,420,Pagado,9115
166688,Junio 2024,420,Pagado,9115
166689,Julio 2024,420,Pagado,9115
166690,Agosto 2024,420,Pagado,9115
166691,Setiembre 2024,420,Pagado,9115
166692,Octubre 2024,420,Pagado,9115
166693,Noviembre 2024,420,Pagado,9115
166694,Diciembre 2024,420,Pagado,9115
166695,Marzo 2024,420,Pagado,8998
166696,Abril 2024,420,Pagado,8998
166697,Mayo 2024,420,Pagado,8998
166698,Junio 2024,420,Pagado,8998
166699,Julio 2024,420,Pagado,8998
166700,Agosto 2024,420,Pagado,8998
166701,Setiembre 2024,420,Pagado,8998
166702,Octubre 2024,420,Pagado,8998
166703,Noviembre 2024,420,Pagado,8998
166704,Diciembre 2024,420,Pagado,8998
166705,Marzo 2024,420,Pagado,8969
166706,Abril 2024,420,Pagado,8969
166707,Mayo 2024,420,Vencido,8969
166708,Junio 2024,420,Pagado,8969
166709,Julio 2024,420,Pagado,8969
166710,Agosto 2024,420,Pagado,8969
166711,Setiembre 2024,420,Pagado,8969
166712,Octubre 2024,420,Pagado,8969
166713,Noviembre 2024,420,Pagado,8969
166714,Diciembre 2024,420,Pagado,8969
166715,Marzo 2024,420,Pagado,9027
166716,Abril 2024,420,Pagado,9027
166717,Mayo 2024,420,Pagado,9027
166718,Junio 2024,420,Pagado,9027
166719,Julio 2024,420,Pagado,9027
166720,Agosto 2024,420,Pagado,9027
166721,Setiembre 2024,420,Pagado,9027
166722,Octubre 2024,420,Pagado,9027
166723,Noviembre 2024,420,Pagado,9027
166724,Diciembre 2024,420,Pagado,9027
166725,Marzo 2024,420,Pagado,9308
166726,Abril 2024,420,Pagado,9308
166727,Mayo 2024,420,Pagado,9308
166728,Junio 2024,420,Pagado,9308
166729,Julio 2024,420,Pagado,9308
166730,Agosto 2024,420,Pagado,9308
166731,Setiembre 2024,420,Pagado,9308
166732,Octubre 2024,420,Pagado,9308
166733,Noviembre 2024,420,Pagado,9308
166734,Diciembre 2024,420,Pagado,9308
166735,Marzo 2024,420,Pagado,9270
166736,Abril 2024,420,Pagado,9270
166737,Mayo 2024,420,Pagado,9270
166738,Junio 2024,420,Pagado,9270
166739,Julio 2024,420,Pagado,9270
166740,Agosto 2024,420,Pagado,9270
166741,Setiembre 2024,420,Pagado,9270
166742,Octubre 2024,420,Pagado,9270
166743,Noviembre 2024,420,Pagado,9270
166744,Diciembre 2024,420,Pagado,9270
166745,Marzo 2024,420,Pagado,9138
166746,Abril 2024,420,Pagado,9138
166747,Mayo 2024,420,Pagado,9138
166748,Junio 2024,420,Vencido,9138
166749,Julio 2024,420,Pagado,9138
166750,Agosto 2024,420,Pagado,9138
166751,Setiembre 2024,420,Pagado,9138
166752,Octubre 2024,420,Pagado,9138
166753,Noviembre 2024,420,Pagado,9138
166754,Diciembre 2024,420,Pagado,9138
166755,Marzo 2024,420,Pagado,9304
166756,Abril 2024,420,Pagado,9304
166757,Mayo 2024,420,Pagado,9304
166758,Junio 2024,420,Pagado,9304
166759,Julio 2024,420,Pagado,9304
166760,Agosto 2024,420,Pagado,9304
166761,Setiembre 2024,420,Pagado,9304
166762,Octubre 2024,420,Pagado,9304
166763,Noviembre 2024,420,Pagado,9304
166764,Diciembre 2024,420,Pagado,9304
166765,Marzo 2024,420,Pagado,8971
166766,Abril 2024,420,Pagado,8971
166767,Mayo 2024,420,Pagado,8971
166768,Junio 2024,420,Pagado,8971
166769,Julio 2024,420,Pagado,8971
166770,Agosto 2024,420,Pagado,8971
166771,Setiembre 2024,420,Pagado,8971
166772,Octubre 2024,420,Pagado,8971
166773,Noviembre 2024,420,Pagado,8971
166774,Diciembre 2024,420,Pagado,8971
166775,Marzo 2024,420,Pagado,9134
166776,Abril 2024,420,Pagado,9134
166777,Mayo 2024,420,Pagado,9134
166778,Junio 2024,420,Pagado,9134
166779,Julio 2024,420,Pagado,9134
166780,Agosto 2024,420,Pagado,9134
166781,Setiembre 2024,420,Pagado,9134
166782,Octubre 2024,420,Pagado,9134
166783,Noviembre 2024,420,Pagado,9134
166784,Diciembre 2024,420,Pagado,9134
166785,Marzo 2024,420,Pagado,9011
166786,Abril 2024,420,Pagado,9011
166787,Mayo 2024,420,Pagado,9011
166788,Junio 2024,420,Pagado,9011
166789,Julio 2024,420,Pagado,9011
166790,Agosto 2024,420,Pagado,9011
166791,Setiembre 2024,420,Pagado,9011
166792,Octubre 2024,420,Pagado,9011
166793,Noviembre 2024,420,Pagado,9011
166794,Diciembre 2024,420,Pagado,9011
166795,Marzo 2024,420,Pagado,9039
166796,Abril 2024,420,Pagado,9039
166797,Mayo 2024,420,Pagado,9039
166798,Junio 2024,420,Pagado,9039
166799,Julio 2024,420,Pagado,9039
166800,Agosto 2024,420,Pagado,9039
166801,Setiembre 2024,420,Pagado,9039
166802,Octubre 2024,420,Pagado,9039
166803,Noviembre 2024,420,Pagado,9039
166804,Diciembre 2024,420,Pagado,9039
166805,Marzo 2024,420,Pagado,9075
166806,Abril 2024,420,Pagado,9075
166807,Mayo 2024,420,Pagado,9075
166808,Junio 2024,420,Pagado,9075
166809,Julio 2024,420,Pagado,9075
166810,Agosto 2024,420,Vencido,9075
166811,Setiembre 2024,420,Pagado,9075
166812,Octubre 2024,420,Pagado,9075
166813,Noviembre 2024,420,Pagado,9075
166814,Diciembre 2024,420,Pagado,9075
166815,Marzo 2024,420,Pagado,9072
166816,Abril 2024,420,Pagado,9072
166817,Mayo 2024,420,Pagado,9072
166818,Junio 2024,420,Pagado,9072
166819,Julio 2024,420,Pagado,9072
166820,Agosto 2024,420,Pagado,9072
166821,Setiembre 2024,420,Pagado,9072
166822,Octubre 2024,420,Pagado,9072
166823,Noviembre 2024,420,Pagado,9072
166824,Diciembre 2024,420,Pagado,9072
166825,Marzo 2024,420,Pagado,9184
166826,Abril 2024,420,Pagado,9184
166827,Mayo 2024,420,Vencido,9184
166828,Junio 2024,420,Pagado,9184
166829,Julio 2024,420,Pagado,9184
166830,Agosto 2024,420,Pagado,9184
166831,Setiembre 2024,420,Pagado,9184
166832,Octubre 2024,420,Pagado,9184
166833,Noviembre 2024,420,Pagado,9184
166834,Diciembre 2024,420,Pagado,9184
166835,Marzo 2024,420,Pagado,9016
166836,Abril 2024,420,Pagado,9016
166837,Mayo 2024,420,Pagado,9016
166838,Junio 2024,420,Pagado,9016
166839,Julio 2024,420,Pagado,9016
166840,Agosto 2024,420,Pagado,9016
166841,Setiembre 2024,420,Pagado,9016
166842,Octubre 2024,420,Pagado,9016
166843,Noviembre 2024,420,Pagado,9016
166844,Diciembre 2024,420,Pagado,9016
166845,Marzo 2024,420,Pagado,9041
166846,Abril 2024,420,Pagado,9041
166847,Mayo 2024,420,Pagado,9041
166848,Junio 2024,420,Pagado,9041
166849,Julio 2024,420,Pagado,9041
166850,Agosto 2024,420,Pagado,9041
166851,Setiembre 2024,420,Pagado,9041
166852,Octubre 2024,420,Pagado,9041
166853,Noviembre 2024,420,Pagado,9041
166854,Diciembre 2024,420,Pagado,9041
166855,Marzo 2024,420,Pagado,9208
166856,Abril 2024,420,Pagado,9208
166857,Mayo 2024,420,Pagado,9208
166858,Junio 2024,420,Pagado,9208
166859,Julio 2024,420,Pagado,9208
166860,Agosto 2024,420,Pagado,9208
166861,Setiembre 2024,420,Pagado,9208
166862,Octubre 2024,420,Pagado,9208
166863,Noviembre 2024,420,Pagado,9208
166864,Diciembre 2024,420,Pagado,9208
166865,Marzo 2024,420,Pagado,9275
166866,Abril 2024,420,Pagado,9275
166867,Mayo 2024,420,Pagado,9275
166868,Junio 2024,420,Pagado,9275
166869,Julio 2024,420,Pagado,9275
166870,Agosto 2024,420,Pagado,9275
166871,Setiembre 2024,420,Pagado,9275
166872,Octubre 2024,420,Pagado,9275
166873,Noviembre 2024,420,Pagado,9275
166874,Diciembre 2024,420,Pagado,9275
166875,Marzo 2024,420,Pagado,9239
166876,Abril 2024,420,Pagado,9239
166877,Mayo 2024,420,Pagado,9239
166878,Junio 2024,420,Pagado,9239
166879,Julio 2024,420,Pagado,9239
166880,Agosto 2024,420,Pagado,9239
166881,Setiembre 2024,420,Pagado,9239
166882,Octubre 2024,420,Pagado,9239
166883,Noviembre 2024,420,Vencido,9239
166884,Diciembre 2024,420,Pagado,9239
166885,Marzo 2024,420,Pagado,9173
166886,Abril 2024,420,Pagado,9173
166887,Mayo 2024,420,Pagado,9173
166888,Junio 2024,420,Pagado,9173
166889,Julio 2024,420,Pagado,9173
166890,Agosto 2024,420,Pagado,9173
166891,Setiembre 2024,420,Pagado,9173
166892,Octubre 2024,420,Pagado,9173
166893,Noviembre 2024,420,Pagado,9173
166894,Diciembre 2024,420,Pagado,9173
166895,Marzo 2024,420,Pagado,9289
166896,Abril 2024,420,Pagado,9289
166897,Mayo 2024,420,Pagado,9289
166898,Junio 2024,420,Pagado,9289
166899,Julio 2024,420,Pagado,9289
166900,Agosto 2024,420,Pagado,9289
166901,Setiembre 2024,420,Pagado,9289
166902,Octubre 2024,420,Pagado,9289
166903,Noviembre 2024,420,Pagado,9289
166904,Diciembre 2024,420,Pagado,9289
166905,Marzo 2024,420,Pagado,9172
166906,Abril 2024,420,Pagado,9172
166907,Mayo 2024,420,Pagado,9172
166908,Junio 2024,420,Pagado,9172
166909,Julio 2024,420,Pagado,9172
166910,Agosto 2024,420,Pagado,9172
166911,Setiembre 2024,420,Pagado,9172
166912,Octubre 2024,420,Pagado,9172
166913,Noviembre 2024,420,Pagado,9172
166914,Diciembre 2024,420,Pagado,9172
166915,Marzo 2024,420,Pagado,9110
166916,Abril 2024,420,Pagado,9110
166917,Mayo 2024,420,Pagado,9110
166918,Junio 2024,420,Pagado,9110
166919,Julio 2024,420,Pagado,9110
166920,Agosto 2024,420,Pagado,9110
166921,Setiembre 2024,420,Pagado,9110
166922,Octubre 2024,420,Pagado,9110
166923,Noviembre 2024,420,Pagado,9110
166924,Diciembre 2024,420,Pagado,9110
166925,Marzo 2024,420,Pagado,9236
166926,Abril 2024,420,Pagado,9236
166927,Mayo 2024,420,Pagado,9236
166928,Junio 2024,420,Pagado,9236
166929,Julio 2024,420,Pagado,9236
166930,Agosto 2024,420,Pagado,9236
166931,Setiembre 2024,420,Pagado,9236
166932,Octubre 2024,420,Pagado,9236
166933,Noviembre 2024,420,Pagado,9236
166934,Diciembre 2024,420,Pagado,9236
166935,Marzo 2024,420,Pagado,9337
166936,Abril 2024,420,Pagado,9337
166937,Mayo 2024,420,Pagado,9337
166938,Junio 2024,420,Pagado,9337
166939,Julio 2024,420,Pagado,9337
166940,Agosto 2024,420,Pagado,9337
166941,Setiembre 2024,420,Pagado,9337
166942,Octubre 2024,420,Pagado,9337
166943,Noviembre 2024,420,Pagado,9337
166944,Diciembre 2024,420,Pagado,9337
166945,Marzo 2024,420,Pagado,9165
166946,Abril 2024,420,Pagado,9165
166947,Mayo 2024,420,Pagado,9165
166948,Junio 2024,420,Pagado,9165
166949,Julio 2024,420,Pagado,9165
166950,Agosto 2024,420,Pagado,9165
166951,Setiembre 2024,420,Pagado,9165
166952,Octubre 2024,420,Pagado,9165
166953,Noviembre 2024,420,Pagado,9165
166954,Diciembre 2024,420,Pagado,9165
166955,Marzo 2024,420,Pagado,8951
166956,Abril 2024,420,Pagado,8951
166957,Mayo 2024,420,Pagado,8951
166958,Junio 2024,420,Pagado,8951
166959,Julio 2024,420,Pagado,8951
166960,Agosto 2024,420,Pagado,8951
166961,Setiembre 2024,420,Pagado,8951
166962,Octubre 2024,420,Pagado,8951
166963,Noviembre 2024,420,Pagado,8951
166964,Diciembre 2024,420,Pagado,8951
166965,Marzo 2024,420,Pagado,9191
166966,Abril 2024,420,Pagado,9191
166967,Mayo 2024,420,Pagado,9191
166968,Junio 2024,420,Pagado,9191
166969,Julio 2024,420,Pagado,9191
166970,Agosto 2024,420,Pagado,9191
166971,Setiembre 2024,420,Pagado,9191
166972,Octubre 2024,420,Pagado,9191
166973,Noviembre 2024,420,Pagado,9191
166974,Diciembre 2024,420,Pagado,9191
166975,Marzo 2024,420,Pagado,9282
166976,Abril 2024,420,Pagado,9282
166977,Mayo 2024,420,Pagado,9282
166978,Junio 2024,420,Pagado,9282
166979,Julio 2024,420,Pagado,9282
166980,Agosto 2024,420,Pagado,9282
166981,Setiembre 2024,420,Pagado,9282
166982,Octubre 2024,420,Pagado,9282
166983,Noviembre 2024,420,Pagado,9282
166984,Diciembre 2024,420,Pagado,9282
166985,Marzo 2024,420,Pagado,9028
166986,Abril 2024,420,Pagado,9028
166987,Mayo 2024,420,Pagado,9028
166988,Junio 2024,420,Pagado,9028
166989,Julio 2024,420,Pagado,9028
166990,Agosto 2024,420,Pagado,9028
166991,Setiembre 2024,420,Pagado,9028
166992,Octubre 2024,420,Pagado,9028
166993,Noviembre 2024,420,Pagado,9028
166994,Diciembre 2024,420,Pagado,9028
166995,Marzo 2024,420,Pagado,8987
166996,Abril 2024,420,Pagado,8987
166997,Mayo 2024,420,Pagado,8987
166998,Junio 2024,420,Pagado,8987
166999,Julio 2024,420,Pagado,8987
167000,Agosto 2024,420,Pagado,8987
167001,Setiembre 2024,420,Pagado,8987
167002,Octubre 2024,420,Pagado,8987
167003,Noviembre 2024,420,Pagado,8987
167004,Diciembre 2024,420,Pagado,8987
167005,Marzo 2024,420,Pagado,9168
167006,Abril 2024,420,Pagado,9168
167007,Mayo 2024,420,Pagado,9168
167008,Junio 2024,420,Pagado,9168
167009,Julio 2024,420,Pagado,9168
167010,Agosto 2024,420,Pagado,9168
167011,Setiembre 2024,420,Pagado,9168
167012,Octubre 2024,420,Pagado,9168
167013,Noviembre 2024,420,Pagado,9168
167014,Diciembre 2024,420,Pagado,9168
167015,Marzo 2024,420,Pagado,9298
167016,Abril 2024,420,Pagado,9298
167017,Mayo 2024,420,Pagado,9298
167018,Junio 2024,420,Pagado,9298
167019,Julio 2024,420,Pagado,9298
167020,Agosto 2024,420,Pagado,9298
167021,Setiembre 2024,420,Pagado,9298
167022,Octubre 2024,420,Pagado,9298
167023,Noviembre 2024,420,Pagado,9298
167024,Diciembre 2024,420,Pagado,9298
167025,Marzo 2024,420,Pagado,9017
167026,Abril 2024,420,Pagado,9017
167027,Mayo 2024,420,Pagado,9017
167028,Junio 2024,420,Pagado,9017
167029,Julio 2024,420,Pagado,9017
167030,Agosto 2024,420,Pagado,9017
167031,Setiembre 2024,420,Pagado,9017
167032,Octubre 2024,420,Pagado,9017
167033,Noviembre 2024,420,Pagado,9017
167034,Diciembre 2024,420,Pagado,9017
167035,Marzo 2024,420,Pagado,9062
167036,Abril 2024,420,Pagado,9062
167037,Mayo 2024,420,Pagado,9062
167038,Junio 2024,420,Pagado,9062
167039,Julio 2024,420,Pagado,9062
167040,Agosto 2024,420,Pagado,9062
167041,Setiembre 2024,420,Pagado,9062
167042,Octubre 2024,420,Pagado,9062
167043,Noviembre 2024,420,Pagado,9062
167044,Diciembre 2024,420,Pagado,9062
167045,Marzo 2024,420,Pagado,9128
167046,Abril 2024,420,Pagado,9128
167047,Mayo 2024,420,Pagado,9128
167048,Junio 2024,420,Pagado,9128
167049,Julio 2024,420,Pagado,9128
167050,Agosto 2024,420,Pagado,9128
167051,Setiembre 2024,420,Pagado,9128
167052,Octubre 2024,420,Pagado,9128
167053,Noviembre 2024,420,Pagado,9128
167054,Diciembre 2024,420,Pagado,9128
167055,Marzo 2024,420,Pagado,9169
167056,Abril 2024,420,Pagado,9169
167057,Mayo 2024,420,Pagado,9169
167058,Junio 2024,420,Pagado,9169
167059,Julio 2024,420,Pagado,9169
167060,Agosto 2024,420,Pagado,9169
167061,Setiembre 2024,420,Pagado,9169
167062,Octubre 2024,420,Pagado,9169
167063,Noviembre 2024,420,Pagado,9169
167064,Diciembre 2024,420,Pagado,9169
167065,Marzo 2024,420,Pagado,8957
167066,Abril 2024,420,Pagado,8957
167067,Mayo 2024,420,Pagado,8957
167068,Junio 2024,420,Pagado,8957
167069,Julio 2024,420,Vencido,8957
167070,Agosto 2024,420,Pagado,8957
167071,Setiembre 2024,420,Pagado,8957
167072,Octubre 2024,420,Pagado,8957
167073,Noviembre 2024,420,Pagado,8957
167074,Diciembre 2024,420,Pagado,8957
167075,Marzo 2024,420,Pagado,9059
167076,Abril 2024,420,Pagado,9059
167077,Mayo 2024,420,Pagado,9059
167078,Junio 2024,420,Pagado,9059
167079,Julio 2024,420,Pagado,9059
167080,Agosto 2024,420,Pagado,9059
167081,Setiembre 2024,420,Pagado,9059
167082,Octubre 2024,420,Pagado,9059
167083,Noviembre 2024,420,Pagado,9059
167084,Diciembre 2024,420,Pagado,9059
167085,Marzo 2024,420,Pagado,8978
167086,Abril 2024,420,Pagado,8978
167087,Mayo 2024,420,Pagado,8978
167088,Junio 2024,420,Pagado,8978
167089,Julio 2024,420,Pagado,8978
167090,Agosto 2024,420,Pagado,8978
167091,Setiembre 2024,420,Pagado,8978
167092,Octubre 2024,420,Pagado,8978
167093,Noviembre 2024,420,Pagado,8978
167094,Diciembre 2024,420,Pagado,8978
167095,Marzo 2024,420,Pagado,9064
167096,Abril 2024,420,Pagado,9064
167097,Mayo 2024,420,Pagado,9064
167098,Junio 2024,420,Pagado,9064
167099,Julio 2024,420,Pagado,9064
167100,Agosto 2024,420,Pagado,9064
167101,Setiembre 2024,420,Pagado,9064
167102,Octubre 2024,420,Pagado,9064
167103,Noviembre 2024,420,Pagado,9064
167104,Diciembre 2024,420,Pagado,9064
167105,Marzo 2024,420,Pagado,9196
167106,Abril 2024,420,Pagado,9196
167107,Mayo 2024,420,Pagado,9196
167108,Junio 2024,420,Pagado,9196
167109,Julio 2024,420,Pagado,9196
167110,Agosto 2024,420,Pagado,9196
167111,Setiembre 2024,420,Pagado,9196
167112,Octubre 2024,420,Pagado,9196
167113,Noviembre 2024,420,Pagado,9196
167114,Diciembre 2024,420,Pagado,9196
167115,Marzo 2024,420,Pagado,9053
167116,Abril 2024,420,Pagado,9053
167117,Mayo 2024,420,Pagado,9053
167118,Junio 2024,420,Pagado,9053
167119,Julio 2024,420,Pagado,9053
167120,Agosto 2024,420,Pagado,9053
167121,Setiembre 2024,420,Pagado,9053
167122,Octubre 2024,420,Pagado,9053
167123,Noviembre 2024,420,Pagado,9053
167124,Diciembre 2024,420,Pagado,9053
167125,Marzo 2024,420,Pagado,9145
167126,Abril 2024,420,Pagado,9145
167127,Mayo 2024,420,Pagado,9145
167128,Junio 2024,420,Pagado,9145
167129,Julio 2024,420,Pagado,9145
167130,Agosto 2024,420,Pagado,9145
167131,Setiembre 2024,420,Pagado,9145
167132,Octubre 2024,420,Pagado,9145
167133,Noviembre 2024,420,Pagado,9145
167134,Diciembre 2024,420,Pagado,9145
167135,Marzo 2024,420,Pagado,8997
167136,Abril 2024,420,Pagado,8997
167137,Mayo 2024,420,Pagado,8997
167138,Junio 2024,420,Pagado,8997
167139,Julio 2024,420,Pagado,8997
167140,Agosto 2024,420,Pagado,8997
167141,Setiembre 2024,420,Pagado,8997
167142,Octubre 2024,420,Pagado,8997
167143,Noviembre 2024,420,Pagado,8997
167144,Diciembre 2024,420,Pagado,8997
167145,Marzo 2024,420,Pagado,9161
167146,Abril 2024,420,Pagado,9161
167147,Mayo 2024,420,Pagado,9161
167148,Junio 2024,420,Pagado,9161
167149,Julio 2024,420,Pagado,9161
167150,Agosto 2024,420,Pagado,9161
167151,Setiembre 2024,420,Pagado,9161
167152,Octubre 2024,420,Pagado,9161
167153,Noviembre 2024,420,Pagado,9161
167154,Diciembre 2024,420,Pagado,9161
167155,Marzo 2024,420,Pagado,9237
167156,Abril 2024,420,Pagado,9237
167157,Mayo 2024,420,Pagado,9237
167158,Junio 2024,420,Pagado,9237
167159,Julio 2024,420,Pagado,9237
167160,Agosto 2024,420,Pagado,9237
167161,Setiembre 2024,420,Pagado,9237
167162,Octubre 2024,420,Pagado,9237
167163,Noviembre 2024,420,Pagado,9237
167164,Diciembre 2024,420,Pagado,9237
167165,Marzo 2024,420,Pagado,9153
167166,Abril 2024,420,Pagado,9153
167167,Mayo 2024,420,Pagado,9153
167168,Junio 2024,420,Pagado,9153
167169,Julio 2024,420,Pagado,9153
167170,Agosto 2024,420,Pagado,9153
167171,Setiembre 2024,420,Pagado,9153
167172,Octubre 2024,420,Pagado,9153
167173,Noviembre 2024,420,Pagado,9153
167174,Diciembre 2024,420,Pagado,9153
167175,Marzo 2024,420,Pagado,9026
167176,Abril 2024,420,Pagado,9026
167177,Mayo 2024,420,Pagado,9026
167178,Junio 2024,420,Pagado,9026
167179,Julio 2024,420,Pagado,9026
167180,Agosto 2024,420,Pagado,9026
167181,Setiembre 2024,420,Pagado,9026
167182,Octubre 2024,420,Pagado,9026
167183,Noviembre 2024,420,Pagado,9026
167184,Diciembre 2024,420,Pagado,9026
167185,Marzo 2024,420,Pagado,9192
167186,Abril 2024,420,Pagado,9192
167187,Mayo 2024,420,Pagado,9192
167188,Junio 2024,420,Pagado,9192
167189,Julio 2024,420,Pagado,9192
167190,Agosto 2024,420,Pagado,9192
167191,Setiembre 2024,420,Pagado,9192
167192,Octubre 2024,420,Pagado,9192
167193,Noviembre 2024,420,Pagado,9192
167194,Diciembre 2024,420,Pagado,9192
167195,Marzo 2024,420,Pagado,9132
167196,Abril 2024,420,Pagado,9132
167197,Mayo 2024,420,Pagado,9132
167198,Junio 2024,420,Pagado,9132
167199,Julio 2024,420,Pagado,9132
167200,Agosto 2024,420,Pagado,9132
167201,Setiembre 2024,420,Pagado,9132
167202,Octubre 2024,420,Pagado,9132
167203,Noviembre 2024,420,Pagado,9132
167204,Diciembre 2024,420,Pagado,9132
167205,Marzo 2024,420,Pagado,9162
167206,Abril 2024,420,Pagado,9162
167207,Mayo 2024,420,Pagado,9162
167208,Junio 2024,420,Pagado,9162
167209,Julio 2024,420,Pagado,9162
167210,Agosto 2024,420,Pagado,9162
167211,Setiembre 2024,420,Pagado,9162
167212,Octubre 2024,420,Pagado,9162
167213,Noviembre 2024,420,Pagado,9162
167214,Diciembre 2024,420,Pagado,9162
167215,Marzo 2024,420,Pagado,8960
167216,Abril 2024,420,Pagado,8960
167217,Mayo 2024,420,Pagado,8960
167218,Junio 2024,420,Pagado,8960
167219,Julio 2024,420,Pagado,8960
167220,Agosto 2024,420,Pagado,8960
167221,Setiembre 2024,420,Pagado,8960
167222,Octubre 2024,420,Pagado,8960
167223,Noviembre 2024,420,Pagado,8960
167224,Diciembre 2024,420,Pagado,8960
167225,Marzo 2024,420,Pagado,9177
167226,Abril 2024,420,Pagado,9177
167227,Mayo 2024,420,Pagado,9177
167228,Junio 2024,420,Pagado,9177
167229,Julio 2024,420,Pagado,9177
167230,Agosto 2024,420,Pagado,9177
167231,Setiembre 2024,420,Pagado,9177
167232,Octubre 2024,420,Pagado,9177
167233,Noviembre 2024,420,Pagado,9177
167234,Diciembre 2024,420,Pagado,9177
167235,Marzo 2024,420,Pagado,9157
167236,Abril 2024,420,Pagado,9157
167237,Mayo 2024,420,Pagado,9157
167238,Junio 2024,420,Pagado,9157
167239,Julio 2024,420,Pagado,9157
167240,Agosto 2024,420,Pagado,9157
167241,Setiembre 2024,420,Pagado,9157
167242,Octubre 2024,420,Pagado,9157
167243,Noviembre 2024,420,Pagado,9157
167244,Diciembre 2024,420,Pagado,9157
167245,Marzo 2024,420,Pagado,9186
167246,Abril 2024,420,Pagado,9186
167247,Mayo 2024,420,Pagado,9186
167248,Junio 2024,420,Pagado,9186
167249,Julio 2024,420,Pagado,9186
167250,Agosto 2024,420,Pagado,9186
167251,Setiembre 2024,420,Pagado,9186
167252,Octubre 2024,420,Pagado,9186
167253,Noviembre 2024,420,Pagado,9186
167254,Diciembre 2024,420,Pagado,9186
167255,Marzo 2024,420,Pagado,9086
167256,Abril 2024,420,Pagado,9086
167257,Mayo 2024,420,Pagado,9086
167258,Junio 2024,420,Pagado,9086
167259,Julio 2024,420,Pagado,9086
167260,Agosto 2024,420,Pagado,9086
167261,Setiembre 2024,420,Pagado,9086
167262,Octubre 2024,420,Pagado,9086
167263,Noviembre 2024,420,Pagado,9086
167264,Diciembre 2024,420,Pagado,9086
167265,Marzo 2024,420,Pagado,8982
167266,Abril 2024,420,Pagado,8982
167267,Mayo 2024,420,Pagado,8982
167268,Junio 2024,420,Pagado,8982
167269,Julio 2024,420,Pagado,8982
167270,Agosto 2024,420,Pagado,8982
167271,Setiembre 2024,420,Pagado,8982
167272,Octubre 2024,420,Pagado,8982
167273,Noviembre 2024,420,Pagado,8982
167274,Diciembre 2024,420,Pagado,8982
167275,Marzo 2024,420,Pagado,9158
167276,Abril 2024,420,Pagado,9158
167277,Mayo 2024,420,Pagado,9158
167278,Junio 2024,420,Pagado,9158
167279,Julio 2024,420,Pagado,9158
167280,Agosto 2024,420,Pagado,9158
167281,Setiembre 2024,420,Pagado,9158
167282,Octubre 2024,420,Vencido,9158
167283,Noviembre 2024,420,Pagado,9158
167284,Diciembre 2024,420,Pagado,9158
167285,Marzo 2024,420,Pagado,9049
167286,Abril 2024,420,Pagado,9049
167287,Mayo 2024,420,Pagado,9049
167288,Junio 2024,420,Pagado,9049
167289,Julio 2024,420,Pagado,9049
167290,Agosto 2024,420,Pagado,9049
167291,Setiembre 2024,420,Pagado,9049
167292,Octubre 2024,420,Pagado,9049
167293,Noviembre 2024,420,Pagado,9049
167294,Diciembre 2024,420,Pagado,9049
167295,Marzo 2024,420,Pagado,9178
167296,Abril 2024,420,Pagado,9178
167297,Mayo 2024,420,Pagado,9178
167298,Junio 2024,420,Pagado,9178
167299,Julio 2024,420,Pagado,9178
167300,Agosto 2024,420,Pagado,9178
167301,Setiembre 2024,420,Pagado,9178
167302,Octubre 2024,420,Pagado,9178
167303,Noviembre 2024,420,Pagado,9178
167304,Diciembre 2024,420,Pagado,9178
167305,Marzo 2024,420,Pagado,9332
167306,Abril 2024,420,Pagado,9332
167307,Mayo 2024,420,Pagado,9332
167308,Junio 2024,420,Pagado,9332
167309,Julio 2024,420,Pagado,9332
167310,Agosto 2024,420,Pagado,9332
167311,Setiembre 2024,420,Pagado,9332
167312,Octubre 2024,420,Pagado,9332
167313,Noviembre 2024,420,Pagado,9332
167314,Diciembre 2024,420,Pagado,9332
167315,Marzo 2024,420,Pagado,9030
167316,Abril 2024,420,Pagado,9030
167317,Mayo 2024,420,Pagado,9030
167318,Junio 2024,420,Pagado,9030
167319,Julio 2024,420,Pagado,9030
167320,Agosto 2024,420,Pagado,9030
167321,Setiembre 2024,420,Pagado,9030
167322,Octubre 2024,420,Pagado,9030
167323,Noviembre 2024,420,Pagado,9030
167324,Diciembre 2024,420,Pagado,9030
167325,Marzo 2024,420,Pagado,9051
167326,Abril 2024,420,Pagado,9051
167327,Mayo 2024,420,Pagado,9051
167328,Junio 2024,420,Pagado,9051
167329,Julio 2024,420,Pagado,9051
167330,Agosto 2024,420,Pagado,9051
167331,Setiembre 2024,420,Pagado,9051
167332,Octubre 2024,420,Pagado,9051
167333,Noviembre 2024,420,Pagado,9051
167334,Diciembre 2024,420,Pagado,9051
167335,Marzo 2024,420,Pagado,8977
167336,Abril 2024,420,Pagado,8977
167337,Mayo 2024,420,Pagado,8977
167338,Junio 2024,420,Pagado,8977
167339,Julio 2024,420,Pagado,8977
167340,Agosto 2024,420,Pagado,8977
167341,Setiembre 2024,420,Pagado,8977
167342,Octubre 2024,420,Pagado,8977
167343,Noviembre 2024,420,Pagado,8977
167344,Diciembre 2024,420,Pagado,8977
167345,Marzo 2024,420,Pagado,9012
167346,Abril 2024,420,Pagado,9012
167347,Mayo 2024,420,Pagado,9012
167348,Junio 2024,420,Pagado,9012
167349,Julio 2024,420,Pagado,9012
167350,Agosto 2024,420,Pagado,9012
167351,Setiembre 2024,420,Pagado,9012
167352,Octubre 2024,420,Pagado,9012
167353,Noviembre 2024,420,Pagado,9012
167354,Diciembre 2024,420,Pagado,9012
167355,Marzo 2024,420,Pagado,9314
167356,Abril 2024,420,Pagado,9314
167357,Mayo 2024,420,Pagado,9314
167358,Junio 2024,420,Pagado,9314
167359,Julio 2024,420,Pagado,9314
167360,Agosto 2024,420,Pagado,9314
167361,Setiembre 2024,420,Pagado,9314
167362,Octubre 2024,420,Pagado,9314
167363,Noviembre 2024,420,Pagado,9314
167364,Diciembre 2024,420,Pagado,9314
167365,Marzo 2024,420,Pagado,9024
167366,Abril 2024,420,Pagado,9024
167367,Mayo 2024,420,Pagado,9024
167368,Junio 2024,420,Pagado,9024
167369,Julio 2024,420,Pagado,9024
167370,Agosto 2024,420,Pagado,9024
167371,Setiembre 2024,420,Pagado,9024
167372,Octubre 2024,420,Pagado,9024
167373,Noviembre 2024,420,Pagado,9024
167374,Diciembre 2024,420,Pagado,9024
167375,Marzo 2024,420,Pagado,9093
167376,Abril 2024,420,Pagado,9093
167377,Mayo 2024,420,Pagado,9093
167378,Junio 2024,420,Pagado,9093
167379,Julio 2024,420,Pagado,9093
167380,Agosto 2024,420,Pagado,9093
167381,Setiembre 2024,420,Pagado,9093
167382,Octubre 2024,420,Pagado,9093
167383,Noviembre 2024,420,Pagado,9093
167384,Diciembre 2024,420,Pagado,9093
167385,Marzo 2024,420,Pagado,9315
167386,Abril 2024,420,Pagado,9315
167387,Mayo 2024,420,Pagado,9315
167388,Junio 2024,420,Pagado,9315
167389,Julio 2024,420,Pagado,9315
167390,Agosto 2024,420,Pagado,9315
167391,Setiembre 2024,420,Pagado,9315
167392,Octubre 2024,420,Pagado,9315
167393,Noviembre 2024,420,Pagado,9315
167394,Diciembre 2024,420,Pagado,9315
167395,Marzo 2024,420,Pagado,9142
167396,Abril 2024,420,Pagado,9142
167397,Mayo 2024,420,Pagado,9142
167398,Junio 2024,420,Pagado,9142
167399,Julio 2024,420,Pagado,9142
167400,Agosto 2024,420,Pagado,9142
167401,Setiembre 2024,420,Pagado,9142
167402,Octubre 2024,420,Pagado,9142
167403,Noviembre 2024,420,Pagado,9142
167404,Diciembre 2024,420,Pagado,9142
167405,Marzo 2024,420,Pagado,9217
167406,Abril 2024,420,Pagado,9217
167407,Mayo 2024,420,Pagado,9217
167408,Junio 2024,420,Pagado,9217
167409,Julio 2024,420,Pagado,9217
167410,Agosto 2024,420,Pagado,9217
167411,Setiembre 2024,420,Pagado,9217
167412,Octubre 2024,420,Pagado,9217
167413,Noviembre 2024,420,Pagado,9217
167414,Diciembre 2024,420,Pagado,9217
167415,Marzo 2024,420,Pagado,9126
167416,Abril 2024,420,Pagado,9126
167417,Mayo 2024,420,Pagado,9126
167418,Junio 2024,420,Pagado,9126
167419,Julio 2024,420,Pagado,9126
167420,Agosto 2024,420,Pagado,9126
167421,Setiembre 2024,420,Pagado,9126
167422,Octubre 2024,420,Pagado,9126
167423,Noviembre 2024,420,Vencido,9126
167424,Diciembre 2024,420,Pagado,9126
167425,Marzo 2024,420,Pagado,9070
167426,Abril 2024,420,Pagado,9070
167427,Mayo 2024,420,Pagado,9070
167428,Junio 2024,420,Pagado,9070
167429,Julio 2024,420,Pagado,9070
167430,Agosto 2024,420,Pagado,9070
167431,Setiembre 2024,420,Pagado,9070
167432,Octubre 2024,420,Pagado,9070
167433,Noviembre 2024,420,Pagado,9070
167434,Diciembre 2024,420,Pagado,9070
167435,Marzo 2024,420,Pagado,9313
167436,Abril 2024,420,Pagado,9313
167437,Mayo 2024,420,Pagado,9313
167438,Junio 2024,420,Pagado,9313
167439,Julio 2024,420,Pagado,9313
167440,Agosto 2024,420,Vencido,9313
167441,Setiembre 2024,420,Pagado,9313
167442,Octubre 2024,420,Pagado,9313
167443,Noviembre 2024,420,Pagado,9313
167444,Diciembre 2024,420,Pagado,9313
167445,Marzo 2024,420,Pagado,9180
167446,Abril 2024,420,Pagado,9180
167447,Mayo 2024,420,Pagado,9180
167448,Junio 2024,420,Pagado,9180
167449,Julio 2024,420,Pagado,9180
167450,Agosto 2024,420,Pagado,9180
167451,Setiembre 2024,420,Pagado,9180
167452,Octubre 2024,420,Pagado,9180
167453,Noviembre 2024,420,Pagado,9180
167454,Diciembre 2024,420,Pagado,9180
167455,Marzo 2024,420,Pagado,9005
167456,Abril 2024,420,Pagado,9005
167457,Mayo 2024,420,Pagado,9005
167458,Junio 2024,420,Pagado,9005
167459,Julio 2024,420,Pagado,9005
167460,Agosto 2024,420,Pagado,9005
167461,Setiembre 2024,420,Pagado,9005
167462,Octubre 2024,420,Pagado,9005
167463,Noviembre 2024,420,Pagado,9005
167464,Diciembre 2024,420,Pagado,9005
167465,Marzo 2024,420,Pagado,9244
167466,Abril 2024,420,Pagado,9244
167467,Mayo 2024,420,Pagado,9244
167468,Junio 2024,420,Pagado,9244
167469,Julio 2024,420,Pagado,9244
167470,Agosto 2024,420,Pagado,9244
167471,Setiembre 2024,420,Pagado,9244
167472,Octubre 2024,420,Pagado,9244
167473,Noviembre 2024,420,Pagado,9244
167474,Diciembre 2024,420,Pagado,9244
167475,Marzo 2024,420,Pagado,9091
167476,Abril 2024,420,Pagado,9091
167477,Mayo 2024,420,Pagado,9091
167478,Junio 2024,420,Pagado,9091
167479,Julio 2024,420,Pagado,9091
167480,Agosto 2024,420,Pagado,9091
167481,Setiembre 2024,420,Pagado,9091
167482,Octubre 2024,420,Pagado,9091
167483,Noviembre 2024,420,Pagado,9091
167484,Diciembre 2024,420,Pagado,9091
167485,Marzo 2024,420,Pagado,9327
167486,Abril 2024,420,Pagado,9327
167487,Mayo 2024,420,Pagado,9327
167488,Junio 2024,420,Pagado,9327
167489,Julio 2024,420,Pagado,9327
167490,Agosto 2024,420,Pagado,9327
167491,Setiembre 2024,420,Pagado,9327
167492,Octubre 2024,420,Pagado,9327
167493,Noviembre 2024,420,Pagado,9327
167494,Diciembre 2024,420,Pagado,9327
167495,Marzo 2024,420,Pagado,8986
167496,Abril 2024,420,Pagado,8986
167497,Mayo 2024,420,Pagado,8986
167498,Junio 2024,420,Pagado,8986
167499,Julio 2024,420,Pagado,8986
167500,Agosto 2024,420,Pagado,8986
167501,Setiembre 2024,420,Pagado,8986
167502,Octubre 2024,420,Pagado,8986
167503,Noviembre 2024,420,Pagado,8986
167504,Diciembre 2024,420,Pagado,8986
167505,Marzo 2024,420,Pagado,9316
167506,Abril 2024,420,Pagado,9316
167507,Mayo 2024,420,Pagado,9316
167508,Junio 2024,420,Pagado,9316
167509,Julio 2024,420,Pagado,9316
167510,Agosto 2024,420,Pagado,9316
167511,Setiembre 2024,420,Pagado,9316
167512,Octubre 2024,420,Pagado,9316
167513,Noviembre 2024,420,Pagado,9316
167514,Diciembre 2024,420,Pagado,9316
167515,Marzo 2024,420,Pagado,9116
167516,Abril 2024,420,Pagado,9116
167517,Mayo 2024,420,Pagado,9116
167518,Junio 2024,420,Pagado,9116
167519,Julio 2024,420,Pagado,9116
167520,Agosto 2024,420,Pagado,9116
167521,Setiembre 2024,420,Pagado,9116
167522,Octubre 2024,420,Pagado,9116
167523,Noviembre 2024,420,Pagado,9116
167524,Diciembre 2024,420,Pagado,9116
167525,Marzo 2024,420,Pagado,8979
167526,Abril 2024,420,Pagado,8979
167527,Mayo 2024,420,Pagado,8979
167528,Junio 2024,420,Pagado,8979
167529,Julio 2024,420,Pagado,8979
167530,Agosto 2024,420,Pagado,8979
167531,Setiembre 2024,420,Pagado,8979
167532,Octubre 2024,420,Pagado,8979
167533,Noviembre 2024,420,Pagado,8979
167534,Diciembre 2024,420,Pagado,8979
167535,Marzo 2024,420,Pagado,8994
167536,Abril 2024,420,Pagado,8994
167537,Mayo 2024,420,Pagado,8994
167538,Junio 2024,420,Pagado,8994
167539,Julio 2024,420,Pagado,8994
167540,Agosto 2024,420,Pagado,8994
167541,Setiembre 2024,420,Pagado,8994
167542,Octubre 2024,420,Pagado,8994
167543,Noviembre 2024,420,Pagado,8994
167544,Diciembre 2024,420,Pagado,8994
167545,Marzo 2024,420,Pagado,9247
167546,Abril 2024,420,Pagado,9247
167547,Mayo 2024,420,Pagado,9247
167548,Junio 2024,420,Pagado,9247
167549,Julio 2024,420,Pagado,9247
167550,Agosto 2024,420,Pagado,9247
167551,Setiembre 2024,420,Pagado,9247
167552,Octubre 2024,420,Pagado,9247
167553,Noviembre 2024,420,Pagado,9247
167554,Diciembre 2024,420,Pagado,9247
167555,Marzo 2024,420,Pagado,9206
167556,Abril 2024,420,Pagado,9206
167557,Mayo 2024,420,Pagado,9206
167558,Junio 2024,420,Vencido,9206
167559,Julio 2024,420,Pagado,9206
167560,Agosto 2024,420,Pagado,9206
167561,Setiembre 2024,420,Pagado,9206
167562,Octubre 2024,420,Pagado,9206
167563,Noviembre 2024,420,Pagado,9206
167564,Diciembre 2024,420,Pagado,9206
167565,Marzo 2024,420,Pagado,9118
167566,Abril 2024,420,Pagado,9118
167567,Mayo 2024,420,Pagado,9118
167568,Junio 2024,420,Pagado,9118
167569,Julio 2024,420,Pagado,9118
167570,Agosto 2024,420,Pagado,9118
167571,Setiembre 2024,420,Pagado,9118
167572,Octubre 2024,420,Pagado,9118
167573,Noviembre 2024,420,Pagado,9118
167574,Diciembre 2024,420,Pagado,9118
167575,Marzo 2024,420,Pagado,8980
167576,Abril 2024,420,Pagado,8980
167577,Mayo 2024,420,Pagado,8980
167578,Junio 2024,420,Pagado,8980
167579,Julio 2024,420,Pagado,8980
167580,Agosto 2024,420,Pagado,8980
167581,Setiembre 2024,420,Pagado,8980
167582,Octubre 2024,420,Pagado,8980
167583,Noviembre 2024,420,Pagado,8980
167584,Diciembre 2024,420,Pagado,8980
167585,Marzo 2024,420,Pagado,9326
167586,Abril 2024,420,Pagado,9326
167587,Mayo 2024,420,Pagado,9326
167588,Junio 2024,420,Pagado,9326
167589,Julio 2024,420,Pagado,9326
167590,Agosto 2024,420,Pagado,9326
167591,Setiembre 2024,420,Pagado,9326
167592,Octubre 2024,420,Pagado,9326
167593,Noviembre 2024,420,Pagado,9326
167594,Diciembre 2024,420,Pagado,9326
167595,Marzo 2024,420,Pagado,9312
167596,Abril 2024,420,Pagado,9312
167597,Mayo 2024,420,Pagado,9312
167598,Junio 2024,420,Pagado,9312
167599,Julio 2024,420,Pagado,9312
167600,Agosto 2024,420,Pagado,9312
167601,Setiembre 2024,420,Pagado,9312
167602,Octubre 2024,420,Pagado,9312
167603,Noviembre 2024,420,Pagado,9312
167604,Diciembre 2024,420,Pagado,9312
167605,Marzo 2024,420,Pagado,8956
167606,Abril 2024,420,Pagado,8956
167607,Mayo 2024,420,Pagado,8956
167608,Junio 2024,420,Pagado,8956
167609,Julio 2024,420,Pagado,8956
167610,Agosto 2024,420,Pagado,8956
167611,Setiembre 2024,420,Pagado,8956
167612,Octubre 2024,420,Pagado,8956
167613,Noviembre 2024,420,Pagado,8956
167614,Diciembre 2024,420,Pagado,8956
167615,Marzo 2024,420,Pagado,9269
167616,Abril 2024,420,Pagado,9269
167617,Mayo 2024,420,Pagado,9269
167618,Junio 2024,420,Pagado,9269
167619,Julio 2024,420,Pagado,9269
167620,Agosto 2024,420,Pagado,9269
167621,Setiembre 2024,420,Pagado,9269
167622,Octubre 2024,420,Pagado,9269
167623,Noviembre 2024,420,Pagado,9269
167624,Diciembre 2024,420,Pagado,9269
167625,Marzo 2024,420,Pagado,9261
167626,Abril 2024,420,Pagado,9261
167627,Mayo 2024,420,Pagado,9261
167628,Junio 2024,420,Pagado,9261
167629,Julio 2024,420,Pagado,9261
167630,Agosto 2024,420,Pagado,9261
167631,Setiembre 2024,420,Pagado,9261
167632,Octubre 2024,420,Pagado,9261
167633,Noviembre 2024,420,Pagado,9261
167634,Diciembre 2024,420,Pagado,9261
167635,Marzo 2024,420,Pagado,8967
167636,Abril 2024,420,Pagado,8967
167637,Mayo 2024,420,Pagado,8967
167638,Junio 2024,420,Pagado,8967
167639,Julio 2024,420,Pagado,8967
167640,Agosto 2024,420,Pagado,8967
167641,Setiembre 2024,420,Pagado,8967
167642,Octubre 2024,420,Pagado,8967
167643,Noviembre 2024,420,Pagado,8967
167644,Diciembre 2024,420,Pagado,8967
167645,Marzo 2024,420,Pagado,9023
167646,Abril 2024,420,Pagado,9023
167647,Mayo 2024,420,Pagado,9023
167648,Junio 2024,420,Pagado,9023
167649,Julio 2024,420,Pagado,9023
167650,Agosto 2024,420,Pagado,9023
167651,Setiembre 2024,420,Pagado,9023
167652,Octubre 2024,420,Pagado,9023
167653,Noviembre 2024,420,Pagado,9023
167654,Diciembre 2024,420,Pagado,9023
167655,Marzo 2024,420,Pagado,9097
167656,Abril 2024,420,Pagado,9097
167657,Mayo 2024,420,Vencido,9097
167658,Junio 2024,420,Pagado,9097
167659,Julio 2024,420,Pagado,9097
167660,Agosto 2024,420,Pagado,9097
167661,Setiembre 2024,420,Pagado,9097
167662,Octubre 2024,420,Pagado,9097
167663,Noviembre 2024,420,Pagado,9097
167664,Diciembre 2024,420,Pagado,9097
167665,Marzo 2024,420,Pagado,9098
167666,Abril 2024,420,Pagado,9098
167667,Mayo 2024,420,Pagado,9098
167668,Junio 2024,420,Pagado,9098
167669,Julio 2024,420,Pagado,9098
167670,Agosto 2024,420,Pagado,9098
167671,Setiembre 2024,420,Pagado,9098
167672,Octubre 2024,420,Pagado,9098
167673,Noviembre 2024,420,Pagado,9098
167674,Diciembre 2024,420,Pagado,9098
167675,Marzo 2025,350,Pagado,9204
167676,Abril 2025,350,Pagado,9204
167677,Mayo 2025,350,Pagado,9204
167678,Junio 2025,350,Pagado,9204
167679,Julio 2025,350,Pagado,9204
167680,Agosto 2025,350,Pagado,9204
167681,Setiembre 2025,350,Pagado,9204
167682,Octubre 2025,350,Pagado,9204
167683,Noviembre 2025,350,Pagado,9204
167684,Diciembre 2025,350,Pagado,9204
167685,Marzo 2025,350,Pagado,8970
167686,Abril 2025,350,Pagado,8970
167687,Mayo 2025,350,Pagado,8970
167688,Junio 2025,350,Pagado,8970
167689,Julio 2025,350,Pagado,8970
167690,Agosto 2025,350,Pagado,8970
167691,Setiembre 2025,350,Pagado,8970
167692,Octubre 2025,350,Pagado,8970
167693,Noviembre 2025,350,Pagado,8970
167694,Diciembre 2025,350,Pagado,8970
167695,Marzo 2025,350,Pagado,8981
167696,Abril 2025,350,Pagado,8981
167697,Mayo 2025,350,Pagado,8981
167698,Junio 2025,350,Pagado,8981
167699,Julio 2025,350,Pagado,8981
167700,Agosto 2025,350,Pagado,8981
167701,Setiembre 2025,350,Pagado,8981
167702,Octubre 2025,350,Pagado,8981
167703,Noviembre 2025,350,Pagado,8981
167704,Diciembre 2025,350,Pagado,8981
167705,Marzo 2025,350,Pagado,8973
167706,Abril 2025,350,Pagado,8973
167707,Mayo 2025,350,Pagado,8973
167708,Junio 2025,350,Pagado,8973
167709,Julio 2025,350,Pagado,8973
167710,Agosto 2025,350,Pagado,8973
167711,Setiembre 2025,350,Pagado,8973
167712,Octubre 2025,350,Pagado,8973
167713,Noviembre 2025,350,Pagado,8973
167714,Diciembre 2025,350,Pagado,8973
167715,Marzo 2025,350,Pagado,9116
167716,Abril 2025,350,Pagado,9116
167717,Mayo 2025,350,Pagado,9116
167718,Junio 2025,350,Pagado,9116
167719,Julio 2025,350,Pagado,9116
167720,Agosto 2025,350,Pagado,9116
167721,Setiembre 2025,350,Pagado,9116
167722,Octubre 2025,350,Pagado,9116
167723,Noviembre 2025,350,Pagado,9116
167724,Diciembre 2025,350,Pagado,9116
167725,Marzo 2025,350,Pagado,8977
167726,Abril 2025,350,Pagado,8977
167727,Mayo 2025,350,Pagado,8977
167728,Junio 2025,350,Pagado,8977
167729,Julio 2025,350,Pagado,8977
167730,Agosto 2025,350,Pagado,8977
167731,Setiembre 2025,350,Pagado,8977
167732,Octubre 2025,350,Pagado,8977
167733,Noviembre 2025,350,Pagado,8977
167734,Diciembre 2025,350,Pagado,8977
167735,Marzo 2025,350,Pagado,9160
167736,Abril 2025,350,Pagado,9160
167737,Mayo 2025,350,Pagado,9160
167738,Junio 2025,350,Pagado,9160
167739,Julio 2025,350,Pagado,9160
167740,Agosto 2025,350,Pagado,9160
167741,Setiembre 2025,350,Pagado,9160
167742,Octubre 2025,350,Pagado,9160
167743,Noviembre 2025,350,Pagado,9160
167744,Diciembre 2025,350,Pagado,9160
167745,Marzo 2025,350,Pagado,9170
167746,Abril 2025,350,Pagado,9170
167747,Mayo 2025,350,Pagado,9170
167748,Junio 2025,350,Pagado,9170
167749,Julio 2025,350,Pagado,9170
167750,Agosto 2025,350,Pagado,9170
167751,Setiembre 2025,350,Pagado,9170
167752,Octubre 2025,350,Pagado,9170
167753,Noviembre 2025,350,Pagado,9170
167754,Diciembre 2025,350,Pagado,9170
167755,Marzo 2025,350,Pagado,9216
167756,Abril 2025,350,Pagado,9216
167757,Mayo 2025,350,Pagado,9216
167758,Junio 2025,350,Pagado,9216
167759,Julio 2025,350,Pagado,9216
167760,Agosto 2025,350,Pagado,9216
167761,Setiembre 2025,350,Pagado,9216
167762,Octubre 2025,350,Pagado,9216
167763,Noviembre 2025,350,Vencido,9216
167764,Diciembre 2025,350,Pagado,9216
167765,Marzo 2025,350,Pagado,9316
167766,Abril 2025,350,Pagado,9316
167767,Mayo 2025,350,Pagado,9316
167768,Junio 2025,350,Pagado,9316
167769,Julio 2025,350,Pagado,9316
167770,Agosto 2025,350,Pagado,9316
167771,Setiembre 2025,350,Pagado,9316
167772,Octubre 2025,350,Pagado,9316
167773,Noviembre 2025,350,Pagado,9316
167774,Diciembre 2025,350,Pagado,9316
167775,Marzo 2025,350,Pagado,9241
167776,Abril 2025,350,Pagado,9241
167777,Mayo 2025,350,Pagado,9241
167778,Junio 2025,350,Pagado,9241
167779,Julio 2025,350,Pagado,9241
167780,Agosto 2025,350,Pagado,9241
167781,Setiembre 2025,350,Vencido,9241
167782,Octubre 2025,350,Pagado,9241
167783,Noviembre 2025,350,Pagado,9241
167784,Diciembre 2025,350,Pagado,9241
167785,Marzo 2025,350,Pagado,9056
167786,Abril 2025,350,Pagado,9056
167787,Mayo 2025,350,Pagado,9056
167788,Junio 2025,350,Pagado,9056
167789,Julio 2025,350,Pagado,9056
167790,Agosto 2025,350,Pagado,9056
167791,Setiembre 2025,350,Pagado,9056
167792,Octubre 2025,350,Pagado,9056
167793,Noviembre 2025,350,Pagado,9056
167794,Diciembre 2025,350,Pagado,9056
167795,Marzo 2025,350,Pagado,9073
167796,Abril 2025,350,Pagado,9073
167797,Mayo 2025,350,Pagado,9073
167798,Junio 2025,350,Pagado,9073
167799,Julio 2025,350,Vencido,9073
167800,Agosto 2025,350,Pagado,9073
167801,Setiembre 2025,350,Pagado,9073
167802,Octubre 2025,350,Pagado,9073
167803,Noviembre 2025,350,Pagado,9073
167804,Diciembre 2025,350,Pagado,9073
167805,Marzo 2025,350,Pagado,9230
167806,Abril 2025,350,Pagado,9230
167807,Mayo 2025,350,Pagado,9230
167808,Junio 2025,350,Pagado,9230
167809,Julio 2025,350,Pagado,9230
167810,Agosto 2025,350,Pagado,9230
167811,Setiembre 2025,350,Vencido,9230
167812,Octubre 2025,350,Pagado,9230
167813,Noviembre 2025,350,Pagado,9230
167814,Diciembre 2025,350,Pagado,9230
167815,Marzo 2025,350,Pagado,9015
167816,Abril 2025,350,Pagado,9015
167817,Mayo 2025,350,Pagado,9015
167818,Junio 2025,350,Pagado,9015
167819,Julio 2025,350,Pagado,9015
167820,Agosto 2025,350,Pagado,9015
167821,Setiembre 2025,350,Pagado,9015
167822,Octubre 2025,350,Pagado,9015
167823,Noviembre 2025,350,Pagado,9015
167824,Diciembre 2025,350,Pagado,9015
167825,Marzo 2025,350,Pagado,8945
167826,Abril 2025,350,Pagado,8945
167827,Mayo 2025,350,Pagado,8945
167828,Junio 2025,350,Pagado,8945
167829,Julio 2025,350,Pagado,8945
167830,Agosto 2025,350,Pagado,8945
167831,Setiembre 2025,350,Pagado,8945
167832,Octubre 2025,350,Pagado,8945
167833,Noviembre 2025,350,Pagado,8945
167834,Diciembre 2025,350,Pagado,8945
167835,Marzo 2025,350,Pagado,9310
167836,Abril 2025,350,Pagado,9310
167837,Mayo 2025,350,Pagado,9310
167838,Junio 2025,350,Pagado,9310
167839,Julio 2025,350,Pagado,9310
167840,Agosto 2025,350,Pagado,9310
167841,Setiembre 2025,350,Pagado,9310
167842,Octubre 2025,350,Pagado,9310
167843,Noviembre 2025,350,Pagado,9310
167844,Diciembre 2025,350,Pagado,9310
167845,Marzo 2025,350,Pagado,9224
167846,Abril 2025,350,Pagado,9224
167847,Mayo 2025,350,Pagado,9224
167848,Junio 2025,350,Pagado,9224
167849,Julio 2025,350,Pagado,9224
167850,Agosto 2025,350,Pagado,9224
167851,Setiembre 2025,350,Pagado,9224
167852,Octubre 2025,350,Pagado,9224
167853,Noviembre 2025,350,Pagado,9224
167854,Diciembre 2025,350,Pagado,9224
167855,Marzo 2025,350,Pagado,9010
167856,Abril 2025,350,Pagado,9010
167857,Mayo 2025,350,Pagado,9010
167858,Junio 2025,350,Pagado,9010
167859,Julio 2025,350,Pagado,9010
167860,Agosto 2025,350,Pagado,9010
167861,Setiembre 2025,350,Pagado,9010
167862,Octubre 2025,350,Pagado,9010
167863,Noviembre 2025,350,Pagado,9010
167864,Diciembre 2025,350,Pagado,9010
167865,Marzo 2025,350,Pagado,9280
167866,Abril 2025,350,Pagado,9280
167867,Mayo 2025,350,Pagado,9280
167868,Junio 2025,350,Pagado,9280
167869,Julio 2025,350,Pagado,9280
167870,Agosto 2025,350,Pagado,9280
167871,Setiembre 2025,350,Pagado,9280
167872,Octubre 2025,350,Pagado,9280
167873,Noviembre 2025,350,Pagado,9280
167874,Diciembre 2025,350,Pagado,9280
167875,Marzo 2025,350,Pagado,9030
167876,Abril 2025,350,Pagado,9030
167877,Mayo 2025,350,Pagado,9030
167878,Junio 2025,350,Vencido,9030
167879,Julio 2025,350,Pagado,9030
167880,Agosto 2025,350,Pagado,9030
167881,Setiembre 2025,350,Pagado,9030
167882,Octubre 2025,350,Pagado,9030
167883,Noviembre 2025,350,Pagado,9030
167884,Diciembre 2025,350,Pagado,9030
167885,Marzo 2025,350,Pagado,9284
167886,Abril 2025,350,Pagado,9284
167887,Mayo 2025,350,Pagado,9284
167888,Junio 2025,350,Pagado,9284
167889,Julio 2025,350,Pagado,9284
167890,Agosto 2025,350,Pagado,9284
167891,Setiembre 2025,350,Pagado,9284
167892,Octubre 2025,350,Pagado,9284
167893,Noviembre 2025,350,Pagado,9284
167894,Diciembre 2025,350,Pagado,9284
167895,Marzo 2025,350,Pagado,9147
167896,Abril 2025,350,Pagado,9147
167897,Mayo 2025,350,Pagado,9147
167898,Junio 2025,350,Pagado,9147
167899,Julio 2025,350,Pagado,9147
167900,Agosto 2025,350,Pagado,9147
167901,Setiembre 2025,350,Pagado,9147
167902,Octubre 2025,350,Pagado,9147
167903,Noviembre 2025,350,Pagado,9147
167904,Diciembre 2025,350,Pagado,9147
167905,Marzo 2025,350,Pagado,9153
167906,Abril 2025,350,Pagado,9153
167907,Mayo 2025,350,Pagado,9153
167908,Junio 2025,350,Pagado,9153
167909,Julio 2025,350,Pagado,9153
167910,Agosto 2025,350,Pagado,9153
167911,Setiembre 2025,350,Pagado,9153
167912,Octubre 2025,350,Pagado,9153
167913,Noviembre 2025,350,Pagado,9153
167914,Diciembre 2025,350,Pagado,9153
167915,Marzo 2025,350,Pagado,8962
167916,Abril 2025,350,Pagado,8962
167917,Mayo 2025,350,Pagado,8962
167918,Junio 2025,350,Pagado,8962
167919,Julio 2025,350,Vencido,8962
167920,Agosto 2025,350,Pagado,8962
167921,Setiembre 2025,350,Vencido,8962
167922,Octubre 2025,350,Pagado,8962
167923,Noviembre 2025,350,Pagado,8962
167924,Diciembre 2025,350,Pagado,8962
167925,Marzo 2025,350,Pagado,9262
167926,Abril 2025,350,Pagado,9262
167927,Mayo 2025,350,Pagado,9262
167928,Junio 2025,350,Pagado,9262
167929,Julio 2025,350,Pagado,9262
167930,Agosto 2025,350,Pagado,9262
167931,Setiembre 2025,350,Pagado,9262
167932,Octubre 2025,350,Pagado,9262
167933,Noviembre 2025,350,Pagado,9262
167934,Diciembre 2025,350,Pagado,9262
167935,Marzo 2025,350,Pagado,9027
167936,Abril 2025,350,Pagado,9027
167937,Mayo 2025,350,Pagado,9027
167938,Junio 2025,350,Pagado,9027
167939,Julio 2025,350,Pagado,9027
167940,Agosto 2025,350,Pagado,9027
167941,Setiembre 2025,350,Pagado,9027
167942,Octubre 2025,350,Pagado,9027
167943,Noviembre 2025,350,Pagado,9027
167944,Diciembre 2025,350,Pagado,9027
167945,Marzo 2025,350,Pagado,8992
167946,Abril 2025,350,Pagado,8992
167947,Mayo 2025,350,Pagado,8992
167948,Junio 2025,350,Pagado,8992
167949,Julio 2025,350,Pagado,8992
167950,Agosto 2025,350,Pagado,8992
167951,Setiembre 2025,350,Pagado,8992
167952,Octubre 2025,350,Pagado,8992
167953,Noviembre 2025,350,Pagado,8992
167954,Diciembre 2025,350,Pagado,8992
167955,Marzo 2025,350,Pagado,9097
167956,Abril 2025,350,Pagado,9097
167957,Mayo 2025,350,Pagado,9097
167958,Junio 2025,350,Pagado,9097
167959,Julio 2025,350,Pagado,9097
167960,Agosto 2025,350,Pagado,9097
167961,Setiembre 2025,350,Pagado,9097
167962,Octubre 2025,350,Pagado,9097
167963,Noviembre 2025,350,Pagado,9097
167964,Diciembre 2025,350,Pagado,9097
167965,Marzo 2025,350,Pagado,9217
167966,Abril 2025,350,Pagado,9217
167967,Mayo 2025,350,Pagado,9217
167968,Junio 2025,350,Pagado,9217
167969,Julio 2025,350,Pagado,9217
167970,Agosto 2025,350,Pagado,9217
167971,Setiembre 2025,350,Pagado,9217
167972,Octubre 2025,350,Pagado,9217
167973,Noviembre 2025,350,Pagado,9217
167974,Diciembre 2025,350,Pagado,9217
167975,Marzo 2025,350,Pagado,9171
167976,Abril 2025,350,Pagado,9171
167977,Mayo 2025,350,Pagado,9171
167978,Junio 2025,350,Pagado,9171
167979,Julio 2025,350,Pagado,9171
167980,Agosto 2025,350,Pagado,9171
167981,Setiembre 2025,350,Pagado,9171
167982,Octubre 2025,350,Pagado,9171
167983,Noviembre 2025,350,Pagado,9171
167984,Diciembre 2025,350,Pagado,9171
167985,Marzo 2025,350,Pagado,9134
167986,Abril 2025,350,Pagado,9134
167987,Mayo 2025,350,Pagado,9134
167988,Junio 2025,350,Pagado,9134
167989,Julio 2025,350,Pagado,9134
167990,Agosto 2025,350,Pagado,9134
167991,Setiembre 2025,350,Pagado,9134
167992,Octubre 2025,350,Pagado,9134
167993,Noviembre 2025,350,Pagado,9134
167994,Diciembre 2025,350,Pagado,9134
167995,Marzo 2025,350,Pagado,9333
167996,Abril 2025,350,Pagado,9333
167997,Mayo 2025,350,Pagado,9333
167998,Junio 2025,350,Pagado,9333
167999,Julio 2025,350,Pagado,9333
168000,Agosto 2025,350,Pagado,9333
168001,Setiembre 2025,350,Pagado,9333
168002,Octubre 2025,350,Pagado,9333
168003,Noviembre 2025,350,Pagado,9333
168004,Diciembre 2025,350,Pagado,9333
168005,Marzo 2025,350,Pagado,9011
168006,Abril 2025,350,Pagado,9011
168007,Mayo 2025,350,Pagado,9011
168008,Junio 2025,350,Pagado,9011
168009,Julio 2025,350,Pagado,9011
168010,Agosto 2025,350,Pagado,9011
168011,Setiembre 2025,350,Pagado,9011
168012,Octubre 2025,350,Pagado,9011
168013,Noviembre 2025,350,Pagado,9011
168014,Diciembre 2025,350,Pagado,9011
168015,Marzo 2025,350,Pagado,8993
168016,Abril 2025,350,Pagado,8993
168017,Mayo 2025,350,Vencido,8993
168018,Junio 2025,350,Pagado,8993
168019,Julio 2025,350,Pagado,8993
168020,Agosto 2025,350,Pagado,8993
168021,Setiembre 2025,350,Pagado,8993
168022,Octubre 2025,350,Pagado,8993
168023,Noviembre 2025,350,Pagado,8993
168024,Diciembre 2025,350,Pagado,8993
168025,Marzo 2025,350,Pagado,9327
168026,Abril 2025,350,Pagado,9327
168027,Mayo 2025,350,Pagado,9327
168028,Junio 2025,350,Pagado,9327
168029,Julio 2025,350,Pagado,9327
168030,Agosto 2025,350,Pagado,9327
168031,Setiembre 2025,350,Pagado,9327
168032,Octubre 2025,350,Pagado,9327
168033,Noviembre 2025,350,Pagado,9327
168034,Diciembre 2025,350,Pagado,9327
168035,Marzo 2025,350,Pagado,9292
168036,Abril 2025,350,Pagado,9292
168037,Mayo 2025,350,Pagado,9292
168038,Junio 2025,350,Pagado,9292
168039,Julio 2025,350,Pagado,9292
168040,Agosto 2025,350,Pagado,9292
168041,Setiembre 2025,350,Pagado,9292
168042,Octubre 2025,350,Vencido,9292
168043,Noviembre 2025,350,Pagado,9292
168044,Diciembre 2025,350,Pagado,9292
168045,Marzo 2025,350,Pagado,9168
168046,Abril 2025,350,Pagado,9168
168047,Mayo 2025,350,Pagado,9168
168048,Junio 2025,350,Pagado,9168
168049,Julio 2025,350,Pagado,9168
168050,Agosto 2025,350,Pagado,9168
168051,Setiembre 2025,350,Pagado,9168
168052,Octubre 2025,350,Pagado,9168
168053,Noviembre 2025,350,Pagado,9168
168054,Diciembre 2025,350,Pagado,9168
168055,Marzo 2025,350,Pagado,8943
168056,Abril 2025,350,Pagado,8943
168057,Mayo 2025,350,Pagado,8943
168058,Junio 2025,350,Pagado,8943
168059,Julio 2025,350,Pagado,8943
168060,Agosto 2025,350,Pagado,8943
168061,Setiembre 2025,350,Pagado,8943
168062,Octubre 2025,350,Pagado,8943
168063,Noviembre 2025,350,Pagado,8943
168064,Diciembre 2025,350,Vencido,8943
168065,Marzo 2025,350,Pagado,9305
168066,Abril 2025,350,Pagado,9305
168067,Mayo 2025,350,Pagado,9305
168068,Junio 2025,350,Pagado,9305
168069,Julio 2025,350,Pagado,9305
168070,Agosto 2025,350,Pagado,9305
168071,Setiembre 2025,350,Pagado,9305
168072,Octubre 2025,350,Pagado,9305
168073,Noviembre 2025,350,Pagado,9305
168074,Diciembre 2025,350,Pagado,9305
168075,Marzo 2025,350,Pagado,9063
168076,Abril 2025,350,Pagado,9063
168077,Mayo 2025,350,Pagado,9063
168078,Junio 2025,350,Pagado,9063
168079,Julio 2025,350,Pagado,9063
168080,Agosto 2025,350,Pagado,9063
168081,Setiembre 2025,350,Pagado,9063
168082,Octubre 2025,350,Pagado,9063
168083,Noviembre 2025,350,Pagado,9063
168084,Diciembre 2025,350,Pagado,9063
168085,Marzo 2025,350,Pagado,9093
168086,Abril 2025,350,Pagado,9093
168087,Mayo 2025,350,Pagado,9093
168088,Junio 2025,350,Pagado,9093
168089,Julio 2025,350,Pagado,9093
168090,Agosto 2025,350,Pagado,9093
168091,Setiembre 2025,350,Pagado,9093
168092,Octubre 2025,350,Pagado,9093
168093,Noviembre 2025,350,Pagado,9093
168094,Diciembre 2025,350,Pagado,9093
168095,Marzo 2025,350,Pagado,9166
168096,Abril 2025,350,Pagado,9166
168097,Mayo 2025,350,Pagado,9166
168098,Junio 2025,350,Pagado,9166
168099,Julio 2025,350,Pagado,9166
168100,Agosto 2025,350,Pagado,9166
168101,Setiembre 2025,350,Pagado,9166
168102,Octubre 2025,350,Pagado,9166
168103,Noviembre 2025,350,Pagado,9166
168104,Diciembre 2025,350,Pagado,9166
168105,Marzo 2025,350,Pagado,9018
168106,Abril 2025,350,Pagado,9018
168107,Mayo 2025,350,Pagado,9018
168108,Junio 2025,350,Pagado,9018
168109,Julio 2025,350,Pagado,9018
168110,Agosto 2025,350,Pagado,9018
168111,Setiembre 2025,350,Pagado,9018
168112,Octubre 2025,350,Pagado,9018
168113,Noviembre 2025,350,Pagado,9018
168114,Diciembre 2025,350,Pagado,9018
168115,Marzo 2025,350,Pagado,9214
168116,Abril 2025,350,Pagado,9214
168117,Mayo 2025,350,Pagado,9214
168118,Junio 2025,350,Pagado,9214
168119,Julio 2025,350,Pagado,9214
168120,Agosto 2025,350,Pagado,9214
168121,Setiembre 2025,350,Pagado,9214
168122,Octubre 2025,350,Pagado,9214
168123,Noviembre 2025,350,Pagado,9214
168124,Diciembre 2025,350,Pagado,9214
168125,Marzo 2025,350,Pagado,9288
168126,Abril 2025,350,Pagado,9288
168127,Mayo 2025,350,Pagado,9288
168128,Junio 2025,350,Pagado,9288
168129,Julio 2025,350,Pagado,9288
168130,Agosto 2025,350,Pagado,9288
168131,Setiembre 2025,350,Pagado,9288
168132,Octubre 2025,350,Pagado,9288
168133,Noviembre 2025,350,Pagado,9288
168134,Diciembre 2025,350,Pagado,9288
168135,Marzo 2025,350,Pagado,9151
168136,Abril 2025,350,Pagado,9151
168137,Mayo 2025,350,Pagado,9151
168138,Junio 2025,350,Pagado,9151
168139,Julio 2025,350,Pagado,9151
168140,Agosto 2025,350,Pagado,9151
168141,Setiembre 2025,350,Pagado,9151
168142,Octubre 2025,350,Pagado,9151
168143,Noviembre 2025,350,Pagado,9151
168144,Diciembre 2025,350,Pagado,9151
168145,Marzo 2025,350,Pagado,9250
168146,Abril 2025,350,Pagado,9250
168147,Mayo 2025,350,Pagado,9250
168148,Junio 2025,350,Pagado,9250
168149,Julio 2025,350,Pagado,9250
168150,Agosto 2025,350,Pagado,9250
168151,Setiembre 2025,350,Pagado,9250
168152,Octubre 2025,350,Pagado,9250
168153,Noviembre 2025,350,Pagado,9250
168154,Diciembre 2025,350,Pagado,9250
168155,Marzo 2025,350,Pagado,9231
168156,Abril 2025,350,Pagado,9231
168157,Mayo 2025,350,Pagado,9231
168158,Junio 2025,350,Pagado,9231
168159,Julio 2025,350,Pagado,9231
168160,Agosto 2025,350,Pagado,9231
168161,Setiembre 2025,350,Pagado,9231
168162,Octubre 2025,350,Pagado,9231
168163,Noviembre 2025,350,Pagado,9231
168164,Diciembre 2025,350,Pagado,9231
168165,Marzo 2025,350,Pagado,8944
168166,Abril 2025,350,Pagado,8944
168167,Mayo 2025,350,Pagado,8944
168168,Junio 2025,350,Pagado,8944
168169,Julio 2025,350,Pagado,8944
168170,Agosto 2025,350,Pagado,8944
168171,Setiembre 2025,350,Pagado,8944
168172,Octubre 2025,350,Pagado,8944
168173,Noviembre 2025,350,Pagado,8944
168174,Diciembre 2025,350,Pagado,8944
168175,Marzo 2025,350,Pagado,8952
168176,Abril 2025,350,Pagado,8952
168177,Mayo 2025,350,Pagado,8952
168178,Junio 2025,350,Pagado,8952
168179,Julio 2025,350,Pagado,8952
168180,Agosto 2025,350,Pagado,8952
168181,Setiembre 2025,350,Pagado,8952
168182,Octubre 2025,350,Pagado,8952
168183,Noviembre 2025,350,Pagado,8952
168184,Diciembre 2025,350,Pagado,8952
168185,Marzo 2025,350,Pagado,8969
168186,Abril 2025,350,Pagado,8969
168187,Mayo 2025,350,Pagado,8969
168188,Junio 2025,350,Pagado,8969
168189,Julio 2025,350,Pagado,8969
168190,Agosto 2025,350,Pagado,8969
168191,Setiembre 2025,350,Pagado,8969
168192,Octubre 2025,350,Pagado,8969
168193,Noviembre 2025,350,Pagado,8969
168194,Diciembre 2025,350,Pagado,8969
168195,Marzo 2025,350,Pagado,9131
168196,Abril 2025,350,Pagado,9131
168197,Mayo 2025,350,Pagado,9131
168198,Junio 2025,350,Pagado,9131
168199,Julio 2025,350,Pagado,9131
168200,Agosto 2025,350,Pagado,9131
168201,Setiembre 2025,350,Pagado,9131
168202,Octubre 2025,350,Pagado,9131
168203,Noviembre 2025,350,Pagado,9131
168204,Diciembre 2025,350,Pagado,9131
168205,Marzo 2025,350,Pagado,8976
168206,Abril 2025,350,Pagado,8976
168207,Mayo 2025,350,Pagado,8976
168208,Junio 2025,350,Pagado,8976
168209,Julio 2025,350,Pagado,8976
168210,Agosto 2025,350,Pagado,8976
168211,Setiembre 2025,350,Pagado,8976
168212,Octubre 2025,350,Pagado,8976
168213,Noviembre 2025,350,Pagado,8976
168214,Diciembre 2025,350,Pagado,8976
168215,Marzo 2025,350,Pagado,9256
168216,Abril 2025,350,Pagado,9256
168217,Mayo 2025,350,Pagado,9256
168218,Junio 2025,350,Pagado,9256
168219,Julio 2025,350,Pagado,9256
168220,Agosto 2025,350,Pagado,9256
168221,Setiembre 2025,350,Pagado,9256
168222,Octubre 2025,350,Pagado,9256
168223,Noviembre 2025,350,Pagado,9256
168224,Diciembre 2025,350,Pagado,9256
168225,Marzo 2025,350,Pagado,9080
168226,Abril 2025,350,Pagado,9080
168227,Mayo 2025,350,Pagado,9080
168228,Junio 2025,350,Pagado,9080
168229,Julio 2025,350,Pagado,9080
168230,Agosto 2025,350,Pagado,9080
168231,Setiembre 2025,350,Pagado,9080
168232,Octubre 2025,350,Pagado,9080
168233,Noviembre 2025,350,Pagado,9080
168234,Diciembre 2025,350,Pagado,9080
168235,Marzo 2025,350,Pagado,9321
168236,Abril 2025,350,Vencido,9321
168237,Mayo 2025,350,Pagado,9321
168238,Junio 2025,350,Pagado,9321
168239,Julio 2025,350,Pagado,9321
168240,Agosto 2025,350,Pagado,9321
168241,Setiembre 2025,350,Pagado,9321
168242,Octubre 2025,350,Pagado,9321
168243,Noviembre 2025,350,Pagado,9321
168244,Diciembre 2025,350,Pagado,9321
168245,Marzo 2025,350,Pagado,9195
168246,Abril 2025,350,Pagado,9195
168247,Mayo 2025,350,Pagado,9195
168248,Junio 2025,350,Pagado,9195
168249,Julio 2025,350,Pagado,9195
168250,Agosto 2025,350,Pagado,9195
168251,Setiembre 2025,350,Pagado,9195
168252,Octubre 2025,350,Pagado,9195
168253,Noviembre 2025,350,Pagado,9195
168254,Diciembre 2025,350,Pagado,9195
168255,Marzo 2025,350,Pagado,9155
168256,Abril 2025,350,Pagado,9155
168257,Mayo 2025,350,Pagado,9155
168258,Junio 2025,350,Pagado,9155
168259,Julio 2025,350,Pagado,9155
168260,Agosto 2025,350,Pagado,9155
168261,Setiembre 2025,350,Pagado,9155
168262,Octubre 2025,350,Pagado,9155
168263,Noviembre 2025,350,Pagado,9155
168264,Diciembre 2025,350,Pagado,9155
168265,Marzo 2025,350,Pagado,9084
168266,Abril 2025,350,Pagado,9084
168267,Mayo 2025,350,Pagado,9084
168268,Junio 2025,350,Pagado,9084
168269,Julio 2025,350,Pagado,9084
168270,Agosto 2025,350,Pagado,9084
168271,Setiembre 2025,350,Pagado,9084
168272,Octubre 2025,350,Pagado,9084
168273,Noviembre 2025,350,Pagado,9084
168274,Diciembre 2025,350,Pagado,9084
168275,Marzo 2025,350,Pagado,9235
168276,Abril 2025,350,Pagado,9235
168277,Mayo 2025,350,Pagado,9235
168278,Junio 2025,350,Pagado,9235
168279,Julio 2025,350,Pagado,9235
168280,Agosto 2025,350,Pagado,9235
168281,Setiembre 2025,350,Pagado,9235
168282,Octubre 2025,350,Pagado,9235
168283,Noviembre 2025,350,Pagado,9235
168284,Diciembre 2025,350,Pagado,9235
168285,Marzo 2025,350,Pagado,9052
168286,Abril 2025,350,Pagado,9052
168287,Mayo 2025,350,Pagado,9052
168288,Junio 2025,350,Pagado,9052
168289,Julio 2025,350,Pagado,9052
168290,Agosto 2025,350,Pagado,9052
168291,Setiembre 2025,350,Pagado,9052
168292,Octubre 2025,350,Pagado,9052
168293,Noviembre 2025,350,Pagado,9052
168294,Diciembre 2025,350,Pagado,9052
168295,Marzo 2025,350,Pagado,8964
168296,Abril 2025,350,Pagado,8964
168297,Mayo 2025,350,Pagado,8964
168298,Junio 2025,350,Pagado,8964
168299,Julio 2025,350,Pagado,8964
168300,Agosto 2025,350,Pagado,8964
168301,Setiembre 2025,350,Pagado,8964
168302,Octubre 2025,350,Pagado,8964
168303,Noviembre 2025,350,Pagado,8964
168304,Diciembre 2025,350,Pagado,8964
168305,Marzo 2025,350,Pagado,9128
168306,Abril 2025,350,Pagado,9128
168307,Mayo 2025,350,Pagado,9128
168308,Junio 2025,350,Pagado,9128
168309,Julio 2025,350,Pagado,9128
168310,Agosto 2025,350,Pagado,9128
168311,Setiembre 2025,350,Pagado,9128
168312,Octubre 2025,350,Pagado,9128
168313,Noviembre 2025,350,Pagado,9128
168314,Diciembre 2025,350,Pagado,9128
168315,Marzo 2025,350,Pagado,9104
168316,Abril 2025,350,Pagado,9104
168317,Mayo 2025,350,Pagado,9104
168318,Junio 2025,350,Pagado,9104
168319,Julio 2025,350,Pagado,9104
168320,Agosto 2025,350,Pagado,9104
168321,Setiembre 2025,350,Pagado,9104
168322,Octubre 2025,350,Pagado,9104
168323,Noviembre 2025,350,Pagado,9104
168324,Diciembre 2025,350,Pagado,9104
168325,Marzo 2025,350,Pagado,9315
168326,Abril 2025,350,Pagado,9315
168327,Mayo 2025,350,Pagado,9315
168328,Junio 2025,350,Pagado,9315
168329,Julio 2025,350,Pagado,9315
168330,Agosto 2025,350,Pagado,9315
168331,Setiembre 2025,350,Pagado,9315
168332,Octubre 2025,350,Pagado,9315
168333,Noviembre 2025,350,Pagado,9315
168334,Diciembre 2025,350,Pagado,9315
168335,Marzo 2025,350,Pagado,9169
168336,Abril 2025,350,Pagado,9169
168337,Mayo 2025,350,Pagado,9169
168338,Junio 2025,350,Pagado,9169
168339,Julio 2025,350,Pagado,9169
168340,Agosto 2025,350,Pagado,9169
168341,Setiembre 2025,350,Pagado,9169
168342,Octubre 2025,350,Vencido,9169
168343,Noviembre 2025,350,Pagado,9169
168344,Diciembre 2025,350,Pagado,9169
168345,Marzo 2025,350,Pagado,9199
168346,Abril 2025,350,Pagado,9199
168347,Mayo 2025,350,Pagado,9199
168348,Junio 2025,350,Pagado,9199
168349,Julio 2025,350,Pagado,9199
168350,Agosto 2025,350,Pagado,9199
168351,Setiembre 2025,350,Pagado,9199
168352,Octubre 2025,350,Pagado,9199
168353,Noviembre 2025,350,Pagado,9199
168354,Diciembre 2025,350,Pagado,9199
168355,Marzo 2025,350,Pagado,9324
168356,Abril 2025,350,Pagado,9324
168357,Mayo 2025,350,Pagado,9324
168358,Junio 2025,350,Pagado,9324
168359,Julio 2025,350,Pagado,9324
168360,Agosto 2025,350,Pagado,9324
168361,Setiembre 2025,350,Pagado,9324
168362,Octubre 2025,350,Pagado,9324
168363,Noviembre 2025,350,Pagado,9324
168364,Diciembre 2025,350,Pagado,9324
168365,Marzo 2025,350,Pagado,9023
168366,Abril 2025,350,Pagado,9023
168367,Mayo 2025,350,Pagado,9023
168368,Junio 2025,350,Pagado,9023
168369,Julio 2025,350,Pagado,9023
168370,Agosto 2025,350,Pagado,9023
168371,Setiembre 2025,350,Pagado,9023
168372,Octubre 2025,350,Pagado,9023
168373,Noviembre 2025,350,Pagado,9023
168374,Diciembre 2025,350,Pagado,9023
168375,Marzo 2025,350,Pagado,9044
168376,Abril 2025,350,Pagado,9044
168377,Mayo 2025,350,Pagado,9044
168378,Junio 2025,350,Pagado,9044
168379,Julio 2025,350,Pagado,9044
168380,Agosto 2025,350,Pagado,9044
168381,Setiembre 2025,350,Pagado,9044
168382,Octubre 2025,350,Pagado,9044
168383,Noviembre 2025,350,Pagado,9044
168384,Diciembre 2025,350,Pagado,9044
168385,Marzo 2025,350,Pagado,9154
168386,Abril 2025,350,Pagado,9154
168387,Mayo 2025,350,Pagado,9154
168388,Junio 2025,350,Pagado,9154
168389,Julio 2025,350,Pagado,9154
168390,Agosto 2025,350,Pagado,9154
168391,Setiembre 2025,350,Pagado,9154
168392,Octubre 2025,350,Pagado,9154
168393,Noviembre 2025,350,Pagado,9154
168394,Diciembre 2025,350,Pagado,9154
168395,Marzo 2025,350,Pagado,9039
168396,Abril 2025,350,Pagado,9039
168397,Mayo 2025,350,Pagado,9039
168398,Junio 2025,350,Pagado,9039
168399,Julio 2025,350,Pagado,9039
168400,Agosto 2025,350,Pagado,9039
168401,Setiembre 2025,350,Pagado,9039
168402,Octubre 2025,350,Pagado,9039
168403,Noviembre 2025,350,Pagado,9039
168404,Diciembre 2025,350,Pagado,9039
168405,Marzo 2025,350,Pagado,9086
168406,Abril 2025,350,Pagado,9086
168407,Mayo 2025,350,Pagado,9086
168408,Junio 2025,350,Pagado,9086
168409,Julio 2025,350,Pagado,9086
168410,Agosto 2025,350,Pagado,9086
168411,Setiembre 2025,350,Pagado,9086
168412,Octubre 2025,350,Pagado,9086
168413,Noviembre 2025,350,Pagado,9086
168414,Diciembre 2025,350,Pagado,9086
168415,Marzo 2025,350,Pagado,9148
168416,Abril 2025,350,Pagado,9148
168417,Mayo 2025,350,Pagado,9148
168418,Junio 2025,350,Pagado,9148
168419,Julio 2025,350,Pagado,9148
168420,Agosto 2025,350,Pagado,9148
168421,Setiembre 2025,350,Vencido,9148
168422,Octubre 2025,350,Pagado,9148
168423,Noviembre 2025,350,Pagado,9148
168424,Diciembre 2025,350,Pagado,9148
168425,Marzo 2025,350,Pagado,9287
168426,Abril 2025,350,Pagado,9287
168427,Mayo 2025,350,Pagado,9287
168428,Junio 2025,350,Pagado,9287
168429,Julio 2025,350,Pagado,9287
168430,Agosto 2025,350,Pagado,9287
168431,Setiembre 2025,350,Pagado,9287
168432,Octubre 2025,350,Pagado,9287
168433,Noviembre 2025,350,Pagado,9287
168434,Diciembre 2025,350,Pagado,9287
168435,Marzo 2025,350,Pagado,9312
168436,Abril 2025,350,Pagado,9312
168437,Mayo 2025,350,Pagado,9312
168438,Junio 2025,350,Pagado,9312
168439,Julio 2025,350,Vencido,9312
168440,Agosto 2025,350,Pagado,9312
168441,Setiembre 2025,350,Pagado,9312
168442,Octubre 2025,350,Pagado,9312
168443,Noviembre 2025,350,Pagado,9312
168444,Diciembre 2025,350,Pagado,9312
168445,Marzo 2025,350,Pagado,9162
168446,Abril 2025,350,Pagado,9162
168447,Mayo 2025,350,Pagado,9162
168448,Junio 2025,350,Pagado,9162
168449,Julio 2025,350,Pagado,9162
168450,Agosto 2025,350,Pagado,9162
168451,Setiembre 2025,350,Pagado,9162
168452,Octubre 2025,350,Pagado,9162
168453,Noviembre 2025,350,Pagado,9162
168454,Diciembre 2025,350,Pagado,9162
168455,Marzo 2025,350,Pagado,9338
168456,Abril 2025,350,Pagado,9338
168457,Mayo 2025,350,Pagado,9338
168458,Junio 2025,350,Pagado,9338
168459,Julio 2025,350,Pagado,9338
168460,Agosto 2025,350,Pagado,9338
168461,Setiembre 2025,350,Pagado,9338
168462,Octubre 2025,350,Pagado,9338
168463,Noviembre 2025,350,Pagado,9338
168464,Diciembre 2025,350,Pagado,9338
168465,Marzo 2025,350,Pagado,8947
168466,Abril 2025,350,Pagado,8947
168467,Mayo 2025,350,Pagado,8947
168468,Junio 2025,350,Pagado,8947
168469,Julio 2025,350,Pagado,8947
168470,Agosto 2025,350,Pagado,8947
168471,Setiembre 2025,350,Pagado,8947
168472,Octubre 2025,350,Pagado,8947
168473,Noviembre 2025,350,Pagado,8947
168474,Diciembre 2025,350,Pagado,8947
168475,Marzo 2025,350,Pagado,9277
168476,Abril 2025,350,Pagado,9277
168477,Mayo 2025,350,Pagado,9277
168478,Junio 2025,350,Pagado,9277
168479,Julio 2025,350,Pagado,9277
168480,Agosto 2025,350,Pagado,9277
168481,Setiembre 2025,350,Pagado,9277
168482,Octubre 2025,350,Pagado,9277
168483,Noviembre 2025,350,Pagado,9277
168484,Diciembre 2025,350,Pagado,9277
168485,Marzo 2025,350,Pagado,9014
168486,Abril 2025,350,Pagado,9014
168487,Mayo 2025,350,Pagado,9014
168488,Junio 2025,350,Pagado,9014
168489,Julio 2025,350,Pagado,9014
168490,Agosto 2025,350,Pagado,9014
168491,Setiembre 2025,350,Pagado,9014
168492,Octubre 2025,350,Pagado,9014
168493,Noviembre 2025,350,Pagado,9014
168494,Diciembre 2025,350,Pagado,9014
168495,Marzo 2025,350,Pagado,9065
168496,Abril 2025,350,Pagado,9065
168497,Mayo 2025,350,Pagado,9065
168498,Junio 2025,350,Pagado,9065
168499,Julio 2025,350,Pagado,9065
168500,Agosto 2025,350,Pagado,9065
168501,Setiembre 2025,350,Pagado,9065
168502,Octubre 2025,350,Vencido,9065
168503,Noviembre 2025,350,Pagado,9065
168504,Diciembre 2025,350,Pagado,9065
168505,Marzo 2025,350,Pagado,8967
168506,Abril 2025,350,Pagado,8967
168507,Mayo 2025,350,Pagado,8967
168508,Junio 2025,350,Pagado,8967
168509,Julio 2025,350,Pagado,8967
168510,Agosto 2025,350,Pagado,8967
168511,Setiembre 2025,350,Pagado,8967
168512,Octubre 2025,350,Pagado,8967
168513,Noviembre 2025,350,Pagado,8967
168514,Diciembre 2025,350,Pagado,8967
168515,Marzo 2025,350,Pagado,9212
168516,Abril 2025,350,Pagado,9212
168517,Mayo 2025,350,Pagado,9212
168518,Junio 2025,350,Pagado,9212
168519,Julio 2025,350,Pagado,9212
168520,Agosto 2025,350,Pagado,9212
168521,Setiembre 2025,350,Pagado,9212
168522,Octubre 2025,350,Pagado,9212
168523,Noviembre 2025,350,Pagado,9212
168524,Diciembre 2025,350,Pagado,9212
168525,Marzo 2025,350,Pagado,9046
168526,Abril 2025,350,Pagado,9046
168527,Mayo 2025,350,Pagado,9046
168528,Junio 2025,350,Pagado,9046
168529,Julio 2025,350,Pagado,9046
168530,Agosto 2025,350,Pagado,9046
168531,Setiembre 2025,350,Pagado,9046
168532,Octubre 2025,350,Pagado,9046
168533,Noviembre 2025,350,Pagado,9046
168534,Diciembre 2025,350,Pagado,9046
168535,Marzo 2025,350,Pagado,9163
168536,Abril 2025,350,Pagado,9163
168537,Mayo 2025,350,Pagado,9163
168538,Junio 2025,350,Pagado,9163
168539,Julio 2025,350,Pagado,9163
168540,Agosto 2025,350,Pagado,9163
168541,Setiembre 2025,350,Pagado,9163
168542,Octubre 2025,350,Pagado,9163
168543,Noviembre 2025,350,Pagado,9163
168544,Diciembre 2025,350,Pagado,9163
168545,Marzo 2025,350,Pagado,9248
168546,Abril 2025,350,Pagado,9248
168547,Mayo 2025,350,Pagado,9248
168548,Junio 2025,350,Pagado,9248
168549,Julio 2025,350,Pagado,9248
168550,Agosto 2025,350,Pagado,9248
168551,Setiembre 2025,350,Pagado,9248
168552,Octubre 2025,350,Pagado,9248
168553,Noviembre 2025,350,Pagado,9248
168554,Diciembre 2025,350,Pagado,9248
168555,Marzo 2025,350,Pagado,9263
168556,Abril 2025,350,Pagado,9263
168557,Mayo 2025,350,Pagado,9263
168558,Junio 2025,350,Pagado,9263
168559,Julio 2025,350,Pagado,9263
168560,Agosto 2025,350,Pagado,9263
168561,Setiembre 2025,350,Pagado,9263
168562,Octubre 2025,350,Pagado,9263
168563,Noviembre 2025,350,Pagado,9263
168564,Diciembre 2025,350,Pagado,9263
168565,Marzo 2025,350,Pagado,9276
168566,Abril 2025,350,Pagado,9276
168567,Mayo 2025,350,Pagado,9276
168568,Junio 2025,350,Pagado,9276
168569,Julio 2025,350,Pagado,9276
168570,Agosto 2025,350,Pagado,9276
168571,Setiembre 2025,350,Pagado,9276
168572,Octubre 2025,350,Pagado,9276
168573,Noviembre 2025,350,Pagado,9276
168574,Diciembre 2025,350,Pagado,9276
168575,Marzo 2025,350,Pagado,9140
168576,Abril 2025,350,Pagado,9140
168577,Mayo 2025,350,Pagado,9140
168578,Junio 2025,350,Pagado,9140
168579,Julio 2025,350,Pagado,9140
168580,Agosto 2025,350,Pagado,9140
168581,Setiembre 2025,350,Pagado,9140
168582,Octubre 2025,350,Pagado,9140
168583,Noviembre 2025,350,Pagado,9140
168584,Diciembre 2025,350,Pagado,9140
168585,Marzo 2025,350,Pagado,9211
168586,Abril 2025,350,Pagado,9211
168587,Mayo 2025,350,Pagado,9211
168588,Junio 2025,350,Pagado,9211
168589,Julio 2025,350,Pagado,9211
168590,Agosto 2025,350,Pagado,9211
168591,Setiembre 2025,350,Pagado,9211
168592,Octubre 2025,350,Pagado,9211
168593,Noviembre 2025,350,Pagado,9211
168594,Diciembre 2025,350,Pagado,9211
168595,Marzo 2025,350,Pagado,9223
168596,Abril 2025,350,Pagado,9223
168597,Mayo 2025,350,Pagado,9223
168598,Junio 2025,350,Pagado,9223
168599,Julio 2025,350,Pagado,9223
168600,Agosto 2025,350,Pagado,9223
168601,Setiembre 2025,350,Pagado,9223
168602,Octubre 2025,350,Pagado,9223
168603,Noviembre 2025,350,Pagado,9223
168604,Diciembre 2025,350,Pagado,9223
168605,Marzo 2025,350,Pagado,9156
168606,Abril 2025,350,Pagado,9156
168607,Mayo 2025,350,Pagado,9156
168608,Junio 2025,350,Pagado,9156
168609,Julio 2025,350,Pagado,9156
168610,Agosto 2025,350,Pagado,9156
168611,Setiembre 2025,350,Pagado,9156
168612,Octubre 2025,350,Pagado,9156
168613,Noviembre 2025,350,Pagado,9156
168614,Diciembre 2025,350,Pagado,9156
168615,Marzo 2025,350,Pagado,8957
168616,Abril 2025,350,Pagado,8957
168617,Mayo 2025,350,Pagado,8957
168618,Junio 2025,350,Pagado,8957
168619,Julio 2025,350,Pagado,8957
168620,Agosto 2025,350,Pagado,8957
168621,Setiembre 2025,350,Pagado,8957
168622,Octubre 2025,350,Pagado,8957
168623,Noviembre 2025,350,Pagado,8957
168624,Diciembre 2025,350,Pagado,8957
168625,Marzo 2025,350,Pagado,9005
168626,Abril 2025,350,Pagado,9005
168627,Mayo 2025,350,Pagado,9005
168628,Junio 2025,350,Pagado,9005
168629,Julio 2025,350,Pagado,9005
168630,Agosto 2025,350,Pagado,9005
168631,Setiembre 2025,350,Pagado,9005
168632,Octubre 2025,350,Pagado,9005
168633,Noviembre 2025,350,Pagado,9005
168634,Diciembre 2025,350,Pagado,9005
168635,Marzo 2025,350,Pagado,9198
168636,Abril 2025,350,Pagado,9198
168637,Mayo 2025,350,Pagado,9198
168638,Junio 2025,350,Pagado,9198
168639,Julio 2025,350,Vencido,9198
168640,Agosto 2025,350,Pagado,9198
168641,Setiembre 2025,350,Pagado,9198
168642,Octubre 2025,350,Pagado,9198
168643,Noviembre 2025,350,Pagado,9198
168644,Diciembre 2025,350,Pagado,9198
168645,Marzo 2025,350,Pagado,9149
168646,Abril 2025,350,Pagado,9149
168647,Mayo 2025,350,Pagado,9149
168648,Junio 2025,350,Pagado,9149
168649,Julio 2025,350,Pagado,9149
168650,Agosto 2025,350,Pagado,9149
168651,Setiembre 2025,350,Pagado,9149
168652,Octubre 2025,350,Pagado,9149
168653,Noviembre 2025,350,Pagado,9149
168654,Diciembre 2025,350,Pagado,9149
168655,Marzo 2025,350,Pagado,9165
168656,Abril 2025,350,Pagado,9165
168657,Mayo 2025,350,Pagado,9165
168658,Junio 2025,350,Pagado,9165
168659,Julio 2025,350,Pagado,9165
168660,Agosto 2025,350,Pagado,9165
168661,Setiembre 2025,350,Pagado,9165
168662,Octubre 2025,350,Pagado,9165
168663,Noviembre 2025,350,Pagado,9165
168664,Diciembre 2025,350,Pagado,9165
168665,Marzo 2025,350,Pagado,9309
168666,Abril 2025,350,Pagado,9309
168667,Mayo 2025,350,Pagado,9309
168668,Junio 2025,350,Pagado,9309
168669,Julio 2025,350,Pagado,9309
168670,Agosto 2025,350,Pagado,9309
168671,Setiembre 2025,350,Pagado,9309
168672,Octubre 2025,350,Pagado,9309
168673,Noviembre 2025,350,Pagado,9309
168674,Diciembre 2025,350,Pagado,9309
168675,Marzo 2025,350,Pagado,9193
168676,Abril 2025,350,Pagado,9193
168677,Mayo 2025,350,Pagado,9193
168678,Junio 2025,350,Pagado,9193
168679,Julio 2025,350,Pagado,9193
168680,Agosto 2025,350,Pagado,9193
168681,Setiembre 2025,350,Pagado,9193
168682,Octubre 2025,350,Pagado,9193
168683,Noviembre 2025,350,Pagado,9193
168684,Diciembre 2025,350,Pagado,9193
168685,Marzo 2025,350,Pagado,8941
168686,Abril 2025,350,Pagado,8941
168687,Mayo 2025,350,Pagado,8941
168688,Junio 2025,350,Pagado,8941
168689,Julio 2025,350,Pagado,8941
168690,Agosto 2025,350,Pagado,8941
168691,Setiembre 2025,350,Pagado,8941
168692,Octubre 2025,350,Pagado,8941
168693,Noviembre 2025,350,Pagado,8941
168694,Diciembre 2025,350,Pagado,8941
168695,Marzo 2025,350,Pagado,9174
168696,Abril 2025,350,Pagado,9174
168697,Mayo 2025,350,Pagado,9174
168698,Junio 2025,350,Pagado,9174
168699,Julio 2025,350,Pagado,9174
168700,Agosto 2025,350,Pagado,9174
168701,Setiembre 2025,350,Pagado,9174
168702,Octubre 2025,350,Pagado,9174
168703,Noviembre 2025,350,Pagado,9174
168704,Diciembre 2025,350,Pagado,9174
168705,Marzo 2025,350,Pagado,9062
168706,Abril 2025,350,Pagado,9062
168707,Mayo 2025,350,Pagado,9062
168708,Junio 2025,350,Pagado,9062
168709,Julio 2025,350,Pagado,9062
168710,Agosto 2025,350,Pagado,9062
168711,Setiembre 2025,350,Pagado,9062
168712,Octubre 2025,350,Pagado,9062
168713,Noviembre 2025,350,Pagado,9062
168714,Diciembre 2025,350,Pagado,9062
168715,Marzo 2025,350,Pagado,9295
168716,Abril 2025,350,Pagado,9295
168717,Mayo 2025,350,Pagado,9295
168718,Junio 2025,350,Pagado,9295
168719,Julio 2025,350,Pagado,9295
168720,Agosto 2025,350,Pagado,9295
168721,Setiembre 2025,350,Pagado,9295
168722,Octubre 2025,350,Pagado,9295
168723,Noviembre 2025,350,Pagado,9295
168724,Diciembre 2025,350,Pagado,9295
168725,Marzo 2025,350,Vencido,9082
168726,Abril 2025,350,Pagado,9082
168727,Mayo 2025,350,Pagado,9082
168728,Junio 2025,350,Pagado,9082
168729,Julio 2025,350,Pagado,9082
168730,Agosto 2025,350,Vencido,9082
168731,Setiembre 2025,350,Pagado,9082
168732,Octubre 2025,350,Pagado,9082
168733,Noviembre 2025,350,Pagado,9082
168734,Diciembre 2025,350,Pagado,9082
168735,Marzo 2025,350,Pagado,9233
168736,Abril 2025,350,Pagado,9233
168737,Mayo 2025,350,Pagado,9233
168738,Junio 2025,350,Pagado,9233
168739,Julio 2025,350,Pagado,9233
168740,Agosto 2025,350,Pagado,9233
168741,Setiembre 2025,350,Pagado,9233
168742,Octubre 2025,350,Pagado,9233
168743,Noviembre 2025,350,Pagado,9233
168744,Diciembre 2025,350,Pagado,9233
168745,Marzo 2025,350,Pagado,9283
168746,Abril 2025,350,Pagado,9283
168747,Mayo 2025,350,Pagado,9283
168748,Junio 2025,350,Pagado,9283
168749,Julio 2025,350,Pagado,9283
168750,Agosto 2025,350,Pagado,9283
168751,Setiembre 2025,350,Pagado,9283
168752,Octubre 2025,350,Pagado,9283
168753,Noviembre 2025,350,Pagado,9283
168754,Diciembre 2025,350,Pagado,9283
168755,Marzo 2025,350,Pagado,9219
168756,Abril 2025,350,Pagado,9219
168757,Mayo 2025,350,Pagado,9219
168758,Junio 2025,350,Pagado,9219
168759,Julio 2025,350,Pagado,9219
168760,Agosto 2025,350,Pagado,9219
168761,Setiembre 2025,350,Pagado,9219
168762,Octubre 2025,350,Pagado,9219
168763,Noviembre 2025,350,Pagado,9219
168764,Diciembre 2025,350,Pagado,9219
168765,Marzo 2025,350,Pagado,9300
168766,Abril 2025,350,Pagado,9300
168767,Mayo 2025,350,Pagado,9300
168768,Junio 2025,350,Pagado,9300
168769,Julio 2025,350,Pagado,9300
168770,Agosto 2025,350,Pagado,9300
168771,Setiembre 2025,350,Pagado,9300
168772,Octubre 2025,350,Pagado,9300
168773,Noviembre 2025,350,Pagado,9300
168774,Diciembre 2025,350,Pagado,9300
168775,Marzo 2025,350,Vencido,9191
168776,Abril 2025,350,Pagado,9191
168777,Mayo 2025,350,Pagado,9191
168778,Junio 2025,350,Pagado,9191
168779,Julio 2025,350,Pagado,9191
168780,Agosto 2025,350,Pagado,9191
168781,Setiembre 2025,350,Pagado,9191
168782,Octubre 2025,350,Pagado,9191
168783,Noviembre 2025,350,Pagado,9191
168784,Diciembre 2025,350,Pagado,9191
168785,Marzo 2025,350,Pagado,9002
168786,Abril 2025,350,Pagado,9002
168787,Mayo 2025,350,Pagado,9002
168788,Junio 2025,350,Pagado,9002
168789,Julio 2025,350,Pagado,9002
168790,Agosto 2025,350,Pagado,9002
168791,Setiembre 2025,350,Pagado,9002
168792,Octubre 2025,350,Vencido,9002
168793,Noviembre 2025,350,Pagado,9002
168794,Diciembre 2025,350,Pagado,9002
168795,Marzo 2025,350,Pagado,9040
168796,Abril 2025,350,Pagado,9040
168797,Mayo 2025,350,Pagado,9040
168798,Junio 2025,350,Pagado,9040
168799,Julio 2025,350,Pagado,9040
168800,Agosto 2025,350,Pagado,9040
168801,Setiembre 2025,350,Pagado,9040
168802,Octubre 2025,350,Pagado,9040
168803,Noviembre 2025,350,Pagado,9040
168804,Diciembre 2025,350,Pagado,9040
168805,Marzo 2025,350,Pagado,9132
168806,Abril 2025,350,Pagado,9132
168807,Mayo 2025,350,Pagado,9132
168808,Junio 2025,350,Pagado,9132
168809,Julio 2025,350,Pagado,9132
168810,Agosto 2025,350,Pagado,9132
168811,Setiembre 2025,350,Pagado,9132
168812,Octubre 2025,350,Pagado,9132
168813,Noviembre 2025,350,Pagado,9132
168814,Diciembre 2025,350,Pagado,9132
168815,Marzo 2025,350,Pagado,9115
168816,Abril 2025,350,Pagado,9115
168817,Mayo 2025,350,Pagado,9115
168818,Junio 2025,350,Pagado,9115
168819,Julio 2025,350,Pagado,9115
168820,Agosto 2025,350,Pagado,9115
168821,Setiembre 2025,350,Pagado,9115
168822,Octubre 2025,350,Pagado,9115
168823,Noviembre 2025,350,Pagado,9115
168824,Diciembre 2025,350,Pagado,9115
168825,Marzo 2025,350,Pagado,9187
168826,Abril 2025,350,Pagado,9187
168827,Mayo 2025,350,Pagado,9187
168828,Junio 2025,350,Pagado,9187
168829,Julio 2025,350,Pagado,9187
168830,Agosto 2025,350,Pagado,9187
168831,Setiembre 2025,350,Pagado,9187
168832,Octubre 2025,350,Pagado,9187
168833,Noviembre 2025,350,Pagado,9187
168834,Diciembre 2025,350,Pagado,9187
168835,Marzo 2025,350,Pagado,9238
168836,Abril 2025,350,Pagado,9238
168837,Mayo 2025,350,Pagado,9238
168838,Junio 2025,350,Pagado,9238
168839,Julio 2025,350,Pagado,9238
168840,Agosto 2025,350,Pagado,9238
168841,Setiembre 2025,350,Pagado,9238
168842,Octubre 2025,350,Pagado,9238
168843,Noviembre 2025,350,Pagado,9238
168844,Diciembre 2025,350,Pagado,9238
168845,Marzo 2025,350,Pagado,9072
168846,Abril 2025,350,Pagado,9072
168847,Mayo 2025,350,Pagado,9072
168848,Junio 2025,350,Pagado,9072
168849,Julio 2025,350,Pagado,9072
168850,Agosto 2025,350,Pagado,9072
168851,Setiembre 2025,350,Pagado,9072
168852,Octubre 2025,350,Pagado,9072
168853,Noviembre 2025,350,Pagado,9072
168854,Diciembre 2025,350,Vencido,9072
168855,Marzo 2025,350,Pagado,9102
168856,Abril 2025,350,Pagado,9102
168857,Mayo 2025,350,Pagado,9102
168858,Junio 2025,350,Pagado,9102
168859,Julio 2025,350,Pagado,9102
168860,Agosto 2025,350,Pagado,9102
168861,Setiembre 2025,350,Pagado,9102
168862,Octubre 2025,350,Pagado,9102
168863,Noviembre 2025,350,Pagado,9102
168864,Diciembre 2025,350,Pagado,9102
168865,Marzo 2025,350,Pagado,8994
168866,Abril 2025,350,Pagado,8994
168867,Mayo 2025,350,Pagado,8994
168868,Junio 2025,350,Pagado,8994
168869,Julio 2025,350,Pagado,8994
168870,Agosto 2025,350,Pagado,8994
168871,Setiembre 2025,350,Pagado,8994
168872,Octubre 2025,350,Pagado,8994
168873,Noviembre 2025,350,Pagado,8994
168874,Diciembre 2025,350,Pagado,8994
168875,Marzo 2025,350,Pagado,9164
168876,Abril 2025,350,Pagado,9164
168877,Mayo 2025,350,Pagado,9164
168878,Junio 2025,350,Pagado,9164
168879,Julio 2025,350,Pagado,9164
168880,Agosto 2025,350,Pagado,9164
168881,Setiembre 2025,350,Pagado,9164
168882,Octubre 2025,350,Pagado,9164
168883,Noviembre 2025,350,Pagado,9164
168884,Diciembre 2025,350,Pagado,9164
168885,Marzo 2025,350,Pagado,9218
168886,Abril 2025,350,Pagado,9218
168887,Mayo 2025,350,Pagado,9218
168888,Junio 2025,350,Pagado,9218
168889,Julio 2025,350,Pagado,9218
168890,Agosto 2025,350,Pagado,9218
168891,Setiembre 2025,350,Pagado,9218
168892,Octubre 2025,350,Pagado,9218
168893,Noviembre 2025,350,Pagado,9218
168894,Diciembre 2025,350,Pagado,9218
168895,Marzo 2025,350,Pagado,9257
168896,Abril 2025,350,Pagado,9257
168897,Mayo 2025,350,Pagado,9257
168898,Junio 2025,350,Pagado,9257
168899,Julio 2025,350,Pagado,9257
168900,Agosto 2025,350,Pagado,9257
168901,Setiembre 2025,350,Pagado,9257
168902,Octubre 2025,350,Pagado,9257
168903,Noviembre 2025,350,Pagado,9257
168904,Diciembre 2025,350,Pagado,9257
168905,Marzo 2025,350,Pagado,9041
168906,Abril 2025,350,Pagado,9041
168907,Mayo 2025,350,Pagado,9041
168908,Junio 2025,350,Vencido,9041
168909,Julio 2025,350,Pagado,9041
168910,Agosto 2025,350,Pagado,9041
168911,Setiembre 2025,350,Pagado,9041
168912,Octubre 2025,350,Pagado,9041
168913,Noviembre 2025,350,Pagado,9041
168914,Diciembre 2025,350,Pagado,9041
168915,Marzo 2025,350,Pagado,9006
168916,Abril 2025,350,Pagado,9006
168917,Mayo 2025,350,Pagado,9006
168918,Junio 2025,350,Pagado,9006
168919,Julio 2025,350,Pagado,9006
168920,Agosto 2025,350,Pagado,9006
168921,Setiembre 2025,350,Pagado,9006
168922,Octubre 2025,350,Pagado,9006
168923,Noviembre 2025,350,Pagado,9006
168924,Diciembre 2025,350,Pagado,9006
168925,Marzo 2025,350,Pagado,9031
168926,Abril 2025,350,Pagado,9031
168927,Mayo 2025,350,Pagado,9031
168928,Junio 2025,350,Pagado,9031
168929,Julio 2025,350,Pagado,9031
168930,Agosto 2025,350,Pagado,9031
168931,Setiembre 2025,350,Pagado,9031
168932,Octubre 2025,350,Pagado,9031
168933,Noviembre 2025,350,Pagado,9031
168934,Diciembre 2025,350,Pagado,9031
168935,Marzo 2025,350,Pagado,9122
168936,Abril 2025,350,Pagado,9122
168937,Mayo 2025,350,Pagado,9122
168938,Junio 2025,350,Pagado,9122
168939,Julio 2025,350,Pagado,9122
168940,Agosto 2025,350,Pagado,9122
168941,Setiembre 2025,350,Pagado,9122
168942,Octubre 2025,350,Pagado,9122
168943,Noviembre 2025,350,Pagado,9122
168944,Diciembre 2025,350,Pagado,9122
168945,Marzo 2025,350,Pagado,9085
168946,Abril 2025,350,Vencido,9085
168947,Mayo 2025,350,Pagado,9085
168948,Junio 2025,350,Vencido,9085
168949,Julio 2025,350,Pagado,9085
168950,Agosto 2025,350,Pagado,9085
168951,Setiembre 2025,350,Pagado,9085
168952,Octubre 2025,350,Pagado,9085
168953,Noviembre 2025,350,Pagado,9085
168954,Diciembre 2025,350,Pagado,9085
168955,Marzo 2025,350,Pagado,9314
168956,Abril 2025,350,Pagado,9314
168957,Mayo 2025,350,Pagado,9314
168958,Junio 2025,350,Pagado,9314
168959,Julio 2025,350,Pagado,9314
168960,Agosto 2025,350,Pagado,9314
168961,Setiembre 2025,350,Pagado,9314
168962,Octubre 2025,350,Pagado,9314
168963,Noviembre 2025,350,Pagado,9314
168964,Diciembre 2025,350,Pagado,9314
168965,Marzo 2025,350,Pagado,9001
168966,Abril 2025,350,Pagado,9001
168967,Mayo 2025,350,Pagado,9001
168968,Junio 2025,350,Pagado,9001
168969,Julio 2025,350,Pagado,9001
168970,Agosto 2025,350,Pagado,9001
168971,Setiembre 2025,350,Pagado,9001
168972,Octubre 2025,350,Pagado,9001
168973,Noviembre 2025,350,Pagado,9001
168974,Diciembre 2025,350,Pagado,9001
168975,Marzo 2025,350,Pagado,9303
168976,Abril 2025,350,Pagado,9303
168977,Mayo 2025,350,Pagado,9303
168978,Junio 2025,350,Pagado,9303
168979,Julio 2025,350,Pagado,9303
168980,Agosto 2025,350,Pagado,9303
168981,Setiembre 2025,350,Pagado,9303
168982,Octubre 2025,350,Pagado,9303
168983,Noviembre 2025,350,Pagado,9303
168984,Diciembre 2025,350,Pagado,9303
168985,Marzo 2025,350,Pagado,9144
168986,Abril 2025,350,Pagado,9144
168987,Mayo 2025,350,Pagado,9144
168988,Junio 2025,350,Pagado,9144
168989,Julio 2025,350,Pagado,9144
168990,Agosto 2025,350,Pagado,9144
168991,Setiembre 2025,350,Pagado,9144
168992,Octubre 2025,350,Pagado,9144
168993,Noviembre 2025,350,Pagado,9144
168994,Diciembre 2025,350,Pagado,9144
168995,Marzo 2025,350,Pagado,9103
168996,Abril 2025,350,Pagado,9103
168997,Mayo 2025,350,Pagado,9103
168998,Junio 2025,350,Pagado,9103
168999,Julio 2025,350,Pagado,9103
169000,Agosto 2025,350,Pagado,9103
169001,Setiembre 2025,350,Pagado,9103
169002,Octubre 2025,350,Pagado,9103
169003,Noviembre 2025,350,Pagado,9103
169004,Diciembre 2025,350,Pagado,9103
169005,Marzo 2025,350,Pagado,9254
169006,Abril 2025,350,Pagado,9254
169007,Mayo 2025,350,Pagado,9254
169008,Junio 2025,350,Pagado,9254
169009,Julio 2025,350,Pagado,9254
169010,Agosto 2025,350,Pagado,9254
169011,Setiembre 2025,350,Pagado,9254
169012,Octubre 2025,350,Pagado,9254
169013,Noviembre 2025,350,Pagado,9254
169014,Diciembre 2025,350,Vencido,9254
169015,Marzo 2025,350,Pagado,9060
169016,Abril 2025,350,Pagado,9060
169017,Mayo 2025,350,Pagado,9060
169018,Junio 2025,350,Pagado,9060
169019,Julio 2025,350,Pagado,9060
169020,Agosto 2025,350,Pagado,9060
169021,Setiembre 2025,350,Pagado,9060
169022,Octubre 2025,350,Pagado,9060
169023,Noviembre 2025,350,Pagado,9060
169024,Diciembre 2025,350,Pagado,9060
169025,Marzo 2025,350,Pagado,9118
169026,Abril 2025,350,Pagado,9118
169027,Mayo 2025,350,Pagado,9118
169028,Junio 2025,350,Pagado,9118
169029,Julio 2025,350,Pagado,9118
169030,Agosto 2025,350,Pagado,9118
169031,Setiembre 2025,350,Pagado,9118
169032,Octubre 2025,350,Pagado,9118
169033,Noviembre 2025,350,Pagado,9118
169034,Diciembre 2025,350,Pagado,9118
169035,Marzo 2025,350,Pagado,9229
169036,Abril 2025,350,Pagado,9229
169037,Mayo 2025,350,Pagado,9229
169038,Junio 2025,350,Pagado,9229
169039,Julio 2025,350,Pagado,9229
169040,Agosto 2025,350,Pagado,9229
169041,Setiembre 2025,350,Pagado,9229
169042,Octubre 2025,350,Pagado,9229
169043,Noviembre 2025,350,Pagado,9229
169044,Diciembre 2025,350,Pagado,9229
169045,Marzo 2025,350,Pagado,9294
169046,Abril 2025,350,Pagado,9294
169047,Mayo 2025,350,Pagado,9294
169048,Junio 2025,350,Pagado,9294
169049,Julio 2025,350,Pagado,9294
169050,Agosto 2025,350,Pagado,9294
169051,Setiembre 2025,350,Pagado,9294
169052,Octubre 2025,350,Pagado,9294
169053,Noviembre 2025,350,Pagado,9294
169054,Diciembre 2025,350,Pagado,9294
169055,Marzo 2025,350,Pagado,9337
169056,Abril 2025,350,Pagado,9337
169057,Mayo 2025,350,Pagado,9337
169058,Junio 2025,350,Vencido,9337
169059,Julio 2025,350,Pagado,9337
169060,Agosto 2025,350,Pagado,9337
169061,Setiembre 2025,350,Pagado,9337
169062,Octubre 2025,350,Pagado,9337
169063,Noviembre 2025,350,Pagado,9337
169064,Diciembre 2025,350,Pagado,9337
169065,Marzo 2025,350,Pagado,9172
169066,Abril 2025,350,Pagado,9172
169067,Mayo 2025,350,Pagado,9172
169068,Junio 2025,350,Pagado,9172
169069,Julio 2025,350,Pagado,9172
169070,Agosto 2025,350,Vencido,9172
169071,Setiembre 2025,350,Pagado,9172
169072,Octubre 2025,350,Pagado,9172
169073,Noviembre 2025,350,Pagado,9172
169074,Diciembre 2025,350,Pagado,9172
169075,Marzo 2025,350,Pagado,9111
169076,Abril 2025,350,Pagado,9111
169077,Mayo 2025,350,Pagado,9111
169078,Junio 2025,350,Pagado,9111
169079,Julio 2025,350,Pagado,9111
169080,Agosto 2025,350,Pagado,9111
169081,Setiembre 2025,350,Pagado,9111
169082,Octubre 2025,350,Pagado,9111
169083,Noviembre 2025,350,Pagado,9111
169084,Diciembre 2025,350,Pagado,9111
169085,Marzo 2025,350,Pagado,9299
169086,Abril 2025,350,Pagado,9299
169087,Mayo 2025,350,Pagado,9299
169088,Junio 2025,350,Pagado,9299
169089,Julio 2025,350,Pagado,9299
169090,Agosto 2025,350,Vencido,9299
169091,Setiembre 2025,350,Pagado,9299
169092,Octubre 2025,350,Pagado,9299
169093,Noviembre 2025,350,Pagado,9299
169094,Diciembre 2025,350,Pagado,9299
169095,Marzo 2025,350,Pagado,9088
169096,Abril 2025,350,Pagado,9088
169097,Mayo 2025,350,Pagado,9088
169098,Junio 2025,350,Pagado,9088
169099,Julio 2025,350,Pagado,9088
169100,Agosto 2025,350,Pagado,9088
169101,Setiembre 2025,350,Pagado,9088
169102,Octubre 2025,350,Pagado,9088
169103,Noviembre 2025,350,Pagado,9088
169104,Diciembre 2025,350,Pagado,9088
169105,Marzo 2025,350,Pagado,9032
169106,Abril 2025,350,Pagado,9032
169107,Mayo 2025,350,Pagado,9032
169108,Junio 2025,350,Pagado,9032
169109,Julio 2025,350,Pagado,9032
169110,Agosto 2025,350,Pagado,9032
169111,Setiembre 2025,350,Pagado,9032
169112,Octubre 2025,350,Pagado,9032
169113,Noviembre 2025,350,Pagado,9032
169114,Diciembre 2025,350,Pagado,9032
169115,Marzo 2025,350,Pagado,8956
169116,Abril 2025,350,Pagado,8956
169117,Mayo 2025,350,Pagado,8956
169118,Junio 2025,350,Pagado,8956
169119,Julio 2025,350,Pagado,8956
169120,Agosto 2025,350,Pagado,8956
169121,Setiembre 2025,350,Pagado,8956
169122,Octubre 2025,350,Pagado,8956
169123,Noviembre 2025,350,Pagado,8956
169124,Diciembre 2025,350,Pagado,8956
169125,Marzo 2025,350,Pagado,9320
169126,Abril 2025,350,Pagado,9320
169127,Mayo 2025,350,Pagado,9320
169128,Junio 2025,350,Pagado,9320
169129,Julio 2025,350,Pagado,9320
169130,Agosto 2025,350,Pagado,9320
169131,Setiembre 2025,350,Pagado,9320
169132,Octubre 2025,350,Pagado,9320
169133,Noviembre 2025,350,Pagado,9320
169134,Diciembre 2025,350,Pagado,9320
169135,Marzo 2025,350,Pagado,9026
169136,Abril 2025,350,Pagado,9026
169137,Mayo 2025,350,Pagado,9026
169138,Junio 2025,350,Pagado,9026
169139,Julio 2025,350,Pagado,9026
169140,Agosto 2025,350,Pagado,9026
169141,Setiembre 2025,350,Vencido,9026
169142,Octubre 2025,350,Pagado,9026
169143,Noviembre 2025,350,Pagado,9026
169144,Diciembre 2025,350,Pagado,9026
169145,Marzo 2025,350,Pagado,8971
169146,Abril 2025,350,Pagado,8971
169147,Mayo 2025,350,Pagado,8971
169148,Junio 2025,350,Pagado,8971
169149,Julio 2025,350,Pagado,8971
169150,Agosto 2025,350,Pagado,8971
169151,Setiembre 2025,350,Pagado,8971
169152,Octubre 2025,350,Pagado,8971
169153,Noviembre 2025,350,Pagado,8971
169154,Diciembre 2025,350,Pagado,8971
169155,Marzo 2025,350,Pagado,9078
169156,Abril 2025,350,Pagado,9078
169157,Mayo 2025,350,Pagado,9078
169158,Junio 2025,350,Pagado,9078
169159,Julio 2025,350,Pagado,9078
169160,Agosto 2025,350,Pagado,9078
169161,Setiembre 2025,350,Pagado,9078
169162,Octubre 2025,350,Pagado,9078
169163,Noviembre 2025,350,Pagado,9078
169164,Diciembre 2025,350,Pagado,9078
169165,Marzo 2025,350,Pagado,8983
169166,Abril 2025,350,Pagado,8983
169167,Mayo 2025,350,Pagado,8983
169168,Junio 2025,350,Pagado,8983
169169,Julio 2025,350,Pagado,8983
169170,Agosto 2025,350,Pagado,8983
169171,Setiembre 2025,350,Pagado,8983
169172,Octubre 2025,350,Pagado,8983
169173,Noviembre 2025,350,Pagado,8983
169174,Diciembre 2025,350,Pagado,8983
169175,Marzo 2025,350,Pagado,9232
169176,Abril 2025,350,Pagado,9232
169177,Mayo 2025,350,Pagado,9232
169178,Junio 2025,350,Pagado,9232
169179,Julio 2025,350,Pagado,9232
169180,Agosto 2025,350,Pagado,9232
169181,Setiembre 2025,350,Pagado,9232
169182,Octubre 2025,350,Pagado,9232
169183,Noviembre 2025,350,Pagado,9232
169184,Diciembre 2025,350,Pagado,9232
169185,Marzo 2025,350,Pagado,9313
169186,Abril 2025,350,Pagado,9313
169187,Mayo 2025,350,Pagado,9313
169188,Junio 2025,350,Pagado,9313
169189,Julio 2025,350,Pagado,9313
169190,Agosto 2025,350,Pagado,9313
169191,Setiembre 2025,350,Pagado,9313
169192,Octubre 2025,350,Pagado,9313
169193,Noviembre 2025,350,Pagado,9313
169194,Diciembre 2025,350,Pagado,9313
169195,Marzo 2025,350,Pagado,9253
169196,Abril 2025,350,Pagado,9253
169197,Mayo 2025,350,Pagado,9253
169198,Junio 2025,350,Pagado,9253
169199,Julio 2025,350,Pagado,9253
169200,Agosto 2025,350,Pagado,9253
169201,Setiembre 2025,350,Pagado,9253
169202,Octubre 2025,350,Pagado,9253
169203,Noviembre 2025,350,Pagado,9253
169204,Diciembre 2025,350,Pagado,9253
169205,Marzo 2025,350,Pagado,9176
169206,Abril 2025,350,Pagado,9176
169207,Mayo 2025,350,Pagado,9176
169208,Junio 2025,350,Pagado,9176
169209,Julio 2025,350,Pagado,9176
169210,Agosto 2025,350,Pagado,9176
169211,Setiembre 2025,350,Pagado,9176
169212,Octubre 2025,350,Pagado,9176
169213,Noviembre 2025,350,Pagado,9176
169214,Diciembre 2025,350,Pagado,9176
169215,Marzo 2025,350,Pagado,9221
169216,Abril 2025,350,Pagado,9221
169217,Mayo 2025,350,Pagado,9221
169218,Junio 2025,350,Pagado,9221
169219,Julio 2025,350,Pagado,9221
169220,Agosto 2025,350,Pagado,9221
169221,Setiembre 2025,350,Pagado,9221
169222,Octubre 2025,350,Pagado,9221
169223,Noviembre 2025,350,Pagado,9221
169224,Diciembre 2025,350,Pagado,9221
169225,Marzo 2025,350,Pagado,8972
169226,Abril 2025,350,Pagado,8972
169227,Mayo 2025,350,Pagado,8972
169228,Junio 2025,350,Pagado,8972
169229,Julio 2025,350,Pagado,8972
169230,Agosto 2025,350,Pagado,8972
169231,Setiembre 2025,350,Pagado,8972
169232,Octubre 2025,350,Pagado,8972
169233,Noviembre 2025,350,Pagado,8972
169234,Diciembre 2025,350,Pagado,8972
169235,Marzo 2025,350,Pagado,9336
169236,Abril 2025,350,Pagado,9336
169237,Mayo 2025,350,Pagado,9336
169238,Junio 2025,350,Pagado,9336
169239,Julio 2025,350,Pagado,9336
169240,Agosto 2025,350,Pagado,9336
169241,Setiembre 2025,350,Pagado,9336
169242,Octubre 2025,350,Pagado,9336
169243,Noviembre 2025,350,Pagado,9336
169244,Diciembre 2025,350,Pagado,9336
169245,Marzo 2025,350,Pagado,9215
169246,Abril 2025,350,Pagado,9215
169247,Mayo 2025,350,Pagado,9215
169248,Junio 2025,350,Pagado,9215
169249,Julio 2025,350,Pagado,9215
169250,Agosto 2025,350,Pagado,9215
169251,Setiembre 2025,350,Pagado,9215
169252,Octubre 2025,350,Pagado,9215
169253,Noviembre 2025,350,Pagado,9215
169254,Diciembre 2025,350,Pagado,9215
169255,Marzo 2025,350,Pagado,9167
169256,Abril 2025,350,Pagado,9167
169257,Mayo 2025,350,Pagado,9167
169258,Junio 2025,350,Pagado,9167
169259,Julio 2025,350,Pagado,9167
169260,Agosto 2025,350,Pagado,9167
169261,Setiembre 2025,350,Vencido,9167
169262,Octubre 2025,350,Pagado,9167
169263,Noviembre 2025,350,Pagado,9167
169264,Diciembre 2025,350,Pagado,9167
169265,Marzo 2025,350,Pagado,9298
169266,Abril 2025,350,Pagado,9298
169267,Mayo 2025,350,Pagado,9298
169268,Junio 2025,350,Pagado,9298
169269,Julio 2025,350,Pagado,9298
169270,Agosto 2025,350,Pagado,9298
169271,Setiembre 2025,350,Pagado,9298
169272,Octubre 2025,350,Pagado,9298
169273,Noviembre 2025,350,Pagado,9298
169274,Diciembre 2025,350,Pagado,9298
169275,Marzo 2025,350,Pagado,8996
169276,Abril 2025,350,Pagado,8996
169277,Mayo 2025,350,Pagado,8996
169278,Junio 2025,350,Pagado,8996
169279,Julio 2025,350,Pagado,8996
169280,Agosto 2025,350,Pagado,8996
169281,Setiembre 2025,350,Vencido,8996
169282,Octubre 2025,350,Pagado,8996
169283,Noviembre 2025,350,Pagado,8996
169284,Diciembre 2025,350,Pagado,8996
169285,Marzo 2025,350,Pagado,9098
169286,Abril 2025,350,Pagado,9098
169287,Mayo 2025,350,Pagado,9098
169288,Junio 2025,350,Pagado,9098
169289,Julio 2025,350,Pagado,9098
169290,Agosto 2025,350,Pagado,9098
169291,Setiembre 2025,350,Pagado,9098
169292,Octubre 2025,350,Pagado,9098
169293,Noviembre 2025,350,Pagado,9098
169294,Diciembre 2025,350,Pagado,9098
169295,Marzo 2025,350,Pagado,9286
169296,Abril 2025,350,Pagado,9286
169297,Mayo 2025,350,Pagado,9286
169298,Junio 2025,350,Pagado,9286
169299,Julio 2025,350,Pagado,9286
169300,Agosto 2025,350,Pagado,9286
169301,Setiembre 2025,350,Pagado,9286
169302,Octubre 2025,350,Pagado,9286
169303,Noviembre 2025,350,Pagado,9286
169304,Diciembre 2025,350,Pagado,9286
169305,Marzo 2025,350,Pagado,9112
169306,Abril 2025,350,Pagado,9112
169307,Mayo 2025,350,Pagado,9112
169308,Junio 2025,350,Pagado,9112
169309,Julio 2025,350,Pagado,9112
169310,Agosto 2025,350,Pagado,9112
169311,Setiembre 2025,350,Pagado,9112
169312,Octubre 2025,350,Pagado,9112
169313,Noviembre 2025,350,Pagado,9112
169314,Diciembre 2025,350,Pagado,9112
169315,Marzo 2025,350,Pagado,9260
169316,Abril 2025,350,Pagado,9260
169317,Mayo 2025,350,Pagado,9260
169318,Junio 2025,350,Pagado,9260
169319,Julio 2025,350,Pagado,9260
169320,Agosto 2025,350,Pagado,9260
169321,Setiembre 2025,350,Pagado,9260
169322,Octubre 2025,350,Pagado,9260
169323,Noviembre 2025,350,Pagado,9260
169324,Diciembre 2025,350,Pagado,9260
169325,Marzo 2025,350,Pagado,9145
169326,Abril 2025,350,Pagado,9145
169327,Mayo 2025,350,Pagado,9145
169328,Junio 2025,350,Pagado,9145
169329,Julio 2025,350,Pagado,9145
169330,Agosto 2025,350,Pagado,9145
169331,Setiembre 2025,350,Pagado,9145
169332,Octubre 2025,350,Vencido,9145
169333,Noviembre 2025,350,Pagado,9145
169334,Diciembre 2025,350,Pagado,9145
169335,Marzo 2025,350,Pagado,9123
169336,Abril 2025,350,Pagado,9123
169337,Mayo 2025,350,Pagado,9123
169338,Junio 2025,350,Pagado,9123
169339,Julio 2025,350,Pagado,9123
169340,Agosto 2025,350,Pagado,9123
169341,Setiembre 2025,350,Pagado,9123
169342,Octubre 2025,350,Pagado,9123
169343,Noviembre 2025,350,Pagado,9123
169344,Diciembre 2025,350,Pagado,9123
169345,Marzo 2025,350,Pagado,8979
169346,Abril 2025,350,Pagado,8979
169347,Mayo 2025,350,Pagado,8979
169348,Junio 2025,350,Pagado,8979
169349,Julio 2025,350,Pagado,8979
169350,Agosto 2025,350,Pagado,8979
169351,Setiembre 2025,350,Pagado,8979
169352,Octubre 2025,350,Pagado,8979
169353,Noviembre 2025,350,Pagado,8979
169354,Diciembre 2025,350,Pagado,8979
169355,Marzo 2025,350,Pagado,9045
169356,Abril 2025,350,Pagado,9045
169357,Mayo 2025,350,Pagado,9045
169358,Junio 2025,350,Pagado,9045
169359,Julio 2025,350,Pagado,9045
169360,Agosto 2025,350,Pagado,9045
169361,Setiembre 2025,350,Pagado,9045
169362,Octubre 2025,350,Pagado,9045
169363,Noviembre 2025,350,Pagado,9045
169364,Diciembre 2025,350,Pagado,9045
169365,Marzo 2025,350,Pagado,9240
169366,Abril 2025,350,Pagado,9240
169367,Mayo 2025,350,Pagado,9240
169368,Junio 2025,350,Pagado,9240
169369,Julio 2025,350,Pagado,9240
169370,Agosto 2025,350,Pagado,9240
169371,Setiembre 2025,350,Pagado,9240
169372,Octubre 2025,350,Pagado,9240
169373,Noviembre 2025,350,Pagado,9240
169374,Diciembre 2025,350,Pagado,9240
169375,Marzo 2025,350,Pagado,9019
169376,Abril 2025,350,Pagado,9019
169377,Mayo 2025,350,Pagado,9019
169378,Junio 2025,350,Pagado,9019
169379,Julio 2025,350,Pagado,9019
169380,Agosto 2025,350,Pagado,9019
169381,Setiembre 2025,350,Pagado,9019
169382,Octubre 2025,350,Pagado,9019
169383,Noviembre 2025,350,Pagado,9019
169384,Diciembre 2025,350,Pagado,9019
169385,Marzo 2025,350,Pagado,8984
169386,Abril 2025,350,Pagado,8984
169387,Mayo 2025,350,Pagado,8984
169388,Junio 2025,350,Pagado,8984
169389,Julio 2025,350,Pagado,8984
169390,Agosto 2025,350,Pagado,8984
169391,Setiembre 2025,350,Pagado,8984
169392,Octubre 2025,350,Pagado,8984
169393,Noviembre 2025,350,Pagado,8984
169394,Diciembre 2025,350,Pagado,8984
169395,Marzo 2025,350,Pagado,9274
169396,Abril 2025,350,Pagado,9274
169397,Mayo 2025,350,Pagado,9274
169398,Junio 2025,350,Pagado,9274
169399,Julio 2025,350,Pagado,9274
169400,Agosto 2025,350,Pagado,9274
169401,Setiembre 2025,350,Pagado,9274
169402,Octubre 2025,350,Pagado,9274
169403,Noviembre 2025,350,Pagado,9274
169404,Diciembre 2025,350,Pagado,9274
169405,Marzo 2025,350,Pagado,8965
169406,Abril 2025,350,Pagado,8965
169407,Mayo 2025,350,Pagado,8965
169408,Junio 2025,350,Pagado,8965
169409,Julio 2025,350,Pagado,8965
169410,Agosto 2025,350,Pagado,8965
169411,Setiembre 2025,350,Pagado,8965
169412,Octubre 2025,350,Pagado,8965
169413,Noviembre 2025,350,Pagado,8965
169414,Diciembre 2025,350,Pagado,8965
169415,Marzo 2025,350,Pagado,9100
169416,Abril 2025,350,Pagado,9100
169417,Mayo 2025,350,Pagado,9100
169418,Junio 2025,350,Pagado,9100
169419,Julio 2025,350,Pagado,9100
169420,Agosto 2025,350,Pagado,9100
169421,Setiembre 2025,350,Pagado,9100
169422,Octubre 2025,350,Pagado,9100
169423,Noviembre 2025,350,Pagado,9100
169424,Diciembre 2025,350,Pagado,9100
169425,Marzo 2025,350,Pagado,9237
169426,Abril 2025,350,Pagado,9237
169427,Mayo 2025,350,Pagado,9237
169428,Junio 2025,350,Pagado,9237
169429,Julio 2025,350,Pagado,9237
169430,Agosto 2025,350,Pagado,9237
169431,Setiembre 2025,350,Pagado,9237
169432,Octubre 2025,350,Pagado,9237
169433,Noviembre 2025,350,Pagado,9237
169434,Diciembre 2025,350,Pagado,9237
169435,Marzo 2025,350,Pagado,9259
169436,Abril 2025,350,Pagado,9259
169437,Mayo 2025,350,Pagado,9259
169438,Junio 2025,350,Pagado,9259
169439,Julio 2025,350,Pagado,9259
169440,Agosto 2025,350,Pagado,9259
169441,Setiembre 2025,350,Pagado,9259
169442,Octubre 2025,350,Pagado,9259
169443,Noviembre 2025,350,Pagado,9259
169444,Diciembre 2025,350,Pagado,9259
169445,Marzo 2025,350,Pagado,9058
169446,Abril 2025,350,Pagado,9058
169447,Mayo 2025,350,Pagado,9058
169448,Junio 2025,350,Pagado,9058
169449,Julio 2025,350,Pagado,9058
169450,Agosto 2025,350,Pagado,9058
169451,Setiembre 2025,350,Pagado,9058
169452,Octubre 2025,350,Pagado,9058
169453,Noviembre 2025,350,Pagado,9058
169454,Diciembre 2025,350,Pagado,9058
169455,Marzo 2025,350,Pagado,9069
169456,Abril 2025,350,Pagado,9069
169457,Mayo 2025,350,Pagado,9069
169458,Junio 2025,350,Pagado,9069
169459,Julio 2025,350,Pagado,9069
169460,Agosto 2025,350,Pagado,9069
169461,Setiembre 2025,350,Pagado,9069
169462,Octubre 2025,350,Pagado,9069
169463,Noviembre 2025,350,Pagado,9069
169464,Diciembre 2025,350,Pagado,9069
169465,Marzo 2025,350,Pagado,9245
169466,Abril 2025,350,Pagado,9245
169467,Mayo 2025,350,Pagado,9245
169468,Junio 2025,350,Pagado,9245
169469,Julio 2025,350,Pagado,9245
169470,Agosto 2025,350,Pagado,9245
169471,Setiembre 2025,350,Pagado,9245
169472,Octubre 2025,350,Pagado,9245
169473,Noviembre 2025,350,Pagado,9245
169474,Diciembre 2025,350,Pagado,9245
169475,Marzo 2025,350,Pagado,9323
169476,Abril 2025,350,Pagado,9323
169477,Mayo 2025,350,Pagado,9323
169478,Junio 2025,350,Pagado,9323
169479,Julio 2025,350,Pagado,9323
169480,Agosto 2025,350,Pagado,9323
169481,Setiembre 2025,350,Pagado,9323
169482,Octubre 2025,350,Pagado,9323
169483,Noviembre 2025,350,Pagado,9323
169484,Diciembre 2025,350,Pagado,9323
169485,Marzo 2025,350,Pagado,9089
169486,Abril 2025,350,Pagado,9089
169487,Mayo 2025,350,Pagado,9089
169488,Junio 2025,350,Pagado,9089
169489,Julio 2025,350,Pagado,9089
169490,Agosto 2025,350,Pagado,9089
169491,Setiembre 2025,350,Pagado,9089
169492,Octubre 2025,350,Pagado,9089
169493,Noviembre 2025,350,Pagado,9089
169494,Diciembre 2025,350,Pagado,9089
169495,Marzo 2025,350,Pagado,9225
169496,Abril 2025,350,Pagado,9225
169497,Mayo 2025,350,Pagado,9225
169498,Junio 2025,350,Pagado,9225
169499,Julio 2025,350,Pagado,9225
169500,Agosto 2025,350,Pagado,9225
169501,Setiembre 2025,350,Pagado,9225
169502,Octubre 2025,350,Pagado,9225
169503,Noviembre 2025,350,Pagado,9225
169504,Diciembre 2025,350,Pagado,9225
169505,Marzo 2025,350,Pagado,9319
169506,Abril 2025,350,Pagado,9319
169507,Mayo 2025,350,Pagado,9319
169508,Junio 2025,350,Pagado,9319
169509,Julio 2025,350,Pagado,9319
169510,Agosto 2025,350,Pagado,9319
169511,Setiembre 2025,350,Pagado,9319
169512,Octubre 2025,350,Pagado,9319
169513,Noviembre 2025,350,Pagado,9319
169514,Diciembre 2025,350,Pagado,9319
169515,Marzo 2025,350,Pagado,8991
169516,Abril 2025,350,Pagado,8991
169517,Mayo 2025,350,Pagado,8991
169518,Junio 2025,350,Pagado,8991
169519,Julio 2025,350,Pagado,8991
169520,Agosto 2025,350,Pagado,8991
169521,Setiembre 2025,350,Pagado,8991
169522,Octubre 2025,350,Pagado,8991
169523,Noviembre 2025,350,Pagado,8991
169524,Diciembre 2025,350,Pagado,8991
169525,Marzo 2025,350,Pagado,9053
169526,Abril 2025,350,Pagado,9053
169527,Mayo 2025,350,Pagado,9053
169528,Junio 2025,350,Pagado,9053
169529,Julio 2025,350,Pagado,9053
169530,Agosto 2025,350,Pagado,9053
169531,Setiembre 2025,350,Pagado,9053
169532,Octubre 2025,350,Pagado,9053
169533,Noviembre 2025,350,Pagado,9053
169534,Diciembre 2025,350,Pagado,9053
169535,Marzo 2025,350,Pagado,9227
169536,Abril 2025,350,Pagado,9227
169537,Mayo 2025,350,Pagado,9227
169538,Junio 2025,350,Pagado,9227
169539,Julio 2025,350,Pagado,9227
169540,Agosto 2025,350,Pagado,9227
169541,Setiembre 2025,350,Pagado,9227
169542,Octubre 2025,350,Pagado,9227
169543,Noviembre 2025,350,Pagado,9227
169544,Diciembre 2025,350,Pagado,9227
169545,Marzo 2025,350,Pagado,9249
169546,Abril 2025,350,Pagado,9249
169547,Mayo 2025,350,Pagado,9249
169548,Junio 2025,350,Pagado,9249
169549,Julio 2025,350,Pagado,9249
169550,Agosto 2025,350,Pagado,9249
169551,Setiembre 2025,350,Pagado,9249
169552,Octubre 2025,350,Pagado,9249
169553,Noviembre 2025,350,Pagado,9249
169554,Diciembre 2025,350,Pagado,9249
169555,Marzo 2025,350,Pagado,8978
169556,Abril 2025,350,Pagado,8978
169557,Mayo 2025,350,Pagado,8978
169558,Junio 2025,350,Pagado,8978
169559,Julio 2025,350,Pagado,8978
169560,Agosto 2025,350,Pagado,8978
169561,Setiembre 2025,350,Pagado,8978
169562,Octubre 2025,350,Pagado,8978
169563,Noviembre 2025,350,Pagado,8978
169564,Diciembre 2025,350,Pagado,8978
169565,Marzo 2025,350,Pagado,8951
169566,Abril 2025,350,Pagado,8951
169567,Mayo 2025,350,Pagado,8951
169568,Junio 2025,350,Pagado,8951
169569,Julio 2025,350,Pagado,8951
169570,Agosto 2025,350,Pagado,8951
169571,Setiembre 2025,350,Pagado,8951
169572,Octubre 2025,350,Pagado,8951
169573,Noviembre 2025,350,Pagado,8951
169574,Diciembre 2025,350,Pagado,8951
169575,Marzo 2025,350,Pagado,9234
169576,Abril 2025,350,Pagado,9234
169577,Mayo 2025,350,Pagado,9234
169578,Junio 2025,350,Pagado,9234
169579,Julio 2025,350,Pagado,9234
169580,Agosto 2025,350,Pagado,9234
169581,Setiembre 2025,350,Pagado,9234
169582,Octubre 2025,350,Pagado,9234
169583,Noviembre 2025,350,Pagado,9234
169584,Diciembre 2025,350,Pagado,9234
169585,Marzo 2025,350,Pagado,9268
169586,Abril 2025,350,Pagado,9268
169587,Mayo 2025,350,Pagado,9268
169588,Junio 2025,350,Pagado,9268
169589,Julio 2025,350,Pagado,9268
169590,Agosto 2025,350,Pagado,9268
169591,Setiembre 2025,350,Pagado,9268
169592,Octubre 2025,350,Pagado,9268
169593,Noviembre 2025,350,Pagado,9268
169594,Diciembre 2025,350,Pagado,9268
169595,Marzo 2025,350,Pagado,9071
169596,Abril 2025,350,Pagado,9071
169597,Mayo 2025,350,Pagado,9071
169598,Junio 2025,350,Pagado,9071
169599,Julio 2025,350,Pagado,9071
169600,Agosto 2025,350,Pagado,9071
169601,Setiembre 2025,350,Pagado,9071
169602,Octubre 2025,350,Pagado,9071
169603,Noviembre 2025,350,Pagado,9071
169604,Diciembre 2025,350,Pagado,9071
169605,Marzo 2025,350,Pagado,9130
169606,Abril 2025,350,Pagado,9130
169607,Mayo 2025,350,Pagado,9130
169608,Junio 2025,350,Pagado,9130
169609,Julio 2025,350,Pagado,9130
169610,Agosto 2025,350,Pagado,9130
169611,Setiembre 2025,350,Pagado,9130
169612,Octubre 2025,350,Pagado,9130
169613,Noviembre 2025,350,Pagado,9130
169614,Diciembre 2025,350,Pagado,9130
169615,Marzo 2025,350,Pagado,8982
169616,Abril 2025,350,Pagado,8982
169617,Mayo 2025,350,Pagado,8982
169618,Junio 2025,350,Pagado,8982
169619,Julio 2025,350,Pagado,8982
169620,Agosto 2025,350,Pagado,8982
169621,Setiembre 2025,350,Pagado,8982
169622,Octubre 2025,350,Pagado,8982
169623,Noviembre 2025,350,Pagado,8982
169624,Diciembre 2025,350,Pagado,8982
169625,Marzo 2025,420,Pagado,9119
169626,Abril 2025,420,Pagado,9119
169627,Mayo 2025,420,Pagado,9119
169628,Junio 2025,420,Pagado,9119
169629,Julio 2025,420,Pagado,9119
169630,Agosto 2025,420,Pagado,9119
169631,Setiembre 2025,420,Pagado,9119
169632,Octubre 2025,420,Pagado,9119
169633,Noviembre 2025,420,Pagado,9119
169634,Diciembre 2025,420,Pagado,9119
169635,Marzo 2025,420,Pagado,9272
169636,Abril 2025,420,Pagado,9272
169637,Mayo 2025,420,Vencido,9272
169638,Junio 2025,420,Pagado,9272
169639,Julio 2025,420,Pagado,9272
169640,Agosto 2025,420,Pagado,9272
169641,Setiembre 2025,420,Pagado,9272
169642,Octubre 2025,420,Pagado,9272
169643,Noviembre 2025,420,Pagado,9272
169644,Diciembre 2025,420,Vencido,9272
169645,Marzo 2025,420,Pagado,9074
169646,Abril 2025,420,Pagado,9074
169647,Mayo 2025,420,Pagado,9074
169648,Junio 2025,420,Pagado,9074
169649,Julio 2025,420,Pagado,9074
169650,Agosto 2025,420,Pagado,9074
169651,Setiembre 2025,420,Pagado,9074
169652,Octubre 2025,420,Pagado,9074
169653,Noviembre 2025,420,Pagado,9074
169654,Diciembre 2025,420,Vencido,9074
169655,Marzo 2025,420,Pagado,9194
169656,Abril 2025,420,Pagado,9194
169657,Mayo 2025,420,Pagado,9194
169658,Junio 2025,420,Pagado,9194
169659,Julio 2025,420,Pagado,9194
169660,Agosto 2025,420,Pagado,9194
169661,Setiembre 2025,420,Pagado,9194
169662,Octubre 2025,420,Pagado,9194
169663,Noviembre 2025,420,Pagado,9194
169664,Diciembre 2025,420,Pagado,9194
169665,Marzo 2025,420,Pagado,9064
169666,Abril 2025,420,Pagado,9064
169667,Mayo 2025,420,Pagado,9064
169668,Junio 2025,420,Pagado,9064
169669,Julio 2025,420,Pagado,9064
169670,Agosto 2025,420,Pagado,9064
169671,Setiembre 2025,420,Pagado,9064
169672,Octubre 2025,420,Pagado,9064
169673,Noviembre 2025,420,Pagado,9064
169674,Diciembre 2025,420,Pagado,9064
169675,Marzo 2025,420,Pagado,9124
169676,Abril 2025,420,Pagado,9124
169677,Mayo 2025,420,Pagado,9124
169678,Junio 2025,420,Pagado,9124
169679,Julio 2025,420,Pagado,9124
169680,Agosto 2025,420,Pagado,9124
169681,Setiembre 2025,420,Pagado,9124
169682,Octubre 2025,420,Pagado,9124
169683,Noviembre 2025,420,Pagado,9124
169684,Diciembre 2025,420,Pagado,9124
169685,Marzo 2025,420,Pagado,8950
169686,Abril 2025,420,Pagado,8950
169687,Mayo 2025,420,Pagado,8950
169688,Junio 2025,420,Pagado,8950
169689,Julio 2025,420,Pagado,8950
169690,Agosto 2025,420,Pagado,8950
169691,Setiembre 2025,420,Pagado,8950
169692,Octubre 2025,420,Pagado,8950
169693,Noviembre 2025,420,Pagado,8950
169694,Diciembre 2025,420,Pagado,8950
169695,Marzo 2025,420,Pagado,9067
169696,Abril 2025,420,Pagado,9067
169697,Mayo 2025,420,Pagado,9067
169698,Junio 2025,420,Pagado,9067
169699,Julio 2025,420,Pagado,9067
169700,Agosto 2025,420,Pagado,9067
169701,Setiembre 2025,420,Vencido,9067
169702,Octubre 2025,420,Pagado,9067
169703,Noviembre 2025,420,Pagado,9067
169704,Diciembre 2025,420,Pagado,9067
169705,Marzo 2025,420,Pagado,8955
169706,Abril 2025,420,Pagado,8955
169707,Mayo 2025,420,Pagado,8955
169708,Junio 2025,420,Vencido,8955
169709,Julio 2025,420,Pagado,8955
169710,Agosto 2025,420,Pagado,8955
169711,Setiembre 2025,420,Pagado,8955
169712,Octubre 2025,420,Pagado,8955
169713,Noviembre 2025,420,Pagado,8955
169714,Diciembre 2025,420,Pagado,8955
169715,Marzo 2025,420,Pagado,9207
169716,Abril 2025,420,Pagado,9207
169717,Mayo 2025,420,Pagado,9207
169718,Junio 2025,420,Pagado,9207
169719,Julio 2025,420,Pagado,9207
169720,Agosto 2025,420,Pagado,9207
169721,Setiembre 2025,420,Pagado,9207
169722,Octubre 2025,420,Pagado,9207
169723,Noviembre 2025,420,Pagado,9207
169724,Diciembre 2025,420,Pagado,9207
169725,Marzo 2025,420,Pagado,9137
169726,Abril 2025,420,Pagado,9137
169727,Mayo 2025,420,Pagado,9137
169728,Junio 2025,420,Pagado,9137
169729,Julio 2025,420,Pagado,9137
169730,Agosto 2025,420,Pagado,9137
169731,Setiembre 2025,420,Pagado,9137
169732,Octubre 2025,420,Pagado,9137
169733,Noviembre 2025,420,Pagado,9137
169734,Diciembre 2025,420,Pagado,9137
169735,Marzo 2025,420,Pagado,9127
169736,Abril 2025,420,Pagado,9127
169737,Mayo 2025,420,Vencido,9127
169738,Junio 2025,420,Pagado,9127
169739,Julio 2025,420,Pagado,9127
169740,Agosto 2025,420,Pagado,9127
169741,Setiembre 2025,420,Pagado,9127
169742,Octubre 2025,420,Pagado,9127
169743,Noviembre 2025,420,Pagado,9127
169744,Diciembre 2025,420,Pagado,9127
169745,Marzo 2025,420,Pagado,9282
169746,Abril 2025,420,Pagado,9282
169747,Mayo 2025,420,Pagado,9282
169748,Junio 2025,420,Pagado,9282
169749,Julio 2025,420,Pagado,9282
169750,Agosto 2025,420,Pagado,9282
169751,Setiembre 2025,420,Pagado,9282
169752,Octubre 2025,420,Pagado,9282
169753,Noviembre 2025,420,Pagado,9282
169754,Diciembre 2025,420,Pagado,9282
169755,Marzo 2025,420,Pagado,9181
169756,Abril 2025,420,Pagado,9181
169757,Mayo 2025,420,Pagado,9181
169758,Junio 2025,420,Pagado,9181
169759,Julio 2025,420,Pagado,9181
169760,Agosto 2025,420,Pagado,9181
169761,Setiembre 2025,420,Pagado,9181
169762,Octubre 2025,420,Pagado,9181
169763,Noviembre 2025,420,Pagado,9181
169764,Diciembre 2025,420,Pagado,9181
169765,Marzo 2025,420,Pagado,9332
169766,Abril 2025,420,Pagado,9332
169767,Mayo 2025,420,Pagado,9332
169768,Junio 2025,420,Pagado,9332
169769,Julio 2025,420,Pagado,9332
169770,Agosto 2025,420,Pagado,9332
169771,Setiembre 2025,420,Pagado,9332
169772,Octubre 2025,420,Pagado,9332
169773,Noviembre 2025,420,Pagado,9332
169774,Diciembre 2025,420,Pagado,9332
169775,Marzo 2025,420,Pagado,9325
169776,Abril 2025,420,Pagado,9325
169777,Mayo 2025,420,Pagado,9325
169778,Junio 2025,420,Pagado,9325
169779,Julio 2025,420,Pagado,9325
169780,Agosto 2025,420,Pagado,9325
169781,Setiembre 2025,420,Pagado,9325
169782,Octubre 2025,420,Pagado,9325
169783,Noviembre 2025,420,Pagado,9325
169784,Diciembre 2025,420,Pagado,9325
169785,Marzo 2025,420,Pagado,8953
169786,Abril 2025,420,Pagado,8953
169787,Mayo 2025,420,Pagado,8953
169788,Junio 2025,420,Pagado,8953
169789,Julio 2025,420,Pagado,8953
169790,Agosto 2025,420,Pagado,8953
169791,Setiembre 2025,420,Pagado,8953
169792,Octubre 2025,420,Pagado,8953
169793,Noviembre 2025,420,Pagado,8953
169794,Diciembre 2025,420,Pagado,8953
169795,Marzo 2025,420,Pagado,9186
169796,Abril 2025,420,Pagado,9186
169797,Mayo 2025,420,Pagado,9186
169798,Junio 2025,420,Vencido,9186
169799,Julio 2025,420,Pagado,9186
169800,Agosto 2025,420,Pagado,9186
169801,Setiembre 2025,420,Pagado,9186
169802,Octubre 2025,420,Pagado,9186
169803,Noviembre 2025,420,Pagado,9186
169804,Diciembre 2025,420,Pagado,9186
169805,Marzo 2025,420,Pagado,9108
169806,Abril 2025,420,Pagado,9108
169807,Mayo 2025,420,Pagado,9108
169808,Junio 2025,420,Pagado,9108
169809,Julio 2025,420,Pagado,9108
169810,Agosto 2025,420,Pagado,9108
169811,Setiembre 2025,420,Pagado,9108
169812,Octubre 2025,420,Pagado,9108
169813,Noviembre 2025,420,Pagado,9108
169814,Diciembre 2025,420,Pagado,9108
169815,Marzo 2025,420,Pagado,8960
169816,Abril 2025,420,Pagado,8960
169817,Mayo 2025,420,Pagado,8960
169818,Junio 2025,420,Pagado,8960
169819,Julio 2025,420,Pagado,8960
169820,Agosto 2025,420,Pagado,8960
169821,Setiembre 2025,420,Pagado,8960
169822,Octubre 2025,420,Pagado,8960
169823,Noviembre 2025,420,Pagado,8960
169824,Diciembre 2025,420,Pagado,8960
169825,Marzo 2025,420,Pagado,9117
169826,Abril 2025,420,Pagado,9117
169827,Mayo 2025,420,Pagado,9117
169828,Junio 2025,420,Pagado,9117
169829,Julio 2025,420,Pagado,9117
169830,Agosto 2025,420,Pagado,9117
169831,Setiembre 2025,420,Pagado,9117
169832,Octubre 2025,420,Pagado,9117
169833,Noviembre 2025,420,Pagado,9117
169834,Diciembre 2025,420,Pagado,9117
169835,Marzo 2025,420,Pagado,9173
169836,Abril 2025,420,Pagado,9173
169837,Mayo 2025,420,Pagado,9173
169838,Junio 2025,420,Pagado,9173
169839,Julio 2025,420,Pagado,9173
169840,Agosto 2025,420,Pagado,9173
169841,Setiembre 2025,420,Pagado,9173
169842,Octubre 2025,420,Pagado,9173
169843,Noviembre 2025,420,Pagado,9173
169844,Diciembre 2025,420,Pagado,9173
169845,Marzo 2025,420,Pagado,9022
169846,Abril 2025,420,Pagado,9022
169847,Mayo 2025,420,Pagado,9022
169848,Junio 2025,420,Pagado,9022
169849,Julio 2025,420,Pagado,9022
169850,Agosto 2025,420,Pagado,9022
169851,Setiembre 2025,420,Pagado,9022
169852,Octubre 2025,420,Pagado,9022
169853,Noviembre 2025,420,Pagado,9022
169854,Diciembre 2025,420,Pagado,9022
169855,Marzo 2025,420,Pagado,9291
169856,Abril 2025,420,Pagado,9291
169857,Mayo 2025,420,Pagado,9291
169858,Junio 2025,420,Pagado,9291
169859,Julio 2025,420,Pagado,9291
169860,Agosto 2025,420,Pagado,9291
169861,Setiembre 2025,420,Pagado,9291
169862,Octubre 2025,420,Pagado,9291
169863,Noviembre 2025,420,Pagado,9291
169864,Diciembre 2025,420,Pagado,9291
169865,Marzo 2025,420,Pagado,9125
169866,Abril 2025,420,Pagado,9125
169867,Mayo 2025,420,Pagado,9125
169868,Junio 2025,420,Pagado,9125
169869,Julio 2025,420,Pagado,9125
169870,Agosto 2025,420,Pagado,9125
169871,Setiembre 2025,420,Pagado,9125
169872,Octubre 2025,420,Pagado,9125
169873,Noviembre 2025,420,Pagado,9125
169874,Diciembre 2025,420,Pagado,9125
169875,Marzo 2025,420,Pagado,9178
169876,Abril 2025,420,Pagado,9178
169877,Mayo 2025,420,Pagado,9178
169878,Junio 2025,420,Pagado,9178
169879,Julio 2025,420,Pagado,9178
169880,Agosto 2025,420,Pagado,9178
169881,Setiembre 2025,420,Pagado,9178
169882,Octubre 2025,420,Pagado,9178
169883,Noviembre 2025,420,Vencido,9178
169884,Diciembre 2025,420,Pagado,9178
169885,Marzo 2025,420,Pagado,9208
169886,Abril 2025,420,Pagado,9208
169887,Mayo 2025,420,Pagado,9208
169888,Junio 2025,420,Pagado,9208
169889,Julio 2025,420,Pagado,9208
169890,Agosto 2025,420,Vencido,9208
169891,Setiembre 2025,420,Pagado,9208
169892,Octubre 2025,420,Pagado,9208
169893,Noviembre 2025,420,Pagado,9208
169894,Diciembre 2025,420,Pagado,9208
169895,Marzo 2025,420,Pagado,8963
169896,Abril 2025,420,Pagado,8963
169897,Mayo 2025,420,Pagado,8963
169898,Junio 2025,420,Pagado,8963
169899,Julio 2025,420,Pagado,8963
169900,Agosto 2025,420,Pagado,8963
169901,Setiembre 2025,420,Pagado,8963
169902,Octubre 2025,420,Pagado,8963
169903,Noviembre 2025,420,Pagado,8963
169904,Diciembre 2025,420,Pagado,8963
169905,Marzo 2025,420,Pagado,9033
169906,Abril 2025,420,Pagado,9033
169907,Mayo 2025,420,Pagado,9033
169908,Junio 2025,420,Pagado,9033
169909,Julio 2025,420,Pagado,9033
169910,Agosto 2025,420,Pagado,9033
169911,Setiembre 2025,420,Pagado,9033
169912,Octubre 2025,420,Pagado,9033
169913,Noviembre 2025,420,Pagado,9033
169914,Diciembre 2025,420,Pagado,9033
169915,Marzo 2025,420,Pagado,9024
169916,Abril 2025,420,Pagado,9024
169917,Mayo 2025,420,Pagado,9024
169918,Junio 2025,420,Pagado,9024
169919,Julio 2025,420,Pagado,9024
169920,Agosto 2025,420,Pagado,9024
169921,Setiembre 2025,420,Pagado,9024
169922,Octubre 2025,420,Pagado,9024
169923,Noviembre 2025,420,Pagado,9024
169924,Diciembre 2025,420,Pagado,9024
169925,Marzo 2025,420,Pagado,9270
169926,Abril 2025,420,Pagado,9270
169927,Mayo 2025,420,Pagado,9270
169928,Junio 2025,420,Pagado,9270
169929,Julio 2025,420,Pagado,9270
169930,Agosto 2025,420,Pagado,9270
169931,Setiembre 2025,420,Pagado,9270
169932,Octubre 2025,420,Pagado,9270
169933,Noviembre 2025,420,Pagado,9270
169934,Diciembre 2025,420,Pagado,9270
169935,Marzo 2025,420,Pagado,9340
169936,Abril 2025,420,Pagado,9340
169937,Mayo 2025,420,Pagado,9340
169938,Junio 2025,420,Pagado,9340
169939,Julio 2025,420,Pagado,9340
169940,Agosto 2025,420,Pagado,9340
169941,Setiembre 2025,420,Pagado,9340
169942,Octubre 2025,420,Pagado,9340
169943,Noviembre 2025,420,Pagado,9340
169944,Diciembre 2025,420,Pagado,9340
169945,Marzo 2025,420,Pagado,8989
169946,Abril 2025,420,Pagado,8989
169947,Mayo 2025,420,Pagado,8989
169948,Junio 2025,420,Pagado,8989
169949,Julio 2025,420,Pagado,8989
169950,Agosto 2025,420,Pagado,8989
169951,Setiembre 2025,420,Pagado,8989
169952,Octubre 2025,420,Pagado,8989
169953,Noviembre 2025,420,Pagado,8989
169954,Diciembre 2025,420,Pagado,8989
169955,Marzo 2025,420,Pagado,9059
169956,Abril 2025,420,Pagado,9059
169957,Mayo 2025,420,Pagado,9059
169958,Junio 2025,420,Pagado,9059
169959,Julio 2025,420,Pagado,9059
169960,Agosto 2025,420,Pagado,9059
169961,Setiembre 2025,420,Pagado,9059
169962,Octubre 2025,420,Pagado,9059
169963,Noviembre 2025,420,Pagado,9059
169964,Diciembre 2025,420,Pagado,9059
169965,Marzo 2025,420,Pagado,9261
169966,Abril 2025,420,Pagado,9261
169967,Mayo 2025,420,Pagado,9261
169968,Junio 2025,420,Pagado,9261
169969,Julio 2025,420,Pagado,9261
169970,Agosto 2025,420,Pagado,9261
169971,Setiembre 2025,420,Pagado,9261
169972,Octubre 2025,420,Pagado,9261
169973,Noviembre 2025,420,Pagado,9261
169974,Diciembre 2025,420,Pagado,9261
169975,Marzo 2025,420,Pagado,9306
169976,Abril 2025,420,Pagado,9306
169977,Mayo 2025,420,Pagado,9306
169978,Junio 2025,420,Pagado,9306
169979,Julio 2025,420,Pagado,9306
169980,Agosto 2025,420,Pagado,9306
169981,Setiembre 2025,420,Pagado,9306
169982,Octubre 2025,420,Pagado,9306
169983,Noviembre 2025,420,Pagado,9306
169984,Diciembre 2025,420,Pagado,9306
169985,Marzo 2025,420,Pagado,8995
169986,Abril 2025,420,Pagado,8995
169987,Mayo 2025,420,Pagado,8995
169988,Junio 2025,420,Pagado,8995
169989,Julio 2025,420,Pagado,8995
169990,Agosto 2025,420,Pagado,8995
169991,Setiembre 2025,420,Pagado,8995
169992,Octubre 2025,420,Pagado,8995
169993,Noviembre 2025,420,Pagado,8995
169994,Diciembre 2025,420,Pagado,8995
169995,Marzo 2025,420,Pagado,9047
169996,Abril 2025,420,Pagado,9047
169997,Mayo 2025,420,Pagado,9047
169998,Junio 2025,420,Vencido,9047
169999,Julio 2025,420,Pagado,9047
170000,Agosto 2025,420,Pagado,9047
170001,Setiembre 2025,420,Pagado,9047
170002,Octubre 2025,420,Pagado,9047
170003,Noviembre 2025,420,Pagado,9047
170004,Diciembre 2025,420,Pagado,9047
170005,Marzo 2025,420,Pagado,9183
170006,Abril 2025,420,Pagado,9183
170007,Mayo 2025,420,Pagado,9183
170008,Junio 2025,420,Pagado,9183
170009,Julio 2025,420,Pagado,9183
170010,Agosto 2025,420,Pagado,9183
170011,Setiembre 2025,420,Pagado,9183
170012,Octubre 2025,420,Pagado,9183
170013,Noviembre 2025,420,Pagado,9183
170014,Diciembre 2025,420,Pagado,9183
170015,Marzo 2025,420,Pagado,9273
170016,Abril 2025,420,Pagado,9273
170017,Mayo 2025,420,Pagado,9273
170018,Junio 2025,420,Pagado,9273
170019,Julio 2025,420,Pagado,9273
170020,Agosto 2025,420,Pagado,9273
170021,Setiembre 2025,420,Pagado,9273
170022,Octubre 2025,420,Pagado,9273
170023,Noviembre 2025,420,Pagado,9273
170024,Diciembre 2025,420,Pagado,9273
170025,Marzo 2025,420,Pagado,9179
170026,Abril 2025,420,Pagado,9179
170027,Mayo 2025,420,Pagado,9179
170028,Junio 2025,420,Pagado,9179
170029,Julio 2025,420,Pagado,9179
170030,Agosto 2025,420,Pagado,9179
170031,Setiembre 2025,420,Pagado,9179
170032,Octubre 2025,420,Pagado,9179
170033,Noviembre 2025,420,Pagado,9179
170034,Diciembre 2025,420,Pagado,9179
170035,Marzo 2025,420,Pagado,9136
170036,Abril 2025,420,Pagado,9136
170037,Mayo 2025,420,Pagado,9136
170038,Junio 2025,420,Pagado,9136
170039,Julio 2025,420,Pagado,9136
170040,Agosto 2025,420,Pagado,9136
170041,Setiembre 2025,420,Pagado,9136
170042,Octubre 2025,420,Pagado,9136
170043,Noviembre 2025,420,Pagado,9136
170044,Diciembre 2025,420,Pagado,9136
170045,Marzo 2025,420,Pagado,9289
170046,Abril 2025,420,Pagado,9289
170047,Mayo 2025,420,Pagado,9289
170048,Junio 2025,420,Pagado,9289
170049,Julio 2025,420,Pagado,9289
170050,Agosto 2025,420,Pagado,9289
170051,Setiembre 2025,420,Pagado,9289
170052,Octubre 2025,420,Pagado,9289
170053,Noviembre 2025,420,Pagado,9289
170054,Diciembre 2025,420,Pagado,9289
170055,Marzo 2025,420,Pagado,9143
170056,Abril 2025,420,Pagado,9143
170057,Mayo 2025,420,Pagado,9143
170058,Junio 2025,420,Pagado,9143
170059,Julio 2025,420,Pagado,9143
170060,Agosto 2025,420,Pagado,9143
170061,Setiembre 2025,420,Pagado,9143
170062,Octubre 2025,420,Pagado,9143
170063,Noviembre 2025,420,Pagado,9143
170064,Diciembre 2025,420,Pagado,9143
170065,Marzo 2025,420,Pagado,9138
170066,Abril 2025,420,Pagado,9138
170067,Mayo 2025,420,Pagado,9138
170068,Junio 2025,420,Pagado,9138
170069,Julio 2025,420,Pagado,9138
170070,Agosto 2025,420,Pagado,9138
170071,Setiembre 2025,420,Pagado,9138
170072,Octubre 2025,420,Pagado,9138
170073,Noviembre 2025,420,Pagado,9138
170074,Diciembre 2025,420,Pagado,9138
170075,Marzo 2025,420,Pagado,9177
170076,Abril 2025,420,Pagado,9177
170077,Mayo 2025,420,Pagado,9177
170078,Junio 2025,420,Pagado,9177
170079,Julio 2025,420,Pagado,9177
170080,Agosto 2025,420,Pagado,9177
170081,Setiembre 2025,420,Pagado,9177
170082,Octubre 2025,420,Pagado,9177
170083,Noviembre 2025,420,Pagado,9177
170084,Diciembre 2025,420,Pagado,9177
170085,Marzo 2025,420,Pagado,9302
170086,Abril 2025,420,Pagado,9302
170087,Mayo 2025,420,Pagado,9302
170088,Junio 2025,420,Pagado,9302
170089,Julio 2025,420,Pagado,9302
170090,Agosto 2025,420,Pagado,9302
170091,Setiembre 2025,420,Pagado,9302
170092,Octubre 2025,420,Pagado,9302
170093,Noviembre 2025,420,Pagado,9302
170094,Diciembre 2025,420,Pagado,9302
170095,Marzo 2025,420,Pagado,8999
170096,Abril 2025,420,Pagado,8999
170097,Mayo 2025,420,Pagado,8999
170098,Junio 2025,420,Pagado,8999
170099,Julio 2025,420,Pagado,8999
170100,Agosto 2025,420,Pagado,8999
170101,Setiembre 2025,420,Pagado,8999
170102,Octubre 2025,420,Pagado,8999
170103,Noviembre 2025,420,Pagado,8999
170104,Diciembre 2025,420,Pagado,8999
170105,Marzo 2025,420,Pagado,9290
170106,Abril 2025,420,Pagado,9290
170107,Mayo 2025,420,Pagado,9290
170108,Junio 2025,420,Pagado,9290
170109,Julio 2025,420,Pagado,9290
170110,Agosto 2025,420,Pagado,9290
170111,Setiembre 2025,420,Pagado,9290
170112,Octubre 2025,420,Pagado,9290
170113,Noviembre 2025,420,Pagado,9290
170114,Diciembre 2025,420,Pagado,9290
170115,Marzo 2025,420,Pagado,9146
170116,Abril 2025,420,Pagado,9146
170117,Mayo 2025,420,Pagado,9146
170118,Junio 2025,420,Pagado,9146
170119,Julio 2025,420,Pagado,9146
170120,Agosto 2025,420,Pagado,9146
170121,Setiembre 2025,420,Pagado,9146
170122,Octubre 2025,420,Pagado,9146
170123,Noviembre 2025,420,Pagado,9146
170124,Diciembre 2025,420,Pagado,9146
170125,Marzo 2025,420,Pagado,9055
170126,Abril 2025,420,Pagado,9055
170127,Mayo 2025,420,Pagado,9055
170128,Junio 2025,420,Pagado,9055
170129,Julio 2025,420,Pagado,9055
170130,Agosto 2025,420,Pagado,9055
170131,Setiembre 2025,420,Pagado,9055
170132,Octubre 2025,420,Pagado,9055
170133,Noviembre 2025,420,Pagado,9055
170134,Diciembre 2025,420,Pagado,9055
170135,Marzo 2025,420,Pagado,8998
170136,Abril 2025,420,Pagado,8998
170137,Mayo 2025,420,Pagado,8998
170138,Junio 2025,420,Pagado,8998
170139,Julio 2025,420,Pagado,8998
170140,Agosto 2025,420,Pagado,8998
170141,Setiembre 2025,420,Pagado,8998
170142,Octubre 2025,420,Pagado,8998
170143,Noviembre 2025,420,Pagado,8998
170144,Diciembre 2025,420,Pagado,8998
170145,Marzo 2025,420,Pagado,9070
170146,Abril 2025,420,Pagado,9070
170147,Mayo 2025,420,Pagado,9070
170148,Junio 2025,420,Pagado,9070
170149,Julio 2025,420,Pagado,9070
170150,Agosto 2025,420,Pagado,9070
170151,Setiembre 2025,420,Pagado,9070
170152,Octubre 2025,420,Pagado,9070
170153,Noviembre 2025,420,Pagado,9070
170154,Diciembre 2025,420,Pagado,9070
170155,Marzo 2025,420,Pagado,9076
170156,Abril 2025,420,Pagado,9076
170157,Mayo 2025,420,Pagado,9076
170158,Junio 2025,420,Pagado,9076
170159,Julio 2025,420,Pagado,9076
170160,Agosto 2025,420,Pagado,9076
170161,Setiembre 2025,420,Pagado,9076
170162,Octubre 2025,420,Pagado,9076
170163,Noviembre 2025,420,Pagado,9076
170164,Diciembre 2025,420,Pagado,9076
170165,Marzo 2025,420,Pagado,9096
170166,Abril 2025,420,Pagado,9096
170167,Mayo 2025,420,Pagado,9096
170168,Junio 2025,420,Pagado,9096
170169,Julio 2025,420,Pagado,9096
170170,Agosto 2025,420,Pagado,9096
170171,Setiembre 2025,420,Pagado,9096
170172,Octubre 2025,420,Pagado,9096
170173,Noviembre 2025,420,Pagado,9096
170174,Diciembre 2025,420,Pagado,9096
170175,Marzo 2025,420,Pagado,9150
170176,Abril 2025,420,Pagado,9150
170177,Mayo 2025,420,Pagado,9150
170178,Junio 2025,420,Pagado,9150
170179,Julio 2025,420,Pagado,9150
170180,Agosto 2025,420,Pagado,9150
170181,Setiembre 2025,420,Pagado,9150
170182,Octubre 2025,420,Pagado,9150
170183,Noviembre 2025,420,Pagado,9150
170184,Diciembre 2025,420,Pagado,9150
170185,Marzo 2025,420,Pagado,9304
170186,Abril 2025,420,Pagado,9304
170187,Mayo 2025,420,Pagado,9304
170188,Junio 2025,420,Pagado,9304
170189,Julio 2025,420,Pagado,9304
170190,Agosto 2025,420,Pagado,9304
170191,Setiembre 2025,420,Pagado,9304
170192,Octubre 2025,420,Pagado,9304
170193,Noviembre 2025,420,Pagado,9304
170194,Diciembre 2025,420,Pagado,9304
170195,Marzo 2025,420,Pagado,9189
170196,Abril 2025,420,Pagado,9189
170197,Mayo 2025,420,Pagado,9189
170198,Junio 2025,420,Pagado,9189
170199,Julio 2025,420,Pagado,9189
170200,Agosto 2025,420,Pagado,9189
170201,Setiembre 2025,420,Pagado,9189
170202,Octubre 2025,420,Pagado,9189
170203,Noviembre 2025,420,Pagado,9189
170204,Diciembre 2025,420,Pagado,9189
170205,Marzo 2025,420,Pagado,9188
170206,Abril 2025,420,Pagado,9188
170207,Mayo 2025,420,Pagado,9188
170208,Junio 2025,420,Pagado,9188
170209,Julio 2025,420,Pagado,9188
170210,Agosto 2025,420,Pagado,9188
170211,Setiembre 2025,420,Pagado,9188
170212,Octubre 2025,420,Pagado,9188
170213,Noviembre 2025,420,Pagado,9188
170214,Diciembre 2025,420,Pagado,9188
170215,Marzo 2025,420,Pagado,9120
170216,Abril 2025,420,Pagado,9120
170217,Mayo 2025,420,Pagado,9120
170218,Junio 2025,420,Pagado,9120
170219,Julio 2025,420,Pagado,9120
170220,Agosto 2025,420,Pagado,9120
170221,Setiembre 2025,420,Pagado,9120
170222,Octubre 2025,420,Pagado,9120
170223,Noviembre 2025,420,Pagado,9120
170224,Diciembre 2025,420,Pagado,9120
170225,Marzo 2025,420,Pagado,9008
170226,Abril 2025,420,Pagado,9008
170227,Mayo 2025,420,Pagado,9008
170228,Junio 2025,420,Pagado,9008
170229,Julio 2025,420,Pagado,9008
170230,Agosto 2025,420,Pagado,9008
170231,Setiembre 2025,420,Pagado,9008
170232,Octubre 2025,420,Pagado,9008
170233,Noviembre 2025,420,Pagado,9008
170234,Diciembre 2025,420,Pagado,9008
170235,Marzo 2025,420,Pagado,9107
170236,Abril 2025,420,Pagado,9107
170237,Mayo 2025,420,Pagado,9107
170238,Junio 2025,420,Pagado,9107
170239,Julio 2025,420,Pagado,9107
170240,Agosto 2025,420,Pagado,9107
170241,Setiembre 2025,420,Pagado,9107
170242,Octubre 2025,420,Pagado,9107
170243,Noviembre 2025,420,Pagado,9107
170244,Diciembre 2025,420,Pagado,9107
170245,Marzo 2025,420,Pagado,9192
170246,Abril 2025,420,Pagado,9192
170247,Mayo 2025,420,Pagado,9192
170248,Junio 2025,420,Pagado,9192
170249,Julio 2025,420,Pagado,9192
170250,Agosto 2025,420,Pagado,9192
170251,Setiembre 2025,420,Pagado,9192
170252,Octubre 2025,420,Pagado,9192
170253,Noviembre 2025,420,Pagado,9192
170254,Diciembre 2025,420,Pagado,9192
170255,Marzo 2025,420,Pagado,9017
170256,Abril 2025,420,Pagado,9017
170257,Mayo 2025,420,Pagado,9017
170258,Junio 2025,420,Pagado,9017
170259,Julio 2025,420,Pagado,9017
170260,Agosto 2025,420,Pagado,9017
170261,Setiembre 2025,420,Pagado,9017
170262,Octubre 2025,420,Pagado,9017
170263,Noviembre 2025,420,Pagado,9017
170264,Diciembre 2025,420,Pagado,9017
170265,Marzo 2025,420,Pagado,9206
170266,Abril 2025,420,Pagado,9206
170267,Mayo 2025,420,Vencido,9206
170268,Junio 2025,420,Pagado,9206
170269,Julio 2025,420,Pagado,9206
170270,Agosto 2025,420,Vencido,9206
170271,Setiembre 2025,420,Pagado,9206
170272,Octubre 2025,420,Pagado,9206
170273,Noviembre 2025,420,Pagado,9206
170274,Diciembre 2025,420,Pagado,9206
170275,Marzo 2025,420,Pagado,9252
170276,Abril 2025,420,Pagado,9252
170277,Mayo 2025,420,Pagado,9252
170278,Junio 2025,420,Pagado,9252
170279,Julio 2025,420,Pagado,9252
170280,Agosto 2025,420,Pagado,9252
170281,Setiembre 2025,420,Pagado,9252
170282,Octubre 2025,420,Vencido,9252
170283,Noviembre 2025,420,Pagado,9252
170284,Diciembre 2025,420,Pagado,9252
170285,Marzo 2025,420,Pagado,9279
170286,Abril 2025,420,Pagado,9279
170287,Mayo 2025,420,Pagado,9279
170288,Junio 2025,420,Pagado,9279
170289,Julio 2025,420,Pagado,9279
170290,Agosto 2025,420,Pagado,9279
170291,Setiembre 2025,420,Pagado,9279
170292,Octubre 2025,420,Pagado,9279
170293,Noviembre 2025,420,Pagado,9279
170294,Diciembre 2025,420,Pagado,9279
170295,Marzo 2025,420,Pagado,9203
170296,Abril 2025,420,Pagado,9203
170297,Mayo 2025,420,Pagado,9203
170298,Junio 2025,420,Pagado,9203
170299,Julio 2025,420,Pagado,9203
170300,Agosto 2025,420,Pagado,9203
170301,Setiembre 2025,420,Pagado,9203
170302,Octubre 2025,420,Pagado,9203
170303,Noviembre 2025,420,Vencido,9203
170304,Diciembre 2025,420,Pagado,9203
170305,Marzo 2025,420,Pagado,9092
170306,Abril 2025,420,Pagado,9092
170307,Mayo 2025,420,Pagado,9092
170308,Junio 2025,420,Pagado,9092
170309,Julio 2025,420,Pagado,9092
170310,Agosto 2025,420,Pagado,9092
170311,Setiembre 2025,420,Pagado,9092
170312,Octubre 2025,420,Pagado,9092
170313,Noviembre 2025,420,Pagado,9092
170314,Diciembre 2025,420,Pagado,9092
170315,Marzo 2025,420,Pagado,9278
170316,Abril 2025,420,Pagado,9278
170317,Mayo 2025,420,Pagado,9278
170318,Junio 2025,420,Pagado,9278
170319,Julio 2025,420,Pagado,9278
170320,Agosto 2025,420,Pagado,9278
170321,Setiembre 2025,420,Pagado,9278
170322,Octubre 2025,420,Pagado,9278
170323,Noviembre 2025,420,Pagado,9278
170324,Diciembre 2025,420,Pagado,9278
170325,Marzo 2025,420,Pagado,9158
170326,Abril 2025,420,Pagado,9158
170327,Mayo 2025,420,Pagado,9158
170328,Junio 2025,420,Pagado,9158
170329,Julio 2025,420,Pagado,9158
170330,Agosto 2025,420,Pagado,9158
170331,Setiembre 2025,420,Pagado,9158
170332,Octubre 2025,420,Pagado,9158
170333,Noviembre 2025,420,Pagado,9158
170334,Diciembre 2025,420,Pagado,9158
170335,Marzo 2025,420,Pagado,9185
170336,Abril 2025,420,Pagado,9185
170337,Mayo 2025,420,Pagado,9185
170338,Junio 2025,420,Pagado,9185
170339,Julio 2025,420,Pagado,9185
170340,Agosto 2025,420,Pagado,9185
170341,Setiembre 2025,420,Pagado,9185
170342,Octubre 2025,420,Pagado,9185
170343,Noviembre 2025,420,Pagado,9185
170344,Diciembre 2025,420,Pagado,9185
170345,Marzo 2025,420,Pagado,8980
170346,Abril 2025,420,Pagado,8980
170347,Mayo 2025,420,Pagado,8980
170348,Junio 2025,420,Pagado,8980
170349,Julio 2025,420,Pagado,8980
170350,Agosto 2025,420,Pagado,8980
170351,Setiembre 2025,420,Pagado,8980
170352,Octubre 2025,420,Pagado,8980
170353,Noviembre 2025,420,Pagado,8980
170354,Diciembre 2025,420,Pagado,8980
170355,Marzo 2025,420,Pagado,9020
170356,Abril 2025,420,Pagado,9020
170357,Mayo 2025,420,Pagado,9020
170358,Junio 2025,420,Pagado,9020
170359,Julio 2025,420,Pagado,9020
170360,Agosto 2025,420,Pagado,9020
170361,Setiembre 2025,420,Pagado,9020
170362,Octubre 2025,420,Pagado,9020
170363,Noviembre 2025,420,Pagado,9020
170364,Diciembre 2025,420,Pagado,9020
170365,Marzo 2025,420,Pagado,9247
170366,Abril 2025,420,Pagado,9247
170367,Mayo 2025,420,Pagado,9247
170368,Junio 2025,420,Pagado,9247
170369,Julio 2025,420,Pagado,9247
170370,Agosto 2025,420,Pagado,9247
170371,Setiembre 2025,420,Pagado,9247
170372,Octubre 2025,420,Pagado,9247
170373,Noviembre 2025,420,Pagado,9247
170374,Diciembre 2025,420,Pagado,9247
170375,Marzo 2025,420,Pagado,9061
170376,Abril 2025,420,Pagado,9061
170377,Mayo 2025,420,Pagado,9061
170378,Junio 2025,420,Pagado,9061
170379,Julio 2025,420,Pagado,9061
170380,Agosto 2025,420,Pagado,9061
170381,Setiembre 2025,420,Pagado,9061
170382,Octubre 2025,420,Pagado,9061
170383,Noviembre 2025,420,Pagado,9061
170384,Diciembre 2025,420,Pagado,9061
170385,Marzo 2025,420,Pagado,9007
170386,Abril 2025,420,Pagado,9007
170387,Mayo 2025,420,Pagado,9007
170388,Junio 2025,420,Pagado,9007
170389,Julio 2025,420,Pagado,9007
170390,Agosto 2025,420,Vencido,9007
170391,Setiembre 2025,420,Pagado,9007
170392,Octubre 2025,420,Pagado,9007
170393,Noviembre 2025,420,Pagado,9007
170394,Diciembre 2025,420,Pagado,9007
170395,Marzo 2025,420,Pagado,9331
170396,Abril 2025,420,Pagado,9331
170397,Mayo 2025,420,Pagado,9331
170398,Junio 2025,420,Pagado,9331
170399,Julio 2025,420,Pagado,9331
170400,Agosto 2025,420,Pagado,9331
170401,Setiembre 2025,420,Pagado,9331
170402,Octubre 2025,420,Pagado,9331
170403,Noviembre 2025,420,Pagado,9331
170404,Diciembre 2025,420,Pagado,9331
170405,Marzo 2025,420,Pagado,9293
170406,Abril 2025,420,Pagado,9293
170407,Mayo 2025,420,Pagado,9293
170408,Junio 2025,420,Pagado,9293
170409,Julio 2025,420,Pagado,9293
170410,Agosto 2025,420,Pagado,9293
170411,Setiembre 2025,420,Pagado,9293
170412,Octubre 2025,420,Pagado,9293
170413,Noviembre 2025,420,Pagado,9293
170414,Diciembre 2025,420,Pagado,9293
170415,Marzo 2025,420,Pagado,9322
170416,Abril 2025,420,Pagado,9322
170417,Mayo 2025,420,Pagado,9322
170418,Junio 2025,420,Pagado,9322
170419,Julio 2025,420,Pagado,9322
170420,Agosto 2025,420,Pagado,9322
170421,Setiembre 2025,420,Pagado,9322
170422,Octubre 2025,420,Pagado,9322
170423,Noviembre 2025,420,Pagado,9322
170424,Diciembre 2025,420,Pagado,9322
170425,Marzo 2025,420,Pagado,9175
170426,Abril 2025,420,Pagado,9175
170427,Mayo 2025,420,Pagado,9175
170428,Junio 2025,420,Pagado,9175
170429,Julio 2025,420,Pagado,9175
170430,Agosto 2025,420,Pagado,9175
170431,Setiembre 2025,420,Pagado,9175
170432,Octubre 2025,420,Pagado,9175
170433,Noviembre 2025,420,Pagado,9175
170434,Diciembre 2025,420,Pagado,9175
170435,Marzo 2025,420,Pagado,9025
170436,Abril 2025,420,Pagado,9025
170437,Mayo 2025,420,Pagado,9025
170438,Junio 2025,420,Pagado,9025
170439,Julio 2025,420,Pagado,9025
170440,Agosto 2025,420,Pagado,9025
170441,Setiembre 2025,420,Pagado,9025
170442,Octubre 2025,420,Pagado,9025
170443,Noviembre 2025,420,Pagado,9025
170444,Diciembre 2025,420,Pagado,9025
170445,Marzo 2025,420,Pagado,9016
170446,Abril 2025,420,Pagado,9016
170447,Mayo 2025,420,Pagado,9016
170448,Junio 2025,420,Pagado,9016
170449,Julio 2025,420,Pagado,9016
170450,Agosto 2025,420,Pagado,9016
170451,Setiembre 2025,420,Pagado,9016
170452,Octubre 2025,420,Pagado,9016
170453,Noviembre 2025,420,Pagado,9016
170454,Diciembre 2025,420,Pagado,9016
170455,Marzo 2025,420,Pagado,9035
170456,Abril 2025,420,Pagado,9035
170457,Mayo 2025,420,Pagado,9035
170458,Junio 2025,420,Pagado,9035
170459,Julio 2025,420,Pagado,9035
170460,Agosto 2025,420,Pagado,9035
170461,Setiembre 2025,420,Pagado,9035
170462,Octubre 2025,420,Pagado,9035
170463,Noviembre 2025,420,Pagado,9035
170464,Diciembre 2025,420,Pagado,9035
170465,Marzo 2025,420,Pagado,9275
170466,Abril 2025,420,Pagado,9275
170467,Mayo 2025,420,Pagado,9275
170468,Junio 2025,420,Pagado,9275
170469,Julio 2025,420,Pagado,9275
170470,Agosto 2025,420,Pagado,9275
170471,Setiembre 2025,420,Pagado,9275
170472,Octubre 2025,420,Pagado,9275
170473,Noviembre 2025,420,Pagado,9275
170474,Diciembre 2025,420,Pagado,9275
170475,Marzo 2025,420,Pagado,9113
170476,Abril 2025,420,Pagado,9113
170477,Mayo 2025,420,Pagado,9113
170478,Junio 2025,420,Pagado,9113
170479,Julio 2025,420,Pagado,9113
170480,Agosto 2025,420,Pagado,9113
170481,Setiembre 2025,420,Pagado,9113
170482,Octubre 2025,420,Pagado,9113
170483,Noviembre 2025,420,Pagado,9113
170484,Diciembre 2025,420,Pagado,9113
170485,Marzo 2025,420,Pagado,9271
170486,Abril 2025,420,Pagado,9271
170487,Mayo 2025,420,Pagado,9271
170488,Junio 2025,420,Pagado,9271
170489,Julio 2025,420,Pagado,9271
170490,Agosto 2025,420,Pagado,9271
170491,Setiembre 2025,420,Pagado,9271
170492,Octubre 2025,420,Pagado,9271
170493,Noviembre 2025,420,Pagado,9271
170494,Diciembre 2025,420,Pagado,9271
170495,Marzo 2025,420,Pagado,9012
170496,Abril 2025,420,Pagado,9012
170497,Mayo 2025,420,Pagado,9012
170498,Junio 2025,420,Pagado,9012
170499,Julio 2025,420,Pagado,9012
170500,Agosto 2025,420,Pagado,9012
170501,Setiembre 2025,420,Pagado,9012
170502,Octubre 2025,420,Pagado,9012
170503,Noviembre 2025,420,Pagado,9012
170504,Diciembre 2025,420,Pagado,9012
170505,Marzo 2025,420,Pagado,9028
170506,Abril 2025,420,Pagado,9028
170507,Mayo 2025,420,Pagado,9028
170508,Junio 2025,420,Pagado,9028
170509,Julio 2025,420,Pagado,9028
170510,Agosto 2025,420,Pagado,9028
170511,Setiembre 2025,420,Pagado,9028
170512,Octubre 2025,420,Pagado,9028
170513,Noviembre 2025,420,Pagado,9028
170514,Diciembre 2025,420,Pagado,9028
170515,Marzo 2025,420,Pagado,9317
170516,Abril 2025,420,Pagado,9317
170517,Mayo 2025,420,Pagado,9317
170518,Junio 2025,420,Pagado,9317
170519,Julio 2025,420,Pagado,9317
170520,Agosto 2025,420,Pagado,9317
170521,Setiembre 2025,420,Pagado,9317
170522,Octubre 2025,420,Pagado,9317
170523,Noviembre 2025,420,Pagado,9317
170524,Diciembre 2025,420,Pagado,9317
170525,Marzo 2025,420,Pagado,9197
170526,Abril 2025,420,Pagado,9197
170527,Mayo 2025,420,Pagado,9197
170528,Junio 2025,420,Pagado,9197
170529,Julio 2025,420,Pagado,9197
170530,Agosto 2025,420,Pagado,9197
170531,Setiembre 2025,420,Pagado,9197
170532,Octubre 2025,420,Pagado,9197
170533,Noviembre 2025,420,Pagado,9197
170534,Diciembre 2025,420,Pagado,9197
170535,Marzo 2025,420,Pagado,9328
170536,Abril 2025,420,Pagado,9328
170537,Mayo 2025,420,Pagado,9328
170538,Junio 2025,420,Pagado,9328
170539,Julio 2025,420,Pagado,9328
170540,Agosto 2025,420,Pagado,9328
170541,Setiembre 2025,420,Pagado,9328
170542,Octubre 2025,420,Pagado,9328
170543,Noviembre 2025,420,Pagado,9328
170544,Diciembre 2025,420,Pagado,9328
170545,Marzo 2025,420,Pagado,9330
170546,Abril 2025,420,Pagado,9330
170547,Mayo 2025,420,Pagado,9330
170548,Junio 2025,420,Pagado,9330
170549,Julio 2025,420,Pagado,9330
170550,Agosto 2025,420,Pagado,9330
170551,Setiembre 2025,420,Pagado,9330
170552,Octubre 2025,420,Pagado,9330
170553,Noviembre 2025,420,Pagado,9330
170554,Diciembre 2025,420,Pagado,9330
170555,Marzo 2025,420,Pagado,9202
170556,Abril 2025,420,Pagado,9202
170557,Mayo 2025,420,Pagado,9202
170558,Junio 2025,420,Pagado,9202
170559,Julio 2025,420,Pagado,9202
170560,Agosto 2025,420,Pagado,9202
170561,Setiembre 2025,420,Pagado,9202
170562,Octubre 2025,420,Pagado,9202
170563,Noviembre 2025,420,Pagado,9202
170564,Diciembre 2025,420,Pagado,9202
170565,Marzo 2025,420,Pagado,8990
170566,Abril 2025,420,Pagado,8990
170567,Mayo 2025,420,Pagado,8990
170568,Junio 2025,420,Pagado,8990
170569,Julio 2025,420,Pagado,8990
170570,Agosto 2025,420,Pagado,8990
170571,Setiembre 2025,420,Pagado,8990
170572,Octubre 2025,420,Pagado,8990
170573,Noviembre 2025,420,Pagado,8990
170574,Diciembre 2025,420,Pagado,8990
170575,Marzo 2025,420,Pagado,9000
170576,Abril 2025,420,Pagado,9000
170577,Mayo 2025,420,Pagado,9000
170578,Junio 2025,420,Pagado,9000
170579,Julio 2025,420,Pagado,9000
170580,Agosto 2025,420,Pagado,9000
170581,Setiembre 2025,420,Pagado,9000
170582,Octubre 2025,420,Pagado,9000
170583,Noviembre 2025,420,Pagado,9000
170584,Diciembre 2025,420,Pagado,9000
170585,Marzo 2025,420,Pagado,9133
170586,Abril 2025,420,Pagado,9133
170587,Mayo 2025,420,Pagado,9133
170588,Junio 2025,420,Pagado,9133
170589,Julio 2025,420,Pagado,9133
170590,Agosto 2025,420,Pagado,9133
170591,Setiembre 2025,420,Pagado,9133
170592,Octubre 2025,420,Pagado,9133
170593,Noviembre 2025,420,Pagado,9133
170594,Diciembre 2025,420,Pagado,9133
170595,Marzo 2025,420,Pagado,9311
170596,Abril 2025,420,Pagado,9311
170597,Mayo 2025,420,Pagado,9311
170598,Junio 2025,420,Pagado,9311
170599,Julio 2025,420,Pagado,9311
170600,Agosto 2025,420,Pagado,9311
170601,Setiembre 2025,420,Pagado,9311
170602,Octubre 2025,420,Pagado,9311
170603,Noviembre 2025,420,Pagado,9311
170604,Diciembre 2025,420,Pagado,9311
170605,Marzo 2025,420,Pagado,8968
170606,Abril 2025,420,Pagado,8968
170607,Mayo 2025,420,Pagado,8968
170608,Junio 2025,420,Vencido,8968
170609,Julio 2025,420,Pagado,8968
170610,Agosto 2025,420,Pagado,8968
170611,Setiembre 2025,420,Vencido,8968
170612,Octubre 2025,420,Pagado,8968
170613,Noviembre 2025,420,Pagado,8968
170614,Diciembre 2025,420,Vencido,8968
170615,Marzo 2025,420,Pagado,8949
170616,Abril 2025,420,Pagado,8949
170617,Mayo 2025,420,Pagado,8949
170618,Junio 2025,420,Pagado,8949
170619,Julio 2025,420,Pagado,8949
170620,Agosto 2025,420,Pagado,8949
170621,Setiembre 2025,420,Pagado,8949
170622,Octubre 2025,420,Pagado,8949
170623,Noviembre 2025,420,Pagado,8949
170624,Diciembre 2025,420,Pagado,8949
170625,Marzo 2025,420,Pagado,9258
170626,Abril 2025,420,Pagado,9258
170627,Mayo 2025,420,Pagado,9258
170628,Junio 2025,420,Pagado,9258
170629,Julio 2025,420,Pagado,9258
170630,Agosto 2025,420,Pagado,9258
170631,Setiembre 2025,420,Pagado,9258
170632,Octubre 2025,420,Pagado,9258
170633,Noviembre 2025,420,Pagado,9258
170634,Diciembre 2025,420,Pagado,9258
170635,Marzo 2025,420,Pagado,9110
170636,Abril 2025,420,Pagado,9110
170637,Mayo 2025,420,Pagado,9110
170638,Junio 2025,420,Pagado,9110
170639,Julio 2025,420,Pagado,9110
170640,Agosto 2025,420,Pagado,9110
170641,Setiembre 2025,420,Pagado,9110
170642,Octubre 2025,420,Pagado,9110
170643,Noviembre 2025,420,Pagado,9110
170644,Diciembre 2025,420,Pagado,9110
170645,Marzo 2025,420,Pagado,9226
170646,Abril 2025,420,Pagado,9226
170647,Mayo 2025,420,Pagado,9226
170648,Junio 2025,420,Pagado,9226
170649,Julio 2025,420,Pagado,9226
170650,Agosto 2025,420,Pagado,9226
170651,Setiembre 2025,420,Pagado,9226
170652,Octubre 2025,420,Pagado,9226
170653,Noviembre 2025,420,Pagado,9226
170654,Diciembre 2025,420,Pagado,9226
170655,Marzo 2025,420,Pagado,9264
170656,Abril 2025,420,Pagado,9264
170657,Mayo 2025,420,Pagado,9264
170658,Junio 2025,420,Pagado,9264
170659,Julio 2025,420,Pagado,9264
170660,Agosto 2025,420,Pagado,9264
170661,Setiembre 2025,420,Pagado,9264
170662,Octubre 2025,420,Pagado,9264
170663,Noviembre 2025,420,Pagado,9264
170664,Diciembre 2025,420,Pagado,9264
170665,Marzo 2025,420,Pagado,9269
170666,Abril 2025,420,Pagado,9269
170667,Mayo 2025,420,Pagado,9269
170668,Junio 2025,420,Pagado,9269
170669,Julio 2025,420,Pagado,9269
170670,Agosto 2025,420,Pagado,9269
170671,Setiembre 2025,420,Pagado,9269
170672,Octubre 2025,420,Pagado,9269
170673,Noviembre 2025,420,Pagado,9269
170674,Diciembre 2025,420,Pagado,9269
170675,Marzo 2025,420,Pagado,9079
170676,Abril 2025,420,Pagado,9079
170677,Mayo 2025,420,Pagado,9079
170678,Junio 2025,420,Pagado,9079
170679,Julio 2025,420,Pagado,9079
170680,Agosto 2025,420,Pagado,9079
170681,Setiembre 2025,420,Pagado,9079
170682,Octubre 2025,420,Pagado,9079
170683,Noviembre 2025,420,Pagado,9079
170684,Diciembre 2025,420,Pagado,9079
170685,Marzo 2025,420,Pagado,8985
170686,Abril 2025,420,Pagado,8985
170687,Mayo 2025,420,Pagado,8985
170688,Junio 2025,420,Pagado,8985
170689,Julio 2025,420,Pagado,8985
170690,Agosto 2025,420,Pagado,8985
170691,Setiembre 2025,420,Pagado,8985
170692,Octubre 2025,420,Pagado,8985
170693,Noviembre 2025,420,Pagado,8985
170694,Diciembre 2025,420,Pagado,8985
170695,Marzo 2025,420,Pagado,9246
170696,Abril 2025,420,Pagado,9246
170697,Mayo 2025,420,Pagado,9246
170698,Junio 2025,420,Pagado,9246
170699,Julio 2025,420,Pagado,9246
170700,Agosto 2025,420,Pagado,9246
170701,Setiembre 2025,420,Pagado,9246
170702,Octubre 2025,420,Pagado,9246
170703,Noviembre 2025,420,Pagado,9246
170704,Diciembre 2025,420,Pagado,9246
170705,Marzo 2025,420,Pagado,9050
170706,Abril 2025,420,Pagado,9050
170707,Mayo 2025,420,Pagado,9050
170708,Junio 2025,420,Pagado,9050
170709,Julio 2025,420,Pagado,9050
170710,Agosto 2025,420,Pagado,9050
170711,Setiembre 2025,420,Pagado,9050
170712,Octubre 2025,420,Pagado,9050
170713,Noviembre 2025,420,Pagado,9050
170714,Diciembre 2025,420,Pagado,9050
170715,Marzo 2025,420,Pagado,9141
170716,Abril 2025,420,Pagado,9141
170717,Mayo 2025,420,Pagado,9141
170718,Junio 2025,420,Pagado,9141
170719,Julio 2025,420,Pagado,9141
170720,Agosto 2025,420,Pagado,9141
170721,Setiembre 2025,420,Pagado,9141
170722,Octubre 2025,420,Pagado,9141
170723,Noviembre 2025,420,Pagado,9141
170724,Diciembre 2025,420,Pagado,9141
170725,Marzo 2025,420,Pagado,9142
170726,Abril 2025,420,Pagado,9142
170727,Mayo 2025,420,Pagado,9142
170728,Junio 2025,420,Pagado,9142
170729,Julio 2025,420,Pagado,9142
170730,Agosto 2025,420,Pagado,9142
170731,Setiembre 2025,420,Pagado,9142
170732,Octubre 2025,420,Pagado,9142
170733,Noviembre 2025,420,Pagado,9142
170734,Diciembre 2025,420,Pagado,9142
170735,Marzo 2025,420,Pagado,9049
170736,Abril 2025,420,Pagado,9049
170737,Mayo 2025,420,Pagado,9049
170738,Junio 2025,420,Pagado,9049
170739,Julio 2025,420,Pagado,9049
170740,Agosto 2025,420,Pagado,9049
170741,Setiembre 2025,420,Pagado,9049
170742,Octubre 2025,420,Pagado,9049
170743,Noviembre 2025,420,Pagado,9049
170744,Diciembre 2025,420,Pagado,9049
170745,Marzo 2025,420,Pagado,9266
170746,Abril 2025,420,Pagado,9266
170747,Mayo 2025,420,Pagado,9266
170748,Junio 2025,420,Pagado,9266
170749,Julio 2025,420,Pagado,9266
170750,Agosto 2025,420,Pagado,9266
170751,Setiembre 2025,420,Pagado,9266
170752,Octubre 2025,420,Pagado,9266
170753,Noviembre 2025,420,Pagado,9266
170754,Diciembre 2025,420,Pagado,9266
170755,Marzo 2025,420,Pagado,9095
170756,Abril 2025,420,Pagado,9095
170757,Mayo 2025,420,Pagado,9095
170758,Junio 2025,420,Pagado,9095
170759,Julio 2025,420,Pagado,9095
170760,Agosto 2025,420,Pagado,9095
170761,Setiembre 2025,420,Pagado,9095
170762,Octubre 2025,420,Pagado,9095
170763,Noviembre 2025,420,Pagado,9095
170764,Diciembre 2025,420,Pagado,9095
170765,Marzo 2025,420,Pagado,9255
170766,Abril 2025,420,Pagado,9255
170767,Mayo 2025,420,Pagado,9255
170768,Junio 2025,420,Pagado,9255
170769,Julio 2025,420,Pagado,9255
170770,Agosto 2025,420,Pagado,9255
170771,Setiembre 2025,420,Pagado,9255
170772,Octubre 2025,420,Pagado,9255
170773,Noviembre 2025,420,Pagado,9255
170774,Diciembre 2025,420,Pagado,9255
170775,Marzo 2025,420,Pagado,9077
170776,Abril 2025,420,Pagado,9077
170777,Mayo 2025,420,Pagado,9077
170778,Junio 2025,420,Pagado,9077
170779,Julio 2025,420,Pagado,9077
170780,Agosto 2025,420,Pagado,9077
170781,Setiembre 2025,420,Pagado,9077
170782,Octubre 2025,420,Pagado,9077
170783,Noviembre 2025,420,Pagado,9077
170784,Diciembre 2025,420,Pagado,9077
170785,Marzo 2025,420,Pagado,9004
170786,Abril 2025,420,Pagado,9004
170787,Mayo 2025,420,Pagado,9004
170788,Junio 2025,420,Pagado,9004
170789,Julio 2025,420,Pagado,9004
170790,Agosto 2025,420,Pagado,9004
170791,Setiembre 2025,420,Pagado,9004
170792,Octubre 2025,420,Pagado,9004
170793,Noviembre 2025,420,Pagado,9004
170794,Diciembre 2025,420,Pagado,9004
170795,Marzo 2025,420,Pagado,9042
170796,Abril 2025,420,Pagado,9042
170797,Mayo 2025,420,Pagado,9042
170798,Junio 2025,420,Pagado,9042
170799,Julio 2025,420,Pagado,9042
170800,Agosto 2025,420,Pagado,9042
170801,Setiembre 2025,420,Pagado,9042
170802,Octubre 2025,420,Pagado,9042
170803,Noviembre 2025,420,Pagado,9042
170804,Diciembre 2025,420,Pagado,9042
170805,Marzo 2025,420,Pagado,9114
170806,Abril 2025,420,Pagado,9114
170807,Mayo 2025,420,Pagado,9114
170808,Junio 2025,420,Pagado,9114
170809,Julio 2025,420,Pagado,9114
170810,Agosto 2025,420,Pagado,9114
170811,Setiembre 2025,420,Pagado,9114
170812,Octubre 2025,420,Pagado,9114
170813,Noviembre 2025,420,Pagado,9114
170814,Diciembre 2025,420,Pagado,9114
170815,Marzo 2025,420,Pagado,9091
170816,Abril 2025,420,Pagado,9091
170817,Mayo 2025,420,Pagado,9091
170818,Junio 2025,420,Pagado,9091
170819,Julio 2025,420,Pagado,9091
170820,Agosto 2025,420,Pagado,9091
170821,Setiembre 2025,420,Pagado,9091
170822,Octubre 2025,420,Vencido,9091
170823,Noviembre 2025,420,Pagado,9091
170824,Diciembre 2025,420,Pagado,9091
170825,Marzo 2025,420,Pagado,9196
170826,Abril 2025,420,Pagado,9196
170827,Mayo 2025,420,Pagado,9196
170828,Junio 2025,420,Pagado,9196
170829,Julio 2025,420,Pagado,9196
170830,Agosto 2025,420,Pagado,9196
170831,Setiembre 2025,420,Pagado,9196
170832,Octubre 2025,420,Pagado,9196
170833,Noviembre 2025,420,Pagado,9196
170834,Diciembre 2025,420,Pagado,9196
170835,Marzo 2025,420,Pagado,8954
170836,Abril 2025,420,Pagado,8954
170837,Mayo 2025,420,Pagado,8954
170838,Junio 2025,420,Pagado,8954
170839,Julio 2025,420,Pagado,8954
170840,Agosto 2025,420,Pagado,8954
170841,Setiembre 2025,420,Pagado,8954
170842,Octubre 2025,420,Pagado,8954
170843,Noviembre 2025,420,Pagado,8954
170844,Diciembre 2025,420,Pagado,8954
170845,Marzo 2025,420,Pagado,8946
170846,Abril 2025,420,Pagado,8946
170847,Mayo 2025,420,Pagado,8946
170848,Junio 2025,420,Pagado,8946
170849,Julio 2025,420,Pagado,8946
170850,Agosto 2025,420,Pagado,8946
170851,Setiembre 2025,420,Pagado,8946
170852,Octubre 2025,420,Pagado,8946
170853,Noviembre 2025,420,Pagado,8946
170854,Diciembre 2025,420,Pagado,8946
170855,Marzo 2025,420,Pagado,9075
170856,Abril 2025,420,Pagado,9075
170857,Mayo 2025,420,Pagado,9075
170858,Junio 2025,420,Pagado,9075
170859,Julio 2025,420,Pagado,9075
170860,Agosto 2025,420,Pagado,9075
170861,Setiembre 2025,420,Pagado,9075
170862,Octubre 2025,420,Vencido,9075
170863,Noviembre 2025,420,Pagado,9075
170864,Diciembre 2025,420,Pagado,9075
170865,Marzo 2025,420,Vencido,8942
170866,Abril 2025,420,Pagado,8942
170867,Mayo 2025,420,Pagado,8942
170868,Junio 2025,420,Pagado,8942
170869,Julio 2025,420,Pagado,8942
170870,Agosto 2025,420,Pagado,8942
170871,Setiembre 2025,420,Pagado,8942
170872,Octubre 2025,420,Pagado,8942
170873,Noviembre 2025,420,Pagado,8942
170874,Diciembre 2025,420,Pagado,8942
170875,Marzo 2025,420,Pagado,9307
170876,Abril 2025,420,Pagado,9307
170877,Mayo 2025,420,Pagado,9307
170878,Junio 2025,420,Pagado,9307
170879,Julio 2025,420,Pagado,9307
170880,Agosto 2025,420,Pagado,9307
170881,Setiembre 2025,420,Pagado,9307
170882,Octubre 2025,420,Pagado,9307
170883,Noviembre 2025,420,Pagado,9307
170884,Diciembre 2025,420,Pagado,9307
170885,Marzo 2025,420,Pagado,9126
170886,Abril 2025,420,Pagado,9126
170887,Mayo 2025,420,Pagado,9126
170888,Junio 2025,420,Pagado,9126
170889,Julio 2025,420,Pagado,9126
170890,Agosto 2025,420,Pagado,9126
170891,Setiembre 2025,420,Vencido,9126
170892,Octubre 2025,420,Pagado,9126
170893,Noviembre 2025,420,Pagado,9126
170894,Diciembre 2025,420,Pagado,9126
170895,Marzo 2025,420,Pagado,9242
170896,Abril 2025,420,Pagado,9242
170897,Mayo 2025,420,Pagado,9242
170898,Junio 2025,420,Pagado,9242
170899,Julio 2025,420,Pagado,9242
170900,Agosto 2025,420,Pagado,9242
170901,Setiembre 2025,420,Pagado,9242
170902,Octubre 2025,420,Pagado,9242
170903,Noviembre 2025,420,Pagado,9242
170904,Diciembre 2025,420,Pagado,9242
170905,Marzo 2025,420,Pagado,9326
170906,Abril 2025,420,Pagado,9326
170907,Mayo 2025,420,Pagado,9326
170908,Junio 2025,420,Pagado,9326
170909,Julio 2025,420,Pagado,9326
170910,Agosto 2025,420,Pagado,9326
170911,Setiembre 2025,420,Pagado,9326
170912,Octubre 2025,420,Pagado,9326
170913,Noviembre 2025,420,Pagado,9326
170914,Diciembre 2025,420,Pagado,9326
170915,Marzo 2025,420,Pagado,9051
170916,Abril 2025,420,Pagado,9051
170917,Mayo 2025,420,Pagado,9051
170918,Junio 2025,420,Pagado,9051
170919,Julio 2025,420,Pagado,9051
170920,Agosto 2025,420,Vencido,9051
170921,Setiembre 2025,420,Pagado,9051
170922,Octubre 2025,420,Pagado,9051
170923,Noviembre 2025,420,Pagado,9051
170924,Diciembre 2025,420,Pagado,9051
170925,Marzo 2025,420,Pagado,9068
170926,Abril 2025,420,Pagado,9068
170927,Mayo 2025,420,Pagado,9068
170928,Junio 2025,420,Pagado,9068
170929,Julio 2025,420,Pagado,9068
170930,Agosto 2025,420,Pagado,9068
170931,Setiembre 2025,420,Pagado,9068
170932,Octubre 2025,420,Pagado,9068
170933,Noviembre 2025,420,Pagado,9068
170934,Diciembre 2025,420,Pagado,9068
170935,Marzo 2025,420,Pagado,9034
170936,Abril 2025,420,Pagado,9034
170937,Mayo 2025,420,Pagado,9034
170938,Junio 2025,420,Pagado,9034
170939,Julio 2025,420,Vencido,9034
170940,Agosto 2025,420,Pagado,9034
170941,Setiembre 2025,420,Pagado,9034
170942,Octubre 2025,420,Pagado,9034
170943,Noviembre 2025,420,Pagado,9034
170944,Diciembre 2025,420,Pagado,9034
170945,Marzo 2025,420,Pagado,9228
170946,Abril 2025,420,Pagado,9228
170947,Mayo 2025,420,Pagado,9228
170948,Junio 2025,420,Pagado,9228
170949,Julio 2025,420,Pagado,9228
170950,Agosto 2025,420,Pagado,9228
170951,Setiembre 2025,420,Pagado,9228
170952,Octubre 2025,420,Pagado,9228
170953,Noviembre 2025,420,Pagado,9228
170954,Diciembre 2025,420,Pagado,9228
170955,Marzo 2025,420,Pagado,9200
170956,Abril 2025,420,Pagado,9200
170957,Mayo 2025,420,Pagado,9200
170958,Junio 2025,420,Pagado,9200
170959,Julio 2025,420,Pagado,9200
170960,Agosto 2025,420,Pagado,9200
170961,Setiembre 2025,420,Pagado,9200
170962,Octubre 2025,420,Pagado,9200
170963,Noviembre 2025,420,Pagado,9200
170964,Diciembre 2025,420,Pagado,9200
170965,Marzo 2025,420,Pagado,9285
170966,Abril 2025,420,Pagado,9285
170967,Mayo 2025,420,Pagado,9285
170968,Junio 2025,420,Pagado,9285
170969,Julio 2025,420,Pagado,9285
170970,Agosto 2025,420,Pagado,9285
170971,Setiembre 2025,420,Pagado,9285
170972,Octubre 2025,420,Pagado,9285
170973,Noviembre 2025,420,Pagado,9285
170974,Diciembre 2025,420,Pagado,9285
170975,Marzo 2025,420,Pagado,8986
170976,Abril 2025,420,Pagado,8986
170977,Mayo 2025,420,Vencido,8986
170978,Junio 2025,420,Pagado,8986
170979,Julio 2025,420,Pagado,8986
170980,Agosto 2025,420,Pagado,8986
170981,Setiembre 2025,420,Pagado,8986
170982,Octubre 2025,420,Pagado,8986
170983,Noviembre 2025,420,Pagado,8986
170984,Diciembre 2025,420,Pagado,8986
170985,Marzo 2025,420,Pagado,9054
170986,Abril 2025,420,Pagado,9054
170987,Mayo 2025,420,Pagado,9054
170988,Junio 2025,420,Pagado,9054
170989,Julio 2025,420,Pagado,9054
170990,Agosto 2025,420,Pagado,9054
170991,Setiembre 2025,420,Pagado,9054
170992,Octubre 2025,420,Pagado,9054
170993,Noviembre 2025,420,Pagado,9054
170994,Diciembre 2025,420,Pagado,9054
170995,Marzo 2025,420,Pagado,9281
170996,Abril 2025,420,Pagado,9281
170997,Mayo 2025,420,Pagado,9281
170998,Junio 2025,420,Pagado,9281
170999,Julio 2025,420,Pagado,9281
171000,Agosto 2025,420,Pagado,9281
171001,Setiembre 2025,420,Pagado,9281
171002,Octubre 2025,420,Pagado,9281
171003,Noviembre 2025,420,Vencido,9281
171004,Diciembre 2025,420,Pagado,9281
171005,Marzo 2025,420,Pagado,8961
171006,Abril 2025,420,Pagado,8961
171007,Mayo 2025,420,Pagado,8961
171008,Junio 2025,420,Pagado,8961
171009,Julio 2025,420,Pagado,8961
171010,Agosto 2025,420,Pagado,8961
171011,Setiembre 2025,420,Pagado,8961
171012,Octubre 2025,420,Pagado,8961
171013,Noviembre 2025,420,Pagado,8961
171014,Diciembre 2025,420,Pagado,8961
171015,Marzo 2025,420,Pagado,9099
171016,Abril 2025,420,Pagado,9099
171017,Mayo 2025,420,Pagado,9099
171018,Junio 2025,420,Pagado,9099
171019,Julio 2025,420,Pagado,9099
171020,Agosto 2025,420,Pagado,9099
171021,Setiembre 2025,420,Pagado,9099
171022,Octubre 2025,420,Pagado,9099
171023,Noviembre 2025,420,Pagado,9099
171024,Diciembre 2025,420,Pagado,9099
171025,Marzo 2025,420,Pagado,9013
171026,Abril 2025,420,Pagado,9013
171027,Mayo 2025,420,Pagado,9013
171028,Junio 2025,420,Pagado,9013
171029,Julio 2025,420,Pagado,9013
171030,Agosto 2025,420,Pagado,9013
171031,Setiembre 2025,420,Pagado,9013
171032,Octubre 2025,420,Pagado,9013
171033,Noviembre 2025,420,Pagado,9013
171034,Diciembre 2025,420,Pagado,9013
171035,Marzo 2025,420,Pagado,9105
171036,Abril 2025,420,Pagado,9105
171037,Mayo 2025,420,Pagado,9105
171038,Junio 2025,420,Pagado,9105
171039,Julio 2025,420,Pagado,9105
171040,Agosto 2025,420,Pagado,9105
171041,Setiembre 2025,420,Pagado,9105
171042,Octubre 2025,420,Pagado,9105
171043,Noviembre 2025,420,Pagado,9105
171044,Diciembre 2025,420,Pagado,9105
171045,Marzo 2025,420,Pagado,9038
171046,Abril 2025,420,Pagado,9038
171047,Mayo 2025,420,Pagado,9038
171048,Junio 2025,420,Pagado,9038
171049,Julio 2025,420,Pagado,9038
171050,Agosto 2025,420,Pagado,9038
171051,Setiembre 2025,420,Pagado,9038
171052,Octubre 2025,420,Pagado,9038
171053,Noviembre 2025,420,Pagado,9038
171054,Diciembre 2025,420,Pagado,9038
171055,Marzo 2025,420,Pagado,8966
171056,Abril 2025,420,Pagado,8966
171057,Mayo 2025,420,Pagado,8966
171058,Junio 2025,420,Pagado,8966
171059,Julio 2025,420,Pagado,8966
171060,Agosto 2025,420,Pagado,8966
171061,Setiembre 2025,420,Pagado,8966
171062,Octubre 2025,420,Pagado,8966
171063,Noviembre 2025,420,Pagado,8966
171064,Diciembre 2025,420,Pagado,8966
171065,Marzo 2025,420,Pagado,9121
171066,Abril 2025,420,Pagado,9121
171067,Mayo 2025,420,Pagado,9121
171068,Junio 2025,420,Pagado,9121
171069,Julio 2025,420,Pagado,9121
171070,Agosto 2025,420,Pagado,9121
171071,Setiembre 2025,420,Pagado,9121
171072,Octubre 2025,420,Pagado,9121
171073,Noviembre 2025,420,Pagado,9121
171074,Diciembre 2025,420,Pagado,9121
171075,Marzo 2025,420,Pagado,9139
171076,Abril 2025,420,Pagado,9139
171077,Mayo 2025,420,Pagado,9139
171078,Junio 2025,420,Pagado,9139
171079,Julio 2025,420,Pagado,9139
171080,Agosto 2025,420,Pagado,9139
171081,Setiembre 2025,420,Pagado,9139
171082,Octubre 2025,420,Pagado,9139
171083,Noviembre 2025,420,Pagado,9139
171084,Diciembre 2025,420,Pagado,9139
171085,Marzo 2025,420,Pagado,9335
171086,Abril 2025,420,Pagado,9335
171087,Mayo 2025,420,Pagado,9335
171088,Junio 2025,420,Pagado,9335
171089,Julio 2025,420,Pagado,9335
171090,Agosto 2025,420,Pagado,9335
171091,Setiembre 2025,420,Pagado,9335
171092,Octubre 2025,420,Pagado,9335
171093,Noviembre 2025,420,Pagado,9335
171094,Diciembre 2025,420,Pagado,9335
171095,Marzo 2025,420,Pagado,9243
171096,Abril 2025,420,Pagado,9243
171097,Mayo 2025,420,Pagado,9243
171098,Junio 2025,420,Pagado,9243
171099,Julio 2025,420,Pagado,9243
171100,Agosto 2025,420,Pagado,9243
171101,Setiembre 2025,420,Pagado,9243
171102,Octubre 2025,420,Pagado,9243
171103,Noviembre 2025,420,Pagado,9243
171104,Diciembre 2025,420,Pagado,9243
171105,Marzo 2025,420,Pagado,9213
171106,Abril 2025,420,Pagado,9213
171107,Mayo 2025,420,Pagado,9213
171108,Junio 2025,420,Pagado,9213
171109,Julio 2025,420,Pagado,9213
171110,Agosto 2025,420,Pagado,9213
171111,Setiembre 2025,420,Pagado,9213
171112,Octubre 2025,420,Pagado,9213
171113,Noviembre 2025,420,Pagado,9213
171114,Diciembre 2025,420,Pagado,9213
171115,Marzo 2025,420,Pagado,9267
171116,Abril 2025,420,Pagado,9267
171117,Mayo 2025,420,Pagado,9267
171118,Junio 2025,420,Pagado,9267
171119,Julio 2025,420,Pagado,9267
171120,Agosto 2025,420,Pagado,9267
171121,Setiembre 2025,420,Pagado,9267
171122,Octubre 2025,420,Pagado,9267
171123,Noviembre 2025,420,Pagado,9267
171124,Diciembre 2025,420,Pagado,9267
171125,Marzo 2025,420,Pagado,8987
171126,Abril 2025,420,Pagado,8987
171127,Mayo 2025,420,Pagado,8987
171128,Junio 2025,420,Pagado,8987
171129,Julio 2025,420,Pagado,8987
171130,Agosto 2025,420,Pagado,8987
171131,Setiembre 2025,420,Pagado,8987
171132,Octubre 2025,420,Pagado,8987
171133,Noviembre 2025,420,Pagado,8987
171134,Diciembre 2025,420,Pagado,8987
171135,Marzo 2025,420,Pagado,9236
171136,Abril 2025,420,Pagado,9236
171137,Mayo 2025,420,Pagado,9236
171138,Junio 2025,420,Pagado,9236
171139,Julio 2025,420,Pagado,9236
171140,Agosto 2025,420,Pagado,9236
171141,Setiembre 2025,420,Pagado,9236
171142,Octubre 2025,420,Pagado,9236
171143,Noviembre 2025,420,Pagado,9236
171144,Diciembre 2025,420,Pagado,9236
171145,Marzo 2025,420,Pagado,9037
171146,Abril 2025,420,Pagado,9037
171147,Mayo 2025,420,Pagado,9037
171148,Junio 2025,420,Pagado,9037
171149,Julio 2025,420,Pagado,9037
171150,Agosto 2025,420,Pagado,9037
171151,Setiembre 2025,420,Pagado,9037
171152,Octubre 2025,420,Pagado,9037
171153,Noviembre 2025,420,Pagado,9037
171154,Diciembre 2025,420,Pagado,9037
171155,Marzo 2025,420,Pagado,9239
171156,Abril 2025,420,Pagado,9239
171157,Mayo 2025,420,Pagado,9239
171158,Junio 2025,420,Pagado,9239
171159,Julio 2025,420,Pagado,9239
171160,Agosto 2025,420,Pagado,9239
171161,Setiembre 2025,420,Pagado,9239
171162,Octubre 2025,420,Pagado,9239
171163,Noviembre 2025,420,Pagado,9239
171164,Diciembre 2025,420,Pagado,9239
171165,Marzo 2025,420,Pagado,9036
171166,Abril 2025,420,Pagado,9036
171167,Mayo 2025,420,Pagado,9036
171168,Junio 2025,420,Pagado,9036
171169,Julio 2025,420,Pagado,9036
171170,Agosto 2025,420,Pagado,9036
171171,Setiembre 2025,420,Pagado,9036
171172,Octubre 2025,420,Pagado,9036
171173,Noviembre 2025,420,Pagado,9036
171174,Diciembre 2025,420,Pagado,9036
171175,Marzo 2025,420,Pagado,9087
171176,Abril 2025,420,Pagado,9087
171177,Mayo 2025,420,Pagado,9087
171178,Junio 2025,420,Pagado,9087
171179,Julio 2025,420,Pagado,9087
171180,Agosto 2025,420,Pagado,9087
171181,Setiembre 2025,420,Pagado,9087
171182,Octubre 2025,420,Pagado,9087
171183,Noviembre 2025,420,Pagado,9087
171184,Diciembre 2025,420,Pagado,9087
171185,Marzo 2025,420,Pagado,8948
171186,Abril 2025,420,Pagado,8948
171187,Mayo 2025,420,Pagado,8948
171188,Junio 2025,420,Pagado,8948
171189,Julio 2025,420,Pagado,8948
171190,Agosto 2025,420,Pagado,8948
171191,Setiembre 2025,420,Pagado,8948
171192,Octubre 2025,420,Pagado,8948
171193,Noviembre 2025,420,Pagado,8948
171194,Diciembre 2025,420,Pagado,8948
171195,Marzo 2025,420,Pagado,9201
171196,Abril 2025,420,Pagado,9201
171197,Mayo 2025,420,Pagado,9201
171198,Junio 2025,420,Pagado,9201
171199,Julio 2025,420,Pagado,9201
171200,Agosto 2025,420,Pagado,9201
171201,Setiembre 2025,420,Pagado,9201
171202,Octubre 2025,420,Pagado,9201
171203,Noviembre 2025,420,Pagado,9201
171204,Diciembre 2025,420,Pagado,9201
171205,Marzo 2025,420,Pagado,9083
171206,Abril 2025,420,Pagado,9083
171207,Mayo 2025,420,Pagado,9083
171208,Junio 2025,420,Pagado,9083
171209,Julio 2025,420,Pagado,9083
171210,Agosto 2025,420,Pagado,9083
171211,Setiembre 2025,420,Pagado,9083
171212,Octubre 2025,420,Pagado,9083
171213,Noviembre 2025,420,Pagado,9083
171214,Diciembre 2025,420,Pagado,9083
171215,Marzo 2025,420,Pagado,9057
171216,Abril 2025,420,Pagado,9057
171217,Mayo 2025,420,Pagado,9057
171218,Junio 2025,420,Pagado,9057
171219,Julio 2025,420,Pagado,9057
171220,Agosto 2025,420,Pagado,9057
171221,Setiembre 2025,420,Pagado,9057
171222,Octubre 2025,420,Pagado,9057
171223,Noviembre 2025,420,Pagado,9057
171224,Diciembre 2025,420,Pagado,9057
171225,Marzo 2026,350,Pagado,8967
171226,Abril 2026,350,Pagado,8967
171227,Mayo 2026,350,Pagado,8967
171228,Junio 2026,350,Vencido,8967
171229,Julio 2026,350,Pagado,8967
171230,Marzo 2026,350,Pagado,9305
171231,Abril 2026,350,Pagado,9305
171232,Mayo 2026,350,Pagado,9305
171233,Junio 2026,350,Pagado,9305
171234,Julio 2026,350,Pendiente,9305
171235,Marzo 2026,350,Vencido,9277
171236,Abril 2026,350,Pagado,9277
171237,Mayo 2026,350,Pagado,9277
171238,Junio 2026,350,Pagado,9277
171239,Julio 2026,350,Pendiente,9277
171240,Marzo 2026,350,Pagado,8995
171241,Abril 2026,350,Pagado,8995
171242,Mayo 2026,350,Pagado,8995
171243,Junio 2026,350,Pagado,8995
171244,Julio 2026,350,Pendiente,8995
171245,Marzo 2026,350,Pagado,9056
171246,Abril 2026,350,Pagado,9056
171247,Mayo 2026,350,Pagado,9056
171248,Junio 2026,350,Pagado,9056
171249,Julio 2026,350,Pagado,9056
171250,Marzo 2026,350,Pagado,8994
171251,Abril 2026,350,Pagado,8994
171252,Mayo 2026,350,Pagado,8994
171253,Junio 2026,350,Pagado,8994
171254,Julio 2026,350,Pagado,8994
171255,Marzo 2026,350,Pagado,9255
171256,Abril 2026,350,Pagado,9255
171257,Mayo 2026,350,Pagado,9255
171258,Junio 2026,350,Pagado,9255
171259,Julio 2026,350,Pagado,9255
171260,Marzo 2026,350,Vencido,8982
171261,Abril 2026,350,Pagado,8982
171262,Mayo 2026,350,Pagado,8982
171263,Junio 2026,350,Pagado,8982
171264,Julio 2026,350,Pendiente,8982
171265,Marzo 2026,350,Pagado,9294
171266,Abril 2026,350,Pagado,9294
171267,Mayo 2026,350,Pagado,9294
171268,Junio 2026,350,Pagado,9294
171269,Julio 2026,350,Pendiente,9294
171270,Marzo 2026,350,Pagado,8998
171271,Abril 2026,350,Pagado,8998
171272,Mayo 2026,350,Pagado,8998
171273,Junio 2026,350,Pagado,8998
171274,Julio 2026,350,Pendiente,8998
171275,Marzo 2026,350,Vencido,9080
171276,Abril 2026,350,Pagado,9080
171277,Mayo 2026,350,Pagado,9080
171278,Junio 2026,350,Pagado,9080
171279,Julio 2026,350,Pagado,9080
171280,Marzo 2026,350,Pagado,9028
171281,Abril 2026,350,Pagado,9028
171282,Mayo 2026,350,Pagado,9028
171283,Junio 2026,350,Pagado,9028
171284,Julio 2026,350,Pendiente,9028
171285,Marzo 2026,350,Pagado,9177
171286,Abril 2026,350,Pagado,9177
171287,Mayo 2026,350,Pagado,9177
171288,Junio 2026,350,Pagado,9177
171289,Julio 2026,350,Pendiente,9177
171290,Marzo 2026,350,Pagado,9332
171291,Abril 2026,350,Pagado,9332
171292,Mayo 2026,350,Pagado,9332
171293,Junio 2026,350,Vencido,9332
171294,Julio 2026,350,Pendiente,9332
171295,Marzo 2026,350,Pagado,9187
171296,Abril 2026,350,Pagado,9187
171297,Mayo 2026,350,Pagado,9187
171298,Junio 2026,350,Pagado,9187
171299,Julio 2026,350,Pendiente,9187
171300,Marzo 2026,350,Pagado,9034
171301,Abril 2026,350,Pagado,9034
171302,Mayo 2026,350,Pagado,9034
171303,Junio 2026,350,Pagado,9034
171304,Julio 2026,350,Pendiente,9034
171305,Marzo 2026,350,Pagado,9031
171306,Abril 2026,350,Pagado,9031
171307,Mayo 2026,350,Pagado,9031
171308,Junio 2026,350,Vencido,9031
171309,Julio 2026,350,Pagado,9031
171310,Marzo 2026,350,Pagado,9282
171311,Abril 2026,350,Vencido,9282
171312,Mayo 2026,350,Vencido,9282
171313,Junio 2026,350,Pagado,9282
171314,Julio 2026,350,Pagado,9282
171315,Marzo 2026,350,Pagado,8979
171316,Abril 2026,350,Pagado,8979
171317,Mayo 2026,350,Pagado,8979
171318,Junio 2026,350,Vencido,8979
171319,Julio 2026,350,Pendiente,8979
171320,Marzo 2026,350,Pagado,8977
171321,Abril 2026,350,Pagado,8977
171322,Mayo 2026,350,Pagado,8977
171323,Junio 2026,350,Pagado,8977
171324,Julio 2026,350,Pendiente,8977
171325,Marzo 2026,350,Pagado,9252
171326,Abril 2026,350,Pagado,9252
171327,Mayo 2026,350,Pagado,9252
171328,Junio 2026,350,Pagado,9252
171329,Julio 2026,350,Pagado,9252
171330,Marzo 2026,350,Pagado,9125
171331,Abril 2026,350,Pagado,9125
171332,Mayo 2026,350,Pagado,9125
171333,Junio 2026,350,Pagado,9125
171334,Julio 2026,350,Pagado,9125
171335,Marzo 2026,350,Pagado,9246
171336,Abril 2026,350,Pagado,9246
171337,Mayo 2026,350,Pagado,9246
171338,Junio 2026,350,Pagado,9246
171339,Julio 2026,350,Pagado,9246
171340,Marzo 2026,350,Pagado,9075
171341,Abril 2026,350,Pagado,9075
171342,Mayo 2026,350,Pagado,9075
171343,Junio 2026,350,Vencido,9075
171344,Julio 2026,350,Pagado,9075
171345,Marzo 2026,350,Pagado,9223
171346,Abril 2026,350,Pagado,9223
171347,Mayo 2026,350,Pagado,9223
171348,Junio 2026,350,Pagado,9223
171349,Julio 2026,350,Pendiente,9223
171350,Marzo 2026,350,Pagado,9122
171351,Abril 2026,350,Pagado,9122
171352,Mayo 2026,350,Pagado,9122
171353,Junio 2026,350,Pagado,9122
171354,Julio 2026,350,Pendiente,9122
171355,Marzo 2026,350,Pagado,9064
171356,Abril 2026,350,Pagado,9064
171357,Mayo 2026,350,Pagado,9064
171358,Junio 2026,350,Pagado,9064
171359,Julio 2026,350,Pendiente,9064
171360,Marzo 2026,350,Pagado,9314
171361,Abril 2026,350,Pagado,9314
171362,Mayo 2026,350,Pagado,9314
171363,Junio 2026,350,Pagado,9314
171364,Julio 2026,350,Pendiente,9314
171365,Marzo 2026,350,Pagado,9275
171366,Abril 2026,350,Pagado,9275
171367,Mayo 2026,350,Pagado,9275
171368,Junio 2026,350,Pagado,9275
171369,Julio 2026,350,Pagado,9275
171370,Marzo 2026,350,Pagado,9004
171371,Abril 2026,350,Pagado,9004
171372,Mayo 2026,350,Pagado,9004
171373,Junio 2026,350,Pagado,9004
171374,Julio 2026,350,Pagado,9004
171375,Marzo 2026,350,Pagado,9293
171376,Abril 2026,350,Vencido,9293
171377,Mayo 2026,350,Pagado,9293
171378,Junio 2026,350,Pagado,9293
171379,Julio 2026,350,Pendiente,9293
171380,Marzo 2026,350,Vencido,9206
171381,Abril 2026,350,Vencido,9206
171382,Mayo 2026,350,Pagado,9206
171383,Junio 2026,350,Pagado,9206
171384,Julio 2026,350,Pendiente,9206
171385,Marzo 2026,350,Pagado,9079
171386,Abril 2026,350,Vencido,9079
171387,Mayo 2026,350,Pagado,9079
171388,Junio 2026,350,Pagado,9079
171389,Julio 2026,350,Pagado,9079
171390,Marzo 2026,350,Pagado,9333
171391,Abril 2026,350,Pagado,9333
171392,Mayo 2026,350,Pagado,9333
171393,Junio 2026,350,Pagado,9333
171394,Julio 2026,350,Pagado,9333
171395,Marzo 2026,350,Pagado,9309
171396,Abril 2026,350,Pagado,9309
171397,Mayo 2026,350,Pagado,9309
171398,Junio 2026,350,Pagado,9309
171399,Julio 2026,350,Pendiente,9309
171400,Marzo 2026,350,Vencido,9156
171401,Abril 2026,350,Pagado,9156
171402,Mayo 2026,350,Pagado,9156
171403,Junio 2026,350,Pagado,9156
171404,Julio 2026,350,Pendiente,9156
171405,Marzo 2026,350,Pagado,9201
171406,Abril 2026,350,Pagado,9201
171407,Mayo 2026,350,Pagado,9201
171408,Junio 2026,350,Pagado,9201
171409,Julio 2026,350,Pendiente,9201
171410,Marzo 2026,350,Pagado,9173
171411,Abril 2026,350,Pagado,9173
171412,Mayo 2026,350,Pagado,9173
171413,Junio 2026,350,Pagado,9173
171414,Julio 2026,350,Pendiente,9173
171415,Marzo 2026,350,Pagado,9086
171416,Abril 2026,350,Pagado,9086
171417,Mayo 2026,350,Pagado,9086
171418,Junio 2026,350,Pagado,9086
171419,Julio 2026,350,Pendiente,9086
171420,Marzo 2026,350,Pagado,9038
171421,Abril 2026,350,Pagado,9038
171422,Mayo 2026,350,Pagado,9038
171423,Junio 2026,350,Pagado,9038
171424,Julio 2026,350,Pendiente,9038
171425,Marzo 2026,350,Vencido,8965
171426,Abril 2026,350,Pagado,8965
171427,Mayo 2026,350,Pagado,8965
171428,Junio 2026,350,Vencido,8965
171429,Julio 2026,350,Pagado,8965
171430,Marzo 2026,350,Pagado,9238
171431,Abril 2026,350,Pagado,9238
171432,Mayo 2026,350,Pagado,9238
171433,Junio 2026,350,Pagado,9238
171434,Julio 2026,350,Pendiente,9238
171435,Marzo 2026,350,Pagado,9313
171436,Abril 2026,350,Pagado,9313
171437,Mayo 2026,350,Pagado,9313
171438,Junio 2026,350,Pagado,9313
171439,Julio 2026,350,Pagado,9313
171440,Marzo 2026,350,Pagado,9199
171441,Abril 2026,350,Pagado,9199
171442,Mayo 2026,350,Pagado,9199
171443,Junio 2026,350,Pagado,9199
171444,Julio 2026,350,Pagado,9199
171445,Marzo 2026,350,Pagado,8956
171446,Abril 2026,350,Pagado,8956
171447,Mayo 2026,350,Pagado,8956
171448,Junio 2026,350,Vencido,8956
171449,Julio 2026,350,Pendiente,8956
171450,Marzo 2026,350,Pagado,9054
171451,Abril 2026,350,Pagado,9054
171452,Mayo 2026,350,Pagado,9054
171453,Junio 2026,350,Pagado,9054
171454,Julio 2026,350,Pendiente,9054
171455,Marzo 2026,350,Pagado,9098
171456,Abril 2026,350,Pagado,9098
171457,Mayo 2026,350,Pagado,9098
171458,Junio 2026,350,Pagado,9098
171459,Julio 2026,350,Pagado,9098
171460,Marzo 2026,350,Pagado,9306
171461,Abril 2026,350,Pagado,9306
171462,Mayo 2026,350,Pagado,9306
171463,Junio 2026,350,Pagado,9306
171464,Julio 2026,350,Pagado,9306
171465,Marzo 2026,350,Pagado,9310
171466,Abril 2026,350,Pagado,9310
171467,Mayo 2026,350,Pagado,9310
171468,Junio 2026,350,Pagado,9310
171469,Julio 2026,350,Pendiente,9310
171470,Marzo 2026,350,Pagado,9020
171471,Abril 2026,350,Pagado,9020
171472,Mayo 2026,350,Pagado,9020
171473,Junio 2026,350,Pagado,9020
171474,Julio 2026,350,Pendiente,9020
171475,Marzo 2026,350,Vencido,9171
171476,Abril 2026,350,Pagado,9171
171477,Mayo 2026,350,Pagado,9171
171478,Junio 2026,350,Pagado,9171
171479,Julio 2026,350,Pendiente,9171
171480,Marzo 2026,350,Pagado,9164
171481,Abril 2026,350,Pagado,9164
171482,Mayo 2026,350,Pagado,9164
171483,Junio 2026,350,Pagado,9164
171484,Julio 2026,350,Pendiente,9164
171485,Marzo 2026,350,Pagado,9317
171486,Abril 2026,350,Pagado,9317
171487,Mayo 2026,350,Pagado,9317
171488,Junio 2026,350,Pagado,9317
171489,Julio 2026,350,Pagado,9317
171490,Marzo 2026,350,Pagado,9181
171491,Abril 2026,350,Pagado,9181
171492,Mayo 2026,350,Pagado,9181
171493,Junio 2026,350,Pagado,9181
171494,Julio 2026,350,Pendiente,9181
171495,Marzo 2026,350,Pagado,9158
171496,Abril 2026,350,Pagado,9158
171497,Mayo 2026,350,Pagado,9158
171498,Junio 2026,350,Pagado,9158
171499,Julio 2026,350,Pagado,9158
171500,Marzo 2026,350,Pagado,8991
171501,Abril 2026,350,Pagado,8991
171502,Mayo 2026,350,Pagado,8991
171503,Junio 2026,350,Pagado,8991
171504,Julio 2026,350,Pagado,8991
171505,Marzo 2026,350,Pagado,9159
171506,Abril 2026,350,Pagado,9159
171507,Mayo 2026,350,Pagado,9159
171508,Junio 2026,350,Vencido,9159
171509,Julio 2026,350,Pendiente,9159
171510,Marzo 2026,350,Pagado,8964
171511,Abril 2026,350,Pagado,8964
171512,Mayo 2026,350,Pagado,8964
171513,Junio 2026,350,Pagado,8964
171514,Julio 2026,350,Pagado,8964
171515,Marzo 2026,350,Pagado,9162
171516,Abril 2026,350,Pagado,9162
171517,Mayo 2026,350,Pagado,9162
171518,Junio 2026,350,Pagado,9162
171519,Julio 2026,350,Pagado,9162
171520,Marzo 2026,350,Pagado,9302
171521,Abril 2026,350,Pagado,9302
171522,Mayo 2026,350,Pagado,9302
171523,Junio 2026,350,Pagado,9302
171524,Julio 2026,350,Pendiente,9302
171525,Marzo 2026,350,Pagado,9060
171526,Abril 2026,350,Pagado,9060
171527,Mayo 2026,350,Pagado,9060
171528,Junio 2026,350,Pagado,9060
171529,Julio 2026,350,Pendiente,9060
171530,Marzo 2026,350,Pagado,9165
171531,Abril 2026,350,Vencido,9165
171532,Mayo 2026,350,Pagado,9165
171533,Junio 2026,350,Pagado,9165
171534,Julio 2026,350,Pagado,9165
171535,Marzo 2026,350,Pagado,9089
171536,Abril 2026,350,Pagado,9089
171537,Mayo 2026,350,Pagado,9089
171538,Junio 2026,350,Pagado,9089
171539,Julio 2026,350,Pagado,9089
171540,Marzo 2026,350,Pagado,9071
171541,Abril 2026,350,Pagado,9071
171542,Mayo 2026,350,Pagado,9071
171543,Junio 2026,350,Pagado,9071
171544,Julio 2026,350,Pendiente,9071
171545,Marzo 2026,350,Pagado,9316
171546,Abril 2026,350,Pagado,9316
171547,Mayo 2026,350,Vencido,9316
171548,Junio 2026,350,Pagado,9316
171549,Julio 2026,350,Pendiente,9316
171550,Marzo 2026,350,Pagado,9325
171551,Abril 2026,350,Pagado,9325
171552,Mayo 2026,350,Pagado,9325
171553,Junio 2026,350,Pagado,9325
171554,Julio 2026,350,Pagado,9325
171555,Marzo 2026,350,Vencido,9110
171556,Abril 2026,350,Pagado,9110
171557,Mayo 2026,350,Pagado,9110
171558,Junio 2026,350,Pagado,9110
171559,Julio 2026,350,Pendiente,9110
171560,Marzo 2026,350,Pagado,9042
171561,Abril 2026,350,Pagado,9042
171562,Mayo 2026,350,Pagado,9042
171563,Junio 2026,350,Pagado,9042
171564,Julio 2026,350,Pagado,9042
171565,Marzo 2026,350,Pagado,8947
171566,Abril 2026,350,Pagado,8947
171567,Mayo 2026,350,Pagado,8947
171568,Junio 2026,350,Vencido,8947
171569,Julio 2026,350,Pagado,8947
171570,Marzo 2026,350,Pagado,9311
171571,Abril 2026,350,Pagado,9311
171572,Mayo 2026,350,Pagado,9311
171573,Junio 2026,350,Vencido,9311
171574,Julio 2026,350,Pagado,9311
171575,Marzo 2026,350,Pagado,8981
171576,Abril 2026,350,Pagado,8981
171577,Mayo 2026,350,Pagado,8981
171578,Junio 2026,350,Pagado,8981
171579,Julio 2026,350,Pagado,8981
171580,Marzo 2026,350,Pagado,9229
171581,Abril 2026,350,Pagado,9229
171582,Mayo 2026,350,Pagado,9229
171583,Junio 2026,350,Pagado,9229
171584,Julio 2026,350,Pendiente,9229
171585,Marzo 2026,350,Pagado,9208
171586,Abril 2026,350,Pagado,9208
171587,Mayo 2026,350,Pagado,9208
171588,Junio 2026,350,Pagado,9208
171589,Julio 2026,350,Pendiente,9208
171590,Marzo 2026,350,Pagado,9027
171591,Abril 2026,350,Pagado,9027
171592,Mayo 2026,350,Pagado,9027
171593,Junio 2026,350,Pagado,9027
171594,Julio 2026,350,Pendiente,9027
171595,Marzo 2026,350,Pagado,9288
171596,Abril 2026,350,Pagado,9288
171597,Mayo 2026,350,Pagado,9288
171598,Junio 2026,350,Pagado,9288
171599,Julio 2026,350,Pendiente,9288
171600,Marzo 2026,350,Pagado,9109
171601,Abril 2026,350,Pagado,9109
171602,Mayo 2026,350,Pagado,9109
171603,Junio 2026,350,Pagado,9109
171604,Julio 2026,350,Pagado,9109
171605,Marzo 2026,350,Pagado,9030
171606,Abril 2026,350,Pagado,9030
171607,Mayo 2026,350,Pagado,9030
171608,Junio 2026,350,Pagado,9030
171609,Julio 2026,350,Pendiente,9030
171610,Marzo 2026,350,Pagado,9234
171611,Abril 2026,350,Pagado,9234
171612,Mayo 2026,350,Pagado,9234
171613,Junio 2026,350,Pagado,9234
171614,Julio 2026,350,Pagado,9234
171615,Marzo 2026,350,Pagado,9084
171616,Abril 2026,350,Pagado,9084
171617,Mayo 2026,350,Vencido,9084
171618,Junio 2026,350,Pagado,9084
171619,Julio 2026,350,Pendiente,9084
171620,Marzo 2026,350,Pagado,9070
171621,Abril 2026,350,Pagado,9070
171622,Mayo 2026,350,Pagado,9070
171623,Junio 2026,350,Pagado,9070
171624,Julio 2026,350,Pagado,9070
171625,Marzo 2026,350,Pagado,9132
171626,Abril 2026,350,Pagado,9132
171627,Mayo 2026,350,Pagado,9132
171628,Junio 2026,350,Pagado,9132
171629,Julio 2026,350,Pendiente,9132
171630,Marzo 2026,350,Pagado,9209
171631,Abril 2026,350,Pagado,9209
171632,Mayo 2026,350,Pagado,9209
171633,Junio 2026,350,Pagado,9209
171634,Julio 2026,350,Pagado,9209
171635,Marzo 2026,350,Pagado,9330
171636,Abril 2026,350,Pagado,9330
171637,Mayo 2026,350,Pagado,9330
171638,Junio 2026,350,Vencido,9330
171639,Julio 2026,350,Pagado,9330
171640,Marzo 2026,350,Pagado,9202
171641,Abril 2026,350,Pagado,9202
171642,Mayo 2026,350,Pagado,9202
171643,Junio 2026,350,Pagado,9202
171644,Julio 2026,350,Pagado,9202
171645,Marzo 2026,350,Pagado,9012
171646,Abril 2026,350,Pagado,9012
171647,Mayo 2026,350,Pagado,9012
171648,Junio 2026,350,Pagado,9012
171649,Julio 2026,350,Pagado,9012
171650,Marzo 2026,350,Pagado,9023
171651,Abril 2026,350,Vencido,9023
171652,Mayo 2026,350,Pagado,9023
171653,Junio 2026,350,Pagado,9023
171654,Julio 2026,350,Pagado,9023
171655,Marzo 2026,350,Pagado,9013
171656,Abril 2026,350,Pagado,9013
171657,Mayo 2026,350,Pagado,9013
171658,Junio 2026,350,Pagado,9013
171659,Julio 2026,350,Pagado,9013
171660,Marzo 2026,350,Pagado,9053
171661,Abril 2026,350,Vencido,9053
171662,Mayo 2026,350,Pagado,9053
171663,Junio 2026,350,Pagado,9053
171664,Julio 2026,350,Pagado,9053
171665,Marzo 2026,350,Pagado,9130
171666,Abril 2026,350,Pagado,9130
171667,Mayo 2026,350,Pagado,9130
171668,Junio 2026,350,Pagado,9130
171669,Julio 2026,350,Pagado,9130
171670,Marzo 2026,350,Pagado,9216
171671,Abril 2026,350,Pagado,9216
171672,Mayo 2026,350,Pagado,9216
171673,Junio 2026,350,Pagado,9216
171674,Julio 2026,350,Pendiente,9216
171675,Marzo 2026,350,Pagado,9287
171676,Abril 2026,350,Pagado,9287
171677,Mayo 2026,350,Pagado,9287
171678,Junio 2026,350,Pagado,9287
171679,Julio 2026,350,Pendiente,9287
171680,Marzo 2026,350,Pagado,8987
171681,Abril 2026,350,Pagado,8987
171682,Mayo 2026,350,Pagado,8987
171683,Junio 2026,350,Vencido,8987
171684,Julio 2026,350,Pendiente,8987
171685,Marzo 2026,350,Pagado,9111
171686,Abril 2026,350,Pagado,9111
171687,Mayo 2026,350,Pagado,9111
171688,Junio 2026,350,Pagado,9111
171689,Julio 2026,350,Pendiente,9111
171690,Marzo 2026,350,Pagado,9147
171691,Abril 2026,350,Pagado,9147
171692,Mayo 2026,350,Pagado,9147
171693,Junio 2026,350,Pagado,9147
171694,Julio 2026,350,Pendiente,9147
171695,Marzo 2026,350,Pagado,9336
171696,Abril 2026,350,Pagado,9336
171697,Mayo 2026,350,Pagado,9336
171698,Junio 2026,350,Pagado,9336
171699,Julio 2026,350,Pagado,9336
171700,Marzo 2026,350,Pagado,9131
171701,Abril 2026,350,Pagado,9131
171702,Mayo 2026,350,Pagado,9131
171703,Junio 2026,350,Pagado,9131
171704,Julio 2026,350,Pendiente,9131
171705,Marzo 2026,350,Vencido,9163
171706,Abril 2026,350,Pagado,9163
171707,Mayo 2026,350,Pagado,9163
171708,Junio 2026,350,Pagado,9163
171709,Julio 2026,350,Pendiente,9163
171710,Marzo 2026,350,Pagado,9200
171711,Abril 2026,350,Pagado,9200
171712,Mayo 2026,350,Pagado,9200
171713,Junio 2026,350,Pagado,9200
171714,Julio 2026,350,Pagado,9200
171715,Marzo 2026,350,Pagado,9118
171716,Abril 2026,350,Pagado,9118
171717,Mayo 2026,350,Pagado,9118
171718,Junio 2026,350,Pagado,9118
171719,Julio 2026,350,Pendiente,9118
171720,Marzo 2026,350,Pagado,9284
171721,Abril 2026,350,Pagado,9284
171722,Mayo 2026,350,Pagado,9284
171723,Junio 2026,350,Pagado,9284
171724,Julio 2026,350,Pagado,9284
171725,Marzo 2026,350,Pagado,9214
171726,Abril 2026,350,Pagado,9214
171727,Mayo 2026,350,Pagado,9214
171728,Junio 2026,350,Vencido,9214
171729,Julio 2026,350,Pendiente,9214
171730,Marzo 2026,350,Pagado,9268
171731,Abril 2026,350,Pagado,9268
171732,Mayo 2026,350,Pagado,9268
171733,Junio 2026,350,Pagado,9268
171734,Julio 2026,350,Pendiente,9268
171735,Marzo 2026,350,Pagado,9326
171736,Abril 2026,350,Pagado,9326
171737,Mayo 2026,350,Vencido,9326
171738,Junio 2026,350,Pagado,9326
171739,Julio 2026,350,Pendiente,9326
171740,Marzo 2026,350,Pagado,8944
171741,Abril 2026,350,Pagado,8944
171742,Mayo 2026,350,Pagado,8944
171743,Junio 2026,350,Pagado,8944
171744,Julio 2026,350,Pendiente,8944
171745,Marzo 2026,350,Vencido,8988
171746,Abril 2026,350,Pagado,8988
171747,Mayo 2026,350,Pagado,8988
171748,Junio 2026,350,Pagado,8988
171749,Julio 2026,350,Pagado,8988
171750,Marzo 2026,350,Pagado,9003
171751,Abril 2026,350,Pagado,9003
171752,Mayo 2026,350,Pagado,9003
171753,Junio 2026,350,Pagado,9003
171754,Julio 2026,350,Pendiente,9003
171755,Marzo 2026,350,Pagado,9044
171756,Abril 2026,350,Pagado,9044
171757,Mayo 2026,350,Pagado,9044
171758,Junio 2026,350,Pagado,9044
171759,Julio 2026,350,Pagado,9044
171760,Marzo 2026,350,Pagado,9254
171761,Abril 2026,350,Pagado,9254
171762,Mayo 2026,350,Pagado,9254
171763,Junio 2026,350,Pagado,9254
171764,Julio 2026,350,Pagado,9254
171765,Marzo 2026,350,Pagado,9289
171766,Abril 2026,350,Pagado,9289
171767,Mayo 2026,350,Pagado,9289
171768,Junio 2026,350,Pagado,9289
171769,Julio 2026,350,Pendiente,9289
171770,Marzo 2026,350,Pagado,9272
171771,Abril 2026,350,Pagado,9272
171772,Mayo 2026,350,Pagado,9272
171773,Junio 2026,350,Pagado,9272
171774,Julio 2026,350,Pendiente,9272
171775,Marzo 2026,350,Pagado,9174
171776,Abril 2026,350,Pagado,9174
171777,Mayo 2026,350,Pagado,9174
171778,Junio 2026,350,Pagado,9174
171779,Julio 2026,350,Pendiente,9174
171780,Marzo 2026,350,Pagado,9262
171781,Abril 2026,350,Pagado,9262
171782,Mayo 2026,350,Pagado,9262
171783,Junio 2026,350,Pagado,9262
171784,Julio 2026,350,Pagado,9262
171785,Marzo 2026,350,Pagado,9261
171786,Abril 2026,350,Pagado,9261
171787,Mayo 2026,350,Pagado,9261
171788,Junio 2026,350,Pagado,9261
171789,Julio 2026,350,Pagado,9261
171790,Marzo 2026,350,Pagado,8963
171791,Abril 2026,350,Pagado,8963
171792,Mayo 2026,350,Pagado,8963
171793,Junio 2026,350,Vencido,8963
171794,Julio 2026,350,Pendiente,8963
171795,Marzo 2026,350,Pagado,9151
171796,Abril 2026,350,Pagado,9151
171797,Mayo 2026,350,Pagado,9151
171798,Junio 2026,350,Pagado,9151
171799,Julio 2026,350,Pagado,9151
171800,Marzo 2026,350,Pagado,9085
171801,Abril 2026,350,Pagado,9085
171802,Mayo 2026,350,Pagado,9085
171803,Junio 2026,350,Pagado,9085
171804,Julio 2026,350,Pagado,9085
171805,Marzo 2026,350,Pagado,9186
171806,Abril 2026,350,Pagado,9186
171807,Mayo 2026,350,Pagado,9186
171808,Junio 2026,350,Vencido,9186
171809,Julio 2026,350,Pendiente,9186
171810,Marzo 2026,350,Vencido,9239
171811,Abril 2026,350,Pagado,9239
171812,Mayo 2026,350,Pagado,9239
171813,Junio 2026,350,Pagado,9239
171814,Julio 2026,350,Pagado,9239
171815,Marzo 2026,350,Pagado,9137
171816,Abril 2026,350,Pagado,9137
171817,Mayo 2026,350,Pagado,9137
171818,Junio 2026,350,Pagado,9137
171819,Julio 2026,350,Pagado,9137
171820,Marzo 2026,350,Pagado,9285
171821,Abril 2026,350,Pagado,9285
171822,Mayo 2026,350,Pagado,9285
171823,Junio 2026,350,Vencido,9285
171824,Julio 2026,350,Pagado,9285
171825,Marzo 2026,350,Pagado,9155
171826,Abril 2026,350,Pagado,9155
171827,Mayo 2026,350,Pagado,9155
171828,Junio 2026,350,Pagado,9155
171829,Julio 2026,350,Pendiente,9155
171830,Marzo 2026,350,Pagado,9051
171831,Abril 2026,350,Pagado,9051
171832,Mayo 2026,350,Pagado,9051
171833,Junio 2026,350,Pagado,9051
171834,Julio 2026,350,Pendiente,9051
171835,Marzo 2026,350,Pagado,9192
171836,Abril 2026,350,Pagado,9192
171837,Mayo 2026,350,Pagado,9192
171838,Junio 2026,350,Pagado,9192
171839,Julio 2026,350,Pendiente,9192
171840,Marzo 2026,350,Pagado,9057
171841,Abril 2026,350,Pagado,9057
171842,Mayo 2026,350,Pagado,9057
171843,Junio 2026,350,Pagado,9057
171844,Julio 2026,350,Pagado,9057
171845,Marzo 2026,350,Pagado,9324
171846,Abril 2026,350,Pagado,9324
171847,Mayo 2026,350,Pagado,9324
171848,Junio 2026,350,Vencido,9324
171849,Julio 2026,350,Pagado,9324
171850,Marzo 2026,350,Pagado,9335
171851,Abril 2026,350,Pagado,9335
171852,Mayo 2026,350,Vencido,9335
171853,Junio 2026,350,Pagado,9335
171854,Julio 2026,350,Pendiente,9335
171855,Marzo 2026,350,Pagado,9136
171856,Abril 2026,350,Pagado,9136
171857,Mayo 2026,350,Pagado,9136
171858,Junio 2026,350,Pagado,9136
171859,Julio 2026,350,Pendiente,9136
171860,Marzo 2026,350,Pagado,8974
171861,Abril 2026,350,Pagado,8974
171862,Mayo 2026,350,Pagado,8974
171863,Junio 2026,350,Pagado,8974
171864,Julio 2026,350,Pendiente,8974
171865,Marzo 2026,350,Pagado,9337
171866,Abril 2026,350,Pagado,9337
171867,Mayo 2026,350,Pagado,9337
171868,Junio 2026,350,Pagado,9337
171869,Julio 2026,350,Pendiente,9337
171870,Marzo 2026,350,Pagado,9093
171871,Abril 2026,350,Pagado,9093
171872,Mayo 2026,350,Pagado,9093
171873,Junio 2026,350,Pagado,9093
171874,Julio 2026,350,Pendiente,9093
171875,Marzo 2026,350,Pagado,8989
171876,Abril 2026,350,Pagado,8989
171877,Mayo 2026,350,Pagado,8989
171878,Junio 2026,350,Pagado,8989
171879,Julio 2026,350,Pagado,8989
171880,Marzo 2026,350,Pagado,8985
171881,Abril 2026,350,Pagado,8985
171882,Mayo 2026,350,Pagado,8985
171883,Junio 2026,350,Pagado,8985
171884,Julio 2026,350,Pagado,8985
171885,Marzo 2026,350,Pagado,9247
171886,Abril 2026,350,Pagado,9247
171887,Mayo 2026,350,Pagado,9247
171888,Junio 2026,350,Pagado,9247
171889,Julio 2026,350,Pendiente,9247
171890,Marzo 2026,350,Pagado,9271
171891,Abril 2026,350,Pagado,9271
171892,Mayo 2026,350,Pagado,9271
171893,Junio 2026,350,Pagado,9271
171894,Julio 2026,350,Pendiente,9271
171895,Marzo 2026,350,Pagado,9193
171896,Abril 2026,350,Pagado,9193
171897,Mayo 2026,350,Pagado,9193
171898,Junio 2026,350,Vencido,9193
171899,Julio 2026,350,Pendiente,9193
171900,Marzo 2026,350,Pagado,9231
171901,Abril 2026,350,Pagado,9231
171902,Mayo 2026,350,Pagado,9231
171903,Junio 2026,350,Pagado,9231
171904,Julio 2026,350,Pagado,9231
171905,Marzo 2026,350,Pagado,9264
171906,Abril 2026,350,Pagado,9264
171907,Mayo 2026,350,Pagado,9264
171908,Junio 2026,350,Pagado,9264
171909,Julio 2026,350,Pagado,9264
171910,Marzo 2026,350,Pagado,9318
171911,Abril 2026,350,Pagado,9318
171912,Mayo 2026,350,Pagado,9318
171913,Junio 2026,350,Pagado,9318
171914,Julio 2026,350,Pagado,9318
171915,Marzo 2026,350,Vencido,9087
171916,Abril 2026,350,Pagado,9087
171917,Mayo 2026,350,Pagado,9087
171918,Junio 2026,350,Pagado,9087
171919,Julio 2026,350,Pendiente,9087
171920,Marzo 2026,350,Pagado,8969
171921,Abril 2026,350,Pagado,8969
171922,Mayo 2026,350,Pagado,8969
171923,Junio 2026,350,Pagado,8969
171924,Julio 2026,350,Pagado,8969
171925,Marzo 2026,350,Pagado,8942
171926,Abril 2026,350,Pagado,8942
171927,Mayo 2026,350,Pagado,8942
171928,Junio 2026,350,Pagado,8942
171929,Julio 2026,350,Pendiente,8942
171930,Marzo 2026,350,Pagado,9260
171931,Abril 2026,350,Pagado,9260
171932,Mayo 2026,350,Pagado,9260
171933,Junio 2026,350,Vencido,9260
171934,Julio 2026,350,Pagado,9260
171935,Marzo 2026,350,Pagado,9149
171936,Abril 2026,350,Pagado,9149
171937,Mayo 2026,350,Pagado,9149
171938,Junio 2026,350,Pagado,9149
171939,Julio 2026,350,Pendiente,9149
171940,Marzo 2026,350,Pagado,9327
171941,Abril 2026,350,Pagado,9327
171942,Mayo 2026,350,Pagado,9327
171943,Junio 2026,350,Vencido,9327
171944,Julio 2026,350,Pagado,9327
171945,Marzo 2026,350,Vencido,8993
171946,Abril 2026,350,Pagado,8993
171947,Mayo 2026,350,Pagado,8993
171948,Junio 2026,350,Pagado,8993
171949,Julio 2026,350,Pendiente,8993
171950,Marzo 2026,350,Pagado,9320
171951,Abril 2026,350,Pagado,9320
171952,Mayo 2026,350,Pagado,9320
171953,Junio 2026,350,Pagado,9320
171954,Julio 2026,350,Pendiente,9320
171955,Marzo 2026,350,Pagado,9014
171956,Abril 2026,350,Pagado,9014
171957,Mayo 2026,350,Pagado,9014
171958,Junio 2026,350,Pagado,9014
171959,Julio 2026,350,Pendiente,9014
171960,Marzo 2026,350,Pagado,9304
171961,Abril 2026,350,Pagado,9304
171962,Mayo 2026,350,Pagado,9304
171963,Junio 2026,350,Pagado,9304
171964,Julio 2026,350,Pendiente,9304
171965,Marzo 2026,350,Pagado,9001
171966,Abril 2026,350,Pagado,9001
171967,Mayo 2026,350,Pagado,9001
171968,Junio 2026,350,Pagado,9001
171969,Julio 2026,350,Pendiente,9001
171970,Marzo 2026,350,Pagado,9241
171971,Abril 2026,350,Vencido,9241
171972,Mayo 2026,350,Pagado,9241
171973,Junio 2026,350,Vencido,9241
171974,Julio 2026,350,Pendiente,9241
171975,Marzo 2026,350,Pagado,9018
171976,Abril 2026,350,Pagado,9018
171977,Mayo 2026,350,Pagado,9018
171978,Junio 2026,350,Pagado,9018
171979,Julio 2026,350,Pagado,9018
171980,Marzo 2026,350,Pagado,9059
171981,Abril 2026,350,Pagado,9059
171982,Mayo 2026,350,Vencido,9059
171983,Junio 2026,350,Pagado,9059
171984,Julio 2026,350,Pagado,9059
171985,Marzo 2026,350,Pagado,9035
171986,Abril 2026,350,Vencido,9035
171987,Mayo 2026,350,Pagado,9035
171988,Junio 2026,350,Pagado,9035
171989,Julio 2026,350,Pendiente,9035
171990,Marzo 2026,350,Pagado,9036
171991,Abril 2026,350,Pagado,9036
171992,Mayo 2026,350,Pagado,9036
171993,Junio 2026,350,Pagado,9036
171994,Julio 2026,350,Pendiente,9036
171995,Marzo 2026,350,Pagado,9142
171996,Abril 2026,350,Pagado,9142
171997,Mayo 2026,350,Pagado,9142
171998,Junio 2026,350,Pagado,9142
171999,Julio 2026,350,Pagado,9142
172000,Marzo 2026,350,Pagado,9166
172001,Abril 2026,350,Pagado,9166
172002,Mayo 2026,350,Vencido,9166
172003,Junio 2026,350,Vencido,9166
172004,Julio 2026,350,Pendiente,9166
172005,Marzo 2026,350,Pagado,9102
172006,Abril 2026,350,Pagado,9102
172007,Mayo 2026,350,Pagado,9102
172008,Junio 2026,350,Pagado,9102
172009,Julio 2026,350,Pagado,9102
172010,Marzo 2026,350,Pagado,9276
172011,Abril 2026,350,Pagado,9276
172012,Mayo 2026,350,Pagado,9276
172013,Junio 2026,350,Pagado,9276
172014,Julio 2026,350,Pendiente,9276
172015,Marzo 2026,350,Pagado,9298
172016,Abril 2026,350,Pagado,9298
172017,Mayo 2026,350,Pagado,9298
172018,Junio 2026,350,Vencido,9298
172019,Julio 2026,350,Pagado,9298
172020,Marzo 2026,350,Vencido,9263
172021,Abril 2026,350,Pagado,9263
172022,Mayo 2026,350,Pagado,9263
172023,Junio 2026,350,Vencido,9263
172024,Julio 2026,350,Pendiente,9263
172025,Marzo 2026,350,Pagado,9076
172026,Abril 2026,350,Vencido,9076
172027,Mayo 2026,350,Pagado,9076
172028,Junio 2026,350,Pagado,9076
172029,Julio 2026,350,Pagado,9076
172030,Marzo 2026,350,Pagado,9198
172031,Abril 2026,350,Pagado,9198
172032,Mayo 2026,350,Pagado,9198
172033,Junio 2026,350,Pagado,9198
172034,Julio 2026,350,Pendiente,9198
172035,Marzo 2026,350,Pagado,9116
172036,Abril 2026,350,Pagado,9116
172037,Mayo 2026,350,Pagado,9116
172038,Junio 2026,350,Pagado,9116
172039,Julio 2026,350,Pendiente,9116
172040,Marzo 2026,350,Pagado,8984
172041,Abril 2026,350,Pagado,8984
172042,Mayo 2026,350,Pagado,8984
172043,Junio 2026,350,Pagado,8984
172044,Julio 2026,350,Pendiente,8984
172045,Marzo 2026,350,Pagado,9211
172046,Abril 2026,350,Pagado,9211
172047,Mayo 2026,350,Vencido,9211
172048,Junio 2026,350,Pagado,9211
172049,Julio 2026,350,Pendiente,9211
172050,Marzo 2026,350,Pagado,8980
172051,Abril 2026,350,Pagado,8980
172052,Mayo 2026,350,Pagado,8980
172053,Junio 2026,350,Pagado,8980
172054,Julio 2026,350,Pagado,8980
172055,Marzo 2026,350,Pagado,9182
172056,Abril 2026,350,Pagado,9182
172057,Mayo 2026,350,Pagado,9182
172058,Junio 2026,350,Pagado,9182
172059,Julio 2026,350,Pagado,9182
172060,Marzo 2026,350,Pagado,9154
172061,Abril 2026,350,Pagado,9154
172062,Mayo 2026,350,Pagado,9154
172063,Junio 2026,350,Pagado,9154
172064,Julio 2026,350,Pendiente,9154
172065,Marzo 2026,350,Pagado,9052
172066,Abril 2026,350,Pagado,9052
172067,Mayo 2026,350,Pagado,9052
172068,Junio 2026,350,Pagado,9052
172069,Julio 2026,350,Pagado,9052
172070,Marzo 2026,350,Pagado,9100
172071,Abril 2026,350,Pagado,9100
172072,Mayo 2026,350,Pagado,9100
172073,Junio 2026,350,Pagado,9100
172074,Julio 2026,350,Pendiente,9100
172075,Marzo 2026,350,Pagado,8952
172076,Abril 2026,350,Pagado,8952
172077,Mayo 2026,350,Pagado,8952
172078,Junio 2026,350,Pagado,8952
172079,Julio 2026,350,Pendiente,8952
172080,Marzo 2026,350,Pagado,9270
172081,Abril 2026,350,Pagado,9270
172082,Mayo 2026,350,Pagado,9270
172083,Junio 2026,350,Pagado,9270
172084,Julio 2026,350,Pendiente,9270
172085,Marzo 2026,350,Pagado,9088
172086,Abril 2026,350,Pagado,9088
172087,Mayo 2026,350,Pagado,9088
172088,Junio 2026,350,Pagado,9088
172089,Julio 2026,350,Pendiente,9088
172090,Marzo 2026,350,Pagado,9176
172091,Abril 2026,350,Vencido,9176
172092,Mayo 2026,350,Pagado,9176
172093,Junio 2026,350,Vencido,9176
172094,Julio 2026,350,Pendiente,9176
172095,Marzo 2026,350,Pagado,8996
172096,Abril 2026,350,Pagado,8996
172097,Mayo 2026,350,Pagado,8996
172098,Junio 2026,350,Pagado,8996
172099,Julio 2026,350,Pagado,8996
172100,Marzo 2026,350,Pagado,9242
172101,Abril 2026,350,Pagado,9242
172102,Mayo 2026,350,Pagado,9242
172103,Junio 2026,350,Pagado,9242
172104,Julio 2026,350,Pendiente,9242
172105,Marzo 2026,350,Pagado,9115
172106,Abril 2026,350,Pagado,9115
172107,Mayo 2026,350,Pagado,9115
172108,Junio 2026,350,Vencido,9115
172109,Julio 2026,350,Pagado,9115
172110,Marzo 2026,350,Pagado,9236
172111,Abril 2026,350,Pagado,9236
172112,Mayo 2026,350,Pagado,9236
172113,Junio 2026,350,Pagado,9236
172114,Julio 2026,350,Pagado,9236
172115,Marzo 2026,350,Pagado,9123
172116,Abril 2026,350,Pagado,9123
172117,Mayo 2026,350,Pagado,9123
172118,Junio 2026,350,Pagado,9123
172119,Julio 2026,350,Pagado,9123
172120,Marzo 2026,350,Pagado,9114
172121,Abril 2026,350,Pagado,9114
172122,Mayo 2026,350,Pagado,9114
172123,Junio 2026,350,Vencido,9114
172124,Julio 2026,350,Pendiente,9114
172125,Marzo 2026,350,Pagado,9269
172126,Abril 2026,350,Pagado,9269
172127,Mayo 2026,350,Pagado,9269
172128,Junio 2026,350,Pagado,9269
172129,Julio 2026,350,Pendiente,9269
172130,Marzo 2026,350,Pagado,9000
172131,Abril 2026,350,Pagado,9000
172132,Mayo 2026,350,Pagado,9000
172133,Junio 2026,350,Pagado,9000
172134,Julio 2026,350,Pendiente,9000
172135,Marzo 2026,350,Pagado,9144
172136,Abril 2026,350,Pagado,9144
172137,Mayo 2026,350,Pagado,9144
172138,Junio 2026,350,Pagado,9144
172139,Julio 2026,350,Pendiente,9144
172140,Marzo 2026,350,Pagado,8953
172141,Abril 2026,350,Pagado,8953
172142,Mayo 2026,350,Pagado,8953
172143,Junio 2026,350,Pagado,8953
172144,Julio 2026,350,Pendiente,8953
172145,Marzo 2026,350,Pagado,9286
172146,Abril 2026,350,Pagado,9286
172147,Mayo 2026,350,Pagado,9286
172148,Junio 2026,350,Vencido,9286
172149,Julio 2026,350,Pagado,9286
172150,Marzo 2026,350,Pagado,9213
172151,Abril 2026,350,Pagado,9213
172152,Mayo 2026,350,Pagado,9213
172153,Junio 2026,350,Pagado,9213
172154,Julio 2026,350,Pagado,9213
172155,Marzo 2026,350,Pagado,9248
172156,Abril 2026,350,Pagado,9248
172157,Mayo 2026,350,Pagado,9248
172158,Junio 2026,350,Vencido,9248
172159,Julio 2026,350,Pendiente,9248
172160,Marzo 2026,350,Vencido,9009
172161,Abril 2026,350,Pagado,9009
172162,Mayo 2026,350,Pagado,9009
172163,Junio 2026,350,Pagado,9009
172164,Julio 2026,350,Pagado,9009
172165,Marzo 2026,350,Pagado,9048
172166,Abril 2026,350,Pagado,9048
172167,Mayo 2026,350,Pagado,9048
172168,Junio 2026,350,Pagado,9048
172169,Julio 2026,350,Pendiente,9048
172170,Marzo 2026,350,Pagado,9210
172171,Abril 2026,350,Pagado,9210
172172,Mayo 2026,350,Pagado,9210
172173,Junio 2026,350,Pagado,9210
172174,Julio 2026,350,Pagado,9210
172175,Marzo 2026,350,Pagado,9005
172176,Abril 2026,350,Pagado,9005
172177,Mayo 2026,350,Pagado,9005
172178,Junio 2026,350,Pagado,9005
172179,Julio 2026,350,Pendiente,9005
172180,Marzo 2026,350,Pagado,9297
172181,Abril 2026,350,Pagado,9297
172182,Mayo 2026,350,Pagado,9297
172183,Junio 2026,350,Pagado,9297
172184,Julio 2026,350,Pagado,9297
172185,Marzo 2026,350,Pagado,9152
172186,Abril 2026,350,Pagado,9152
172187,Mayo 2026,350,Pagado,9152
172188,Junio 2026,350,Pagado,9152
172189,Julio 2026,350,Pendiente,9152
172190,Marzo 2026,350,Pagado,9016
172191,Abril 2026,350,Pagado,9016
172192,Mayo 2026,350,Pagado,9016
172193,Junio 2026,350,Pagado,9016
172194,Julio 2026,350,Pendiente,9016
172195,Marzo 2026,350,Pagado,9094
172196,Abril 2026,350,Pagado,9094
172197,Mayo 2026,350,Pagado,9094
172198,Junio 2026,350,Vencido,9094
172199,Julio 2026,350,Pagado,9094
172200,Marzo 2026,350,Pagado,9074
172201,Abril 2026,350,Pagado,9074
172202,Mayo 2026,350,Pagado,9074
172203,Junio 2026,350,Pagado,9074
172204,Julio 2026,350,Pagado,9074
172205,Marzo 2026,350,Pagado,9250
172206,Abril 2026,350,Pagado,9250
172207,Mayo 2026,350,Pagado,9250
172208,Junio 2026,350,Pagado,9250
172209,Julio 2026,350,Pendiente,9250
172210,Marzo 2026,350,Pagado,9119
172211,Abril 2026,350,Pagado,9119
172212,Mayo 2026,350,Pagado,9119
172213,Junio 2026,350,Vencido,9119
172214,Julio 2026,350,Pendiente,9119
172215,Marzo 2026,350,Pagado,9019
172216,Abril 2026,350,Pagado,9019
172217,Mayo 2026,350,Pagado,9019
172218,Junio 2026,350,Pagado,9019
172219,Julio 2026,350,Pagado,9019
172220,Marzo 2026,350,Pagado,9249
172221,Abril 2026,350,Pagado,9249
172222,Mayo 2026,350,Pagado,9249
172223,Junio 2026,350,Pagado,9249
172224,Julio 2026,350,Pendiente,9249
172225,Marzo 2026,420,Pagado,9283
172226,Abril 2026,420,Pagado,9283
172227,Mayo 2026,420,Pagado,9283
172228,Junio 2026,420,Pagado,9283
172229,Julio 2026,420,Pagado,9283
172230,Marzo 2026,420,Pagado,9221
172231,Abril 2026,420,Pagado,9221
172232,Mayo 2026,420,Pagado,9221
172233,Junio 2026,420,Pagado,9221
172234,Julio 2026,420,Pendiente,9221
172235,Marzo 2026,420,Pagado,9278
172236,Abril 2026,420,Pagado,9278
172237,Mayo 2026,420,Pagado,9278
172238,Junio 2026,420,Pagado,9278
172239,Julio 2026,420,Pendiente,9278
172240,Marzo 2026,420,Pagado,9183
172241,Abril 2026,420,Pagado,9183
172242,Mayo 2026,420,Pagado,9183
172243,Junio 2026,420,Pagado,9183
172244,Julio 2026,420,Pendiente,9183
172245,Marzo 2026,420,Pagado,8954
172246,Abril 2026,420,Pagado,8954
172247,Mayo 2026,420,Pagado,8954
172248,Junio 2026,420,Pagado,8954
172249,Julio 2026,420,Pendiente,8954
172250,Marzo 2026,420,Pagado,9107
172251,Abril 2026,420,Pagado,9107
172252,Mayo 2026,420,Pagado,9107
172253,Junio 2026,420,Pagado,9107
172254,Julio 2026,420,Pendiente,9107
172255,Marzo 2026,420,Pagado,8968
172256,Abril 2026,420,Pagado,8968
172257,Mayo 2026,420,Pagado,8968
172258,Junio 2026,420,Pagado,8968
172259,Julio 2026,420,Pagado,8968
172260,Marzo 2026,420,Pagado,9133
172261,Abril 2026,420,Pagado,9133
172262,Mayo 2026,420,Pagado,9133
172263,Junio 2026,420,Vencido,9133
172264,Julio 2026,420,Pagado,9133
172265,Marzo 2026,420,Pagado,9218
172266,Abril 2026,420,Pagado,9218
172267,Mayo 2026,420,Pagado,9218
172268,Junio 2026,420,Pagado,9218
172269,Julio 2026,420,Pendiente,9218
172270,Marzo 2026,420,Pagado,9113
172271,Abril 2026,420,Pagado,9113
172272,Mayo 2026,420,Pagado,9113
172273,Junio 2026,420,Pagado,9113
172274,Julio 2026,420,Pagado,9113
172275,Marzo 2026,420,Pagado,9058
172276,Abril 2026,420,Pagado,9058
172277,Mayo 2026,420,Pagado,9058
172278,Junio 2026,420,Pagado,9058
172279,Julio 2026,420,Pagado,9058
172280,Marzo 2026,420,Pagado,9148
172281,Abril 2026,420,Pagado,9148
172282,Mayo 2026,420,Pagado,9148
172283,Junio 2026,420,Pagado,9148
172284,Julio 2026,420,Pagado,9148
172285,Marzo 2026,420,Pagado,9232
172286,Abril 2026,420,Pagado,9232
172287,Mayo 2026,420,Pagado,9232
172288,Junio 2026,420,Pagado,9232
172289,Julio 2026,420,Pagado,9232
172290,Marzo 2026,420,Pagado,9323
172291,Abril 2026,420,Pagado,9323
172292,Mayo 2026,420,Pagado,9323
172293,Junio 2026,420,Pagado,9323
172294,Julio 2026,420,Pendiente,9323
172295,Marzo 2026,420,Pagado,9237
172296,Abril 2026,420,Pagado,9237
172297,Mayo 2026,420,Pagado,9237
172298,Junio 2026,420,Pagado,9237
172299,Julio 2026,420,Pendiente,9237
172300,Marzo 2026,420,Pagado,8949
172301,Abril 2026,420,Pagado,8949
172302,Mayo 2026,420,Pagado,8949
172303,Junio 2026,420,Vencido,8949
172304,Julio 2026,420,Pagado,8949
172305,Marzo 2026,420,Pagado,9153
172306,Abril 2026,420,Pagado,9153
172307,Mayo 2026,420,Pagado,9153
172308,Junio 2026,420,Vencido,9153
172309,Julio 2026,420,Pagado,9153
172310,Marzo 2026,420,Pagado,9170
172311,Abril 2026,420,Pagado,9170
172312,Mayo 2026,420,Pagado,9170
172313,Junio 2026,420,Pagado,9170
172314,Julio 2026,420,Pendiente,9170
172315,Marzo 2026,420,Pagado,8970
172316,Abril 2026,420,Pagado,8970
172317,Mayo 2026,420,Pagado,8970
172318,Junio 2026,420,Pagado,8970
172319,Julio 2026,420,Pagado,8970
172320,Marzo 2026,420,Vencido,9138
172321,Abril 2026,420,Pagado,9138
172322,Mayo 2026,420,Pagado,9138
172323,Junio 2026,420,Pagado,9138
172324,Julio 2026,420,Pagado,9138
172325,Marzo 2026,420,Pagado,9082
172326,Abril 2026,420,Pagado,9082
172327,Mayo 2026,420,Pagado,9082
172328,Junio 2026,420,Pagado,9082
172329,Julio 2026,420,Pagado,9082
172330,Marzo 2026,420,Pagado,8999
172331,Abril 2026,420,Pagado,8999
172332,Mayo 2026,420,Pagado,8999
172333,Junio 2026,420,Pagado,8999
172334,Julio 2026,420,Pendiente,8999
172335,Marzo 2026,420,Pagado,8978
172336,Abril 2026,420,Pagado,8978
172337,Mayo 2026,420,Pagado,8978
172338,Junio 2026,420,Vencido,8978
172339,Julio 2026,420,Pendiente,8978
172340,Marzo 2026,420,Pagado,9025
172341,Abril 2026,420,Pagado,9025
172342,Mayo 2026,420,Pagado,9025
172343,Junio 2026,420,Vencido,9025
172344,Julio 2026,420,Pendiente,9025
172345,Marzo 2026,420,Pagado,9128
172346,Abril 2026,420,Pagado,9128
172347,Mayo 2026,420,Vencido,9128
172348,Junio 2026,420,Pagado,9128
172349,Julio 2026,420,Pendiente,9128
172350,Marzo 2026,420,Pagado,9069
172351,Abril 2026,420,Pagado,9069
172352,Mayo 2026,420,Pagado,9069
172353,Junio 2026,420,Pagado,9069
172354,Julio 2026,420,Pendiente,9069
172355,Marzo 2026,420,Pagado,9117
172356,Abril 2026,420,Pagado,9117
172357,Mayo 2026,420,Pagado,9117
172358,Junio 2026,420,Vencido,9117
172359,Julio 2026,420,Pendiente,9117
172360,Marzo 2026,420,Pagado,8966
172361,Abril 2026,420,Pagado,8966
172362,Mayo 2026,420,Pagado,8966
172363,Junio 2026,420,Pagado,8966
172364,Julio 2026,420,Pendiente,8966
172365,Marzo 2026,420,Pagado,9032
172366,Abril 2026,420,Pagado,9032
172367,Mayo 2026,420,Pagado,9032
172368,Junio 2026,420,Pagado,9032
172369,Julio 2026,420,Pendiente,9032
172370,Marzo 2026,420,Pagado,9222
172371,Abril 2026,420,Vencido,9222
172372,Mayo 2026,420,Pagado,9222
172373,Junio 2026,420,Pagado,9222
172374,Julio 2026,420,Pagado,9222
172375,Marzo 2026,420,Pagado,9011
172376,Abril 2026,420,Pagado,9011
172377,Mayo 2026,420,Pagado,9011
172378,Junio 2026,420,Pagado,9011
172379,Julio 2026,420,Pagado,9011
172380,Marzo 2026,420,Pagado,9243
172381,Abril 2026,420,Pagado,9243
172382,Mayo 2026,420,Pagado,9243
172383,Junio 2026,420,Pagado,9243
172384,Julio 2026,420,Pendiente,9243
172385,Marzo 2026,420,Pagado,9225
172386,Abril 2026,420,Pagado,9225
172387,Mayo 2026,420,Pagado,9225
172388,Junio 2026,420,Pagado,9225
172389,Julio 2026,420,Pagado,9225
172390,Marzo 2026,420,Pagado,9106
172391,Abril 2026,420,Pagado,9106
172392,Mayo 2026,420,Pagado,9106
172393,Junio 2026,420,Pagado,9106
172394,Julio 2026,420,Pagado,9106
172395,Marzo 2026,420,Pagado,9215
172396,Abril 2026,420,Pagado,9215
172397,Mayo 2026,420,Pagado,9215
172398,Junio 2026,420,Pagado,9215
172399,Julio 2026,420,Pendiente,9215
172400,Marzo 2026,420,Pagado,9134
172401,Abril 2026,420,Pagado,9134
172402,Mayo 2026,420,Pagado,9134
172403,Junio 2026,420,Pagado,9134
172404,Julio 2026,420,Pagado,9134
172405,Marzo 2026,420,Pagado,9096
172406,Abril 2026,420,Pagado,9096
172407,Mayo 2026,420,Pagado,9096
172408,Junio 2026,420,Pagado,9096
172409,Julio 2026,420,Pendiente,9096
172410,Marzo 2026,420,Pagado,9296
172411,Abril 2026,420,Pagado,9296
172412,Mayo 2026,420,Pagado,9296
172413,Junio 2026,420,Pagado,9296
172414,Julio 2026,420,Pendiente,9296
172415,Marzo 2026,420,Pagado,9295
172416,Abril 2026,420,Pagado,9295
172417,Mayo 2026,420,Pagado,9295
172418,Junio 2026,420,Pagado,9295
172419,Julio 2026,420,Pagado,9295
172420,Marzo 2026,420,Pagado,9227
172421,Abril 2026,420,Pagado,9227
172422,Mayo 2026,420,Pagado,9227
172423,Junio 2026,420,Vencido,9227
172424,Julio 2026,420,Pagado,9227
172425,Marzo 2026,420,Pagado,9280
172426,Abril 2026,420,Pagado,9280
172427,Mayo 2026,420,Pagado,9280
172428,Junio 2026,420,Pagado,9280
172429,Julio 2026,420,Pendiente,9280
172430,Marzo 2026,420,Pagado,9240
172431,Abril 2026,420,Vencido,9240
172432,Mayo 2026,420,Pagado,9240
172433,Junio 2026,420,Pagado,9240
172434,Julio 2026,420,Pagado,9240
172435,Marzo 2026,420,Pagado,8960
172436,Abril 2026,420,Pagado,8960
172437,Mayo 2026,420,Pagado,8960
172438,Junio 2026,420,Pagado,8960
172439,Julio 2026,420,Pendiente,8960
172440,Marzo 2026,420,Pagado,9185
172441,Abril 2026,420,Pagado,9185
172442,Mayo 2026,420,Pagado,9185
172443,Junio 2026,420,Pagado,9185
172444,Julio 2026,420,Pendiente,9185
172445,Marzo 2026,420,Pagado,9037
172446,Abril 2026,420,Pagado,9037
172447,Mayo 2026,420,Pagado,9037
172448,Junio 2026,420,Pagado,9037
172449,Julio 2026,420,Pagado,9037
172450,Marzo 2026,420,Pagado,9120
172451,Abril 2026,420,Pagado,9120
172452,Mayo 2026,420,Vencido,9120
172453,Junio 2026,420,Pagado,9120
172454,Julio 2026,420,Pendiente,9120
172455,Marzo 2026,420,Pagado,9050
172456,Abril 2026,420,Pagado,9050
172457,Mayo 2026,420,Pagado,9050
172458,Junio 2026,420,Pagado,9050
172459,Julio 2026,420,Pendiente,9050
172460,Marzo 2026,420,Pagado,8946
172461,Abril 2026,420,Pagado,8946
172462,Mayo 2026,420,Pagado,8946
172463,Junio 2026,420,Pagado,8946
172464,Julio 2026,420,Pendiente,8946
172465,Marzo 2026,420,Pagado,9312
172466,Abril 2026,420,Pagado,9312
172467,Mayo 2026,420,Pagado,9312
172468,Junio 2026,420,Pagado,9312
172469,Julio 2026,420,Pagado,9312
172470,Marzo 2026,420,Pagado,9179
172471,Abril 2026,420,Pagado,9179
172472,Mayo 2026,420,Pagado,9179
172473,Junio 2026,420,Pagado,9179
172474,Julio 2026,420,Pendiente,9179
172475,Marzo 2026,420,Pagado,9195
172476,Abril 2026,420,Pagado,9195
172477,Mayo 2026,420,Pagado,9195
172478,Junio 2026,420,Pagado,9195
172479,Julio 2026,420,Pendiente,9195
172480,Marzo 2026,420,Pagado,9077
172481,Abril 2026,420,Pagado,9077
172482,Mayo 2026,420,Pagado,9077
172483,Junio 2026,420,Vencido,9077
172484,Julio 2026,420,Pagado,9077
172485,Marzo 2026,420,Pagado,9160
172486,Abril 2026,420,Pagado,9160
172487,Mayo 2026,420,Pagado,9160
172488,Junio 2026,420,Pagado,9160
172489,Julio 2026,420,Pagado,9160
172490,Marzo 2026,420,Pagado,9334
172491,Abril 2026,420,Pagado,9334
172492,Mayo 2026,420,Pagado,9334
172493,Junio 2026,420,Pagado,9334
172494,Julio 2026,420,Pendiente,9334
172495,Marzo 2026,420,Pagado,9092
172496,Abril 2026,420,Pagado,9092
172497,Mayo 2026,420,Pagado,9092
172498,Junio 2026,420,Pagado,9092
172499,Julio 2026,420,Pagado,9092
172500,Marzo 2026,420,Pagado,9319
172501,Abril 2026,420,Pagado,9319
172502,Mayo 2026,420,Pagado,9319
172503,Junio 2026,420,Pagado,9319
172504,Julio 2026,420,Pagado,9319
172505,Marzo 2026,420,Pagado,8983
172506,Abril 2026,420,Pagado,8983
172507,Mayo 2026,420,Pagado,8983
172508,Junio 2026,420,Vencido,8983
172509,Julio 2026,420,Pagado,8983
172510,Marzo 2026,420,Pagado,9194
172511,Abril 2026,420,Pagado,9194
172512,Mayo 2026,420,Pagado,9194
172513,Junio 2026,420,Pagado,9194
172514,Julio 2026,420,Pagado,9194
172515,Marzo 2026,420,Pagado,9140
172516,Abril 2026,420,Pagado,9140
172517,Mayo 2026,420,Pagado,9140
172518,Junio 2026,420,Pagado,9140
172519,Julio 2026,420,Pendiente,9140
172520,Marzo 2026,420,Pagado,8992
172521,Abril 2026,420,Pagado,8992
172522,Mayo 2026,420,Pagado,8992
172523,Junio 2026,420,Pagado,8992
172524,Julio 2026,420,Pagado,8992
172525,Marzo 2026,420,Pagado,9253
172526,Abril 2026,420,Pagado,9253
172527,Mayo 2026,420,Pagado,9253
172528,Junio 2026,420,Vencido,9253
172529,Julio 2026,420,Pagado,9253
172530,Marzo 2026,420,Pagado,9273
172531,Abril 2026,420,Pagado,9273
172532,Mayo 2026,420,Pagado,9273
172533,Junio 2026,420,Vencido,9273
172534,Julio 2026,420,Pendiente,9273
172535,Marzo 2026,420,Pagado,9061
172536,Abril 2026,420,Pagado,9061
172537,Mayo 2026,420,Pagado,9061
172538,Junio 2026,420,Pagado,9061
172539,Julio 2026,420,Pendiente,9061
172540,Marzo 2026,420,Pagado,9340
172541,Abril 2026,420,Pagado,9340
172542,Mayo 2026,420,Pagado,9340
172543,Junio 2026,420,Pagado,9340
172544,Julio 2026,420,Pendiente,9340
172545,Marzo 2026,420,Pagado,9078
172546,Abril 2026,420,Pagado,9078
172547,Mayo 2026,420,Pagado,9078
172548,Junio 2026,420,Pagado,9078
172549,Julio 2026,420,Pendiente,9078
172550,Marzo 2026,420,Pagado,8972
172551,Abril 2026,420,Pagado,8972
172552,Mayo 2026,420,Pagado,8972
172553,Junio 2026,420,Pagado,8972
172554,Julio 2026,420,Pagado,8972
172555,Marzo 2026,420,Pagado,9299
172556,Abril 2026,420,Pagado,9299
172557,Mayo 2026,420,Pagado,9299
172558,Junio 2026,420,Vencido,9299
172559,Julio 2026,420,Pendiente,9299
172560,Marzo 2026,420,Pagado,9281
172561,Abril 2026,420,Pagado,9281
172562,Mayo 2026,420,Vencido,9281
172563,Junio 2026,420,Pagado,9281
172564,Julio 2026,420,Pendiente,9281
172565,Marzo 2026,420,Pagado,9002
172566,Abril 2026,420,Pagado,9002
172567,Mayo 2026,420,Pagado,9002
172568,Junio 2026,420,Pagado,9002
172569,Julio 2026,420,Pendiente,9002
172570,Marzo 2026,420,Pagado,9189
172571,Abril 2026,420,Pagado,9189
172572,Mayo 2026,420,Pagado,9189
172573,Junio 2026,420,Vencido,9189
172574,Julio 2026,420,Pendiente,9189
172575,Marzo 2026,420,Pagado,9290
172576,Abril 2026,420,Pagado,9290
172577,Mayo 2026,420,Pagado,9290
172578,Junio 2026,420,Pagado,9290
172579,Julio 2026,420,Pagado,9290
172580,Marzo 2026,420,Pagado,9315
172581,Abril 2026,420,Pagado,9315
172582,Mayo 2026,420,Pagado,9315
172583,Junio 2026,420,Pagado,9315
172584,Julio 2026,420,Pagado,9315
172585,Marzo 2026,420,Pagado,8950
172586,Abril 2026,420,Pagado,8950
172587,Mayo 2026,420,Pagado,8950
172588,Junio 2026,420,Pagado,8950
172589,Julio 2026,420,Pendiente,8950
172590,Marzo 2026,420,Pagado,9129
172591,Abril 2026,420,Pagado,9129
172592,Mayo 2026,420,Pagado,9129
172593,Junio 2026,420,Pagado,9129
172594,Julio 2026,420,Pagado,9129
172595,Marzo 2026,420,Pagado,9008
172596,Abril 2026,420,Pagado,9008
172597,Mayo 2026,420,Pagado,9008
172598,Junio 2026,420,Vencido,9008
172599,Julio 2026,420,Pagado,9008
172600,Marzo 2026,420,Pagado,9095
172601,Abril 2026,420,Pagado,9095
172602,Mayo 2026,420,Pagado,9095
172603,Junio 2026,420,Vencido,9095
172604,Julio 2026,420,Pagado,9095
172605,Marzo 2026,420,Pagado,9307
172606,Abril 2026,420,Pagado,9307
172607,Mayo 2026,420,Pagado,9307
172608,Junio 2026,420,Pagado,9307
172609,Julio 2026,420,Pendiente,9307
172610,Marzo 2026,420,Vencido,9338
172611,Abril 2026,420,Pagado,9338
172612,Mayo 2026,420,Pagado,9338
172613,Junio 2026,420,Vencido,9338
172614,Julio 2026,420,Pendiente,9338
172615,Marzo 2026,420,Pagado,9267
172616,Abril 2026,420,Pagado,9267
172617,Mayo 2026,420,Pagado,9267
172618,Junio 2026,420,Pagado,9267
172619,Julio 2026,420,Pendiente,9267
172620,Marzo 2026,420,Pagado,9073
172621,Abril 2026,420,Pagado,9073
172622,Mayo 2026,420,Pagado,9073
172623,Junio 2026,420,Pagado,9073
172624,Julio 2026,420,Pendiente,9073
172625,Marzo 2026,420,Pagado,9041
172626,Abril 2026,420,Pagado,9041
172627,Mayo 2026,420,Vencido,9041
172628,Junio 2026,420,Pagado,9041
172629,Julio 2026,420,Pendiente,9041
172630,Marzo 2026,420,Pagado,9097
172631,Abril 2026,420,Pagado,9097
172632,Mayo 2026,420,Pagado,9097
172633,Junio 2026,420,Pagado,9097
172634,Julio 2026,420,Pagado,9097
172635,Marzo 2026,420,Pagado,8976
172636,Abril 2026,420,Pagado,8976
172637,Mayo 2026,420,Pagado,8976
172638,Junio 2026,420,Pagado,8976
172639,Julio 2026,420,Pagado,8976
172640,Marzo 2026,420,Pagado,9143
172641,Abril 2026,420,Pagado,9143
172642,Mayo 2026,420,Pagado,9143
172643,Junio 2026,420,Pagado,9143
172644,Julio 2026,420,Pagado,9143
172645,Marzo 2026,420,Pagado,8961
172646,Abril 2026,420,Pagado,8961
172647,Mayo 2026,420,Pagado,8961
172648,Junio 2026,420,Pagado,8961
172649,Julio 2026,420,Pagado,8961
172650,Marzo 2026,420,Pagado,9331
172651,Abril 2026,420,Pagado,9331
172652,Mayo 2026,420,Pagado,9331
172653,Junio 2026,420,Vencido,9331
172654,Julio 2026,420,Pendiente,9331
172655,Marzo 2026,420,Pagado,9026
172656,Abril 2026,420,Pagado,9026
172657,Mayo 2026,420,Pagado,9026
172658,Junio 2026,420,Pagado,9026
172659,Julio 2026,420,Pagado,9026
172660,Marzo 2026,420,Pagado,9322
172661,Abril 2026,420,Pagado,9322
172662,Mayo 2026,420,Pagado,9322
172663,Junio 2026,420,Vencido,9322
172664,Julio 2026,420,Pagado,9322
172665,Marzo 2026,420,Pagado,9039
172666,Abril 2026,420,Pagado,9039
172667,Mayo 2026,420,Pagado,9039
172668,Junio 2026,420,Pagado,9039
172669,Julio 2026,420,Pendiente,9039
172670,Marzo 2026,420,Pagado,9279
172671,Abril 2026,420,Vencido,9279
172672,Mayo 2026,420,Pagado,9279
172673,Junio 2026,420,Pagado,9279
172674,Julio 2026,420,Pendiente,9279
172675,Marzo 2026,420,Pagado,9197
172676,Abril 2026,420,Pagado,9197
172677,Mayo 2026,420,Pagado,9197
172678,Junio 2026,420,Pagado,9197
172679,Julio 2026,420,Pendiente,9197
172680,Marzo 2026,420,Pagado,9145
172681,Abril 2026,420,Pagado,9145
172682,Mayo 2026,420,Pagado,9145
172683,Junio 2026,420,Pagado,9145
172684,Julio 2026,420,Pagado,9145
172685,Marzo 2026,420,Pagado,9010
172686,Abril 2026,420,Pagado,9010
172687,Mayo 2026,420,Pagado,9010
172688,Junio 2026,420,Pagado,9010
172689,Julio 2026,420,Pagado,9010
172690,Marzo 2026,420,Pagado,8945
172691,Abril 2026,420,Pagado,8945
172692,Mayo 2026,420,Pagado,8945
172693,Junio 2026,420,Pagado,8945
172694,Julio 2026,420,Pendiente,8945
172695,Marzo 2026,420,Pagado,9329
172696,Abril 2026,420,Pagado,9329
172697,Mayo 2026,420,Pagado,9329
172698,Junio 2026,420,Pagado,9329
172699,Julio 2026,420,Pendiente,9329
172700,Marzo 2026,420,Pagado,8975
172701,Abril 2026,420,Vencido,8975
172702,Mayo 2026,420,Pagado,8975
172703,Junio 2026,420,Pagado,8975
172704,Julio 2026,420,Pagado,8975
172705,Marzo 2026,420,Pagado,9135
172706,Abril 2026,420,Pagado,9135
172707,Mayo 2026,420,Pagado,9135
172708,Junio 2026,420,Pagado,9135
172709,Julio 2026,420,Pendiente,9135
172710,Marzo 2026,420,Pagado,9204
172711,Abril 2026,420,Pagado,9204
172712,Mayo 2026,420,Pagado,9204
172713,Junio 2026,420,Pagado,9204
172714,Julio 2026,420,Pagado,9204
172715,Marzo 2026,420,Pagado,9172
172716,Abril 2026,420,Pagado,9172
172717,Mayo 2026,420,Pagado,9172
172718,Junio 2026,420,Pagado,9172
172719,Julio 2026,420,Pendiente,9172
172720,Marzo 2026,420,Pagado,9292
172721,Abril 2026,420,Vencido,9292
172722,Mayo 2026,420,Pagado,9292
172723,Junio 2026,420,Pagado,9292
172724,Julio 2026,420,Pagado,9292
172725,Marzo 2026,420,Pagado,9063
172726,Abril 2026,420,Pagado,9063
172727,Mayo 2026,420,Pagado,9063
172728,Junio 2026,420,Pagado,9063
172729,Julio 2026,420,Pagado,9063
172730,Marzo 2026,420,Pagado,9150
172731,Abril 2026,420,Pagado,9150
172732,Mayo 2026,420,Pagado,9150
172733,Junio 2026,420,Pagado,9150
172734,Julio 2026,420,Pendiente,9150
172735,Marzo 2026,420,Pagado,9300
172736,Abril 2026,420,Pagado,9300
172737,Mayo 2026,420,Pagado,9300
172738,Junio 2026,420,Pagado,9300
172739,Julio 2026,420,Pendiente,9300
172740,Marzo 2026,420,Vencido,9121
172741,Abril 2026,420,Pagado,9121
172742,Mayo 2026,420,Pagado,9121
172743,Junio 2026,420,Pagado,9121
172744,Julio 2026,420,Pendiente,9121
172745,Marzo 2026,420,Pagado,9212
172746,Abril 2026,420,Pagado,9212
172747,Mayo 2026,420,Pagado,9212
172748,Junio 2026,420,Pagado,9212
172749,Julio 2026,420,Pagado,9212
172750,Marzo 2026,420,Pagado,8971
172751,Abril 2026,420,Pagado,8971
172752,Mayo 2026,420,Pagado,8971
172753,Junio 2026,420,Pagado,8971
172754,Julio 2026,420,Pendiente,8971
172755,Marzo 2026,420,Pagado,9081
172756,Abril 2026,420,Pagado,9081
172757,Mayo 2026,420,Pagado,9081
172758,Junio 2026,420,Pagado,9081
172759,Julio 2026,420,Pagado,9081
172760,Marzo 2026,420,Pagado,9219
172761,Abril 2026,420,Pagado,9219
172762,Mayo 2026,420,Pagado,9219
172763,Junio 2026,420,Pagado,9219
172764,Julio 2026,420,Pendiente,9219
172765,Marzo 2026,420,Pagado,8962
172766,Abril 2026,420,Pagado,8962
172767,Mayo 2026,420,Pagado,8962
172768,Junio 2026,420,Pagado,8962
172769,Julio 2026,420,Pendiente,8962
172770,Marzo 2026,420,Pagado,9328
172771,Abril 2026,420,Pagado,9328
172772,Mayo 2026,420,Pagado,9328
172773,Junio 2026,420,Vencido,9328
172774,Julio 2026,420,Pagado,9328
172775,Marzo 2026,420,Pagado,9257
172776,Abril 2026,420,Pagado,9257
172777,Mayo 2026,420,Pagado,9257
172778,Junio 2026,420,Pagado,9257
172779,Julio 2026,420,Pendiente,9257
172780,Marzo 2026,420,Pagado,9191
172781,Abril 2026,420,Pagado,9191
172782,Mayo 2026,420,Pagado,9191
172783,Junio 2026,420,Pagado,9191
172784,Julio 2026,420,Pagado,9191
172785,Marzo 2026,420,Pagado,9228
172786,Abril 2026,420,Pagado,9228
172787,Mayo 2026,420,Pagado,9228
172788,Junio 2026,420,Pagado,9228
172789,Julio 2026,420,Pagado,9228
172790,Marzo 2026,420,Pagado,8948
172791,Abril 2026,420,Pagado,8948
172792,Mayo 2026,420,Pagado,8948
172793,Junio 2026,420,Pagado,8948
172794,Julio 2026,420,Pendiente,8948
172795,Marzo 2026,420,Pagado,8990
172796,Abril 2026,420,Pagado,8990
172797,Mayo 2026,420,Pagado,8990
172798,Junio 2026,420,Pagado,8990
172799,Julio 2026,420,Pagado,8990
172800,Marzo 2026,420,Pagado,9006
172801,Abril 2026,420,Pagado,9006
172802,Mayo 2026,420,Pagado,9006
172803,Junio 2026,420,Pagado,9006
172804,Julio 2026,420,Pagado,9006
172805,Marzo 2026,420,Pagado,9207
172806,Abril 2026,420,Pagado,9207
172807,Mayo 2026,420,Pagado,9207
172808,Junio 2026,420,Pagado,9207
172809,Julio 2026,420,Pagado,9207
172810,Marzo 2026,420,Pagado,9168
172811,Abril 2026,420,Pagado,9168
172812,Mayo 2026,420,Pagado,9168
172813,Junio 2026,420,Pagado,9168
172814,Julio 2026,420,Pagado,9168
172815,Marzo 2026,420,Pagado,9235
172816,Abril 2026,420,Pagado,9235
172817,Mayo 2026,420,Pagado,9235
172818,Junio 2026,420,Pagado,9235
172819,Julio 2026,420,Pendiente,9235
172820,Marzo 2026,420,Pagado,8959
172821,Abril 2026,420,Pagado,8959
172822,Mayo 2026,420,Pagado,8959
172823,Junio 2026,420,Vencido,8959
172824,Julio 2026,420,Pagado,8959
172825,Marzo 2026,420,Pagado,9047
172826,Abril 2026,420,Vencido,9047
172827,Mayo 2026,420,Pagado,9047
172828,Junio 2026,420,Pagado,9047
172829,Julio 2026,420,Pagado,9047
172830,Marzo 2026,420,Pagado,9291
172831,Abril 2026,420,Pagado,9291
172832,Mayo 2026,420,Pagado,9291
172833,Junio 2026,420,Pagado,9291
172834,Julio 2026,420,Pagado,9291
172835,Marzo 2026,420,Pagado,9099
172836,Abril 2026,420,Pagado,9099
172837,Mayo 2026,420,Pagado,9099
172838,Junio 2026,420,Pagado,9099
172839,Julio 2026,420,Pagado,9099
172840,Marzo 2026,420,Pagado,9112
172841,Abril 2026,420,Vencido,9112
172842,Mayo 2026,420,Pagado,9112
172843,Junio 2026,420,Pagado,9112
172844,Julio 2026,420,Pagado,9112
172845,Marzo 2026,420,Pagado,9178
172846,Abril 2026,420,Pagado,9178
172847,Mayo 2026,420,Pagado,9178
172848,Junio 2026,420,Pagado,9178
172849,Julio 2026,420,Pagado,9178
172850,Marzo 2026,420,Pagado,9062
172851,Abril 2026,420,Pagado,9062
172852,Mayo 2026,420,Pagado,9062
172853,Junio 2026,420,Pagado,9062
172854,Julio 2026,420,Pagado,9062
172855,Marzo 2026,420,Pagado,9256
172856,Abril 2026,420,Pagado,9256
172857,Mayo 2026,420,Pagado,9256
172858,Junio 2026,420,Pagado,9256
172859,Julio 2026,420,Pagado,9256
172860,Marzo 2026,420,Pagado,9033
172861,Abril 2026,420,Pagado,9033
172862,Mayo 2026,420,Pagado,9033
172863,Junio 2026,420,Pagado,9033
172864,Julio 2026,420,Pendiente,9033
172865,Marzo 2026,420,Pagado,9067
172866,Abril 2026,420,Pagado,9067
172867,Mayo 2026,420,Pagado,9067
172868,Junio 2026,420,Pagado,9067
172869,Julio 2026,420,Pendiente,9067
172870,Marzo 2026,420,Vencido,9303
172871,Abril 2026,420,Pagado,9303
172872,Mayo 2026,420,Pagado,9303
172873,Junio 2026,420,Pagado,9303
172874,Julio 2026,420,Pagado,9303
172875,Marzo 2026,420,Pagado,9090
172876,Abril 2026,420,Pagado,9090
172877,Mayo 2026,420,Pagado,9090
172878,Junio 2026,420,Pagado,9090
172879,Julio 2026,420,Pagado,9090
172880,Marzo 2026,420,Vencido,9017
172881,Abril 2026,420,Pagado,9017
172882,Mayo 2026,420,Pagado,9017
172883,Junio 2026,420,Pagado,9017
172884,Julio 2026,420,Pendiente,9017
172885,Marzo 2026,420,Pagado,9104
172886,Abril 2026,420,Pagado,9104
172887,Mayo 2026,420,Pagado,9104
172888,Junio 2026,420,Vencido,9104
172889,Julio 2026,420,Pagado,9104
172890,Marzo 2026,420,Pagado,9103
172891,Abril 2026,420,Pagado,9103
172892,Mayo 2026,420,Pagado,9103
172893,Junio 2026,420,Pagado,9103
172894,Julio 2026,420,Pendiente,9103
172895,Marzo 2026,420,Pagado,9083
172896,Abril 2026,420,Pagado,9083
172897,Mayo 2026,420,Pagado,9083
172898,Junio 2026,420,Pagado,9083
172899,Julio 2026,420,Pagado,9083
172900,Marzo 2026,420,Pagado,9245
172901,Abril 2026,420,Pagado,9245
172902,Mayo 2026,420,Pagado,9245
172903,Junio 2026,420,Pagado,9245
172904,Julio 2026,420,Pendiente,9245
172905,Marzo 2026,420,Pagado,9274
172906,Abril 2026,420,Pagado,9274
172907,Mayo 2026,420,Pagado,9274
172908,Junio 2026,420,Vencido,9274
172909,Julio 2026,420,Pendiente,9274
172910,Marzo 2026,420,Pagado,9024
172911,Abril 2026,420,Pagado,9024
172912,Mayo 2026,420,Pagado,9024
172913,Junio 2026,420,Pagado,9024
172914,Julio 2026,420,Pendiente,9024
172915,Marzo 2026,420,Pagado,9321
172916,Abril 2026,420,Pagado,9321
172917,Mayo 2026,420,Vencido,9321
172918,Junio 2026,420,Pagado,9321
172919,Julio 2026,420,Pagado,9321
172920,Marzo 2026,420,Pagado,9266
172921,Abril 2026,420,Pagado,9266
172922,Mayo 2026,420,Pagado,9266
172923,Junio 2026,420,Vencido,9266
172924,Julio 2026,420,Pendiente,9266
172925,Marzo 2026,420,Pagado,9040
172926,Abril 2026,420,Pagado,9040
172927,Mayo 2026,420,Pagado,9040
172928,Junio 2026,420,Pagado,9040
172929,Julio 2026,420,Pendiente,9040
172930,Marzo 2026,420,Pagado,9127
172931,Abril 2026,420,Pagado,9127
172932,Mayo 2026,420,Pagado,9127
172933,Junio 2026,420,Pagado,9127
172934,Julio 2026,420,Pendiente,9127
172935,Marzo 2026,420,Pagado,9175
172936,Abril 2026,420,Vencido,9175
172937,Mayo 2026,420,Pagado,9175
172938,Junio 2026,420,Pagado,9175
172939,Julio 2026,420,Pagado,9175
172940,Marzo 2026,420,Pagado,9167
172941,Abril 2026,420,Pagado,9167
172942,Mayo 2026,420,Pagado,9167
172943,Junio 2026,420,Pagado,9167
172944,Julio 2026,420,Pagado,9167
172945,Marzo 2026,420,Pagado,9049
172946,Abril 2026,420,Pagado,9049
172947,Mayo 2026,420,Pagado,9049
172948,Junio 2026,420,Pagado,9049
172949,Julio 2026,420,Pagado,9049
172950,Marzo 2026,420,Pagado,8955
172951,Abril 2026,420,Pagado,8955
172952,Mayo 2026,420,Pagado,8955
172953,Junio 2026,420,Pagado,8955
172954,Julio 2026,420,Pendiente,8955
172955,Marzo 2026,420,Pagado,9226
172956,Abril 2026,420,Pagado,9226
172957,Mayo 2026,420,Pagado,9226
172958,Junio 2026,420,Pagado,9226
172959,Julio 2026,420,Pendiente,9226
172960,Marzo 2026,420,Pagado,9230
172961,Abril 2026,420,Pagado,9230
172962,Mayo 2026,420,Pagado,9230
172963,Junio 2026,420,Pagado,9230
172964,Julio 2026,420,Pendiente,9230
172965,Marzo 2026,420,Pagado,8941
172966,Abril 2026,420,Pagado,8941
172967,Mayo 2026,420,Vencido,8941
172968,Junio 2026,420,Pagado,8941
172969,Julio 2026,420,Pendiente,8941
172970,Marzo 2026,420,Pagado,9022
172971,Abril 2026,420,Pagado,9022
172972,Mayo 2026,420,Pagado,9022
172973,Junio 2026,420,Pagado,9022
172974,Julio 2026,420,Pagado,9022
172975,Marzo 2026,420,Pagado,9203
172976,Abril 2026,420,Pagado,9203
172977,Mayo 2026,420,Pagado,9203
172978,Junio 2026,420,Pagado,9203
172979,Julio 2026,420,Pagado,9203
172980,Marzo 2026,420,Pagado,9055
172981,Abril 2026,420,Pagado,9055
172982,Mayo 2026,420,Pagado,9055
172983,Junio 2026,420,Pagado,9055
172984,Julio 2026,420,Pagado,9055
172985,Marzo 2026,420,Pagado,9217
172986,Abril 2026,420,Pagado,9217
172987,Mayo 2026,420,Pagado,9217
172988,Junio 2026,420,Pagado,9217
172989,Julio 2026,420,Pagado,9217
172990,Marzo 2026,420,Pagado,9196
172991,Abril 2026,420,Pagado,9196
172992,Mayo 2026,420,Pagado,9196
172993,Junio 2026,420,Pagado,9196
172994,Julio 2026,420,Pendiente,9196
172995,Marzo 2026,420,Pagado,9126
172996,Abril 2026,420,Pagado,9126
172997,Mayo 2026,420,Pagado,9126
172998,Junio 2026,420,Pagado,9126
172999,Julio 2026,420,Pendiente,9126
173000,Marzo 2026,420,Pagado,9007
173001,Abril 2026,420,Pagado,9007
173002,Mayo 2026,420,Pagado,9007
173003,Junio 2026,420,Pagado,9007
173004,Julio 2026,420,Pendiente,9007
173005,Marzo 2026,420,Pagado,9188
173006,Abril 2026,420,Pagado,9188
173007,Mayo 2026,420,Pagado,9188
173008,Junio 2026,420,Pagado,9188
173009,Julio 2026,420,Pagado,9188
173010,Marzo 2026,420,Pagado,9072
173011,Abril 2026,420,Pagado,9072
173012,Mayo 2026,420,Pagado,9072
173013,Junio 2026,420,Pagado,9072
173014,Julio 2026,420,Pagado,9072
173015,Marzo 2026,420,Pagado,9233
173016,Abril 2026,420,Pagado,9233
173017,Mayo 2026,420,Pagado,9233
173018,Junio 2026,420,Pagado,9233
173019,Julio 2026,420,Pendiente,9233
173020,Marzo 2026,420,Pagado,9091
173021,Abril 2026,420,Pagado,9091
173022,Mayo 2026,420,Pagado,9091
173023,Junio 2026,420,Pagado,9091
173024,Julio 2026,420,Pagado,9091
173025,Marzo 2026,420,Pagado,8986
173026,Abril 2026,420,Pagado,8986
173027,Mayo 2026,420,Pagado,8986
173028,Junio 2026,420,Pagado,8986
173029,Julio 2026,420,Pagado,8986
173030,Marzo 2026,420,Vencido,8957
173031,Abril 2026,420,Pagado,8957
173032,Mayo 2026,420,Vencido,8957
173033,Junio 2026,420,Pagado,8957
173034,Julio 2026,420,Pendiente,8957
173035,Marzo 2026,420,Pagado,9169
173036,Abril 2026,420,Vencido,9169
173037,Mayo 2026,420,Pagado,9169
173038,Junio 2026,420,Pagado,9169
173039,Julio 2026,420,Pagado,9169
173040,Marzo 2026,420,Pagado,9139
173041,Abril 2026,420,Pagado,9139
173042,Mayo 2026,420,Pagado,9139
173043,Junio 2026,420,Pagado,9139
173044,Julio 2026,420,Pagado,9139
173045,Marzo 2026,420,Pagado,9258
173046,Abril 2026,420,Pagado,9258
173047,Mayo 2026,420,Pagado,9258
173048,Junio 2026,420,Pagado,9258
173049,Julio 2026,420,Pendiente,9258
